trip_id,taxi_id,call_type,start_time,end_time,duration_min
1372722134620000435,20000435,C,2013-07-01 23:42:14,2013-07-02 00:02:44,20.5000
1372722457620000569,20000569,C,2013-07-01 23:47:37,2013-07-02 00:28:22,40.7500
1372722471620000540,20000540,A,2013-07-01 23:47:51,2013-07-02 00:02:21,14.5000
1372722555620000680,20000680,C,2013-07-01 23:49:15,2013-07-02 00:12:30,23.2500
1372722610620000297,20000297,B,2013-07-01 23:50:10,2013-07-02 00:04:55,14.7500
1372722646620000351,20000351,B,2013-07-01 23:50:46,2013-07-02 00:00:31,9.7500
1372722663620000108,20000108,C,2013-07-01 23:51:03,2013-07-02 00:03:48,12.7500
1372722796620000451,20000451,A,2013-07-01 23:53:16,2013-07-02 00:02:01,8.7500
1372722801620000015,20000015,B,2013-07-01 23:53:21,2013-07-02 00:05:36,12.2500
1372722877620000598,20000598,B,2013-07-01 23:54:37,2013-07-02 00:04:07,9.5000
1372722880620000005,20000005,B,2013-07-01 23:54:40,2013-07-02 00:09:10,14.5000
1372722892620000307,20000307,C,2013-07-01 23:54:52,2013-07-02 00:08:22,13.5000
1372722919620000603,20000603,A,2013-07-01 23:55:19,2013-07-02 00:01:49,6.5000
1372722923620000273,20000273,B,2013-07-01 23:55:23,2013-07-02 00:01:53,6.5000
1372722970620000195,20000195,C,2013-07-01 23:56:10,2013-07-02 00:00:10,4.0000
1372722985620000454,20000454,A,2013-07-01 23:56:25,2013-07-02 00:05:25,9.0000
1372723001620000483,20000483,C,2013-07-01 23:56:41,2013-07-02 00:02:56,6.2500
1372723054620000014,20000014,A,2013-07-01 23:57:34,2013-07-02 00:09:04,11.5000
1372723060620000337,20000337,C,2013-07-01 23:57:40,2013-07-02 00:03:55,6.2500
1372723069620000688,20000688,A,2013-07-01 23:57:49,2013-07-02 00:10:49,13.0000
1372723081620000473,20000473,C,2013-07-01 23:58:01,2013-07-02 00:05:31,7.5000
1372723091620000649,20000649,A,2013-07-01 23:58:11,2013-07-02 00:08:56,10.7500
1372808368620000665,20000665,C,2013-07-02 23:39:28,2013-07-03 00:51:13,71.7500
1372808720620000517,20000517,C,2013-07-02 23:45:20,2013-07-03 00:01:20,16.0000
1372808948620000395,20000395,C,2013-07-02 23:49:08,2013-07-03 00:04:08,15.0000
1372809252620000173,20000173,B,2013-07-02 23:54:12,2013-07-03 00:03:57,9.7500
1372809265620000337,20000337,B,2013-07-02 23:54:25,2013-07-03 00:04:40,10.2500
1372809308620000618,20000618,B,2013-07-02 23:55:08,2013-07-03 00:07:53,12.7500
1372809344620000304,20000304,C,2013-07-02 23:55:44,2013-07-03 00:25:59,30.2500
1372809346620000692,20000692,C,2013-07-02 23:55:46,2013-07-03 00:02:31,6.7500
1372809355620000601,20000601,C,2013-07-02 23:55:55,2013-07-03 00:11:10,15.2500
1372809388620000388,20000388,C,2013-07-02 23:56:28,2013-07-03 00:06:43,10.2500
1372809420620000005,20000005,B,2013-07-02 23:57:00,2013-07-03 00:06:15,9.2500
1372809430620000525,20000525,C,2013-07-02 23:57:10,2013-07-03 00:08:25,11.2500
1372809431620000684,20000684,C,2013-07-02 23:57:11,2013-07-03 00:06:11,9.0000
1372809436620000370,20000370,A,2013-07-02 23:57:16,2013-07-03 00:03:01,5.7500
1372809441620000678,20000678,B,2013-07-02 23:57:21,2013-07-03 00:07:36,10.2500
1372809455620000616,20000616,B,2013-07-02 23:57:35,2013-07-03 00:37:35,40.0000
1372809466620000006,20000006,B,2013-07-02 23:57:46,2013-07-03 00:04:46,7.0000
1372809472620000327,20000327,B,2013-07-02 23:57:52,2013-07-03 00:05:07,7.2500
1372809521620000105,20000105,C,2013-07-02 23:58:41,2013-07-03 00:30:26,31.7500
1372809541620000589,20000589,A,2013-07-02 23:59:01,2013-07-03 00:04:31,5.5000
1372809548620000276,20000276,A,2013-07-02 23:59:08,2013-07-03 00:03:23,4.2500
1372809548620000463,20000463,B,2013-07-02 23:59:08,2013-07-03 00:06:53,7.7500
1372809552620000325,20000325,C,2013-07-02 23:59:12,2013-07-03 00:07:57,8.7500
1372893517620000252,20000252,C,2013-07-03 23:18:37,2013-07-04 00:21:07,62.5000
1372894973620000574,20000574,C,2013-07-03 23:42:53,2013-07-04 00:01:53,19.0000
1372895123620000216,20000216,A,2013-07-03 23:45:23,2013-07-04 00:08:53,23.5000
1372895123620000665,20000665,C,2013-07-03 23:45:23,2013-07-04 00:09:38,24.2500
1372895130620000684,20000684,C,2013-07-03 23:45:30,2013-07-04 00:01:45,16.2500
1372895228620000657,20000657,B,2013-07-03 23:47:08,2013-07-04 00:03:53,16.7500
1372895375620000686,20000686,B,2013-07-03 23:49:35,2013-07-04 00:01:05,11.5000
1372895420620000497,20000497,A,2013-07-03 23:50:20,2013-07-04 00:01:50,11.5000
1372895432620000503,20000503,B,2013-07-03 23:50:32,2013-07-04 00:40:32,50.0000
1372895439620000136,20000136,B,2013-07-03 23:50:39,2013-07-04 00:03:09,12.5000
1372895490620000105,20000105,C,2013-07-03 23:51:30,2013-07-04 00:00:15,8.7500
1372895507620000548,20000548,A,2013-07-03 23:51:47,2013-07-04 00:00:32,8.7500
1372895581620000648,20000648,B,2013-07-03 23:53:01,2013-07-04 00:05:31,12.5000
1372895586620000304,20000304,C,2013-07-03 23:53:06,2013-07-04 00:01:51,8.7500
1372895628620000263,20000263,B,2013-07-03 23:53:48,2013-07-04 00:04:18,10.5000
1372895641620000273,20000273,B,2013-07-03 23:54:01,2013-07-04 00:01:01,7.0000
1372895647620000612,20000612,B,2013-07-03 23:54:07,2013-07-04 00:00:37,6.5000
1372895672620000392,20000392,A,2013-07-03 23:54:32,2013-07-04 00:00:17,5.7500
1372895687620000307,20000307,C,2013-07-03 23:54:47,2013-07-04 00:04:02,9.2500
1372895757620000325,20000325,C,2013-07-03 23:55:57,2013-07-04 00:04:42,8.7500
1372895769620000013,20000013,B,2013-07-03 23:56:09,2013-07-04 00:07:39,11.5000
1372895861620000268,20000268,B,2013-07-03 23:57:41,2013-07-04 00:07:26,9.7500
1372895875620000395,20000395,C,2013-07-03 23:57:55,2013-07-04 00:16:25,18.5000
1372895967620000672,20000672,B,2013-07-03 23:59:27,2013-07-04 00:08:12,8.7500
1372981552620000347,20000347,A,2013-07-04 23:45:52,2013-07-05 00:04:37,18.7500
1372981586620000434,20000434,C,2013-07-04 23:46:26,2013-07-05 00:03:26,17.0000
1372981731620000105,20000105,A,2013-07-04 23:48:51,2013-07-05 00:01:06,12.2500
1372981762620000157,20000157,B,2013-07-04 23:49:22,2013-07-05 00:03:22,14.0000
1372981862620000589,20000589,B,2013-07-04 23:51:02,2013-07-05 00:00:32,9.5000
1372982000620000307,20000307,C,2013-07-04 23:53:20,2013-07-05 00:21:50,28.5000
1372982016620000341,20000341,B,2013-07-04 23:53:36,2013-07-05 00:01:21,7.7500
1372982045620000406,20000406,B,2013-07-04 23:54:05,2013-07-05 00:07:20,13.2500
1372982056620000311,20000311,B,2013-07-04 23:54:16,2013-07-05 00:14:16,20.0000
1372982070620000154,20000154,A,2013-07-04 23:54:30,2013-07-05 01:10:45,76.2500
1372982086620000160,20000160,A,2013-07-04 23:54:46,2013-07-05 00:01:01,6.2500
1372982096620000657,20000657,C,2013-07-04 23:54:56,2013-07-05 00:07:26,12.5000
1372982110620000649,20000649,C,2013-07-04 23:55:10,2013-07-05 00:05:40,10.5000
1372982133620000570,20000570,C,2013-07-04 23:55:33,2013-07-05 00:17:48,22.2500
1372982215620000424,20000424,A,2013-07-04 23:56:55,2013-07-05 00:09:25,12.5000
1372982229620000140,20000140,B,2013-07-04 23:57:09,2013-07-05 00:09:54,12.7500
1372982258620000310,20000310,C,2013-07-04 23:57:38,2013-07-05 00:04:23,6.7500
1372982304620000617,20000617,B,2013-07-04 23:58:24,2013-07-05 00:03:24,5.0000
1372982340620000419,20000419,B,2013-07-04 23:59:00,2013-07-05 00:07:00,8.0000
1372982368620000610,20000610,A,2013-07-04 23:59:28,2013-07-05 00:20:43,21.2500
1372982377620000388,20000388,A,2013-07-04 23:59:37,2013-07-05 00:02:52,3.2500
1373055885620000520,20000520,C,2013-07-05 20:24:45,2013-07-06 02:45:45,381.0000
1373065507620000395,20000395,A,2013-07-05 23:05:07,2013-07-06 00:08:22,63.2500
1373067600620000610,20000610,B,2013-07-05 23:40:00,2013-07-06 00:20:15,40.2500
1373067841620000014,20000014,A,2013-07-05 23:44:01,2013-07-06 00:01:46,17.7500
1373067847620000337,20000337,A,2013-07-05 23:44:07,2013-07-06 00:05:52,21.7500
1373067850620000303,20000303,B,2013-07-05 23:44:10,2013-07-06 00:00:55,16.7500
1373067918620000225,20000225,A,2013-07-05 23:45:18,2013-07-06 00:00:48,15.5000
1373067980620000157,20000157,A,2013-07-05 23:46:20,2013-07-06 00:01:05,14.7500
1373068051620000688,20000688,A,2013-07-05 23:47:31,2013-07-06 00:00:01,12.5000
1373068140620000023,20000023,B,2013-07-05 23:49:00,2013-07-06 00:02:30,13.5000
1373068182620000488,20000488,B,2013-07-05 23:49:42,2013-07-06 00:02:27,12.7500
1373068189620000423,20000423,A,2013-07-05 23:49:49,2013-07-06 00:04:49,15.0000
1373068190620000684,20000684,C,2013-07-05 23:49:50,2013-07-06 00:03:35,13.7500
1373068232620000154,20000154,C,2013-07-05 23:50:32,2013-07-06 00:01:32,11.0000
1373068280620000041,20000041,A,2013-07-05 23:51:20,2013-07-06 00:01:50,10.5000
1373068294620000280,20000280,C,2013-07-05 23:51:34,2013-07-06 00:01:49,10.2500
1373068298620000388,20000388,B,2013-07-05 23:51:38,2013-07-06 00:01:38,10.0000
1373068348620000008,20000008,B,2013-07-05 23:52:28,2013-07-06 00:02:58,10.5000
1373068354620000109,20000109,A,2013-07-05 23:52:34,2013-07-06 00:09:19,16.7500
1373068388620000310,20000310,C,2013-07-05 23:53:08,2013-07-06 00:05:08,12.0000
1373068402620000159,20000159,A,2013-07-05 23:53:22,2013-07-06 00:06:22,13.0000
1373068413620000574,20000574,C,2013-07-05 23:53:33,2013-07-06 00:02:03,8.5000
1373068416620000675,20000675,C,2013-07-05 23:53:36,2013-07-06 00:04:21,10.7500
1373068439620000626,20000626,A,2013-07-05 23:53:59,2013-07-06 00:03:44,9.7500
1373068481620000463,20000463,C,2013-07-05 23:54:41,2013-07-06 00:10:26,15.7500
1373068499620000142,20000142,B,2013-07-05 23:54:59,2013-07-06 00:03:29,8.5000
1373068501620000153,20000153,B,2013-07-05 23:55:01,2013-07-06 00:04:31,9.5000
1373068531620000467,20000467,C,2013-07-05 23:55:31,2013-07-06 00:03:31,8.0000
1373068536620000554,20000554,B,2013-07-05 23:55:36,2013-07-06 00:07:36,12.0000
1373068576620000651,20000651,A,2013-07-05 23:56:16,2013-07-06 00:02:16,6.0000
1373068613620000472,20000472,C,2013-07-05 23:56:53,2013-07-06 00:01:38,4.7500
1373068674620000450,20000450,B,2013-07-05 23:57:54,2013-07-06 00:03:54,6.0000
1373068725620000260,20000260,C,2013-07-05 23:58:45,2013-07-06 00:10:45,12.0000
1373068725620000486,20000486,B,2013-07-05 23:58:45,2013-07-06 00:10:15,11.5000
1373068734620000692,20000692,C,2013-07-05 23:58:54,2013-07-06 00:07:24,8.5000
1373068747620000588,20000588,A,2013-07-05 23:59:07,2013-07-06 00:10:52,11.7500
1373068754620000901,20000901,B,2013-07-05 23:59:14,2013-07-06 00:17:44,18.5000
1373068755620000080,20000080,A,2013-07-05 23:59:15,2013-07-06 00:04:45,5.5000
1373154225620000648,20000648,B,2013-07-06 23:43:45,2013-07-07 00:02:15,18.5000
1373154235620000624,20000624,C,2013-07-06 23:43:55,2013-07-07 00:01:40,17.7500
1373154306620000588,20000588,C,2013-07-06 23:45:06,2013-07-07 00:04:36,19.5000
1373154438620000010,20000010,A,2013-07-06 23:47:18,2013-07-07 00:02:03,14.7500
1373154536620000309,20000309,A,2013-07-06 23:48:56,2013-07-07 00:07:26,18.5000
1373154542620000324,20000324,B,2013-07-06 23:49:02,2013-07-07 00:01:32,12.5000
1373154630620000235,20000235,A,2013-07-06 23:50:30,2013-07-07 00:03:45,13.2500
1373154676620000031,20000031,A,2013-07-06 23:51:16,2013-07-07 00:17:16,26.0000
1373154700620000618,20000618,B,2013-07-06 23:51:40,2013-07-07 00:02:40,11.0000
1373154709620000675,20000675,C,2013-07-06 23:51:49,2013-07-07 00:00:49,9.0000
1373154725620000310,20000310,C,2013-07-06 23:52:05,2013-07-07 00:02:20,10.2500
1373154730620000015,20000015,B,2013-07-06 23:52:10,2013-07-07 00:02:25,10.2500
1373154730620000520,20000520,C,2013-07-06 23:52:10,2013-07-07 00:02:55,10.7500
1373154735620000483,20000483,C,2013-07-06 23:52:15,2013-07-07 00:02:15,10.0000
1373154737620000620,20000620,B,2013-07-06 23:52:17,2013-07-07 01:00:32,68.2500
1373154739620000243,20000243,A,2013-07-06 23:52:19,2013-07-07 00:00:49,8.5000
1373154749620000473,20000473,C,2013-07-06 23:52:29,2013-07-07 00:05:14,12.7500
1373154797620000249,20000249,C,2013-07-06 23:53:17,2013-07-07 00:07:32,14.2500
1373154803620000406,20000406,A,2013-07-06 23:53:23,2013-07-07 00:12:38,19.2500
1373154826620000333,20000333,A,2013-07-06 23:53:46,2013-07-07 00:07:31,13.7500
1373154833620000279,20000279,A,2013-07-06 23:53:53,2013-07-07 00:05:38,11.7500
1373154838620000904,20000904,B,2013-07-06 23:53:58,2013-07-07 00:00:58,7.0000
1373154859620000671,20000671,C,2013-07-06 23:54:19,2013-07-07 00:08:19,14.0000
1373154860620000251,20000251,B,2013-07-06 23:54:20,2013-07-07 00:05:50,11.5000
1373154890620000667,20000667,A,2013-07-06 23:54:50,2013-07-07 00:06:35,11.7500
1373154929620000008,20000008,A,2013-07-06 23:55:29,2013-07-07 00:13:59,18.5000
1373154940620000276,20000276,B,2013-07-06 23:55:40,2013-07-07 00:00:10,4.5000
1373154952620000081,20000081,B,2013-07-06 23:55:52,2013-07-07 00:02:22,6.5000
1373154961620000561,20000561,C,2013-07-06 23:56:01,2013-07-07 00:06:01,10.0000
1373154963620000529,20000529,C,2013-07-06 23:56:03,2013-07-07 00:00:48,4.7500
1373154980620000195,20000195,C,2013-07-06 23:56:20,2013-07-07 00:00:35,4.2500
1373154981620000688,20000688,B,2013-07-06 23:56:21,2013-07-07 00:02:51,6.5000
1373154990620000617,20000617,B,2013-07-06 23:56:30,2013-07-07 00:02:30,6.0000
1373155003620000285,20000285,C,2013-07-06 23:56:43,2013-07-07 00:10:13,13.5000
1373155004620000571,20000571,B,2013-07-06 23:56:44,2013-07-07 00:04:59,8.2500
1373155016620000004,20000004,B,2013-07-06 23:56:56,2013-07-07 00:02:41,5.7500
1373155017620000657,20000657,A,2013-07-06 23:56:57,2013-07-07 00:14:42,17.7500
1373155048620000013,20000013,C,2013-07-06 23:57:28,2013-07-07 00:09:58,12.5000
1373155055620000395,20000395,A,2013-07-06 23:57:35,2013-07-07 00:03:05,5.5000
1373155108620000541,20000541,C,2013-07-06 23:58:28,2013-07-07 00:21:58,23.5000
1373155115620000611,20000611,B,2013-07-06 23:58:35,2013-07-07 00:08:50,10.2500
1373155116620000242,20000242,C,2013-07-06 23:58:36,2013-07-07 00:11:36,13.0000
1373155126620000370,20000370,C,2013-07-06 23:58:46,2013-07-07 00:06:46,8.0000
1373155143620000463,20000463,A,2013-07-06 23:59:03,2013-07-07 00:09:03,10.0000
1373155145620000640,20000640,B,2013-07-06 23:59:05,2013-07-07 00:02:35,3.5000
1373155153620000196,20000196,B,2013-07-06 23:59:13,2013-07-07 00:09:43,10.5000
1373155159620000105,20000105,B,2013-07-06 23:59:19,2013-07-07 00:06:34,7.2500
1373155168620000347,20000347,A,2013-07-06 23:59:28,2013-07-07 00:13:28,14.0000
1373239941620000395,20000395,C,2013-07-07 23:32:21,2013-07-08 00:16:06,43.7500
1373240168620000435,20000435,C,2013-07-07 23:36:08,2013-07-08 00:06:38,30.5000
1373240264620000190,20000190,C,2013-07-07 23:37:44,2013-07-08 00:08:44,31.0000
1373241099620000610,20000610,C,2013-07-07 23:51:39,2013-07-08 00:04:24,12.7500
1373241247620000423,20000423,B,2013-07-07 23:54:07,2013-07-08 00:01:52,7.7500
1373241253620000154,20000154,A,2013-07-07 23:54:13,2013-07-08 00:05:43,11.5000
1373241276620000233,20000233,A,2013-07-07 23:54:36,2013-07-08 00:10:21,15.7500
1373241357620000199,20000199,B,2013-07-07 23:55:57,2013-07-08 00:05:57,10.0000
1373241379620000356,20000356,C,2013-07-07 23:56:19,2013-07-08 00:06:19,10.0000
1373241393620000171,20000171,B,2013-07-07 23:56:33,2013-07-08 00:10:48,14.2500
1373241412620000003,20000003,B,2013-07-07 23:56:52,2013-07-08 00:06:52,10.0000
1373241432620000140,20000140,B,2013-07-07 23:57:12,2013-07-08 00:10:27,13.2500
1373241468620000308,20000308,B,2013-07-07 23:57:48,2013-07-08 00:03:03,5.2500
1373241475620000458,20000458,A,2013-07-07 23:57:55,2013-07-08 00:18:25,20.5000
1373241483620000367,20000367,B,2013-07-07 23:58:03,2013-07-08 00:07:03,9.0000
1373241517620000285,20000285,B,2013-07-07 23:58:37,2013-07-08 00:16:22,17.7500
1373241518620000692,20000692,A,2013-07-07 23:58:38,2013-07-08 00:07:53,9.2500
1373241566620000688,20000688,C,2013-07-07 23:59:26,2013-07-08 00:08:56,9.5000
1373241584620000600,20000600,B,2013-07-07 23:59:44,2013-07-08 00:34:29,34.7500
1373241589620000263,20000263,B,2013-07-07 23:59:49,2013-07-08 00:17:34,17.7500
1373241593620000344,20000344,C,2013-07-07 23:59:53,2013-07-08 01:11:38,71.7500
1373309660620000520,20000520,C,2013-07-08 18:54:20,2013-07-09 03:37:05,522.7500
1373324155620000665,20000665,C,2013-07-08 22:55:55,2013-07-09 00:57:25,121.5000
1373326470620000356,20000356,B,2013-07-08 23:34:30,2013-07-09 00:56:00,81.5000
1373326738620000178,20000178,B,2013-07-08 23:38:58,2013-07-09 00:10:43,31.7500
1373326960620000215,20000215,C,2013-07-08 23:42:40,2013-07-09 00:09:10,26.5000
1373327024620000496,20000496,B,2013-07-08 23:43:44,2013-07-09 00:01:14,17.5000
1373327058620000672,20000672,C,2013-07-08 23:44:18,2013-07-09 00:03:03,18.7500
1373327098620000561,20000561,B,2013-07-08 23:44:58,2013-07-09 00:00:58,16.0000
1373327207620000529,20000529,C,2013-07-08 23:46:47,2013-07-09 00:01:32,14.7500
1373327367620000525,20000525,B,2013-07-08 23:49:27,2013-07-09 00:03:42,14.2500
1373327470620000424,20000424,A,2013-07-08 23:51:10,2013-07-09 00:05:55,14.7500
1373327542620000451,20000451,A,2013-07-08 23:52:22,2013-07-09 01:14:07,81.7500
1373327552620000260,20000260,C,2013-07-08 23:52:32,2013-07-09 00:02:02,9.5000
1373327594620000692,20000692,C,2013-07-08 23:53:14,2013-07-09 00:01:29,8.2500
1373327662620000372,20000372,B,2013-07-08 23:54:22,2013-07-09 00:02:07,7.7500
1373327691620000472,20000472,C,2013-07-08 23:54:51,2013-07-09 00:03:36,8.7500
1373327710620000603,20000603,A,2013-07-08 23:55:10,2013-07-09 00:03:40,8.5000
1373327839620000435,20000435,B,2013-07-08 23:57:19,2013-07-09 00:03:49,6.5000
1373327841620000116,20000116,A,2013-07-08 23:57:21,2013-07-09 00:07:36,10.2500
1373327868620000328,20000328,B,2013-07-08 23:57:48,2013-07-09 00:04:03,6.2500
1373327878620000574,20000574,C,2013-07-08 23:57:58,2013-07-09 00:22:13,24.2500
1373327893620000307,20000307,C,2013-07-08 23:58:13,2013-07-09 00:18:13,20.0000
1373327944620000310,20000310,C,2013-07-08 23:59:04,2013-07-09 00:03:34,4.5000
1373327963620000649,20000649,A,2013-07-08 23:59:23,2013-07-09 00:09:08,9.7500
1373327983620000600,20000600,B,2013-07-08 23:59:43,2013-07-09 00:05:43,6.0000
1373327994620000153,20000153,A,2013-07-08 23:59:54,2013-07-09 00:04:54,5.0000
1373413312620000037,20000037,B,2013-07-09 23:41:52,2013-07-10 00:03:22,21.5000
1373413398620000311,20000311,B,2013-07-09 23:43:18,2013-07-10 00:11:18,28.0000
1373413591620000620,20000620,C,2013-07-09 23:46:31,2013-07-10 00:13:01,26.5000
1373413676620000598,20000598,A,2013-07-09 23:47:56,2013-07-10 00:13:26,25.5000
1373413952620000684,20000684,C,2013-07-09 23:52:32,2013-07-10 00:01:17,8.7500
1373413960620000160,20000160,B,2013-07-09 23:52:40,2013-07-10 00:01:25,8.7500
1373414024620000356,20000356,C,2013-07-09 23:53:44,2013-07-10 00:23:14,29.5000
1373414130620000013,20000013,A,2013-07-09 23:55:30,2013-07-10 00:08:45,13.2500
1373414269620000430,20000430,B,2013-07-09 23:57:49,2013-07-10 00:07:04,9.2500
1373414284620000010,20000010,A,2013-07-09 23:58:04,2013-07-10 00:06:19,8.2500
1373414301620000529,20000529,C,2013-07-09 23:58:21,2013-07-10 00:07:36,9.2500
1373414340620000435,20000435,B,2013-07-09 23:59:00,2013-07-10 00:03:00,4.0000
1373499792620000263,20000263,C,2013-07-10 23:43:12,2013-07-11 00:04:42,21.5000
1373500060620000395,20000395,C,2013-07-10 23:47:40,2013-07-11 00:18:10,30.5000
1373500115620000574,20000574,B,2013-07-10 23:48:35,2013-07-11 00:04:20,15.7500
1373500118620000626,20000626,B,2013-07-10 23:48:38,2013-07-11 00:03:08,14.5000
1373500197620000620,20000620,B,2013-07-10 23:49:57,2013-07-11 00:03:42,13.7500
1373500240620000341,20000341,B,2013-07-10 23:50:40,2013-07-11 00:05:10,14.5000
1373500405620000488,20000488,A,2013-07-10 23:53:25,2013-07-11 00:02:10,8.7500
1373500448620000360,20000360,B,2013-07-10 23:54:08,2013-07-11 00:02:38,8.5000
1373500449620000333,20000333,C,2013-07-10 23:54:09,2013-07-11 00:43:24,49.2500
1373500464620000009,20000009,B,2013-07-10 23:54:24,2013-07-11 00:05:09,10.7500
1373500475620000370,20000370,B,2013-07-10 23:54:35,2013-07-11 00:03:20,8.7500
1373500490620000013,20000013,B,2013-07-10 23:54:50,2013-07-11 00:06:35,11.7500
1373500553620000037,20000037,A,2013-07-10 23:55:53,2013-07-11 00:17:08,21.2500
1373500603620000600,20000600,C,2013-07-10 23:56:43,2013-07-11 00:05:58,9.2500
1373500622620000136,20000136,B,2013-07-10 23:57:02,2013-07-11 00:06:47,9.7500
1373500628620000304,20000304,C,2013-07-10 23:57:08,2013-07-11 00:04:53,7.7500
1373500719620000023,20000023,B,2013-07-10 23:58:39,2013-07-11 00:09:24,10.7500
1373500735620000570,20000570,B,2013-07-10 23:58:55,2013-07-11 00:07:25,8.5000
1373500785620000307,20000307,C,2013-07-10 23:59:45,2013-07-11 00:39:15,39.5000
1373500796620000612,20000612,B,2013-07-10 23:59:56,2013-07-11 00:06:11,6.2500
1373582961620000304,20000304,B,2013-07-11 22:49:21,2013-07-12 00:04:36,75.2500
1373583286620000451,20000451,C,2013-07-11 22:54:46,2013-07-12 00:06:16,71.5000
1373585768620000662,20000662,C,2013-07-11 23:36:08,2013-07-12 00:00:38,24.5000
1373586379620000577,20000577,A,2013-07-11 23:46:19,2013-07-12 00:01:19,15.0000
1373586611620000612,20000612,A,2013-07-11 23:50:11,2013-07-12 00:06:41,16.5000
1373586696620000347,20000347,A,2013-07-11 23:51:36,2013-07-12 00:08:06,16.5000
1373586697620000640,20000640,A,2013-07-11 23:51:37,2013-07-12 00:04:07,12.5000
1373586708620000372,20000372,B,2013-07-11 23:51:48,2013-07-12 00:01:18,9.5000
1373586713620000649,20000649,A,2013-07-11 23:51:53,2013-07-12 00:02:23,10.5000
1373586755620000179,20000179,C,2013-07-11 23:52:35,2013-07-12 00:03:35,11.0000
1373586794620000903,20000903,A,2013-07-11 23:53:14,2013-07-12 00:00:59,7.7500
1373586842620000488,20000488,A,2013-07-11 23:54:02,2013-07-12 00:06:32,12.5000
1373586846620000481,20000481,B,2013-07-11 23:54:06,2013-07-12 00:02:06,8.0000
1373586873620000482,20000482,C,2013-07-11 23:54:33,2013-07-12 00:11:03,16.5000
1373586977620000497,20000497,B,2013-07-11 23:56:17,2013-07-12 00:03:47,7.5000
1373587054620000140,20000140,B,2013-07-11 23:57:34,2013-07-12 00:06:34,9.0000
1373587056620000473,20000473,B,2013-07-11 23:57:36,2013-07-12 00:11:36,14.0000
1373587068620000051,20000051,B,2013-07-11 23:57:48,2013-07-12 00:06:48,9.0000
1373587107620000688,20000688,A,2013-07-11 23:58:27,2013-07-12 00:11:57,13.5000
1373587136620000305,20000305,B,2013-07-11 23:58:56,2013-07-12 00:09:56,11.0000
1373587173620000589,20000589,B,2013-07-11 23:59:33,2013-07-12 00:04:33,5.0000
1373671725620000108,20000108,C,2013-07-12 23:28:45,2013-07-13 00:19:45,51.0000
1373672694620000337,20000337,C,2013-07-12 23:44:54,2013-07-13 00:00:09,15.2500
1373672712620000525,20000525,C,2013-07-12 23:45:12,2013-07-13 00:01:57,16.7500
1373672714620000345,20000345,C,2013-07-12 23:45:14,2013-07-13 00:07:44,22.5000
1373672810620000004,20000004,A,2013-07-12 23:46:50,2013-07-13 00:23:20,36.5000
1373672823620000664,20000664,C,2013-07-12 23:47:03,2013-07-13 00:11:18,24.2500
1373672825620000674,20000674,C,2013-07-12 23:47:05,2013-07-13 00:09:50,22.7500
1373673059620000589,20000589,B,2013-07-12 23:50:59,2013-07-13 00:01:29,10.5000
1373673096620000320,20000320,C,2013-07-12 23:51:36,2013-07-13 00:08:36,17.0000
1373673136620000626,20000626,B,2013-07-12 23:52:16,2013-07-13 00:02:01,9.7500
1373673137620000334,20000334,B,2013-07-12 23:52:17,2013-07-13 00:13:17,21.0000
1373673199620000600,20000600,B,2013-07-12 23:53:19,2013-07-13 00:05:49,12.5000
1373673228620000570,20000570,A,2013-07-12 23:53:48,2013-07-13 00:01:18,7.5000
1373673250620000514,20000514,B,2013-07-12 23:54:10,2013-07-13 00:03:25,9.2500
1373673266620000030,20000030,B,2013-07-12 23:54:26,2013-07-13 00:03:41,9.2500
1373673327620000171,20000171,B,2013-07-12 23:55:27,2013-07-13 00:08:12,12.7500
1373673333620000648,20000648,B,2013-07-12 23:55:33,2013-07-13 00:09:48,14.2500
1373673337620000256,20000256,B,2013-07-12 23:55:37,2013-07-13 00:02:22,6.7500
1373673339620000430,20000430,A,2013-07-12 23:55:39,2013-07-13 00:12:09,16.5000
1373673344620000424,20000424,B,2013-07-12 23:55:44,2013-07-13 00:06:14,10.5000
1373673356620000409,20000409,B,2013-07-12 23:55:56,2013-07-13 00:03:41,7.7500
1373673360620000273,20000273,C,2013-07-12 23:56:00,2013-07-13 00:16:00,20.0000
1373673363620000002,20000002,B,2013-07-12 23:56:03,2013-07-13 00:05:33,9.5000
1373673382620000005,20000005,B,2013-07-12 23:56:22,2013-07-13 00:13:37,17.2500
1373673411620000549,20000549,B,2013-07-12 23:56:51,2013-07-13 00:03:36,6.7500
1373673420620000014,20000014,B,2013-07-12 23:57:00,2013-07-13 00:07:15,10.2500
1373673439620000199,20000199,C,2013-07-12 23:57:19,2013-07-13 00:05:19,8.0000
1373673481620000353,20000353,A,2013-07-12 23:58:01,2013-07-13 00:14:01,16.0000
1373673485620000423,20000423,A,2013-07-12 23:58:05,2013-07-13 00:08:20,10.2500
1373673489620000136,20000136,B,2013-07-12 23:58:09,2013-07-13 00:06:39,8.5000
1373673519620000398,20000398,B,2013-07-12 23:58:39,2013-07-13 00:12:24,13.7500
1373673560620000309,20000309,C,2013-07-12 23:59:20,2013-07-13 00:08:35,9.2500
1373673567620000572,20000572,A,2013-07-12 23:59:27,2013-07-13 00:12:12,12.7500
1373673576620000233,20000233,B,2013-07-12 23:59:36,2013-07-13 00:13:06,13.5000
1373673584620000255,20000255,A,2013-07-12 23:59:44,2013-07-13 00:25:14,25.5000
1373673599620000651,20000651,C,2013-07-12 23:59:59,2013-07-13 00:11:44,11.7500
1373757227620000665,20000665,C,2013-07-13 23:13:47,2013-07-14 00:17:47,64.0000
1373758416620000574,20000574,C,2013-07-13 23:33:36,2013-07-14 00:06:21,32.7500
1373758493620000347,20000347,C,2013-07-13 23:34:53,2013-07-14 00:10:08,35.2500
1373758655620000440,20000440,B,2013-07-13 23:37:35,2013-07-14 00:05:50,28.2500
1373759138620000179,20000179,C,2013-07-13 23:45:38,2013-07-14 00:04:53,19.2500
1373759473620000304,20000304,C,2013-07-13 23:51:13,2013-07-14 00:06:28,15.2500
1373759495620000167,20000167,B,2013-07-13 23:51:35,2013-07-14 00:03:35,12.0000
1373759580620000601,20000601,C,2013-07-13 23:53:00,2013-07-14 00:01:00,8.0000
1373759598620000364,20000364,C,2013-07-13 23:53:18,2013-07-14 00:01:03,7.7500
1373759610620000051,20000051,B,2013-07-13 23:53:30,2013-07-14 00:06:15,12.7500
1373759614620000297,20000297,B,2013-07-13 23:53:34,2013-07-14 00:05:34,12.0000
1373759653620000395,20000395,C,2013-07-13 23:54:13,2013-07-14 00:16:28,22.2500
1373759669620000359,20000359,B,2013-07-13 23:54:29,2013-07-14 00:05:59,11.5000
1373759689620000042,20000042,B,2013-07-13 23:54:49,2013-07-14 00:00:04,5.2500
1373759701620000450,20000450,B,2013-07-13 23:55:01,2013-07-14 00:00:01,5.0000
1373759737620000014,20000014,C,2013-07-13 23:55:37,2013-07-14 00:01:07,5.5000
1373759737620000571,20000571,B,2013-07-13 23:55:37,2013-07-14 00:03:37,8.0000
1373759740620000518,20000518,C,2013-07-13 23:55:40,2013-07-14 00:04:25,8.7500
1373759748620000600,20000600,B,2013-07-13 23:55:48,2013-07-14 00:16:03,20.2500
1373759798620000684,20000684,C,2013-07-13 23:56:38,2013-07-14 00:10:08,13.5000
1373759804620000101,20000101,B,2013-07-13 23:56:44,2013-07-14 00:08:29,11.7500
1373759807620000657,20000657,C,2013-07-13 23:56:47,2013-07-14 00:01:47,5.0000
1373759821620000692,20000692,A,2013-07-13 23:57:01,2013-07-14 00:01:31,4.5000
1373759914620000687,20000687,A,2013-07-13 23:58:34,2013-07-14 00:15:04,16.5000
1373759917620000195,20000195,B,2013-07-13 23:58:37,2013-07-14 00:09:52,11.2500
1373759948620000108,20000108,C,2013-07-13 23:59:08,2013-07-14 00:05:08,6.0000
1373759977620000542,20000542,B,2013-07-13 23:59:37,2013-07-14 00:04:52,5.2500
1373759992620000268,20000268,B,2013-07-13 23:59:52,2013-07-14 00:04:37,4.7500
1373845326620000108,20000108,C,2013-07-14 23:42:06,2013-07-15 00:02:51,20.7500
1373845747620000473,20000473,B,2013-07-14 23:49:07,2013-07-15 00:00:22,11.2500
1373845826620000481,20000481,C,2013-07-14 23:50:26,2013-07-15 00:02:41,12.2500
1373845859620000067,20000067,C,2013-07-14 23:50:59,2013-07-15 00:07:59,17.0000
1373845887620000434,20000434,C,2013-07-14 23:51:27,2013-07-15 00:04:12,12.7500
1373845941620000011,20000011,B,2013-07-14 23:52:21,2013-07-15 00:03:51,11.5000
1373845988620000686,20000686,B,2013-07-14 23:53:08,2013-07-15 00:04:08,11.0000
1373846006620000101,20000101,A,2013-07-14 23:53:26,2013-07-15 00:02:26,9.0000
1373846017620000542,20000542,A,2013-07-14 23:53:37,2013-07-15 00:01:07,7.5000
1373846233620000504,20000504,B,2013-07-14 23:57:13,2013-07-15 00:02:43,5.5000
1373846234620000621,20000621,C,2013-07-14 23:57:14,2013-07-15 00:03:59,6.7500
1373846267620000235,20000235,B,2013-07-14 23:57:47,2013-07-15 00:04:17,6.5000
1373846282620000678,20000678,B,2013-07-14 23:58:02,2013-07-15 00:08:17,10.2500
1373846301620000570,20000570,B,2013-07-14 23:58:21,2013-07-15 00:05:06,6.7500
1373846302620000136,20000136,B,2013-07-14 23:58:22,2013-07-15 00:15:22,17.0000
1373846313620000140,20000140,B,2013-07-14 23:58:33,2013-07-15 00:11:33,13.0000
1373846351620000393,20000393,B,2013-07-14 23:59:11,2013-07-15 00:04:41,5.5000
1373846357620000381,20000381,B,2013-07-14 23:59:17,2013-07-15 00:09:32,10.2500
1373846370620000626,20000626,B,2013-07-14 23:59:30,2013-07-15 00:06:45,7.2500
1373846381620000199,20000199,C,2013-07-14 23:59:41,2013-07-15 00:06:41,7.0000
1373846396620000305,20000305,B,2013-07-14 23:59:56,2013-07-15 00:06:11,6.2500
1373928255620000308,20000308,B,2013-07-15 22:44:15,2013-07-16 00:24:45,100.5000
1373932227620000031,20000031,C,2013-07-15 23:50:27,2013-07-16 00:07:12,16.7500
1373932262620000310,20000310,C,2013-07-15 23:51:02,2013-07-16 00:05:32,14.5000
1373932313620000624,20000624,B,2013-07-15 23:51:53,2013-07-16 00:00:53,9.0000
1373932380620000626,20000626,C,2013-07-15 23:53:00,2013-07-16 00:02:15,9.2500
1373932404620000529,20000529,B,2013-07-15 23:53:24,2013-07-16 00:01:54,8.5000
1373932423620000167,20000167,B,2013-07-15 23:53:43,2013-07-16 00:03:58,10.2500
1373932432620000370,20000370,A,2013-07-15 23:53:52,2013-07-16 00:01:22,7.5000
1373932515620000601,20000601,C,2013-07-15 23:55:15,2013-07-16 00:05:45,10.5000
1373932568620000255,20000255,B,2013-07-15 23:56:08,2013-07-16 00:02:38,6.5000
1373932683620000483,20000483,C,2013-07-15 23:58:03,2013-07-16 00:07:03,9.0000
1373932726620000675,20000675,C,2013-07-15 23:58:46,2013-07-16 00:03:16,4.5000
1374018586620000520,20000520,C,2013-07-16 23:49:46,2013-07-17 00:10:46,21.0000
1374018612620000395,20000395,C,2013-07-16 23:50:12,2013-07-17 00:13:42,23.5000
1374018832620000006,20000006,B,2013-07-16 23:53:52,2013-07-17 00:01:22,7.5000
1374018856620000179,20000179,C,2013-07-16 23:54:16,2013-07-17 00:11:16,17.0000
1374018859620000678,20000678,C,2013-07-16 23:54:19,2013-07-17 00:00:04,5.7500
1374018889620000364,20000364,A,2013-07-16 23:54:49,2013-07-17 00:05:19,10.5000
1374018897620000624,20000624,B,2013-07-16 23:54:57,2013-07-17 00:00:12,5.2500
1374019054620000453,20000453,B,2013-07-16 23:57:34,2013-07-17 00:03:19,5.7500
1374019182620000080,20000080,C,2013-07-16 23:59:42,2013-07-17 00:04:42,5.0000
1374103192620000364,20000364,C,2013-07-17 23:19:52,2013-07-18 00:27:07,67.2500
1374103594620000525,20000525,B,2013-07-17 23:26:34,2013-07-18 00:07:19,40.7500
1374104427620000235,20000235,C,2013-07-17 23:40:27,2013-07-18 00:02:42,22.2500
1374104803620000307,20000307,C,2013-07-17 23:46:43,2013-07-18 00:06:58,20.2500
1374104823620000260,20000260,A,2013-07-17 23:47:03,2013-07-18 00:02:03,15.0000
1374104877620000483,20000483,C,2013-07-17 23:47:57,2013-07-18 00:01:12,13.2500
1374104923620000904,20000904,C,2013-07-17 23:48:43,2013-07-18 00:01:58,13.2500
1374104967620000481,20000481,B,2013-07-17 23:49:27,2013-07-18 00:00:12,10.7500
1374105061620000616,20000616,B,2013-07-17 23:51:01,2013-07-18 00:01:31,10.5000
1374105103620000684,20000684,C,2013-07-17 23:51:43,2013-07-18 00:01:43,10.0000
1374105117620000129,20000129,C,2013-07-17 23:51:57,2013-07-18 00:11:27,19.5000
1374105153620000372,20000372,C,2013-07-17 23:52:33,2013-07-18 00:01:18,8.7500
1374105255620000013,20000013,B,2013-07-17 23:54:15,2013-07-18 00:00:15,6.0000
1374105331620000668,20000668,C,2013-07-17 23:55:31,2013-07-18 00:01:46,6.2500
1374105356620000136,20000136,A,2013-07-17 23:55:56,2013-07-18 00:07:11,11.2500
1374105363620000569,20000569,C,2013-07-17 23:56:03,2013-07-18 00:19:48,23.7500
1374105417620000665,20000665,A,2013-07-17 23:56:57,2013-07-18 00:05:12,8.2500
1374105437620000006,20000006,A,2013-07-17 23:57:17,2013-07-18 00:06:32,9.2500
1374105471620000649,20000649,B,2013-07-17 23:57:51,2013-07-18 00:02:21,4.5000
1374105477620000101,20000101,B,2013-07-17 23:57:57,2013-07-18 00:16:57,19.0000
1374105490620000671,20000671,C,2013-07-17 23:58:10,2013-07-18 00:05:40,7.5000
1374175360620000520,20000520,C,2013-07-18 19:22:40,2013-07-19 04:38:25,555.7500
1374191337620000263,20000263,C,2013-07-18 23:48:57,2013-07-19 00:00:57,12.0000
1374191361620000470,20000470,B,2013-07-18 23:49:21,2013-07-19 00:01:21,12.0000
1374191593620000320,20000320,B,2013-07-18 23:53:13,2013-07-19 00:08:13,15.0000
1374191638620000012,20000012,B,2013-07-18 23:53:58,2013-07-19 00:00:28,6.5000
1374191671620000010,20000010,A,2013-07-18 23:54:31,2013-07-19 00:01:01,6.5000
1374191772620000561,20000561,B,2013-07-18 23:56:12,2013-07-19 00:02:27,6.2500
1374191777620000624,20000624,B,2013-07-18 23:56:17,2013-07-19 00:04:32,8.2500
1374191849620000569,20000569,C,2013-07-18 23:57:29,2013-07-19 00:08:14,10.7500
1374191863620000153,20000153,A,2013-07-18 23:57:43,2013-07-19 00:07:43,10.0000
1374191891620000372,20000372,B,2013-07-18 23:58:11,2013-07-19 00:03:26,5.2500
1374191892620000105,20000105,A,2013-07-18 23:58:12,2013-07-19 00:11:57,13.7500
1374191928620000179,20000179,C,2013-07-18 23:58:48,2013-07-19 00:05:03,6.2500
1374191979620000004,20000004,B,2013-07-18 23:59:39,2013-07-19 00:11:39,12.0000
1374191983620000577,20000577,C,2013-07-18 23:59:43,2013-07-19 00:10:13,10.5000
1374275848620000486,20000486,C,2013-07-19 23:17:28,2013-07-20 00:30:43,73.2500
1374277293620000008,20000008,B,2013-07-19 23:41:33,2013-07-20 00:01:48,20.2500
1374277533620000497,20000497,C,2013-07-19 23:45:33,2013-07-20 00:01:33,16.0000
1374277535620000255,20000255,C,2013-07-19 23:45:35,2013-07-20 00:00:50,15.2500
1374277701620000235,20000235,C,2013-07-19 23:48:21,2013-07-20 00:00:21,12.0000
1374277786620000345,20000345,C,2013-07-19 23:49:46,2013-07-20 00:13:16,23.5000
1374277793620000004,20000004,B,2013-07-19 23:49:53,2013-07-20 00:03:23,13.5000
1374277851620000610,20000610,A,2013-07-19 23:50:51,2013-07-20 00:01:51,11.0000
1374277885620000325,20000325,B,2013-07-19 23:51:25,2013-07-20 00:00:40,9.2500
1374277919620000353,20000353,C,2013-07-19 23:51:59,2013-07-20 00:02:44,10.7500
1374278045620000006,20000006,A,2013-07-19 23:54:05,2013-07-20 00:01:50,7.7500
1374278063620000192,20000192,C,2013-07-19 23:54:23,2013-07-20 00:02:53,8.5000
1374278112620000310,20000310,C,2013-07-19 23:55:12,2013-07-20 00:04:12,9.0000
1374278121620000280,20000280,B,2013-07-19 23:55:21,2013-07-20 00:03:51,8.5000
1374278122620000549,20000549,B,2013-07-19 23:55:22,2013-07-20 00:04:07,8.7500
1374278148620000586,20000586,C,2013-07-19 23:55:48,2013-07-20 00:05:33,9.7500
1374278164620000154,20000154,C,2013-07-19 23:56:04,2013-07-20 00:07:19,11.2500
1374278166620000520,20000520,B,2013-07-19 23:56:06,2013-07-20 00:03:51,7.7500
1374278181620000231,20000231,B,2013-07-19 23:56:21,2013-07-20 00:01:06,4.7500
1374278199620000651,20000651,C,2013-07-19 23:56:39,2013-07-20 00:05:54,9.2500
1374278215620000157,20000157,A,2013-07-19 23:56:55,2013-07-20 00:12:25,15.5000
1374278233620000363,20000363,B,2013-07-19 23:57:13,2013-07-20 00:04:58,7.7500
1374278240620000482,20000482,B,2013-07-19 23:57:20,2013-07-20 00:11:20,14.0000
1374278245620000626,20000626,B,2013-07-19 23:57:25,2013-07-20 00:09:25,12.0000
1374278257620000129,20000129,A,2013-07-19 23:57:37,2013-07-20 00:04:07,6.5000
1374278273620000483,20000483,C,2013-07-19 23:57:53,2013-07-20 00:08:38,10.7500
1374278285620000658,20000658,B,2013-07-19 23:58:05,2013-07-20 00:05:20,7.2500
1374278297620000367,20000367,B,2013-07-19 23:58:17,2013-07-20 00:13:32,15.2500
1374278310620000561,20000561,C,2013-07-19 23:58:30,2013-07-20 00:06:45,8.2500
1374278325620000178,20000178,A,2013-07-19 23:58:45,2013-07-20 00:09:30,10.7500
1374278335620000686,20000686,B,2013-07-19 23:58:55,2013-07-20 00:06:55,8.0000
1374278340620000136,20000136,B,2013-07-19 23:59:00,2013-07-20 00:14:15,15.2500
1374278351620000517,20000517,C,2013-07-19 23:59:11,2013-07-20 00:09:26,10.2500
1374278353620000327,20000327,B,2013-07-19 23:59:13,2013-07-20 00:05:13,6.0000
1374278353620000527,20000527,A,2013-07-19 23:59:13,2013-07-20 00:11:58,12.7500
1374278380620000285,20000285,B,2013-07-19 23:59:40,2013-07-20 00:14:10,14.5000
1374278391620000199,20000199,B,2013-07-19 23:59:51,2013-07-20 00:14:36,14.7500
1374278399620000436,20000436,B,2013-07-19 23:59:59,2013-07-20 00:04:14,4.2500
1374362362620000173,20000173,A,2013-07-20 23:19:22,2013-07-21 00:03:52,44.5000
1374362618620000663,20000663,C,2013-07-20 23:23:38,2013-07-21 00:19:23,55.7500
1374362622620000344,20000344,C,2013-07-20 23:23:42,2013-07-21 00:18:42,55.0000
1374363184620000514,20000514,B,2013-07-20 23:33:04,2013-07-21 00:17:04,44.0000
1374363212620000217,20000217,C,2013-07-20 23:33:32,2013-07-21 00:06:17,32.7500
1374363746620000451,20000451,B,2013-07-20 23:42:26,2013-07-21 00:05:41,23.2500
1374363869620000159,20000159,A,2013-07-20 23:44:29,2013-07-21 00:08:29,24.0000
1374363978620000904,20000904,B,2013-07-20 23:46:18,2013-07-21 00:00:33,14.2500
1374364056620000419,20000419,B,2013-07-20 23:47:36,2013-07-21 00:01:06,13.5000
1374364056620000662,20000662,C,2013-07-20 23:47:36,2013-07-21 00:00:21,12.7500
1374364149620000672,20000672,A,2013-07-20 23:49:09,2013-07-21 00:07:24,18.2500
1374364184620000129,20000129,A,2013-07-20 23:49:44,2013-07-21 00:06:44,17.0000
1374364198620000305,20000305,C,2013-07-20 23:49:58,2013-07-21 00:32:28,42.5000
1374364277620000310,20000310,C,2013-07-20 23:51:17,2013-07-21 00:01:17,10.0000
1374364281620000901,20000901,B,2013-07-20 23:51:21,2013-07-21 00:02:21,11.0000
1374364356620000345,20000345,C,2013-07-20 23:52:36,2013-07-21 00:15:21,22.7500
1374364367620000263,20000263,B,2013-07-20 23:52:47,2013-07-21 00:06:02,13.2500
1374364383620000015,20000015,B,2013-07-20 23:53:03,2013-07-21 00:18:48,25.7500
1374364387620000309,20000309,B,2013-07-20 23:53:07,2013-07-21 00:00:52,7.7500
1374364389620000225,20000225,A,2013-07-20 23:53:09,2013-07-21 00:05:54,12.7500
1374364391620000004,20000004,B,2013-07-20 23:53:11,2013-07-21 00:00:56,7.7500
1374364392620000625,20000625,B,2013-07-20 23:53:12,2013-07-21 00:00:27,7.2500
1374364405620000022,20000022,C,2013-07-20 23:53:25,2013-07-21 00:06:40,13.2500
1374364411620000333,20000333,A,2013-07-20 23:53:31,2013-07-21 00:13:01,19.5000
1374364479620000020,20000020,B,2013-07-20 23:54:39,2013-07-21 00:03:39,9.0000
1374364538620000041,20000041,B,2013-07-20 23:55:38,2013-07-21 00:05:08,9.5000
1374364538620000569,20000569,C,2013-07-20 23:55:38,2013-07-21 00:08:08,12.5000
1374364574620000235,20000235,C,2013-07-20 23:56:14,2013-07-21 00:08:44,12.5000
1374364576620000653,20000653,C,2013-07-20 23:56:16,2013-07-21 00:05:31,9.2500
1374364588620000337,20000337,A,2013-07-20 23:56:28,2013-07-21 00:13:28,17.0000
1374364601620000616,20000616,A,2013-07-20 23:56:41,2013-07-21 00:09:41,13.0000
1374364610620000010,20000010,B,2013-07-20 23:56:50,2013-07-21 00:04:20,7.5000
1374364614620000012,20000012,B,2013-07-20 23:56:54,2013-07-21 00:04:39,7.7500
1374364619620000254,20000254,B,2013-07-20 23:56:59,2013-07-21 00:10:14,13.2500
1374364630620000571,20000571,C,2013-07-20 23:57:10,2013-07-21 00:04:25,7.2500
1374364666620000153,20000153,B,2013-07-20 23:57:46,2013-07-21 00:11:46,14.0000
1374364688620000199,20000199,B,2013-07-20 23:58:08,2013-07-21 00:22:53,24.7500
1374364695620000657,20000657,C,2013-07-20 23:58:15,2013-07-21 00:15:30,17.2500
1374364712620000201,20000201,B,2013-07-20 23:58:32,2013-07-21 00:08:02,9.5000
1374364730620000421,20000421,B,2013-07-20 23:58:50,2013-07-21 00:08:05,9.2500
1374364746620000633,20000633,B,2013-07-20 23:59:06,2013-07-21 00:04:36,5.5000
1374364761620000011,20000011,C,2013-07-20 23:59:21,2013-07-21 00:14:21,15.0000
1374364775620000572,20000572,B,2013-07-20 23:59:35,2013-07-21 00:03:05,3.5000
1374450293620000486,20000486,A,2013-07-21 23:44:53,2013-07-22 00:00:53,16.0000
1374450404620000476,20000476,C,2013-07-21 23:46:44,2013-07-22 00:11:14,24.5000
1374450431620000179,20000179,C,2013-07-21 23:47:11,2013-07-22 00:00:41,13.5000
1374450529620000395,20000395,C,2013-07-21 23:48:49,2013-07-22 00:18:19,29.5000
1374450629620000600,20000600,C,2013-07-21 23:50:29,2013-07-22 00:00:29,10.0000
1374450769620000011,20000011,B,2013-07-21 23:52:49,2013-07-22 00:03:19,10.5000
1374450774620000161,20000161,A,2013-07-21 23:52:54,2013-07-22 00:02:39,9.7500
1374450781620000574,20000574,C,2013-07-21 23:53:01,2013-07-22 00:05:46,12.7500
1374450788620000662,20000662,B,2013-07-21 23:53:08,2013-07-22 00:04:23,11.2500
1374450952620000406,20000406,C,2013-07-21 23:55:52,2013-07-22 00:06:37,10.7500
1374450971620000015,20000015,B,2013-07-21 23:56:11,2013-07-22 00:26:11,30.0000
1374450978620000325,20000325,A,2013-07-21 23:56:18,2013-07-22 00:03:48,7.5000
1374451005620000570,20000570,C,2013-07-21 23:56:45,2013-07-22 00:06:00,9.2500
1374451008620000686,20000686,A,2013-07-21 23:56:48,2013-07-22 00:04:33,7.7500
1374451034620000651,20000651,C,2013-07-21 23:57:14,2013-07-22 00:03:29,6.2500
1374451050620000648,20000648,B,2013-07-21 23:57:30,2013-07-22 00:10:45,13.2500
1374451072620000199,20000199,B,2013-07-21 23:57:52,2013-07-22 00:11:22,13.5000
1374451082620000611,20000611,B,2013-07-21 23:58:02,2013-07-22 00:04:02,6.0000
1374451102620000341,20000341,C,2013-07-21 23:58:22,2013-07-22 00:03:22,5.0000
1374451134620000626,20000626,C,2013-07-21 23:58:54,2013-07-22 00:09:54,11.0000
1374451144620000307,20000307,B,2013-07-21 23:59:04,2013-07-22 00:06:49,7.7500
1374451151620000009,20000009,B,2013-07-21 23:59:11,2013-07-22 00:07:26,8.2500
1374451176620000503,20000503,C,2013-07-21 23:59:36,2013-07-22 00:04:06,4.5000
1374536336620000042,20000042,B,2013-07-22 23:38:56,2013-07-23 00:01:26,22.5000
1374536386620000520,20000520,C,2013-07-22 23:39:46,2013-07-23 07:58:31,498.7500
1374537141620000157,20000157,B,2013-07-22 23:52:21,2013-07-23 00:04:36,12.2500
1374537142620000108,20000108,C,2013-07-22 23:52:22,2013-07-23 00:02:07,9.7500
1374537178620000015,20000015,B,2013-07-22 23:52:58,2013-07-23 00:08:28,15.5000
1374537286620000488,20000488,A,2013-07-22 23:54:46,2013-07-23 00:00:01,5.2500
1374537314620000089,20000089,A,2013-07-22 23:55:14,2013-07-23 00:16:59,21.7500
1374537324620000022,20000022,B,2013-07-22 23:55:24,2013-07-23 00:07:39,12.2500
1374537396620000004,20000004,B,2013-07-22 23:56:36,2013-07-23 00:05:21,8.7500
1374537476620000395,20000395,B,2013-07-22 23:57:56,2013-07-23 00:09:56,12.0000
1374537560620000129,20000129,A,2013-07-22 23:59:20,2013-07-23 01:01:50,62.5000
1374537578620000561,20000561,B,2013-07-22 23:59:38,2013-07-23 00:06:53,7.2500
1374537581620000171,20000171,B,2013-07-22 23:59:41,2013-07-23 00:12:26,12.7500
1374537594620000625,20000625,B,2013-07-22 23:59:54,2013-07-23 00:07:54,8.0000
1374621423620000015,20000015,B,2013-07-23 23:17:03,2013-07-24 00:07:18,50.2500
1374622979620000540,20000540,B,2013-07-23 23:42:59,2013-07-24 00:02:59,20.0000
1374623230620000233,20000233,C,2013-07-23 23:47:10,2013-07-24 00:09:10,22.0000
1374623303620000482,20000482,B,2013-07-23 23:48:23,2013-07-24 00:03:38,15.2500
1374623425620000101,20000101,C,2013-07-23 23:50:25,2013-07-24 00:01:25,11.0000
1374623431620000273,20000273,B,2013-07-23 23:50:31,2013-07-24 00:00:01,9.5000
1374623432620000560,20000560,B,2013-07-23 23:50:32,2013-07-24 00:04:47,14.2500
1374623475620000674,20000674,C,2013-07-23 23:51:15,2013-07-24 00:02:15,11.0000
1374623617620000388,20000388,A,2013-07-23 23:53:37,2013-07-24 00:07:07,13.5000
1374623673620000334,20000334,C,2013-07-23 23:54:33,2013-07-24 00:18:03,23.5000
1374623688620000633,20000633,C,2013-07-23 23:54:48,2013-07-24 00:07:48,13.0000
1374623848620000483,20000483,B,2013-07-23 23:57:28,2013-07-24 00:05:58,8.5000
1374623894620000403,20000403,C,2013-07-23 23:58:14,2013-07-24 00:51:29,53.2500
1374623927620000359,20000359,A,2013-07-23 23:58:47,2013-07-24 00:05:32,6.7500
1374623959620000640,20000640,B,2013-07-23 23:59:19,2013-07-24 00:04:49,5.5000
1374623967620000363,20000363,A,2013-07-23 23:59:27,2013-07-24 00:05:57,6.5000
1374709157620000574,20000574,C,2013-07-24 23:39:17,2013-07-25 00:00:47,21.5000
1374709429620000173,20000173,A,2013-07-24 23:43:49,2013-07-25 00:07:49,24.0000
1374709535620000328,20000328,B,2013-07-24 23:45:35,2013-07-25 00:01:20,15.7500
1374709611620000395,20000395,C,2013-07-24 23:46:51,2013-07-25 00:08:51,22.0000
1374709786620000560,20000560,B,2013-07-24 23:49:46,2013-07-25 00:01:01,11.2500
1374709824620000199,20000199,B,2013-07-24 23:50:24,2013-07-25 00:06:24,16.0000
1374709840620000136,20000136,C,2013-07-24 23:50:40,2013-07-25 00:06:40,16.0000
1374709856620000263,20000263,B,2013-07-24 23:50:56,2013-07-25 00:06:41,15.7500
1374709866620000472,20000472,C,2013-07-24 23:51:06,2013-07-25 00:05:51,14.7500
1374709899620000610,20000610,C,2013-07-24 23:51:39,2013-07-25 00:03:09,11.5000
1374710067620000011,20000011,B,2013-07-24 23:54:27,2013-07-25 00:03:12,8.7500
1374710218620000446,20000446,B,2013-07-24 23:56:58,2013-07-25 00:03:13,6.2500
1374710219620000157,20000157,A,2013-07-24 23:56:59,2013-07-25 00:09:59,13.0000
1374710223620000688,20000688,A,2013-07-24 23:57:03,2013-07-25 00:08:03,11.0000
1374710312620000337,20000337,C,2013-07-24 23:58:32,2013-07-25 00:17:02,18.5000
1374710313620000359,20000359,C,2013-07-24 23:58:33,2013-07-25 00:05:03,6.5000
1374710357620000338,20000338,B,2013-07-24 23:59:17,2013-07-25 00:08:17,9.0000
1374710373620000269,20000269,C,2013-07-24 23:59:33,2013-07-25 00:34:33,35.0000
1374710383620000600,20000600,A,2013-07-24 23:59:43,2013-07-25 00:09:28,9.7500
1374710392620000304,20000304,C,2013-07-24 23:59:52,2013-07-25 00:18:22,18.5000
1374794807620000446,20000446,B,2013-07-25 23:26:47,2013-07-26 00:22:02,55.2500
1374796052620000626,20000626,B,2013-07-25 23:47:32,2013-07-26 00:00:47,13.2500
1374796165620000633,20000633,B,2013-07-25 23:49:25,2013-07-26 00:00:55,11.5000
1374796236620000167,20000167,A,2013-07-25 23:50:36,2013-07-26 00:02:06,11.5000
1374796296620000310,20000310,C,2013-07-25 23:51:36,2013-07-26 00:15:21,23.7500
1374796300620000381,20000381,B,2013-07-25 23:51:40,2013-07-26 00:06:40,15.0000
1374796429620000276,20000276,B,2013-07-25 23:53:49,2013-07-26 00:02:04,8.2500
1374796450620000345,20000345,B,2013-07-25 23:54:10,2013-07-26 00:04:10,10.0000
1374796454620000529,20000529,B,2013-07-25 23:54:14,2013-07-26 00:06:59,12.7500
1374796461620000037,20000037,C,2013-07-25 23:54:21,2013-07-26 00:03:21,9.0000
1374796509620000621,20000621,C,2013-07-25 23:55:09,2013-07-26 00:01:09,6.0000
1374796531620000463,20000463,A,2013-07-25 23:55:31,2013-07-26 00:03:16,7.7500
1374796562620000179,20000179,C,2013-07-25 23:56:02,2013-07-26 00:01:02,5.0000
1374796662620000525,20000525,B,2013-07-25 23:57:42,2013-07-26 00:01:12,3.5000
1374796673620000476,20000476,A,2013-07-25 23:57:53,2013-07-26 00:03:23,5.5000
1374796697620000678,20000678,B,2013-07-25 23:58:17,2013-07-26 00:12:32,14.2500
1374796705620000192,20000192,B,2013-07-25 23:58:25,2013-07-26 00:03:10,4.7500
1374796735620000216,20000216,C,2013-07-25 23:58:55,2013-07-26 00:14:55,16.0000
1374796782620000601,20000601,C,2013-07-25 23:59:42,2013-07-26 00:13:27,13.7500
1374881648620000345,20000345,C,2013-07-26 23:34:08,2013-07-27 00:02:08,28.0000
1374882328620000395,20000395,C,2013-07-26 23:45:28,2013-07-27 00:04:58,19.5000
1374882339620000311,20000311,B,2013-07-26 23:45:39,2013-07-27 00:04:54,19.2500
1374882383620000015,20000015,B,2013-07-26 23:46:23,2013-07-27 00:03:38,17.2500
1374882456620000389,20000389,A,2013-07-26 23:47:36,2013-07-27 00:03:06,15.5000
1374882504620000249,20000249,C,2013-07-26 23:48:24,2013-07-27 00:05:39,17.2500
1374882603620000662,20000662,B,2013-07-26 23:50:03,2013-07-27 00:00:18,10.2500
1374882613620000651,20000651,B,2013-07-26 23:50:13,2013-07-27 00:02:28,12.2500
1374882651620000251,20000251,B,2013-07-26 23:50:51,2013-07-27 00:06:51,16.0000
1374882705620000217,20000217,B,2013-07-26 23:51:45,2013-07-27 00:07:30,15.7500
1374882721620000140,20000140,A,2013-07-26 23:52:01,2013-07-27 00:10:01,18.0000
1374882727620000022,20000022,A,2013-07-26 23:52:07,2013-07-27 00:03:07,11.0000
1374882760620000235,20000235,C,2013-07-26 23:52:40,2013-07-27 00:21:10,28.5000
1374882763620000598,20000598,C,2013-07-26 23:52:43,2013-07-27 00:02:28,9.7500
1374882788620000574,20000574,A,2013-07-26 23:53:08,2013-07-27 00:00:38,7.5000
1374882830620000624,20000624,C,2013-07-26 23:53:50,2013-07-27 00:00:20,6.5000
1374882833620000529,20000529,A,2013-07-26 23:53:53,2013-07-27 00:05:53,12.0000
1374882841620000010,20000010,B,2013-07-26 23:54:01,2013-07-27 00:03:46,9.7500
1374882866620000216,20000216,B,2013-07-26 23:54:26,2013-07-27 00:09:26,15.0000
1374882910620000225,20000225,B,2013-07-26 23:55:10,2013-07-27 00:01:10,6.0000
1374882926620000356,20000356,C,2013-07-26 23:55:26,2013-07-27 00:02:11,6.7500
1374882939620000589,20000589,B,2013-07-26 23:55:39,2013-07-27 00:02:24,6.7500
1374882973620000268,20000268,C,2013-07-26 23:56:13,2013-07-27 00:05:13,9.0000
1374882987620000157,20000157,B,2013-07-26 23:56:27,2013-07-27 00:09:57,13.5000
1374883033620000653,20000653,C,2013-07-26 23:57:13,2013-07-27 00:10:58,13.7500
1374883046620000658,20000658,A,2013-07-26 23:57:26,2013-07-27 00:12:56,15.5000
1374883108620000101,20000101,B,2013-07-26 23:58:28,2013-07-27 00:07:43,9.2500
1374883185620000549,20000549,B,2013-07-26 23:59:45,2013-07-27 00:04:45,5.0000
1374968798620000381,20000381,B,2013-07-27 23:46:38,2013-07-28 00:00:08,13.5000
1374968899620000341,20000341,B,2013-07-27 23:48:19,2013-07-28 00:10:49,22.5000
1374969001620000406,20000406,A,2013-07-27 23:50:01,2013-07-28 00:04:46,14.7500
1374969011620000037,20000037,B,2013-07-27 23:50:11,2013-07-28 00:03:11,13.0000
1374969038620000610,20000610,A,2013-07-27 23:50:38,2013-07-28 00:00:38,10.0000
1374969042620000440,20000440,C,2013-07-27 23:50:42,2013-07-28 00:03:57,13.2500
1374969057620000540,20000540,C,2013-07-27 23:50:57,2013-07-28 00:03:12,12.2500
1374969062620000611,20000611,B,2013-07-27 23:51:02,2013-07-28 00:00:47,9.7500
1374969070620000249,20000249,B,2013-07-27 23:51:10,2013-07-28 00:06:40,15.5000
1374969082620000589,20000589,B,2013-07-27 23:51:22,2013-07-28 00:08:22,17.0000
1374969123620000577,20000577,B,2013-07-27 23:52:03,2013-07-28 00:01:18,9.2500
1374969125620000514,20000514,B,2013-07-27 23:52:05,2013-07-28 00:02:05,10.0000
1374969136620000015,20000015,B,2013-07-27 23:52:16,2013-07-28 00:02:46,10.5000
1374969143620000014,20000014,B,2013-07-27 23:52:23,2013-07-28 00:01:23,9.0000
1374969162620000004,20000004,C,2013-07-27 23:52:42,2013-07-28 00:03:27,10.7500
1374969189620000574,20000574,C,2013-07-27 23:53:09,2013-07-28 00:02:54,9.7500
1374969201620000013,20000013,C,2013-07-27 23:53:21,2013-07-28 00:03:06,9.7500
1374969206620000901,20000901,A,2013-07-27 23:53:26,2013-07-28 00:01:11,7.7500
1374969209620000245,20000245,A,2013-07-27 23:53:29,2013-07-28 00:16:59,23.5000
1374969213620000325,20000325,B,2013-07-27 23:53:33,2013-07-28 00:09:48,16.2500
1374969243620000077,20000077,C,2013-07-27 23:54:03,2013-07-28 00:22:33,28.5000
1374969296620000600,20000600,B,2013-07-27 23:54:56,2013-07-28 00:09:26,14.5000
1374969345620000557,20000557,A,2013-07-27 23:55:45,2013-07-28 00:18:00,22.2500
1374969353620000435,20000435,C,2013-07-27 23:55:53,2013-07-28 00:12:38,16.7500
1374969362620000525,20000525,A,2013-07-27 23:56:02,2013-07-28 00:14:32,18.5000
1374969369620000345,20000345,C,2013-07-27 23:56:09,2013-07-28 00:01:09,5.0000
1374969422620000254,20000254,B,2013-07-27 23:57:02,2013-07-28 00:06:47,9.7500
1374969425620000520,20000520,B,2013-07-27 23:57:05,2013-07-28 00:07:50,10.7500
1374969426620000005,20000005,B,2013-07-27 23:57:06,2013-07-28 00:07:06,10.0000
1374969478620000353,20000353,B,2013-07-27 23:57:58,2013-07-28 00:03:58,6.0000
1374969511620000140,20000140,B,2013-07-27 23:58:31,2013-07-28 00:06:16,7.7500
1374969523620000618,20000618,B,2013-07-27 23:58:43,2013-07-28 00:02:28,3.7500
1374969581620000431,20000431,B,2013-07-27 23:59:41,2013-07-28 00:08:26,8.7500
1374969588620000269,20000269,A,2013-07-27 23:59:48,2013-07-28 00:09:18,9.5000
1374969598620000687,20000687,A,2013-07-27 23:59:58,2013-07-28 00:08:43,8.7500
1375053401620000574,20000574,C,2013-07-28 23:16:41,2013-07-29 00:07:56,51.2500
1375053828620000037,20000037,C,2013-07-28 23:23:48,2013-07-29 00:25:48,62.0000
1375055055620000359,20000359,B,2013-07-28 23:44:15,2013-07-29 00:09:45,25.5000
1375055200620000004,20000004,B,2013-07-28 23:46:40,2013-07-29 00:01:40,15.0000
1375055282620000476,20000476,A,2013-07-28 23:48:02,2013-07-29 00:21:47,33.7500
1375055290620000527,20000527,B,2013-07-28 23:48:10,2013-07-29 00:05:10,17.0000
1375055402620000569,20000569,C,2013-07-28 23:50:02,2013-07-29 00:13:32,23.5000
1375055557620000504,20000504,B,2013-07-28 23:52:37,2013-07-29 00:03:37,11.0000
1375055642620000140,20000140,B,2013-07-28 23:54:02,2013-07-29 00:00:47,6.7500
1375055660620000015,20000015,B,2013-07-28 23:54:20,2013-07-29 00:10:35,16.2500
1375055665620000171,20000171,C,2013-07-28 23:54:25,2013-07-29 00:05:40,11.2500
1375055671620000108,20000108,B,2013-07-28 23:54:31,2013-07-29 00:04:46,10.2500
1375055704620000112,20000112,A,2013-07-28 23:55:04,2013-07-29 00:08:19,13.2500
1375055746620000395,20000395,C,2013-07-28 23:55:46,2013-07-29 00:04:46,9.0000
1375055758620000596,20000596,B,2013-07-28 23:55:58,2013-07-29 00:02:28,6.5000
1375055768620000678,20000678,B,2013-07-28 23:56:08,2013-07-29 00:06:23,10.2500
1375055817620000320,20000320,C,2013-07-28 23:56:57,2013-07-29 00:03:42,6.7500
1375055820620000674,20000674,C,2013-07-28 23:57:00,2013-07-29 00:04:00,7.0000
1375055840620000008,20000008,A,2013-07-28 23:57:20,2013-07-29 00:09:20,12.0000
1375055874620000263,20000263,B,2013-07-28 23:57:54,2013-07-29 00:08:09,10.2500
1375055890620000199,20000199,B,2013-07-28 23:58:10,2013-07-29 00:16:10,18.0000
1375055936620000406,20000406,B,2013-07-28 23:58:56,2013-07-29 00:03:26,4.5000
1375055983620000600,20000600,B,2013-07-28 23:59:43,2013-07-29 00:04:58,5.2500
1375125273620000520,20000520,C,2013-07-29 19:14:33,2013-07-30 02:58:33,464.0000
1375140474620000345,20000345,A,2013-07-29 23:27:54,2013-07-30 00:32:39,64.7500
1375140795620000334,20000334,C,2013-07-29 23:33:15,2013-07-30 00:01:00,27.7500
1375141092620000395,20000395,C,2013-07-29 23:38:12,2013-07-30 00:09:42,31.5000
1375141201620000463,20000463,B,2013-07-29 23:40:01,2013-07-30 00:06:01,26.0000
1375141469620000674,20000674,C,2013-07-29 23:44:29,2013-07-30 00:01:44,17.2500
1375141479620000304,20000304,C,2013-07-29 23:44:39,2013-07-30 00:09:54,25.2500
1375141605620000569,20000569,C,2013-07-29 23:46:45,2013-07-30 00:08:45,22.0000
1375141690620000356,20000356,C,2013-07-29 23:48:10,2013-07-30 00:03:25,15.2500
1375141743620000486,20000486,B,2013-07-29 23:49:03,2013-07-30 00:03:33,14.5000
1375141815620000649,20000649,A,2013-07-29 23:50:15,2013-07-30 00:02:00,11.7500
1375141860620000451,20000451,B,2013-07-29 23:51:00,2013-07-30 00:05:30,14.5000
1375141888620000600,20000600,C,2013-07-29 23:51:28,2013-07-30 00:00:13,8.7500
1375141917620000561,20000561,B,2013-07-29 23:51:57,2013-07-30 00:04:12,12.2500
1375141943620000678,20000678,B,2013-07-29 23:52:23,2013-07-30 00:44:08,51.7500
1375141975620000171,20000171,B,2013-07-29 23:52:55,2013-07-30 00:01:55,9.0000
1375141976620000015,20000015,B,2013-07-29 23:52:56,2013-07-30 00:11:56,19.0000
1375141994620000436,20000436,B,2013-07-29 23:53:14,2013-07-30 00:03:44,10.5000
1375142079620000020,20000020,B,2013-07-29 23:54:39,2013-07-30 00:02:24,7.7500
1375142144620000216,20000216,A,2013-07-29 23:55:44,2013-07-30 00:07:29,11.7500
1375142152620000482,20000482,B,2013-07-29 23:55:52,2013-07-30 00:03:07,7.2500
1375142160620000430,20000430,C,2013-07-29 23:56:00,2013-07-30 00:00:45,4.7500
1375142162620000359,20000359,C,2013-07-29 23:56:02,2013-07-30 00:05:47,9.7500
1375142227620000195,20000195,B,2013-07-29 23:57:07,2013-07-30 00:04:52,7.7500
1375142251620000268,20000268,B,2013-07-29 23:57:31,2013-07-30 00:06:16,8.7500
1375142275620000042,20000042,B,2013-07-29 23:57:55,2013-07-30 00:01:10,3.2500
1375142279620000492,20000492,B,2013-07-29 23:57:59,2013-07-30 00:06:59,9.0000
1375142332620000140,20000140,B,2013-07-29 23:58:52,2013-07-30 00:09:37,10.7500
1375142350620000351,20000351,C,2013-07-29 23:59:10,2013-07-30 00:03:40,4.5000
1375227895620000304,20000304,C,2013-07-30 23:44:55,2013-07-31 00:01:40,16.7500
1375228049620000616,20000616,B,2013-07-30 23:47:29,2013-07-31 00:00:29,13.0000
1375228252620000388,20000388,A,2013-07-30 23:50:52,2013-07-31 00:05:37,14.7500
1375228254620000199,20000199,B,2013-07-30 23:50:54,2013-07-31 00:01:39,10.7500
1375228254620000481,20000481,B,2013-07-30 23:50:54,2013-07-31 00:02:24,11.5000
1375228275620000625,20000625,B,2013-07-30 23:51:15,2013-07-31 00:03:15,12.0000
1375228279620000482,20000482,B,2013-07-30 23:51:19,2013-07-31 00:00:34,9.2500
1375228307620000653,20000653,C,2013-07-30 23:51:47,2013-07-31 00:43:47,52.0000
1375228310620000233,20000233,C,2013-07-30 23:51:50,2013-07-31 00:15:20,23.5000
1375228372620000381,20000381,B,2013-07-30 23:52:52,2013-07-31 00:00:52,8.0000
1375228401620000406,20000406,B,2013-07-30 23:53:21,2013-07-31 00:18:21,25.0000
1375228512620000273,20000273,C,2013-07-30 23:55:12,2013-07-31 00:02:12,7.0000
1375228584620000686,20000686,B,2013-07-30 23:56:24,2013-07-31 00:03:24,7.0000
1375228594620000337,20000337,C,2013-07-30 23:56:34,2013-07-31 00:03:34,7.0000
1375228611620000263,20000263,B,2013-07-30 23:56:51,2013-07-31 00:13:51,17.0000
1375228631620000022,20000022,C,2013-07-30 23:57:11,2013-07-31 00:08:26,11.2500
1375228632620000409,20000409,A,2013-07-30 23:57:12,2013-07-31 00:00:12,3.0000
1375228669620000423,20000423,A,2013-07-30 23:57:49,2013-07-31 00:12:04,14.2500
1375228683620000395,20000395,C,2013-07-30 23:58:03,2013-07-31 00:14:18,16.2500
1375228749620000157,20000157,A,2013-07-30 23:59:09,2013-07-31 00:07:24,8.2500
1375228749620000196,20000196,A,2013-07-30 23:59:09,2013-07-31 00:09:39,10.5000
1375228755620000560,20000560,B,2013-07-30 23:59:15,2013-07-31 00:11:00,11.7500
1375228798620000561,20000561,B,2013-07-30 23:59:58,2013-07-31 00:04:43,4.7500
1375289927620000902,20000902,C,2013-07-31 16:58:47,2013-08-01 07:51:17,892.5000
1375305599620000529,20000529,C,2013-07-31 21:19:59,2013-08-01 00:08:44,168.7500
1375308294620000179,20000179,C,2013-07-31 22:04:54,2013-08-01 01:34:54,210.0000
1375313828620000249,20000249,C,2013-07-31 23:37:08,2013-08-01 00:02:08,25.0000
1375314330620000199,20000199,B,2013-07-31 23:45:30,2013-08-01 00:00:45,15.2500
1375314397620000617,20000617,C,2013-07-31 23:46:37,2013-08-01 00:01:52,15.2500
1375314408620000684,20000684,C,2013-07-31 23:46:48,2013-08-01 00:00:48,14.0000
1375314567620000140,20000140,B,2013-07-31 23:49:27,2013-08-01 00:06:27,17.0000
1375314573620000424,20000424,C,2013-07-31 23:49:33,2013-08-01 00:10:18,20.7500
1375314655620000010,20000010,B,2013-07-31 23:50:55,2013-08-01 00:00:40,9.7500
1375314659620000621,20000621,C,2013-07-31 23:50:59,2013-08-01 00:09:44,18.7500
1375314675620000328,20000328,B,2013-07-31 23:51:15,2013-08-01 00:00:15,9.0000
1375314685620000665,20000665,C,2013-07-31 23:51:25,2013-08-01 00:07:25,16.0000
1375314713620000561,20000561,C,2013-07-31 23:51:53,2013-08-01 00:03:53,12.0000
1375314761620000625,20000625,B,2013-07-31 23:52:41,2013-08-01 00:03:26,10.7500
1375314874620000060,20000060,C,2013-07-31 23:54:34,2013-08-01 00:40:19,45.7500
1375314917620000108,20000108,C,2013-07-31 23:55:17,2013-08-01 00:02:32,7.2500
1375314939620000504,20000504,A,2013-07-31 23:55:39,2013-08-01 00:06:54,11.2500
1375314948620000325,20000325,C,2013-07-31 23:55:48,2013-08-01 00:04:03,8.2500
1375314981620000574,20000574,A,2013-07-31 23:56:21,2013-08-01 00:02:21,6.0000
1375314992620000013,20000013,B,2013-07-31 23:56:32,2013-08-01 00:06:32,10.0000
1375314996620000610,20000610,A,2013-07-31 23:56:36,2013-08-01 00:01:36,5.0000
1375315077620000231,20000231,C,2013-07-31 23:57:57,2013-08-01 00:05:42,7.7500
1375315105620000031,20000031,A,2013-07-31 23:58:25,2013-08-01 00:08:25,10.0000
1375315149620000649,20000649,A,2013-07-31 23:59:09,2013-08-01 00:11:39,12.5000
1375400900620000359,20000359,B,2013-08-01 23:48:20,2013-08-02 00:00:05,11.7500
1375401223620000171,20000171,B,2013-08-01 23:53:43,2013-08-02 00:01:43,8.0000
1375401252620000235,20000235,C,2013-08-01 23:54:12,2013-08-02 00:01:42,7.5000
1375401287620000015,20000015,B,2013-08-01 23:54:47,2013-08-02 00:00:17,5.5000
1375401305620000328,20000328,B,2013-08-01 23:55:05,2013-08-02 00:02:35,7.5000
1375401306620000497,20000497,A,2013-08-01 23:55:06,2013-08-02 00:02:51,7.7500
1375401311620000482,20000482,B,2013-08-01 23:55:11,2013-08-02 00:02:11,7.0000
1375401319620000392,20000392,B,2013-08-01 23:55:19,2013-08-02 00:07:04,11.7500
1375401324620000105,20000105,C,2013-08-01 23:55:24,2013-08-02 00:08:09,12.7500
1375401330620000436,20000436,B,2013-08-01 23:55:30,2013-08-02 00:16:45,21.2500
1375401386620000651,20000651,A,2013-08-01 23:56:26,2013-08-02 00:11:56,15.5000
1375401444620000662,20000662,B,2013-08-01 23:57:24,2013-08-02 00:05:54,8.5000
1375401470620000136,20000136,B,2013-08-01 23:57:50,2013-08-02 00:04:35,6.7500
1375401506620000308,20000308,B,2013-08-01 23:58:26,2013-08-02 00:03:41,5.2500
1375401534620000231,20000231,C,2013-08-01 23:58:54,2013-08-02 00:02:39,3.7500
1375401555620000256,20000256,B,2013-08-01 23:59:15,2013-08-02 00:12:30,13.2500
1375486550620000446,20000446,B,2013-08-02 23:35:50,2013-08-03 00:16:50,41.0000
1375486807620000406,20000406,B,2013-08-02 23:40:07,2013-08-03 00:01:52,21.7500
1375486972620000497,20000497,C,2013-08-02 23:42:52,2013-08-03 00:32:07,49.2500
1375486994620000311,20000311,B,2013-08-02 23:43:14,2013-08-03 00:00:59,17.7500
1375487213620000486,20000486,C,2013-08-02 23:46:53,2013-08-03 00:12:08,25.2500
1375487268620000503,20000503,B,2013-08-02 23:47:48,2013-08-03 00:00:18,12.5000
1375487429620000195,20000195,B,2013-08-02 23:50:29,2013-08-03 00:02:14,11.7500
1375487442620000465,20000465,C,2013-08-02 23:50:42,2013-08-03 00:00:27,9.7500
1375487461620000657,20000657,A,2013-08-02 23:51:01,2013-08-03 00:10:46,19.7500
1375487464620000360,20000360,B,2013-08-02 23:51:04,2013-08-03 00:04:34,13.5000
1375487486620000548,20000548,B,2013-08-02 23:51:26,2013-08-03 00:01:26,10.0000
1375487528620000014,20000014,A,2013-08-02 23:52:08,2013-08-03 00:00:53,8.7500
1375487598620000626,20000626,A,2013-08-02 23:53:18,2013-08-03 00:02:03,8.7500
1375487618620000081,20000081,B,2013-08-02 23:53:38,2013-08-03 00:05:23,11.7500
1375487633620000678,20000678,B,2013-08-02 23:53:53,2013-08-03 00:07:23,13.5000
1375487637620000598,20000598,B,2013-08-02 23:53:57,2013-08-03 00:05:12,11.2500
1375487641620000233,20000233,A,2013-08-02 23:54:01,2013-08-03 00:04:46,10.7500
1375487678620000424,20000424,C,2013-08-02 23:54:38,2013-08-03 00:01:23,6.7500
1375487685620000632,20000632,A,2013-08-02 23:54:45,2013-08-03 00:02:30,7.7500
1375487696620000105,20000105,B,2013-08-02 23:54:56,2013-08-03 00:05:26,10.5000
1375487730620000108,20000108,C,2013-08-02 23:55:30,2013-08-03 00:03:00,7.5000
1375487744620000419,20000419,B,2013-08-02 23:55:44,2013-08-03 00:01:14,5.5000
1375487762620000520,20000520,A,2013-08-02 23:56:02,2013-08-03 00:03:17,7.2500
1375487766620000529,20000529,C,2013-08-02 23:56:06,2013-08-03 00:10:51,14.7500
1375487805620000279,20000279,A,2013-08-02 23:56:45,2013-08-03 00:09:30,12.7500
1375487811620000651,20000651,C,2013-08-02 23:56:51,2013-08-03 00:04:21,7.5000
1375487876620000263,20000263,B,2013-08-02 23:57:56,2013-08-03 00:15:26,17.5000
1375487895620000649,20000649,B,2013-08-02 23:58:15,2013-08-03 00:08:30,10.2500
1375487926620000467,20000467,C,2013-08-02 23:58:46,2013-08-03 00:12:16,13.5000
1375487934620000688,20000688,B,2013-08-02 23:58:54,2013-08-03 00:07:24,8.5000
1375487942620000341,20000341,B,2013-08-02 23:59:02,2013-08-03 00:07:02,8.0000
1375487947620000392,20000392,B,2013-08-02 23:59:07,2013-08-03 00:03:52,4.7500
1375487958620000600,20000600,C,2013-08-02 23:59:18,2013-08-03 00:08:18,9.0000
1375487964620000101,20000101,A,2013-08-02 23:59:24,2013-08-03 00:17:09,17.7500
1375487988620000038,20000038,B,2013-08-02 23:59:48,2013-08-03 00:07:48,8.0000
1375487994620000077,20000077,B,2013-08-02 23:59:54,2013-08-03 00:06:09,6.2500
1375573235620000308,20000308,C,2013-08-03 23:40:35,2013-08-04 00:05:35,25.0000
1375573266620000054,20000054,C,2013-08-03 23:41:06,2013-08-04 00:04:21,23.2500
1375573485620000675,20000675,B,2013-08-03 23:44:45,2013-08-04 00:06:30,21.7500
1375573502620000260,20000260,C,2013-08-03 23:45:02,2013-08-04 00:01:02,16.0000
1375573562620000446,20000446,B,2013-08-03 23:46:02,2013-08-04 00:19:32,33.5000
1375573565620000520,20000520,B,2013-08-03 23:46:05,2013-08-04 00:02:35,16.5000
1375573571620000255,20000255,C,2013-08-03 23:46:11,2013-08-04 00:04:11,18.0000
1375573627620000360,20000360,B,2013-08-03 23:47:07,2013-08-04 00:02:22,15.2500
1375573695620000525,20000525,B,2013-08-03 23:48:15,2013-08-04 00:14:00,25.7500
1375573696620000153,20000153,A,2013-08-03 23:48:16,2013-08-04 00:00:01,11.7500
1375573715620000653,20000653,B,2013-08-03 23:48:35,2013-08-04 00:02:05,13.5000
1375573742620000324,20000324,B,2013-08-03 23:49:02,2013-08-04 00:02:02,13.0000
1375573769620000618,20000618,B,2013-08-03 23:49:29,2013-08-04 00:03:29,14.0000
1375573793620000626,20000626,B,2013-08-03 23:49:53,2013-08-04 00:02:38,12.7500
1375573874620000013,20000013,B,2013-08-03 23:51:14,2013-08-04 00:01:59,10.7500
1375573918620000254,20000254,B,2013-08-03 23:51:58,2013-08-04 00:04:58,13.0000
1375573962620000030,20000030,A,2013-08-03 23:52:42,2013-08-04 00:15:57,23.2500
1375573969620000571,20000571,A,2013-08-03 23:52:49,2013-08-04 00:01:19,8.5000
1375573980620000327,20000327,B,2013-08-03 23:53:00,2013-08-04 00:10:45,17.7500
1375573987620000031,20000031,B,2013-08-03 23:53:07,2013-08-04 00:03:22,10.2500
1375573988620000201,20000201,B,2013-08-03 23:53:08,2013-08-04 00:00:53,7.7500
1375574005620000010,20000010,C,2013-08-03 23:53:25,2013-08-04 00:01:40,8.2500
1375574005620000561,20000561,B,2013-08-03 23:53:25,2013-08-04 00:12:40,19.2500
1375574012620000173,20000173,C,2013-08-03 23:53:32,2013-08-04 00:01:02,7.5000
1375574062620000007,20000007,B,2013-08-03 23:54:22,2013-08-04 00:10:52,16.5000
1375574062620000014,20000014,B,2013-08-03 23:54:22,2013-08-04 00:02:37,8.2500
1375574072620000671,20000671,C,2013-08-03 23:54:32,2013-08-04 00:03:17,8.7500
1375574081620000612,20000612,B,2013-08-03 23:54:41,2013-08-04 00:05:56,11.2500
1375574116620000140,20000140,B,2013-08-03 23:55:16,2013-08-04 00:03:01,7.7500
1375574118620000503,20000503,C,2013-08-03 23:55:18,2013-08-04 00:09:48,14.5000
1375574124620000167,20000167,C,2013-08-03 23:55:24,2013-08-04 00:05:24,10.0000
1375574128620000367,20000367,C,2013-08-03 23:55:28,2013-08-04 00:04:13,8.7500
1375574178620000178,20000178,B,2013-08-03 23:56:18,2013-08-04 00:06:18,10.0000
1375574193620000108,20000108,C,2013-08-03 23:56:33,2013-08-04 00:05:48,9.2500
1375574199620000472,20000472,B,2013-08-03 23:56:39,2013-08-04 00:14:24,17.7500
1375574212620000263,20000263,A,2013-08-03 23:56:52,2013-08-04 00:07:07,10.2500
1375574228620000578,20000578,B,2013-08-03 23:57:08,2013-08-04 00:05:38,8.5000
1375574237620000224,20000224,C,2013-08-03 23:57:17,2013-08-04 00:03:47,6.5000
1375574243620000611,20000611,B,2013-08-03 23:57:23,2013-08-04 00:04:53,7.5000
1375574246620000672,20000672,C,2013-08-03 23:57:26,2013-08-04 00:06:41,9.2500
1375574254620000157,20000157,A,2013-08-03 23:57:34,2013-08-04 00:06:04,8.5000
1375574268620000136,20000136,C,2013-08-03 23:57:48,2013-08-04 00:08:03,10.2500
1375574278620000231,20000231,B,2013-08-03 23:57:58,2013-08-04 00:06:43,8.7500
1375574281620000217,20000217,B,2013-08-03 23:58:01,2013-08-04 00:09:16,11.2500
1375574288620000904,20000904,B,2013-08-03 23:58:08,2013-08-04 00:10:38,12.5000
1375574325620000605,20000605,C,2013-08-03 23:58:45,2013-08-04 00:22:30,23.7500
1375574372620000003,20000003,B,2013-08-03 23:59:32,2013-08-04 00:06:47,7.2500
1375574372620000243,20000243,A,2013-08-03 23:59:32,2013-08-04 00:16:32,17.0000
1375574375620000625,20000625,B,2013-08-03 23:59:35,2013-08-04 00:05:35,6.0000
1375660019620000482,20000482,B,2013-08-04 23:46:59,2013-08-05 00:00:14,13.2500
1375660089620000611,20000611,B,2013-08-04 23:48:09,2013-08-05 00:02:39,14.5000
1375660166620000517,20000517,A,2013-08-04 23:49:26,2013-08-05 00:05:41,16.2500
1375660424620000153,20000153,C,2013-08-04 23:53:44,2013-08-05 00:03:44,10.0000
1375660480620000450,20000450,C,2013-08-04 23:54:40,2013-08-05 00:02:10,7.5000
1375660569620000011,20000011,B,2013-08-04 23:56:09,2013-08-05 00:13:39,17.5000
1375660618620000454,20000454,C,2013-08-04 23:56:58,2013-08-05 00:01:58,5.0000
1375660707620000321,20000321,B,2013-08-04 23:58:27,2013-08-05 00:14:42,16.2500
1375745589620000005,20000005,B,2013-08-05 23:33:09,2013-08-06 00:05:54,32.7500
1375746377620000310,20000310,C,2013-08-05 23:46:17,2013-08-06 00:06:17,20.0000
1375746698620000014,20000014,B,2013-08-05 23:51:38,2013-08-06 00:02:08,10.5000
1375746711620000167,20000167,A,2013-08-05 23:51:51,2013-08-06 00:04:21,12.5000
1375746713620000388,20000388,C,2013-08-05 23:51:53,2013-08-06 00:03:38,11.7500
1375746771620000108,20000108,C,2013-08-05 23:52:51,2013-08-06 00:00:51,8.0000
1375746857620000268,20000268,C,2013-08-05 23:54:17,2013-08-06 00:07:02,12.7500
1375746860620000022,20000022,B,2013-08-05 23:54:20,2013-08-06 00:03:35,9.2500
1375746921620000309,20000309,C,2013-08-05 23:55:21,2013-08-06 00:00:21,5.0000
1375746933620000153,20000153,B,2013-08-05 23:55:33,2013-08-06 00:05:18,9.7500
1375746942620000403,20000403,B,2013-08-05 23:55:42,2013-08-06 00:02:57,7.2500
1375746963620000328,20000328,B,2013-08-05 23:56:03,2013-08-06 00:02:03,6.0000
1375746965620000263,20000263,C,2013-08-05 23:56:05,2013-08-06 00:05:05,9.0000
1375747010620000304,20000304,C,2013-08-05 23:56:50,2013-08-06 00:03:35,6.7500
1375747086620000192,20000192,C,2013-08-05 23:58:06,2013-08-06 00:10:21,12.2500
1375747128620000633,20000633,B,2013-08-05 23:58:48,2013-08-06 00:09:18,10.5000
1375747193620000632,20000632,B,2013-08-05 23:59:53,2013-08-06 00:11:23,11.5000
1375831843620000624,20000624,B,2013-08-06 23:30:43,2013-08-07 00:01:28,30.7500
1375832737620000015,20000015,B,2013-08-06 23:45:37,2013-08-07 00:10:52,25.2500
1375832750620000297,20000297,C,2013-08-06 23:45:50,2013-08-07 00:01:05,15.2500
1375832955620000688,20000688,C,2013-08-06 23:49:15,2013-08-07 00:01:15,12.0000
1375832999620000367,20000367,B,2013-08-06 23:49:59,2013-08-07 00:01:44,11.7500
1375833162620000037,20000037,C,2013-08-06 23:52:42,2013-08-07 00:00:12,7.5000
1375833254620000325,20000325,C,2013-08-06 23:54:14,2013-08-07 00:02:14,8.0000
1375833359620000273,20000273,C,2013-08-06 23:55:59,2013-08-07 00:09:14,13.2500
1375833363620000160,20000160,B,2013-08-06 23:56:03,2013-08-07 00:00:48,4.7500
1375833380620000663,20000663,C,2013-08-06 23:56:20,2013-08-07 00:09:35,13.2500
1375833407620000406,20000406,B,2013-08-06 23:56:47,2013-08-07 00:08:17,11.5000
1375833413620000664,20000664,C,2013-08-06 23:56:53,2013-08-07 00:03:38,6.7500
1375833506620000199,20000199,B,2013-08-06 23:58:26,2013-08-07 00:06:26,8.0000
1375916798620000023,20000023,C,2013-08-07 23:06:38,2013-08-08 00:45:23,98.7500
1375916798620000086,20000086,C,2013-08-07 23:06:38,2013-08-08 01:37:53,151.2500
1375918698620000598,20000598,C,2013-08-07 23:38:18,2013-08-08 00:16:03,37.7500
1375919001620000356,20000356,C,2013-08-07 23:43:21,2013-08-08 02:12:51,149.5000
1375919298620000678,20000678,B,2013-08-07 23:48:18,2013-08-08 00:14:18,26.0000
1375919373620000360,20000360,B,2013-08-07 23:49:33,2013-08-08 00:01:03,11.5000
1375919434620000618,20000618,B,2013-08-07 23:50:34,2013-08-08 00:00:34,10.0000
1375919513620000625,20000625,B,2013-08-07 23:51:53,2013-08-08 00:01:23,9.5000
1375919576620000263,20000263,A,2013-08-07 23:52:56,2013-08-08 00:03:41,10.7500
1375919580620000269,20000269,C,2013-08-07 23:53:00,2013-08-08 00:01:15,8.2500
1375919644620000325,20000325,A,2013-08-07 23:54:04,2013-08-08 00:04:04,10.0000
1375919719620000542,20000542,A,2013-08-07 23:55:19,2013-08-08 00:23:49,28.5000
1375919759620000434,20000434,B,2013-08-07 23:55:59,2013-08-08 00:03:29,7.5000
1375919775620000178,20000178,B,2013-08-07 23:56:15,2013-08-08 00:07:45,11.5000
1375919799620000136,20000136,B,2013-08-07 23:56:39,2013-08-08 00:04:24,7.7500
1375919805620000577,20000577,B,2013-08-07 23:56:45,2013-08-08 00:08:45,12.0000
1375919835620000051,20000051,B,2013-08-07 23:57:15,2013-08-08 00:03:45,6.5000
1375919853620000171,20000171,C,2013-08-07 23:57:33,2013-08-08 00:07:48,10.2500
1375919858620000596,20000596,B,2013-08-07 23:57:38,2013-08-08 00:03:08,5.5000
1375919907620000600,20000600,B,2013-08-07 23:58:27,2013-08-08 00:13:27,15.0000
1375919926620000561,20000561,C,2013-08-07 23:58:46,2013-08-08 00:16:31,17.7500
1375919945620000483,20000483,B,2013-08-07 23:59:05,2013-08-08 00:03:35,4.5000
1375919956620000686,20000686,B,2013-08-07 23:59:16,2013-08-08 00:05:01,5.7500
1375981643620000520,20000520,B,2013-08-08 17:07:23,2013-08-09 05:20:53,733.5000
1376004391620000640,20000640,C,2013-08-08 23:26:31,2013-08-09 00:21:16,54.7500
1376004868620000269,20000269,B,2013-08-08 23:34:28,2013-08-09 00:44:13,69.7500
1376004965620000307,20000307,C,2013-08-08 23:36:05,2013-08-09 00:05:05,29.0000
1376005476620000625,20000625,B,2013-08-08 23:44:36,2013-08-09 00:11:51,27.2500
1376005733620000678,20000678,B,2013-08-08 23:48:53,2013-08-09 00:03:38,14.7500
1376005884620000492,20000492,B,2013-08-08 23:51:24,2013-08-09 00:05:39,14.2500
1376005895620000309,20000309,A,2013-08-08 23:51:35,2013-08-09 00:01:05,9.5000
1376006126620000663,20000663,B,2013-08-08 23:55:26,2013-08-09 00:02:41,7.2500
1376006145620000476,20000476,B,2013-08-08 23:55:45,2013-08-09 00:03:15,7.5000
1376006196620000598,20000598,C,2013-08-08 23:56:36,2013-08-09 00:10:06,13.5000
1376006228620000305,20000305,B,2013-08-08 23:57:08,2013-08-09 00:01:38,4.5000
1376006268620000514,20000514,B,2013-08-08 23:57:48,2013-08-09 00:13:03,15.2500
1376091381620000311,20000311,C,2013-08-09 23:36:21,2013-08-10 00:00:36,24.2500
1376091756620000492,20000492,C,2013-08-09 23:42:36,2013-08-10 00:08:21,25.7500
1376092010620000269,20000269,C,2013-08-09 23:46:50,2013-08-10 00:05:50,19.0000
1376092039620000101,20000101,B,2013-08-09 23:47:19,2013-08-10 00:01:34,14.2500
1376092042620000665,20000665,C,2013-08-09 23:47:22,2013-08-10 00:00:22,13.0000
1376092129620000120,20000120,C,2013-08-09 23:48:49,2013-08-10 00:04:34,15.7500
1376092262620000598,20000598,B,2013-08-09 23:51:02,2013-08-10 00:02:47,11.7500
1376092267620000624,20000624,B,2013-08-09 23:51:07,2013-08-10 00:00:52,9.7500
1376092281620000005,20000005,B,2013-08-09 23:51:21,2013-08-10 00:00:06,8.7500
1376092287620000372,20000372,B,2013-08-09 23:51:27,2013-08-10 00:04:27,13.0000
1376092299620000674,20000674,C,2013-08-09 23:51:39,2013-08-10 00:00:39,9.0000
1376092339620000686,20000686,B,2013-08-09 23:52:19,2013-08-10 00:07:04,14.7500
1376092420620000154,20000154,B,2013-08-09 23:53:40,2013-08-10 00:12:10,18.5000
1376092467620000430,20000430,B,2013-08-09 23:54:27,2013-08-10 00:07:12,12.7500
1376092490620000687,20000687,B,2013-08-09 23:54:50,2013-08-10 00:00:35,5.7500
1376092504620000157,20000157,B,2013-08-09 23:55:04,2013-08-10 00:04:04,9.0000
1376092532620000395,20000395,B,2013-08-09 23:55:32,2013-08-10 00:06:02,10.5000
1376092536620000509,20000509,B,2013-08-09 23:55:36,2013-08-10 00:04:36,9.0000
1376092551620000008,20000008,A,2013-08-09 23:55:51,2013-08-10 00:08:36,12.7500
1376092562620000569,20000569,C,2013-08-09 23:56:02,2013-08-10 00:04:17,8.2500
1376092608620000192,20000192,B,2013-08-09 23:56:48,2013-08-10 00:05:18,8.5000
1376092694620000167,20000167,B,2013-08-09 23:58:14,2013-08-10 00:07:29,9.2500
1376092708620000473,20000473,B,2013-08-09 23:58:28,2013-08-10 00:03:58,5.5000
1376092725620000010,20000010,B,2013-08-09 23:58:45,2013-08-10 00:04:30,5.7500
1376092753620000023,20000023,A,2013-08-09 23:59:13,2013-08-10 00:20:28,21.2500
1376092786620000454,20000454,B,2013-08-09 23:59:46,2013-08-10 00:07:31,7.7500
1376092788620000476,20000476,B,2013-08-09 23:59:48,2013-08-10 00:04:33,4.7500
1376092788620000603,20000603,B,2013-08-09 23:59:48,2013-08-10 00:18:48,19.0000
1376178080620000569,20000569,C,2013-08-10 23:41:20,2013-08-11 00:07:35,26.2500
1376178176620000233,20000233,C,2013-08-10 23:42:56,2013-08-11 00:04:26,21.5000
1376178398620000486,20000486,B,2013-08-10 23:46:38,2013-08-11 00:00:53,14.2500
1376178403620000598,20000598,A,2013-08-10 23:46:43,2013-08-11 00:01:43,15.0000
1376178502620000242,20000242,B,2013-08-10 23:48:22,2013-08-11 00:02:52,14.5000
1376178516620000003,20000003,A,2013-08-10 23:48:36,2013-08-11 00:23:51,35.2500
1376178581620000600,20000600,C,2013-08-10 23:49:41,2013-08-11 00:00:56,11.2500
1376178604620000626,20000626,B,2013-08-10 23:50:04,2013-08-11 00:02:49,12.7500
1376178645620000010,20000010,B,2013-08-10 23:50:45,2013-08-11 00:00:30,9.7500
1376178696620000120,20000120,B,2013-08-10 23:51:36,2013-08-11 00:02:51,11.2500
1376178750620000042,20000042,C,2013-08-10 23:52:30,2013-08-11 00:00:45,8.2500
1376178774620000640,20000640,B,2013-08-10 23:52:54,2013-08-11 00:02:54,10.0000
1376178778620000684,20000684,C,2013-08-10 23:52:58,2013-08-11 00:02:58,10.0000
1376178806620000077,20000077,C,2013-08-10 23:53:26,2013-08-11 00:02:41,9.2500
1376178818620000196,20000196,B,2013-08-10 23:53:38,2013-08-11 00:03:08,9.5000
1376178831620000481,20000481,C,2013-08-10 23:53:51,2013-08-11 00:37:06,43.2500
1376178859620000013,20000013,B,2013-08-10 23:54:19,2013-08-11 00:06:49,12.5000
1376178862620000657,20000657,C,2013-08-10 23:54:22,2013-08-11 00:02:22,8.0000
1376178885620000667,20000667,B,2013-08-10 23:54:45,2013-08-11 00:01:30,6.7500
1376178893620000560,20000560,B,2013-08-10 23:54:53,2013-08-11 00:03:08,8.2500
1376178895620000561,20000561,C,2013-08-10 23:54:55,2013-08-11 01:08:55,74.0000
1376178902620000904,20000904,B,2013-08-10 23:55:02,2013-08-11 00:08:02,13.0000
1376178911620000192,20000192,C,2013-08-10 23:55:11,2013-08-11 00:02:41,7.5000
1376178968620000022,20000022,C,2013-08-10 23:56:08,2013-08-11 00:06:08,10.0000
1376178986620000423,20000423,B,2013-08-10 23:56:26,2013-08-11 00:14:26,18.0000
1376178990620000424,20000424,C,2013-08-10 23:56:30,2013-08-11 00:08:00,11.5000
1376178999620000588,20000588,B,2013-08-10 23:56:39,2013-08-11 00:02:54,6.2500
1376179004620000482,20000482,C,2013-08-10 23:56:44,2013-08-11 00:11:14,14.5000
1376179009620000360,20000360,B,2013-08-10 23:56:49,2013-08-11 00:12:19,15.5000
1376179029620000389,20000389,B,2013-08-10 23:57:09,2013-08-11 00:08:24,11.2500
1376179041620000372,20000372,B,2013-08-10 23:57:21,2013-08-11 00:06:36,9.2500
1376179054620000254,20000254,B,2013-08-10 23:57:34,2013-08-11 00:02:49,5.2500
1376179086620000255,20000255,B,2013-08-10 23:58:06,2013-08-11 00:10:21,12.2500
1376179094620000688,20000688,C,2013-08-10 23:58:14,2013-08-11 00:04:59,6.7500
1376179095620000549,20000549,B,2013-08-10 23:58:15,2013-08-11 00:10:15,12.0000
1376179119620000173,20000173,B,2013-08-10 23:58:39,2013-08-11 00:20:24,21.7500
1376179123620000392,20000392,C,2013-08-10 23:58:43,2013-08-11 00:09:58,11.2500
1376179128620000005,20000005,B,2013-08-10 23:58:48,2013-08-11 00:20:18,21.5000
1376179176620000520,20000520,C,2013-08-10 23:59:36,2013-08-11 00:14:21,14.7500
1376260080620000403,20000403,C,2013-08-11 22:28:00,2013-08-12 00:18:30,110.5000
1376260311620000542,20000542,C,2013-08-11 22:31:51,2013-08-12 00:00:51,89.0000
1376264737620000503,20000503,A,2013-08-11 23:45:37,2013-08-12 00:05:37,20.0000
1376264774620000454,20000454,A,2013-08-11 23:46:14,2013-08-12 00:00:59,14.7500
1376264786620000263,20000263,B,2013-08-11 23:46:26,2013-08-12 00:03:26,17.0000
1376264929620000305,20000305,B,2013-08-11 23:48:49,2013-08-12 00:00:19,11.5000
1376264941620000518,20000518,B,2013-08-11 23:49:01,2013-08-12 00:01:46,12.7500
1376264959620000057,20000057,B,2013-08-11 23:49:19,2013-08-12 00:00:34,11.2500
1376264972620000011,20000011,B,2013-08-11 23:49:32,2013-08-12 00:04:32,15.0000
1376265001620000333,20000333,C,2013-08-11 23:50:01,2013-08-12 00:01:01,11.0000
1376265070620000506,20000506,B,2013-08-11 23:51:10,2013-08-12 00:09:55,18.7500
1376265120620000663,20000663,B,2013-08-11 23:52:00,2013-08-12 00:07:45,15.7500
1376265147620000233,20000233,B,2013-08-11 23:52:27,2013-08-12 00:03:27,11.0000
1376265228620000560,20000560,C,2013-08-11 23:53:48,2013-08-12 00:13:03,19.2500
1376265242620000569,20000569,C,2013-08-11 23:54:02,2013-08-12 00:16:17,22.2500
1376265313620000486,20000486,C,2013-08-11 23:55:13,2013-08-12 00:01:43,6.5000
1376265494620000003,20000003,C,2013-08-11 23:58:14,2013-08-12 00:04:44,6.5000
1376265502620000904,20000904,B,2013-08-11 23:58:22,2013-08-12 00:34:52,36.5000
1376265506620000255,20000255,C,2013-08-11 23:58:26,2013-08-12 00:07:26,9.0000
1376350603620000307,20000307,B,2013-08-12 23:36:43,2013-08-13 00:03:43,27.0000
1376351143620000216,20000216,A,2013-08-12 23:45:43,2013-08-13 00:01:13,15.5000
1376351186620000273,20000273,B,2013-08-12 23:46:26,2013-08-13 00:03:11,16.7500
1376351234620000101,20000101,B,2013-08-12 23:47:14,2013-08-13 00:00:14,13.0000
1376351445620000569,20000569,C,2013-08-12 23:50:45,2013-08-13 00:04:15,13.5000
1376351487620000497,20000497,C,2013-08-12 23:51:27,2013-08-13 00:00:12,8.7500
1376351490620000013,20000013,B,2013-08-12 23:51:30,2013-08-13 00:01:45,10.2500
1376351522620000648,20000648,B,2013-08-12 23:52:02,2013-08-13 00:00:17,8.2500
1376351649620000337,20000337,C,2013-08-12 23:54:09,2013-08-13 00:03:09,9.0000
1376351722620000255,20000255,C,2013-08-12 23:55:22,2013-08-13 00:00:22,5.0000
1376351756620000304,20000304,C,2013-08-12 23:55:56,2013-08-13 00:01:26,5.5000
1376351837620000167,20000167,C,2013-08-12 23:57:17,2013-08-13 00:03:02,5.7500
1376351853620000503,20000503,C,2013-08-12 23:57:33,2013-08-13 00:07:18,9.7500
1376351965620000105,20000105,B,2013-08-12 23:59:25,2013-08-13 00:07:25,8.0000
1376351983620000430,20000430,B,2013-08-12 23:59:43,2013-08-13 00:03:43,4.0000
1376435963620000514,20000514,C,2013-08-13 23:19:23,2013-08-14 00:18:08,58.7500
1376437475620000030,20000030,A,2013-08-13 23:44:35,2013-08-14 00:01:35,17.0000
1376437526620000470,20000470,B,2013-08-13 23:45:26,2013-08-14 00:00:56,15.5000
1376438105620000577,20000577,B,2013-08-13 23:55:05,2013-08-14 00:02:05,7.0000
1376438119620000268,20000268,C,2013-08-13 23:55:19,2013-08-14 00:06:04,10.7500
1376438161620000007,20000007,B,2013-08-13 23:56:01,2013-08-14 00:05:16,9.2500
1376438202620000022,20000022,C,2013-08-13 23:56:42,2013-08-14 00:06:12,9.5000
1376438226620000105,20000105,C,2013-08-13 23:57:06,2013-08-14 00:05:36,8.5000
1376438237620000453,20000453,B,2013-08-13 23:57:17,2013-08-14 00:07:17,10.0000
1376438259620000023,20000023,C,2013-08-13 23:57:39,2013-08-14 00:03:24,5.7500
1376438289620000684,20000684,C,2013-08-13 23:58:09,2013-08-14 00:08:39,10.5000
1376438368620000625,20000625,C,2013-08-13 23:59:28,2013-08-14 00:09:43,10.2500
1376438369620000640,20000640,C,2013-08-13 23:59:29,2013-08-14 00:11:59,12.5000
1376438378620000328,20000328,B,2013-08-13 23:59:38,2013-08-14 00:08:38,9.0000
1376438379620000450,20000450,B,2013-08-13 23:59:39,2013-08-14 00:08:39,9.0000
1376438382620000161,20000161,A,2013-08-13 23:59:42,2013-08-14 00:03:12,3.5000
1376438388620000560,20000560,B,2013-08-13 23:59:48,2013-08-14 00:14:03,14.2500
1376504710620000520,20000520,C,2013-08-14 18:25:10,2013-08-15 04:05:55,580.7500
1376523546620000376,20000376,A,2013-08-14 23:39:06,2013-08-15 00:04:21,25.2500
1376523939620000004,20000004,B,2013-08-14 23:45:39,2013-08-15 00:00:54,15.2500
1376524034620000497,20000497,C,2013-08-14 23:47:14,2013-08-15 00:01:44,14.5000
1376524142620000463,20000463,A,2013-08-14 23:49:02,2013-08-15 00:17:32,28.5000
1376524212620000249,20000249,C,2013-08-14 23:50:12,2013-08-15 00:10:57,20.7500
1376524251620000904,20000904,B,2013-08-14 23:50:51,2013-08-15 00:18:06,27.2500
1376524266620000308,20000308,B,2013-08-14 23:51:06,2013-08-15 00:06:36,15.5000
1376524328620000517,20000517,B,2013-08-14 23:52:08,2013-08-15 00:05:23,13.2500
1376524336620000075,20000075,B,2013-08-14 23:52:16,2013-08-15 00:04:16,12.0000
1376524367620000612,20000612,B,2013-08-14 23:52:47,2013-08-15 00:06:32,13.7500
1376524440620000525,20000525,C,2013-08-14 23:54:00,2013-08-15 00:04:00,10.0000
1376524448620000002,20000002,B,2013-08-14 23:54:08,2013-08-15 00:00:38,6.5000
1376524483620000527,20000527,B,2013-08-14 23:54:43,2013-08-15 00:02:43,8.0000
1376524501620000112,20000112,C,2013-08-14 23:55:01,2013-08-15 00:06:16,11.2500
1376524517620000370,20000370,C,2013-08-14 23:55:17,2013-08-15 00:00:47,5.5000
1376524532620000492,20000492,B,2013-08-14 23:55:32,2013-08-15 00:03:02,7.5000
1376524612620000136,20000136,B,2013-08-14 23:56:52,2013-08-15 00:07:22,10.5000
1376524664620000672,20000672,B,2013-08-14 23:57:44,2013-08-15 00:06:44,9.0000
1376524666620000006,20000006,B,2013-08-14 23:57:46,2013-08-15 00:13:16,15.5000
1376524703620000179,20000179,C,2013-08-14 23:58:23,2013-08-15 00:03:08,4.7500
1376524707620000327,20000327,B,2013-08-14 23:58:27,2013-08-15 00:08:27,10.0000
1376524708620000304,20000304,C,2013-08-14 23:58:28,2013-08-15 00:11:28,13.0000
1376524714620000243,20000243,B,2013-08-14 23:58:34,2013-08-15 00:12:19,13.7500
1376524736620000263,20000263,C,2013-08-14 23:58:56,2013-08-15 00:06:41,7.7500
1376524759620000542,20000542,B,2013-08-14 23:59:19,2013-08-15 00:07:49,8.5000
1376609488620000305,20000305,C,2013-08-15 23:31:28,2013-08-16 00:05:28,34.0000
1376610213620000279,20000279,A,2013-08-15 23:43:33,2013-08-16 00:03:03,19.5000
1376610570620000304,20000304,C,2013-08-15 23:49:30,2013-08-16 00:16:15,26.7500
1376610595620000488,20000488,A,2013-08-15 23:49:55,2013-08-16 00:02:55,13.0000
1376610617620000231,20000231,C,2013-08-15 23:50:17,2013-08-16 00:06:47,16.5000
1376610758620000388,20000388,A,2013-08-15 23:52:38,2013-08-16 00:08:23,15.7500
1376610761620000171,20000171,B,2013-08-15 23:52:41,2013-08-16 00:06:11,13.5000
1376610847620000662,20000662,C,2013-08-15 23:54:07,2013-08-16 00:08:22,14.2500
1376610866620000015,20000015,B,2013-08-15 23:54:26,2013-08-16 00:00:26,6.0000
1376610931620000665,20000665,C,2013-08-15 23:55:31,2013-08-16 00:05:46,10.2500
1376610943620000657,20000657,A,2013-08-15 23:55:43,2013-08-16 00:28:28,32.7500
1376611049620000687,20000687,A,2013-08-15 23:57:29,2013-08-16 00:05:44,8.2500
1376611065620000297,20000297,B,2013-08-15 23:57:45,2013-08-16 00:06:00,8.2500
1376611066620000249,20000249,C,2013-08-15 23:57:46,2013-08-16 00:18:16,20.5000
1376611073620000483,20000483,B,2013-08-15 23:57:53,2013-08-16 00:03:23,5.5000
1376611085620000328,20000328,B,2013-08-15 23:58:05,2013-08-16 00:03:20,5.2500
1376611088620000503,20000503,B,2013-08-15 23:58:08,2013-08-16 00:04:23,6.2500
1376611093620000372,20000372,B,2013-08-15 23:58:13,2013-08-16 00:02:43,4.5000
1376611118620000434,20000434,B,2013-08-15 23:58:38,2013-08-16 00:05:53,7.2500
1376611141620000560,20000560,B,2013-08-15 23:59:01,2013-08-16 00:09:01,10.0000
1376611152620000684,20000684,C,2013-08-15 23:59:12,2013-08-16 00:25:57,26.7500
1376611159620000600,20000600,C,2013-08-15 23:59:19,2013-08-16 00:15:49,16.5000
1376611185620000496,20000496,B,2013-08-15 23:59:45,2013-08-16 00:04:15,4.5000
1376696577620000403,20000403,C,2013-08-16 23:42:57,2013-08-17 00:18:12,35.2500
1376696631620000569,20000569,C,2013-08-16 23:43:51,2013-08-17 00:00:36,16.7500
1376696718620000305,20000305,B,2013-08-16 23:45:18,2013-08-17 00:01:48,16.5000
1376696868620000458,20000458,A,2013-08-16 23:47:48,2013-08-17 00:05:18,17.5000
1376696986620000387,20000387,B,2013-08-16 23:49:46,2013-08-17 00:01:31,11.7500
1376697021620000020,20000020,C,2013-08-16 23:50:21,2013-08-17 00:57:51,67.5000
1376697036620000015,20000015,B,2013-08-16 23:50:36,2013-08-17 00:07:06,16.5000
1376697103620000120,20000120,C,2013-08-16 23:51:43,2013-08-17 00:02:28,10.7500
1376697124620000249,20000249,C,2013-08-16 23:52:04,2013-08-17 00:06:19,14.2500
1376697125620000081,20000081,B,2013-08-16 23:52:05,2013-08-17 00:00:35,8.5000
1376697136620000486,20000486,C,2013-08-16 23:52:16,2013-08-17 00:43:16,51.0000
1376697143620000560,20000560,B,2013-08-16 23:52:23,2013-08-17 00:01:08,8.7500
1376697179620000618,20000618,B,2013-08-16 23:52:59,2013-08-17 00:01:29,8.5000
1376697183620000451,20000451,B,2013-08-16 23:53:03,2013-08-17 00:05:18,12.2500
1376697196620000632,20000632,B,2013-08-16 23:53:16,2013-08-17 00:01:31,8.2500
1376697213620000140,20000140,A,2013-08-16 23:53:33,2013-08-17 00:03:03,9.5000
1376697219620000161,20000161,B,2013-08-16 23:53:39,2013-08-17 00:00:39,7.0000
1376697221620000359,20000359,B,2013-08-16 23:53:41,2013-08-17 00:02:41,9.0000
1376697237620000004,20000004,C,2013-08-16 23:53:57,2013-08-17 00:00:12,6.2500
1376697242620000341,20000341,A,2013-08-16 23:54:02,2013-08-17 00:00:02,6.0000
1376697247620000239,20000239,B,2013-08-16 23:54:07,2013-08-17 00:03:07,9.0000
1376697284620000310,20000310,C,2013-08-16 23:54:44,2013-08-17 00:03:14,8.5000
1376697288620000136,20000136,C,2013-08-16 23:54:48,2013-08-17 00:04:03,9.2500
1376697288620000153,20000153,B,2013-08-16 23:54:48,2013-08-17 00:00:03,5.2500
1376697301620000518,20000518,B,2013-08-16 23:55:01,2013-08-17 00:07:01,12.0000
1376697312620000179,20000179,C,2013-08-16 23:55:12,2013-08-17 00:00:57,5.7500
1376697397620000303,20000303,B,2013-08-16 23:56:37,2013-08-17 00:04:07,7.5000
1376697408620000651,20000651,A,2013-08-16 23:56:48,2013-08-17 00:16:48,20.0000
1376697415620000216,20000216,A,2013-08-16 23:56:55,2013-08-17 00:09:10,12.2500
1376697443620000051,20000051,C,2013-08-16 23:57:23,2013-08-17 00:24:23,27.0000
1376697475620000233,20000233,B,2013-08-16 23:57:55,2013-08-17 00:07:10,9.2500
1376697479620000440,20000440,B,2013-08-16 23:57:59,2013-08-17 00:08:44,10.7500
1376697517620000114,20000114,B,2013-08-16 23:58:37,2013-08-17 00:06:22,7.7500
1376697573620000395,20000395,C,2013-08-16 23:59:33,2013-08-17 00:31:18,31.7500
1376782115620000589,20000589,B,2013-08-17 23:28:35,2013-08-18 00:03:50,35.2500
1376782157620000251,20000251,A,2013-08-17 23:29:17,2013-08-18 00:09:17,40.0000
1376783059620000199,20000199,B,2013-08-17 23:44:19,2013-08-18 00:00:19,16.0000
1376783198620000434,20000434,B,2013-08-17 23:46:38,2013-08-18 00:01:08,14.5000
1376783270620000664,20000664,C,2013-08-17 23:47:50,2013-08-18 00:02:05,14.2500
1376783340620000625,20000625,B,2013-08-17 23:49:00,2013-08-18 00:01:15,12.2500
1376783402620000255,20000255,B,2013-08-17 23:50:02,2013-08-18 00:01:02,11.0000
1376783505620000657,20000657,C,2013-08-17 23:51:45,2013-08-18 00:02:45,11.0000
1376783544620000472,20000472,A,2013-08-17 23:52:24,2013-08-18 00:05:09,12.7500
1376783551620000387,20000387,A,2013-08-17 23:52:31,2013-08-18 00:05:46,13.2500
1376783577620000486,20000486,B,2013-08-17 23:52:57,2013-08-18 00:00:27,7.5000
1376783593620000560,20000560,B,2013-08-17 23:53:13,2013-08-18 00:08:13,15.0000
1376783599620000254,20000254,B,2013-08-17 23:53:19,2013-08-18 00:00:19,7.0000
1376783624620000424,20000424,C,2013-08-17 23:53:44,2013-08-18 00:07:44,14.0000
1376783648620000325,20000325,C,2013-08-17 23:54:08,2013-08-18 00:10:53,16.7500
1376783713620000612,20000612,C,2013-08-17 23:55:13,2013-08-18 00:10:28,15.2500
1376783725620000529,20000529,B,2013-08-17 23:55:25,2013-08-18 00:05:55,10.5000
1376783743620000136,20000136,B,2013-08-17 23:55:43,2013-08-18 00:01:43,6.0000
1376783766620000541,20000541,B,2013-08-17 23:56:06,2013-08-18 00:02:21,6.2500
1376783789620000105,20000105,A,2013-08-17 23:56:29,2013-08-18 00:12:14,15.7500
1376783797620000610,20000610,B,2013-08-17 23:56:37,2013-08-18 00:05:52,9.2500
1376783882620000574,20000574,C,2013-08-17 23:58:02,2013-08-18 00:01:47,3.7500
1376783960620000458,20000458,A,2013-08-17 23:59:20,2013-08-18 00:07:05,7.7500
1376783971620000260,20000260,C,2013-08-17 23:59:31,2013-08-18 00:50:16,50.7500
1376783979620000571,20000571,A,2013-08-17 23:59:39,2013-08-18 00:14:39,15.0000
1376783981620000297,20000297,B,2013-08-17 23:59:41,2013-08-18 00:03:26,3.7500
1376783984620000031,20000031,B,2013-08-17 23:59:44,2013-08-18 00:08:14,8.5000
1376783986620000688,20000688,C,2013-08-17 23:59:46,2013-08-18 00:03:31,3.7500
1376869174620000492,20000492,B,2013-08-18 23:39:34,2013-08-19 00:00:04,20.5000
1376869318620000337,20000337,B,2013-08-18 23:41:58,2013-08-19 00:08:43,26.7500
1376869439620000695,20000695,B,2013-08-18 23:43:59,2013-08-19 00:05:29,21.5000
1376869592620000199,20000199,B,2013-08-18 23:46:32,2013-08-19 00:00:02,13.5000
1376869639620000625,20000625,B,2013-08-18 23:47:19,2013-08-19 00:01:04,13.7500
1376869655620000612,20000612,B,2013-08-18 23:47:35,2013-08-19 00:04:35,17.0000
1376869811620000160,20000160,B,2013-08-18 23:50:11,2013-08-19 00:05:41,15.5000
1376869821620000686,20000686,B,2013-08-18 23:50:21,2013-08-19 00:01:36,11.2500
1376869917620000058,20000058,A,2013-08-18 23:51:57,2013-08-19 00:02:57,11.0000
1376869993620000688,20000688,C,2013-08-18 23:53:13,2013-08-19 00:00:13,7.0000
1376870006620000263,20000263,B,2013-08-18 23:53:26,2013-08-19 00:00:41,7.2500
1376870107620000231,20000231,B,2013-08-18 23:55:07,2013-08-19 00:04:07,9.0000
1376870107620000451,20000451,B,2013-08-18 23:55:07,2013-08-19 00:00:37,5.5000
1376870134620000632,20000632,C,2013-08-18 23:55:34,2013-08-19 00:15:19,19.7500
1376870180620000303,20000303,C,2013-08-18 23:56:20,2013-08-19 00:04:20,8.0000
1376870195620000574,20000574,C,2013-08-18 23:56:35,2013-08-19 00:02:20,5.7500
1376870205620000664,20000664,C,2013-08-18 23:56:45,2013-08-19 00:00:15,3.5000
1376870251620000483,20000483,C,2013-08-18 23:57:31,2013-08-19 00:08:31,11.0000
1376870257620000503,20000503,A,2013-08-18 23:57:37,2013-08-19 00:10:22,12.7500
1376870289620000626,20000626,B,2013-08-18 23:58:09,2013-08-19 00:11:54,13.7500
1376870293620000235,20000235,A,2013-08-18 23:58:13,2013-08-19 00:08:13,10.0000
1376870358620000008,20000008,B,2013-08-18 23:59:18,2013-08-19 00:14:33,15.2500
1376955247620000665,20000665,C,2013-08-19 23:34:07,2013-08-20 00:46:07,72.0000
1376955275620000675,20000675,C,2013-08-19 23:34:35,2013-08-20 00:34:05,59.5000
1376955850620000648,20000648,B,2013-08-19 23:44:10,2013-08-20 00:00:40,16.5000
1376955902620000015,20000015,B,2013-08-19 23:45:02,2013-08-20 00:00:32,15.5000
1376955922620000453,20000453,A,2013-08-19 23:45:22,2013-08-20 00:01:22,16.0000
1376956004620000577,20000577,B,2013-08-19 23:46:44,2013-08-20 00:04:14,17.5000
1376956045620000171,20000171,C,2013-08-19 23:47:25,2013-08-20 00:02:10,14.7500
1376956068620000406,20000406,A,2013-08-19 23:47:48,2013-08-20 00:05:48,18.0000
1376956110620000167,20000167,A,2013-08-19 23:48:30,2013-08-20 00:05:15,16.7500
1376956114620000192,20000192,B,2013-08-19 23:48:34,2013-08-20 00:00:19,11.7500
1376956322620000612,20000612,C,2013-08-19 23:52:02,2013-08-20 00:03:32,11.5000
1376956466620000101,20000101,A,2013-08-19 23:54:26,2013-08-20 00:00:26,6.0000
1376956493620000395,20000395,C,2013-08-19 23:54:53,2013-08-20 00:00:08,5.2500
1376956498620000263,20000263,C,2013-08-19 23:54:58,2013-08-20 00:00:28,5.5000
1376956509620000178,20000178,B,2013-08-19 23:55:09,2013-08-20 00:03:54,8.7500
1376956522620000529,20000529,C,2013-08-19 23:55:22,2013-08-20 00:02:22,7.0000
1376956562620000235,20000235,B,2013-08-19 23:56:02,2013-08-20 00:04:47,8.7500
1376956615620000618,20000618,C,2013-08-19 23:56:55,2013-08-20 00:07:25,10.5000
1376956656620000136,20000136,B,2013-08-19 23:57:36,2013-08-20 00:07:51,10.2500
1376956700620000486,20000486,B,2013-08-19 23:58:20,2013-08-20 00:11:05,12.7500
1376956713620000625,20000625,B,2013-08-19 23:58:33,2013-08-20 00:13:48,15.2500
1376956764620000173,20000173,A,2013-08-19 23:59:24,2013-08-20 00:07:09,7.7500
1376956776620000424,20000424,B,2013-08-19 23:59:36,2013-08-20 00:03:51,4.2500
1376956796620000067,20000067,B,2013-08-19 23:59:56,2013-08-20 00:30:11,30.2500
1377040920620000081,20000081,B,2013-08-20 23:22:00,2013-08-21 00:08:00,46.0000
1377042761620000359,20000359,C,2013-08-20 23:52:41,2013-08-21 00:18:11,25.5000
1377042776620000687,20000687,A,2013-08-20 23:52:56,2013-08-21 00:02:56,10.0000
1377042852620000307,20000307,C,2013-08-20 23:54:12,2013-08-21 00:12:27,18.2500
1377042882620000542,20000542,B,2013-08-20 23:54:42,2013-08-21 00:03:42,9.0000
1377042892620000671,20000671,C,2013-08-20 23:54:52,2013-08-21 00:06:52,12.0000
1377042935620000684,20000684,C,2013-08-20 23:55:35,2013-08-21 00:05:05,9.5000
1377042967620000665,20000665,C,2013-08-20 23:56:07,2013-08-21 00:04:22,8.2500
1377042968620000341,20000341,B,2013-08-20 23:56:08,2013-08-21 00:01:08,5.0000
1377042980620000268,20000268,B,2013-08-20 23:56:20,2013-08-21 00:06:50,10.5000
1377043071620000453,20000453,C,2013-08-20 23:57:51,2013-08-21 00:05:06,7.2500
1377043083620000344,20000344,C,2013-08-20 23:58:03,2013-08-21 00:06:33,8.5000
1377043113620000013,20000013,A,2013-08-20 23:58:33,2013-08-21 00:25:03,26.5000
1377043189620000625,20000625,B,2013-08-20 23:59:49,2013-08-21 00:12:19,12.5000
1377128608620000154,20000154,B,2013-08-21 23:43:28,2013-08-22 00:03:58,20.5000
1377128946620000201,20000201,C,2013-08-21 23:49:06,2013-08-22 00:02:51,13.7500
1377129035620000256,20000256,B,2013-08-21 23:50:35,2013-08-22 00:00:50,10.2500
1377129061620000687,20000687,B,2013-08-21 23:51:01,2013-08-22 00:16:16,25.2500
1377129097620000517,20000517,C,2013-08-21 23:51:37,2013-08-22 00:08:22,16.7500
1377129108620000101,20000101,B,2013-08-21 23:51:48,2013-08-22 00:00:03,8.2500
1377129182620000688,20000688,C,2013-08-21 23:53:02,2013-08-22 00:11:02,18.0000
1377129257620000307,20000307,B,2013-08-21 23:54:17,2013-08-22 00:58:02,63.7500
1377129325620000311,20000311,B,2013-08-21 23:55:25,2013-08-22 00:10:10,14.7500
1377129513620000482,20000482,B,2013-08-21 23:58:33,2013-08-22 00:07:48,9.2500
1377129536620000345,20000345,B,2013-08-21 23:58:56,2013-08-22 00:07:26,8.5000
1377129566620000625,20000625,B,2013-08-21 23:59:26,2013-08-22 00:49:11,49.7500
1377129580620000648,20000648,C,2013-08-21 23:59:40,2013-08-22 00:08:55,9.2500
1377129589620000013,20000013,C,2013-08-21 23:59:49,2013-08-22 00:15:34,15.7500
1377129589620000233,20000233,B,2013-08-21 23:59:49,2013-08-22 00:06:49,7.0000
1377210750620000534,20000534,C,2013-08-22 22:32:30,2013-08-23 00:20:15,107.7500
1377212806620000569,20000569,C,2013-08-22 23:06:46,2013-08-23 00:22:31,75.7500
1377214865620000337,20000337,C,2013-08-22 23:41:05,2013-08-23 00:00:20,19.2500
1377215326620000310,20000310,C,2013-08-22 23:48:46,2013-08-23 00:01:01,12.2500
1377215343620000249,20000249,B,2013-08-22 23:49:03,2013-08-23 00:01:03,12.0000
1377215393620000136,20000136,C,2013-08-22 23:49:53,2013-08-23 00:02:53,13.0000
1377215419620000900,20000900,C,2013-08-22 23:50:19,2013-08-23 00:07:19,17.0000
1377215523620000549,20000549,A,2013-08-22 23:52:03,2013-08-23 00:03:18,11.2500
1377215528620000351,20000351,A,2013-08-22 23:52:08,2013-08-23 00:01:08,9.0000
1377215528620000473,20000473,C,2013-08-22 23:52:08,2013-08-23 00:02:23,10.2500
1377215580620000179,20000179,B,2013-08-22 23:53:00,2013-08-23 00:06:15,13.2500
1377215618620000328,20000328,B,2013-08-22 23:53:38,2013-08-23 00:04:23,10.7500
1377215666620000454,20000454,B,2013-08-22 23:54:26,2013-08-23 00:01:11,6.7500
1377215714620000260,20000260,B,2013-08-22 23:55:14,2013-08-23 00:00:59,5.7500
1377215728620000009,20000009,B,2013-08-22 23:55:28,2013-08-23 00:02:28,7.0000
1377215791620000903,20000903,C,2013-08-22 23:56:31,2013-08-23 00:01:31,5.0000
1377215815620000108,20000108,C,2013-08-22 23:56:55,2013-08-23 00:02:10,5.2500
1377215816620000557,20000557,A,2013-08-22 23:56:56,2013-08-23 00:04:41,7.7500
1377215858620000496,20000496,B,2013-08-22 23:57:38,2013-08-23 00:04:38,7.0000
1377215861620000632,20000632,B,2013-08-22 23:57:41,2013-08-23 00:00:26,2.7500
1377215906620000031,20000031,B,2013-08-22 23:58:26,2013-08-23 00:10:56,12.5000
1377215909620000120,20000120,B,2013-08-22 23:58:29,2013-08-23 00:03:59,5.5000
1377215920620000648,20000648,B,2013-08-22 23:58:40,2013-08-23 00:48:55,50.2500
1377215962620000140,20000140,B,2013-08-22 23:59:22,2013-08-23 00:07:07,7.7500
1377299530620000252,20000252,C,2013-08-23 23:12:10,2013-08-24 00:09:40,57.5000
1377301173620000333,20000333,C,2013-08-23 23:39:33,2013-08-24 00:26:33,47.0000
1377301274620000434,20000434,B,2013-08-23 23:41:14,2013-08-24 00:08:14,27.0000
1377301433620000473,20000473,A,2013-08-23 23:43:53,2013-08-24 00:00:08,16.2500
1377301664620000109,20000109,B,2013-08-23 23:47:44,2013-08-24 00:05:59,18.2500
1377301795620000154,20000154,A,2013-08-23 23:49:55,2013-08-24 00:01:40,11.7500
1377301800620000251,20000251,B,2013-08-23 23:50:00,2013-08-24 00:05:15,15.2500
1377301839620000171,20000171,C,2013-08-23 23:50:39,2013-08-24 00:00:24,9.7500
1377301862620000297,20000297,C,2013-08-23 23:51:02,2013-08-24 00:06:47,15.7500
1377301908620000081,20000081,B,2013-08-23 23:51:48,2013-08-24 00:01:03,9.2500
1377301908620000136,20000136,C,2013-08-23 23:51:48,2013-08-24 00:01:18,9.5000
1377301914620000235,20000235,B,2013-08-23 23:51:54,2013-08-24 00:19:39,27.7500
1377301935620000561,20000561,B,2013-08-23 23:52:15,2013-08-24 00:04:30,12.2500
1377302044620000395,20000395,C,2013-08-23 23:54:04,2013-08-24 00:02:49,8.7500
1377302065620000192,20000192,B,2013-08-23 23:54:25,2013-08-24 00:01:10,6.7500
1377302098620000303,20000303,C,2013-08-23 23:54:58,2013-08-24 00:05:13,10.2500
1377302127620000142,20000142,B,2013-08-23 23:55:27,2013-08-24 00:04:12,8.7500
1377302227620000008,20000008,C,2013-08-23 23:57:07,2013-08-24 00:05:37,8.5000
1377302240620000376,20000376,B,2013-08-23 23:57:20,2013-08-24 00:07:50,10.5000
1377302241620000245,20000245,C,2013-08-23 23:57:21,2013-08-24 00:17:21,20.0000
1377302250620000337,20000337,C,2013-08-23 23:57:30,2013-08-24 00:09:45,12.2500
1377302265620000105,20000105,B,2013-08-23 23:57:45,2013-08-24 00:08:30,10.7500
1377302279620000268,20000268,B,2013-08-23 23:57:59,2013-08-24 00:18:29,20.5000
1377302292620000111,20000111,B,2013-08-23 23:58:12,2013-08-24 00:08:42,10.5000
1377302297620000488,20000488,B,2013-08-23 23:58:17,2013-08-24 00:06:02,7.7500
1377302297620000618,20000618,C,2013-08-23 23:58:17,2013-08-24 00:10:17,12.0000
1377302303620000231,20000231,B,2013-08-23 23:58:23,2013-08-24 00:07:53,9.5000
1377302320620000467,20000467,C,2013-08-23 23:58:40,2013-08-24 00:05:25,6.7500
1377302343620000367,20000367,C,2013-08-23 23:59:03,2013-08-24 00:17:03,18.0000
1377302344620000161,20000161,A,2013-08-23 23:59:04,2013-08-24 00:04:04,5.0000
1377302350620000201,20000201,B,2013-08-23 23:59:10,2013-08-24 00:04:40,5.5000
1377302377620000649,20000649,A,2013-08-23 23:59:37,2013-08-24 00:05:52,6.2500
1377302378620000684,20000684,C,2013-08-23 23:59:38,2013-08-24 00:06:38,7.0000
1377302396620000031,20000031,B,2013-08-23 23:59:56,2013-08-24 00:03:26,3.5000
1377387323620000012,20000012,A,2013-08-24 23:35:23,2013-08-25 00:06:23,31.0000
1377387681620000360,20000360,A,2013-08-24 23:41:21,2013-08-25 00:01:06,19.7500
1377387701620000684,20000684,C,2013-08-24 23:41:41,2013-08-25 00:01:41,20.0000
1377387859620000173,20000173,A,2013-08-24 23:44:19,2013-08-25 00:05:49,21.5000
1377387947620000120,20000120,B,2013-08-24 23:45:47,2013-08-25 00:02:02,16.2500
1377388041620000419,20000419,B,2013-08-24 23:47:21,2013-08-25 00:02:21,15.0000
1377388066620000472,20000472,B,2013-08-24 23:47:46,2013-08-25 00:02:31,14.7500
1377388120620000235,20000235,C,2013-08-24 23:48:40,2013-08-25 00:01:40,13.0000
1377388214620000672,20000672,C,2013-08-24 23:50:14,2013-08-25 00:24:44,34.5000
1377388222620000440,20000440,B,2013-08-24 23:50:22,2013-08-25 00:00:37,10.2500
1377388224620000435,20000435,B,2013-08-24 23:50:24,2013-08-25 00:03:54,13.5000
1377388269620000454,20000454,B,2013-08-24 23:51:09,2013-08-25 00:05:09,14.0000
1377388295620000167,20000167,C,2013-08-24 23:51:35,2013-08-25 00:08:35,17.0000
1377388330620000688,20000688,A,2013-08-24 23:52:10,2013-08-25 00:00:10,8.0000
1377388338620000030,20000030,A,2013-08-24 23:52:18,2013-08-25 00:04:33,12.2500
1377388357620000243,20000243,B,2013-08-24 23:52:37,2013-08-25 00:00:07,7.5000
1377388370620000199,20000199,B,2013-08-24 23:52:50,2013-08-25 00:19:20,26.5000
1377388380620000665,20000665,C,2013-08-24 23:53:00,2013-08-25 00:01:15,8.2500
1377388399620000626,20000626,B,2013-08-24 23:53:19,2013-08-25 00:03:34,10.2500
1377388449620000518,20000518,B,2013-08-24 23:54:09,2013-08-25 00:19:09,25.0000
1377388463620000686,20000686,A,2013-08-24 23:54:23,2013-08-25 00:04:08,9.7500
1377388472620000657,20000657,B,2013-08-24 23:54:32,2013-08-25 00:09:47,15.2500
1377388481620000101,20000101,B,2013-08-24 23:54:41,2013-08-25 00:00:56,6.2500
1377388481620000140,20000140,B,2013-08-24 23:54:41,2013-08-25 00:03:56,9.2500
1377388494620000370,20000370,C,2013-08-24 23:54:54,2013-08-25 00:13:54,19.0000
1377388522620000675,20000675,C,2013-08-24 23:55:22,2013-08-25 00:04:52,9.5000
1377388546620000351,20000351,B,2013-08-24 23:55:46,2013-08-25 00:05:16,9.5000
1377388562620000249,20000249,B,2013-08-24 23:56:02,2013-08-25 00:05:02,9.0000
1377388609620000612,20000612,C,2013-08-24 23:56:49,2013-08-25 00:03:34,6.7500
1377388629620000520,20000520,B,2013-08-24 23:57:09,2013-08-25 00:05:39,8.5000
1377388682620000421,20000421,B,2013-08-24 23:58:02,2013-08-25 00:06:47,8.7500
1377388688620000057,20000057,C,2013-08-24 23:58:08,2013-08-25 00:13:23,15.2500
1377388714620000269,20000269,C,2013-08-24 23:58:34,2013-08-25 00:05:49,7.2500
1377388722620000245,20000245,B,2013-08-24 23:58:42,2013-08-25 00:02:27,3.7500
1377388723620000105,20000105,A,2013-08-24 23:58:43,2013-08-25 00:07:58,9.2500
1377388731620000042,20000042,B,2013-08-24 23:58:51,2013-08-25 00:04:21,5.5000
1377388737620000337,20000337,A,2013-08-24 23:58:57,2013-08-25 00:12:12,13.2500
1377388767620000542,20000542,C,2013-08-24 23:59:27,2013-08-25 00:04:57,5.5000
1377474457620000042,20000042,C,2013-08-25 23:47:37,2013-08-26 00:01:22,13.7500
1377474632620000004,20000004,B,2013-08-25 23:50:32,2013-08-26 00:08:02,17.5000
1377474664620000231,20000231,C,2013-08-25 23:51:04,2013-08-26 00:00:49,9.7500
1377474682620000089,20000089,B,2013-08-25 23:51:22,2013-08-26 00:01:52,10.5000
1377474695620000453,20000453,C,2013-08-25 23:51:35,2013-08-26 00:03:35,12.0000
1377474700620000167,20000167,B,2013-08-25 23:51:40,2013-08-26 00:05:40,14.0000
1377474877620000367,20000367,A,2013-08-25 23:54:37,2013-08-26 00:04:22,9.7500
1377474925620000473,20000473,C,2013-08-25 23:55:25,2013-08-26 00:00:10,4.7500
1377474987620000249,20000249,B,2013-08-25 23:56:27,2013-08-26 00:00:57,4.5000
1377474989620000256,20000256,A,2013-08-25 23:56:29,2013-08-26 00:03:29,7.0000
1377474998620000255,20000255,B,2013-08-25 23:56:38,2013-08-26 00:08:53,12.2500
1377475004620000014,20000014,A,2013-08-25 23:56:44,2013-08-26 00:11:44,15.0000
1377475025620000465,20000465,B,2013-08-25 23:57:05,2013-08-26 00:06:20,9.2500
1377475025620000657,20000657,B,2013-08-25 23:57:05,2013-08-26 00:07:05,10.0000
1377475034620000395,20000395,B,2013-08-25 23:57:14,2013-08-26 00:06:29,9.2500
1377475041620000678,20000678,B,2013-08-25 23:57:21,2013-08-26 00:07:21,10.0000
1377475105620000529,20000529,C,2013-08-25 23:58:25,2013-08-26 00:07:25,9.0000
1377475120620000273,20000273,B,2013-08-25 23:58:40,2013-08-26 00:09:55,11.2500
1377475145620000626,20000626,B,2013-08-25 23:59:05,2013-08-26 00:09:35,10.5000
1377475154620000569,20000569,C,2013-08-25 23:59:14,2013-08-26 00:10:14,11.0000
1377475160620000015,20000015,B,2013-08-25 23:59:20,2013-08-26 00:11:05,11.7500
1377559973620000653,20000653,A,2013-08-26 23:32:53,2013-08-27 00:09:08,36.2500
1377560634620000672,20000672,B,2013-08-26 23:43:54,2013-08-27 00:08:09,24.2500
1377560726620000424,20000424,A,2013-08-26 23:45:26,2013-08-27 00:09:11,23.7500
1377561052620000351,20000351,B,2013-08-26 23:50:52,2013-08-27 00:00:07,9.2500
1377561066620000173,20000173,C,2013-08-26 23:51:06,2013-08-27 00:02:21,11.2500
1377561208620000089,20000089,B,2013-08-26 23:53:28,2013-08-27 00:01:28,8.0000
1377561250620000199,20000199,B,2013-08-26 23:54:10,2013-08-27 00:05:10,11.0000
1377561302620000633,20000633,B,2013-08-26 23:55:02,2013-08-27 00:05:02,10.0000
1377561370620000015,20000015,B,2013-08-26 23:56:10,2013-08-27 00:05:25,9.2500
1377561426620000560,20000560,B,2013-08-26 23:57:06,2013-08-27 00:11:51,14.7500
1377561431620000067,20000067,B,2013-08-26 23:57:11,2013-08-27 00:04:26,7.2500
1377561493620000492,20000492,C,2013-08-26 23:58:13,2013-08-27 00:03:13,5.0000
1377561572620000612,20000612,B,2013-08-26 23:59:32,2013-08-27 00:14:32,15.0000
1377561578620000665,20000665,A,2013-08-26 23:59:38,2013-08-27 00:05:53,6.2500
1377561590620000517,20000517,B,2013-08-26 23:59:50,2013-08-27 00:08:20,8.5000
1377646522620000486,20000486,C,2013-08-27 23:35:22,2013-08-28 00:06:52,31.5000
1377646972620000662,20000662,B,2013-08-27 23:42:52,2013-08-28 00:29:07,46.2500
1377647212620000557,20000557,B,2013-08-27 23:46:52,2013-08-28 00:02:22,15.5000
1377647246620000569,20000569,C,2013-08-27 23:47:26,2013-08-28 00:08:56,21.5000
1377647307620000101,20000101,A,2013-08-27 23:48:27,2013-08-28 00:02:27,14.0000
1377647513620000179,20000179,C,2013-08-27 23:51:53,2013-08-28 00:01:53,10.0000
1377647553620000005,20000005,B,2013-08-27 23:52:33,2013-08-28 00:05:48,13.2500
1377647612620000173,20000173,B,2013-08-27 23:53:32,2013-08-28 00:02:02,8.5000
1377647667620000904,20000904,B,2013-08-27 23:54:27,2013-08-28 00:06:27,12.0000
1377647681620000252,20000252,B,2013-08-27 23:54:41,2013-08-28 00:06:26,11.7500
1377647749620000333,20000333,B,2013-08-27 23:55:49,2013-08-28 00:01:04,5.2500
1377647830620000376,20000376,A,2013-08-27 23:57:10,2013-08-28 00:07:10,10.0000
1377647832620000450,20000450,A,2013-08-27 23:57:12,2013-08-28 00:05:27,8.2500
1377647869620000136,20000136,B,2013-08-27 23:57:49,2013-08-28 00:13:19,15.5000
1377647931620000066,20000066,B,2013-08-27 23:58:51,2013-08-28 00:04:06,5.2500
1377647987620000157,20000157,A,2013-08-27 23:59:47,2013-08-28 00:05:32,5.7500
1377732262620000356,20000356,C,2013-08-28 23:24:22,2013-08-29 00:01:37,37.2500
1377733119620000263,20000263,C,2013-08-28 23:38:39,2013-08-29 00:06:09,27.5000
1377733509620000376,20000376,C,2013-08-28 23:45:09,2013-08-29 00:17:39,32.5000
1377733873620000199,20000199,B,2013-08-28 23:51:13,2013-08-29 00:04:43,13.5000
1377733928620000030,20000030,B,2013-08-28 23:52:08,2013-08-29 00:39:38,47.5000
1377733928620000310,20000310,C,2013-08-28 23:52:08,2013-08-29 00:18:53,26.7500
1377733935620000009,20000009,A,2013-08-28 23:52:15,2013-08-29 00:04:30,12.2500
1377733935620000233,20000233,A,2013-08-28 23:52:15,2013-08-29 00:12:45,20.5000
1377734038620000167,20000167,C,2013-08-28 23:53:58,2013-08-29 00:05:43,11.7500
1377734089620000136,20000136,B,2013-08-28 23:54:49,2013-08-29 00:06:19,11.5000
1377734124620000409,20000409,B,2013-08-28 23:55:24,2013-08-29 00:07:24,12.0000
1377734129620000678,20000678,B,2013-08-28 23:55:29,2013-08-29 00:04:14,8.7500
1377734167620000657,20000657,A,2013-08-28 23:56:07,2013-08-29 00:01:37,5.5000
1377734227620000192,20000192,C,2013-08-28 23:57:07,2013-08-29 00:15:07,18.0000
1377734290620000506,20000506,B,2013-08-28 23:58:10,2013-08-29 00:02:25,4.2500
1377734293620000256,20000256,B,2013-08-28 23:58:13,2013-08-29 00:05:58,7.7500
1377734295620000066,20000066,B,2013-08-28 23:58:15,2013-08-29 00:02:15,4.0000
1377734371620000231,20000231,B,2013-08-28 23:59:31,2013-08-29 00:07:01,7.5000
1377820043620000664,20000664,C,2013-08-29 23:47:23,2013-08-30 00:01:38,14.2500
1377820125620000263,20000263,B,2013-08-29 23:48:45,2013-08-30 00:10:00,21.2500
1377820181620000010,20000010,B,2013-08-29 23:49:41,2013-08-30 00:01:41,12.0000
1377820293620000517,20000517,B,2013-08-29 23:51:33,2013-08-30 00:05:18,13.7500
1377820306620000273,20000273,B,2013-08-29 23:51:46,2013-08-30 00:00:31,8.7500
1377820330620000161,20000161,B,2013-08-29 23:52:10,2013-08-30 00:00:55,8.7500
1377820337620000157,20000157,C,2013-08-29 23:52:17,2013-08-30 00:02:32,10.2500
1377820379620000675,20000675,A,2013-08-29 23:52:59,2013-08-30 00:11:59,19.0000
1377820454620000067,20000067,A,2013-08-29 23:54:14,2013-08-30 00:00:14,6.0000
1377820466620000255,20000255,B,2013-08-29 23:54:26,2013-08-30 00:04:26,10.0000
1377820561620000506,20000506,B,2013-08-29 23:56:01,2013-08-30 00:07:46,11.7500
1377820577620000542,20000542,B,2013-08-29 23:56:17,2013-08-30 00:08:17,12.0000
1377820629620000625,20000625,B,2013-08-29 23:57:09,2013-08-30 00:06:54,9.7500
1377820661620000540,20000540,B,2013-08-29 23:57:41,2013-08-30 00:27:26,29.7500
1377820670620000199,20000199,B,2013-08-29 23:57:50,2013-08-30 00:10:05,12.2500
1377820707620000560,20000560,B,2013-08-29 23:58:27,2013-08-30 00:02:12,3.7500
1377820708620000337,20000337,A,2013-08-29 23:58:28,2013-08-30 00:11:13,12.7500
1377820734620000376,20000376,C,2013-08-29 23:58:54,2013-08-30 00:13:39,14.7500
1377820743620000454,20000454,B,2013-08-29 23:59:03,2013-08-30 00:15:18,16.2500
1377820762620000304,20000304,C,2013-08-29 23:59:22,2013-08-30 00:08:07,8.7500
1377820766620000626,20000626,B,2013-08-29 23:59:26,2013-08-30 00:06:56,7.5000
1377906227620000285,20000285,B,2013-08-30 23:43:47,2013-08-31 00:03:32,19.7500
1377906394620000157,20000157,C,2013-08-30 23:46:34,2013-08-31 00:01:34,15.0000
1377906399620000311,20000311,A,2013-08-30 23:46:39,2013-08-31 00:05:09,18.5000
1377906426620000325,20000325,C,2013-08-30 23:47:06,2013-08-31 00:11:36,24.5000
1377906439620000015,20000015,B,2013-08-30 23:47:19,2013-08-31 00:02:19,15.0000
1377906543620000370,20000370,A,2013-08-30 23:49:03,2013-08-31 00:43:48,54.7500
1377906631620000167,20000167,C,2013-08-30 23:50:31,2013-08-31 00:05:16,14.7500
1377906642620000101,20000101,B,2013-08-30 23:50:42,2013-08-31 00:18:12,27.5000
1377906658620000256,20000256,B,2013-08-30 23:50:58,2013-08-31 00:00:13,9.2500
1377906696620000434,20000434,C,2013-08-30 23:51:36,2013-08-31 00:08:06,16.5000
1377906702620000463,20000463,C,2013-08-30 23:51:42,2013-08-31 00:14:27,22.7500
1377906717620000621,20000621,B,2013-08-30 23:51:57,2013-08-31 00:07:57,16.0000
1377906718620000403,20000403,C,2013-08-30 23:51:58,2013-08-31 00:40:43,48.7500
1377906819620000409,20000409,A,2013-08-30 23:53:39,2013-08-31 00:01:09,7.5000
1377906823620000356,20000356,C,2013-08-30 23:53:43,2013-08-31 00:02:28,8.7500
1377906896620000179,20000179,B,2013-08-30 23:54:56,2013-08-31 00:00:26,5.5000
1377906896620000572,20000572,C,2013-08-30 23:54:56,2013-08-31 00:07:11,12.2500
1377906938620000517,20000517,B,2013-08-30 23:55:38,2013-08-31 00:01:53,6.2500
1377906945620000085,20000085,C,2013-08-30 23:55:45,2013-08-31 00:12:45,17.0000
1377907017620000527,20000527,B,2013-08-30 23:56:57,2013-08-31 00:03:12,6.2500
1377907069620000483,20000483,A,2013-08-30 23:57:49,2013-08-31 00:09:19,11.5000
1377907087620000154,20000154,B,2013-08-30 23:58:07,2013-08-31 00:07:52,9.7500
1377907094620000626,20000626,B,2013-08-30 23:58:14,2013-08-31 00:04:44,6.5000
1377907107620000086,20000086,C,2013-08-30 23:58:27,2013-08-31 00:38:27,40.0000
1377907164620000451,20000451,B,2013-08-30 23:59:24,2013-08-31 00:02:24,3.0000
1377907176620000297,20000297,A,2013-08-30 23:59:36,2013-08-31 00:04:21,4.7500
1377907178620000279,20000279,A,2013-08-30 23:59:38,2013-08-31 00:22:08,22.5000
1377907179620000662,20000662,B,2013-08-30 23:59:39,2013-08-31 00:20:39,21.0000
1377989549620000042,20000042,C,2013-08-31 22:52:29,2013-09-01 00:03:14,70.7500
1377992267620000260,20000260,A,2013-08-31 23:37:47,2013-09-01 00:00:47,23.0000
1377992436620000419,20000419,C,2013-08-31 23:40:36,2013-09-01 01:51:21,130.7500
1377992586620000612,20000612,B,2013-08-31 23:43:06,2013-09-01 00:35:51,52.7500
1377992683620000334,20000334,B,2013-08-31 23:44:43,2013-09-01 00:03:43,19.0000
1377992733620000054,20000054,B,2013-08-31 23:45:33,2013-09-01 00:01:18,15.7500
1377992751620000216,20000216,B,2013-08-31 23:45:51,2013-09-01 00:00:51,15.0000
1377992786620000359,20000359,C,2013-08-31 23:46:26,2013-09-01 00:22:41,36.2500
1377992822620000482,20000482,B,2013-08-31 23:47:02,2013-09-01 00:07:17,20.2500
1377992863620000285,20000285,B,2013-08-31 23:47:43,2013-09-01 00:03:28,15.7500
1377992885620000376,20000376,A,2013-08-31 23:48:05,2013-09-01 00:00:20,12.2500
1377992923620000003,20000003,C,2013-08-31 23:48:43,2013-09-01 00:01:13,12.5000
1377992987620000254,20000254,C,2013-08-31 23:49:47,2013-09-01 00:12:47,23.0000
1377993013620000020,20000020,B,2013-08-31 23:50:13,2013-09-01 00:08:43,18.5000
1377993094620000015,20000015,B,2013-08-31 23:51:34,2013-09-01 00:00:34,9.0000
1377993138620000057,20000057,B,2013-08-31 23:52:18,2013-09-01 00:01:03,8.7500
1377993168620000309,20000309,A,2013-08-31 23:52:48,2013-09-01 00:11:33,18.7500
1377993199620000370,20000370,C,2013-08-31 23:53:19,2013-09-01 00:05:34,12.2500
1377993213620000574,20000574,C,2013-08-31 23:53:33,2013-09-01 00:09:33,16.0000
1377993219620000667,20000667,A,2013-08-31 23:53:39,2013-09-01 00:01:39,8.0000
1377993236620000625,20000625,B,2013-08-31 23:53:56,2013-09-01 00:01:11,7.2500
1377993247620000140,20000140,B,2013-08-31 23:54:07,2013-09-01 00:04:07,10.0000
1377993259620000372,20000372,A,2013-08-31 23:54:19,2013-09-01 00:16:19,22.0000
1377993283620000303,20000303,B,2013-08-31 23:54:43,2013-09-01 00:02:58,8.2500
1377993292620000424,20000424,C,2013-08-31 23:54:52,2013-09-01 00:10:37,15.7500
1377993306620000235,20000235,C,2013-08-31 23:55:06,2013-09-01 00:03:21,8.2500
1377993307620000688,20000688,A,2013-08-31 23:55:07,2013-09-01 00:04:07,9.0000
1377993328620000347,20000347,A,2013-08-31 23:55:28,2013-09-01 00:14:58,19.5000
1377993331620000406,20000406,B,2013-08-31 23:55:31,2013-09-01 00:01:16,5.7500
1377993339620000454,20000454,A,2013-08-31 23:55:39,2013-09-01 00:08:39,13.0000
1377993402620000506,20000506,B,2013-08-31 23:56:42,2013-09-01 00:03:27,6.7500
1377993416620000486,20000486,B,2013-08-31 23:56:56,2013-09-01 00:02:41,5.7500
1377993421620000624,20000624,B,2013-08-31 23:57:01,2013-09-01 00:05:01,8.0000
1377993435620000665,20000665,C,2013-08-31 23:57:15,2013-09-01 00:01:15,4.0000
1377993437620000517,20000517,B,2013-08-31 23:57:17,2013-09-01 00:03:02,5.7500
1377993478620000686,20000686,B,2013-08-31 23:57:58,2013-09-01 00:03:28,5.5000
1377993489620000173,20000173,B,2013-08-31 23:58:09,2013-09-01 00:12:24,14.2500
1377993508620000142,20000142,A,2013-08-31 23:58:28,2013-09-01 00:11:43,13.2500
1377993539620000571,20000571,A,2013-08-31 23:58:59,2013-09-01 00:06:44,7.7500
1377993557620000503,20000503,A,2013-08-31 23:59:17,2013-09-01 00:16:32,17.2500
1377993575620000492,20000492,B,2013-08-31 23:59:35,2013-09-01 00:06:05,6.5000
1378078938620000320,20000320,C,2013-09-01 23:42:18,2013-09-02 00:00:33,18.2500
1378079066620000648,20000648,B,2013-09-01 23:44:26,2013-09-02 00:00:11,15.7500
1378079540620000337,20000337,A,2013-09-01 23:52:20,2013-09-02 00:08:20,16.0000
1378079600620000486,20000486,B,2013-09-01 23:53:20,2013-09-02 00:03:20,10.0000
1378079687620000497,20000497,B,2013-09-01 23:54:47,2013-09-02 00:06:32,11.7500
1378079832620000554,20000554,B,2013-09-01 23:57:12,2013-09-02 00:05:57,8.7500
1378079841620000285,20000285,C,2013-09-01 23:57:21,2013-09-02 00:04:51,7.5000
1378165084620000351,20000351,C,2013-09-02 23:38:04,2013-09-03 00:00:19,22.2500
1378165520620000574,20000574,C,2013-09-02 23:45:20,2013-09-03 00:29:05,43.7500
1378165525620000010,20000010,C,2013-09-02 23:45:25,2013-09-03 00:20:25,35.0000
1378165741620000307,20000307,C,2013-09-02 23:49:01,2013-09-03 00:07:46,18.7500
1378165794620000167,20000167,B,2013-09-02 23:49:54,2013-09-03 00:00:39,10.7500
1378165841620000560,20000560,B,2013-09-02 23:50:41,2013-09-03 00:05:11,14.5000
1378165869620000015,20000015,B,2013-09-02 23:51:09,2013-09-03 00:03:24,12.2500
1378165955620000129,20000129,B,2013-09-02 23:52:35,2013-09-03 00:04:05,11.5000
1378165974620000626,20000626,B,2013-09-02 23:52:54,2013-09-03 00:02:54,10.0000
1378165976620000216,20000216,A,2013-09-02 23:52:56,2013-09-03 00:14:26,21.5000
1378165998620000171,20000171,B,2013-09-02 23:53:18,2013-09-03 00:02:33,9.2500
1378166128620000542,20000542,B,2013-09-02 23:55:28,2013-09-03 00:29:43,34.2500
1378166179620000359,20000359,C,2013-09-02 23:56:19,2013-09-03 00:04:04,7.7500
1378166185620000101,20000101,B,2013-09-02 23:56:25,2013-09-03 00:02:40,6.2500
1378166230620000376,20000376,B,2013-09-02 23:57:10,2013-09-03 00:17:25,20.2500
1378166242620000372,20000372,B,2013-09-02 23:57:22,2013-09-03 00:08:37,11.2500
1378166282620000600,20000600,B,2013-09-02 23:58:02,2013-09-03 00:15:02,17.0000
1378166292620000256,20000256,B,2013-09-02 23:58:12,2013-09-03 00:07:12,9.0000
1378166319620000140,20000140,B,2013-09-02 23:58:39,2013-09-03 00:12:39,14.0000
1378166336620000054,20000054,B,2013-09-02 23:58:56,2013-09-03 00:06:56,8.0000
1378166339620000554,20000554,B,2013-09-02 23:58:59,2013-09-03 00:05:14,6.2500
1378166354620000136,20000136,B,2013-09-02 23:59:14,2013-09-03 00:19:14,20.0000
1378166385620000108,20000108,C,2013-09-02 23:59:45,2013-09-03 00:06:30,6.7500
1378166398620000595,20000595,B,2013-09-02 23:59:58,2013-09-03 00:09:28,9.5000
1378251766620000015,20000015,B,2013-09-03 23:42:46,2013-09-04 00:02:16,19.5000
1378251814620000308,20000308,C,2013-09-03 23:43:34,2013-09-04 00:08:49,25.2500
1378252223620000252,20000252,C,2013-09-03 23:50:23,2013-09-04 00:07:53,17.5000
1378252417620000403,20000403,B,2013-09-03 23:53:37,2013-09-04 00:06:07,12.5000
1378252460620000020,20000020,C,2013-09-03 23:54:20,2013-09-04 00:08:50,14.5000
1378252498620000435,20000435,C,2013-09-03 23:54:58,2013-09-04 00:01:28,6.5000
1378252536620000192,20000192,B,2013-09-03 23:55:36,2013-09-04 00:04:51,9.2500
1378252619620000372,20000372,B,2013-09-03 23:56:59,2013-09-04 00:07:44,10.7500
1378252631620000297,20000297,B,2013-09-03 23:57:11,2013-09-04 00:06:56,9.7500
1378252636620000465,20000465,C,2013-09-03 23:57:16,2013-09-04 00:02:01,4.7500
1378252655620000304,20000304,C,2013-09-03 23:57:35,2013-09-04 00:01:05,3.5000
1378252696620000431,20000431,B,2013-09-03 23:58:16,2013-09-04 00:06:31,8.2500
1378252699620000430,20000430,B,2013-09-03 23:58:19,2013-09-04 00:10:19,12.0000
1378336723620000011,20000011,C,2013-09-04 23:18:43,2013-09-05 00:30:43,72.0000
1378338350620000626,20000626,B,2013-09-04 23:45:50,2013-09-05 00:03:05,17.2500
1378338376620000430,20000430,A,2013-09-04 23:46:16,2013-09-05 00:28:16,42.0000
1378338463620000307,20000307,C,2013-09-04 23:47:43,2013-09-05 00:07:13,19.5000
1378338589620000625,20000625,B,2013-09-04 23:49:49,2013-09-05 00:07:34,17.7500
1378338646620000395,20000395,B,2013-09-04 23:50:46,2013-09-05 00:06:01,15.2500
1378338661620000503,20000503,C,2013-09-04 23:51:01,2013-09-05 00:04:31,13.5000
1378338688620000453,20000453,B,2013-09-04 23:51:28,2013-09-05 00:11:28,20.0000
1378338788620000618,20000618,B,2013-09-04 23:53:08,2013-09-05 00:02:08,9.0000
1378338874620000273,20000273,B,2013-09-04 23:54:34,2013-09-05 00:04:19,9.7500
1378338900620000435,20000435,C,2013-09-04 23:55:00,2013-09-05 01:02:45,67.7500
1378339071620000015,20000015,B,2013-09-04 23:57:51,2013-09-05 00:11:06,13.2500
1378339076620000345,20000345,B,2013-09-04 23:57:56,2013-09-05 00:06:11,8.2500
1378339080620000570,20000570,B,2013-09-04 23:58:00,2013-09-05 00:07:00,9.0000
1378339120620000569,20000569,C,2013-09-04 23:58:40,2013-09-05 00:03:55,5.2500
1378339169620000392,20000392,B,2013-09-04 23:59:29,2013-09-05 00:04:44,5.2500
1378416626620000171,20000171,B,2013-09-05 21:30:26,2013-09-06 00:22:56,172.5000
1378424995620000161,20000161,C,2013-09-05 23:49:55,2013-09-06 00:07:55,18.0000
1378425075620000488,20000488,A,2013-09-05 23:51:15,2013-09-06 00:02:45,11.5000
1378425084620000080,20000080,C,2013-09-05 23:51:24,2013-09-06 00:08:09,16.7500
1378425137620000430,20000430,B,2013-09-05 23:52:17,2013-09-06 00:00:17,8.0000
1378425168620000112,20000112,C,2013-09-05 23:52:48,2013-09-06 00:08:18,15.5000
1378425179620000192,20000192,B,2013-09-05 23:52:59,2013-09-06 00:12:59,20.0000
1378425223620000042,20000042,C,2013-09-05 23:53:43,2013-09-06 01:08:43,75.0000
1378425389620000600,20000600,B,2013-09-05 23:56:29,2013-09-06 00:05:29,9.0000
1378425423620000199,20000199,C,2013-09-05 23:57:03,2013-09-06 00:04:48,7.7500
1378425423620000372,20000372,B,2013-09-05 23:57:03,2013-09-06 00:06:18,9.2500
1378425482620000436,20000436,B,2013-09-05 23:58:02,2013-09-06 00:21:17,23.2500
1378425503620000108,20000108,C,2013-09-05 23:58:23,2013-09-06 00:05:08,6.7500
1378425507620000320,20000320,C,2013-09-05 23:58:27,2013-09-06 00:03:27,5.0000
1378425515620000304,20000304,C,2013-09-05 23:58:35,2013-09-06 00:13:50,15.2500
1378425527620000057,20000057,C,2013-09-05 23:58:47,2013-09-06 00:03:32,4.7500
1378425583620000542,20000542,B,2013-09-05 23:59:43,2013-09-06 00:04:58,5.2500
1378509910620000157,20000157,B,2013-09-06 23:25:10,2013-09-07 00:03:40,38.5000
1378510241620000388,20000388,C,2013-09-06 23:30:41,2013-09-07 00:10:11,39.5000
1378510727620000309,20000309,B,2013-09-06 23:38:47,2013-09-07 00:01:17,22.5000
1378511216620000648,20000648,A,2013-09-06 23:46:56,2013-09-07 00:09:26,22.5000
1378511232620000680,20000680,C,2013-09-06 23:47:12,2013-09-07 00:13:27,26.2500
1378511302620000612,20000612,B,2013-09-06 23:48:22,2013-09-07 00:05:07,16.7500
1378511353620000105,20000105,C,2013-09-06 23:49:13,2013-09-07 00:09:28,20.2500
1378511372620000197,20000197,C,2013-09-06 23:49:32,2013-09-07 00:03:32,14.0000
1378511379620000161,20000161,B,2013-09-06 23:49:39,2013-09-07 00:05:54,16.2500
1378511390620000517,20000517,B,2013-09-06 23:49:50,2013-09-07 00:01:35,11.7500
1378511437620000067,20000067,B,2013-09-06 23:50:37,2013-09-07 00:00:07,9.5000
1378511541620000320,20000320,C,2013-09-06 23:52:21,2013-09-07 00:03:21,11.0000
1378511621620000154,20000154,B,2013-09-06 23:53:41,2013-09-07 00:02:56,9.2500
1378511629620000513,20000513,A,2013-09-06 23:53:49,2013-09-07 00:03:19,9.5000
1378511656620000483,20000483,C,2013-09-06 23:54:16,2013-09-07 00:05:46,11.5000
1378511668620000273,20000273,B,2013-09-06 23:54:28,2013-09-07 00:10:28,16.0000
1378511696620000201,20000201,C,2013-09-06 23:54:56,2013-09-07 00:09:41,14.7500
1378511697620000010,20000010,A,2013-09-06 23:54:57,2013-09-07 00:06:12,11.2500
1378511764620000574,20000574,C,2013-09-06 23:56:04,2013-09-07 00:09:34,13.5000
1378511766620000011,20000011,B,2013-09-06 23:56:06,2013-09-07 00:02:06,6.0000
1378511766620000472,20000472,B,2013-09-06 23:56:06,2013-09-07 00:01:06,5.0000
1378511791620000672,20000672,B,2013-09-06 23:56:31,2013-09-07 00:00:46,4.2500
1378511803620000621,20000621,C,2013-09-06 23:56:43,2013-09-07 00:09:13,12.5000
1378511814620000549,20000549,B,2013-09-06 23:56:54,2013-09-07 00:06:09,9.2500
1378511824620000101,20000101,B,2013-09-06 23:57:04,2013-09-07 00:11:04,14.0000
1378511889620000020,20000020,B,2013-09-06 23:58:09,2013-09-07 00:03:54,5.7500
1378511912620000341,20000341,B,2013-09-06 23:58:32,2013-09-07 00:02:47,4.2500
1378511947620000311,20000311,C,2013-09-06 23:59:07,2013-09-07 00:16:52,17.7500
1378595849620000359,20000359,C,2013-09-07 23:17:29,2013-09-08 00:01:14,43.7500
1378596313620000250,20000250,C,2013-09-07 23:25:13,2013-09-08 01:53:13,148.0000
1378596450620000430,20000430,C,2013-09-07 23:27:30,2013-09-08 01:16:30,109.0000
1378596855620000431,20000431,A,2013-09-07 23:34:15,2013-09-08 00:04:00,29.7500
1378597593620000554,20000554,C,2013-09-07 23:46:33,2013-09-08 00:09:48,23.2500
1378597619620000388,20000388,B,2013-09-07 23:46:59,2013-09-08 00:01:44,14.7500
1378597621620000308,20000308,B,2013-09-07 23:47:01,2013-09-08 00:20:46,33.7500
1378597764620000345,20000345,C,2013-09-07 23:49:24,2013-09-08 00:09:09,19.7500
1378597838620000520,20000520,A,2013-09-07 23:50:38,2013-09-08 00:02:53,12.2500
1378597840620000542,20000542,B,2013-09-07 23:50:40,2013-09-08 00:01:10,10.5000
1378597851620000435,20000435,B,2013-09-07 23:50:51,2013-09-08 00:01:51,11.0000
1378597914620000171,20000171,A,2013-09-07 23:51:54,2013-09-08 00:03:24,11.5000
1378597924620000216,20000216,A,2013-09-07 23:52:04,2013-09-08 00:08:04,16.0000
1378597968620000595,20000595,A,2013-09-07 23:52:48,2013-09-08 00:01:33,8.7500
1378597986620000256,20000256,B,2013-09-07 23:53:06,2013-09-08 00:09:51,16.7500
1378598011620000245,20000245,B,2013-09-07 23:53:31,2013-09-08 00:02:31,9.0000
1378598017620000157,20000157,B,2013-09-07 23:53:37,2013-09-08 00:01:52,8.2500
1378598018620000280,20000280,A,2013-09-07 23:53:38,2013-09-08 00:10:08,16.5000
1378598047620000268,20000268,B,2013-09-07 23:54:07,2013-09-08 00:04:37,10.5000
1378598061620000142,20000142,B,2013-09-07 23:54:21,2013-09-08 00:00:36,6.2500
1378598075620000011,20000011,C,2013-09-07 23:54:35,2013-09-08 00:14:05,19.5000
1378598085620000303,20000303,B,2013-09-07 23:54:45,2013-09-08 00:02:15,7.5000
1378598121620000108,20000108,C,2013-09-07 23:55:21,2013-09-08 00:05:36,10.2500
1378598144620000351,20000351,C,2013-09-07 23:55:44,2013-09-08 00:05:59,10.2500
1378598147620000612,20000612,A,2013-09-07 23:55:47,2013-09-08 00:10:32,14.7500
1378598196620000574,20000574,C,2013-09-07 23:56:36,2013-09-08 00:29:06,32.5000
1378598211620000463,20000463,B,2013-09-07 23:56:51,2013-09-08 00:05:06,8.2500
1378598214620000486,20000486,C,2013-09-07 23:56:54,2013-09-08 00:04:54,8.0000
1378598238620000387,20000387,B,2013-09-07 23:57:18,2013-09-08 00:05:33,8.2500
1378598245620000304,20000304,C,2013-09-07 23:57:25,2013-09-08 00:01:55,4.5000
1378598257620000276,20000276,B,2013-09-07 23:57:37,2013-09-08 00:06:07,8.5000
1378598269620000066,20000066,B,2013-09-07 23:57:49,2013-09-08 00:03:34,5.7500
1378598306620000649,20000649,A,2013-09-07 23:58:26,2013-09-08 00:09:11,10.7500
1378598337620000680,20000680,B,2013-09-07 23:58:57,2013-09-08 00:05:42,6.7500
1378598339620000678,20000678,B,2013-09-07 23:58:59,2013-09-08 00:20:14,21.2500
1378598355620000136,20000136,C,2013-09-07 23:59:15,2013-09-08 00:08:15,9.0000
1378598362620000057,20000057,B,2013-09-07 23:59:22,2013-09-08 00:10:07,10.7500
1378598372620000658,20000658,B,2013-09-07 23:59:32,2013-09-08 00:18:32,19.0000
1378598392620000353,20000353,B,2013-09-07 23:59:52,2013-09-08 00:21:07,21.2500
1378684152620000233,20000233,A,2013-09-08 23:49:12,2013-09-09 00:01:12,12.0000
1378684348620000574,20000574,B,2013-09-08 23:52:28,2013-09-09 00:06:58,14.5000
1378684404620000003,20000003,A,2013-09-08 23:53:24,2013-09-09 00:10:09,16.7500
1378684409620000359,20000359,C,2013-09-08 23:53:29,2013-09-09 00:01:59,8.5000
1378684424620000430,20000430,A,2013-09-08 23:53:44,2013-09-09 00:11:44,18.0000
1378684424620000571,20000571,C,2013-09-08 23:53:44,2013-09-09 00:27:59,34.2500
1378684477620000600,20000600,B,2013-09-08 23:54:37,2013-09-09 00:04:22,9.7500
1378684604620000179,20000179,A,2013-09-08 23:56:44,2013-09-09 00:09:29,12.7500
1378684769620000482,20000482,B,2013-09-08 23:59:29,2013-09-09 00:15:14,15.7500
1378684784620000011,20000011,B,2013-09-08 23:59:44,2013-09-09 00:14:44,15.0000
1378769982620000252,20000252,C,2013-09-09 23:39:42,2013-09-10 00:02:42,23.0000
1378770256620000453,20000453,A,2013-09-09 23:44:16,2013-09-10 00:06:01,21.7500
1378770719620000037,20000037,C,2013-09-09 23:51:59,2013-09-10 00:06:29,14.5000
1378770844620000571,20000571,A,2013-09-09 23:54:04,2013-09-10 00:11:49,17.7500
1378770908620000337,20000337,B,2013-09-09 23:55:08,2013-09-10 00:06:53,11.7500
1378770913620000178,20000178,C,2013-09-09 23:55:13,2013-09-10 00:30:28,35.2500
1378770949620000011,20000011,B,2013-09-09 23:55:49,2013-09-10 00:03:19,7.5000
1378770952620000196,20000196,B,2013-09-09 23:55:52,2013-09-10 00:06:52,11.0000
1378770959620000304,20000304,C,2013-09-09 23:55:59,2013-09-10 00:01:44,5.7500
1378770986620000472,20000472,B,2013-09-09 23:56:26,2013-09-10 00:03:41,7.2500
1378771082620000285,20000285,A,2013-09-09 23:58:02,2013-09-10 00:09:47,11.7500
1378771118620000233,20000233,C,2013-09-09 23:58:38,2013-09-10 00:13:08,14.5000
1378771119620000403,20000403,C,2013-09-09 23:58:39,2013-09-10 00:07:24,8.7500
1378771183620000297,20000297,B,2013-09-09 23:59:43,2013-09-10 00:07:43,8.0000
1378856354620000364,20000364,C,2013-09-10 23:39:14,2013-09-11 00:59:44,80.5000
1378856908620000542,20000542,B,2013-09-10 23:48:28,2013-09-11 00:02:28,14.0000
1378857392620000684,20000684,C,2013-09-10 23:56:32,2013-09-11 00:07:02,10.5000
1378857404620000031,20000031,B,2013-09-10 23:56:44,2013-09-11 00:02:44,6.0000
1378857468620000173,20000173,A,2013-09-10 23:57:48,2013-09-11 00:01:03,3.2500
1378857507620000105,20000105,A,2013-09-10 23:58:27,2013-09-11 00:17:42,19.2500
1378857520620000112,20000112,C,2013-09-10 23:58:40,2013-09-11 00:05:40,7.0000
1378857535620000688,20000688,C,2013-09-10 23:58:55,2013-09-11 00:08:10,9.2500
1378857546620000020,20000020,B,2013-09-10 23:59:06,2013-09-11 00:08:21,9.2500
1378857570620000625,20000625,B,2013-09-10 23:59:30,2013-09-11 00:08:15,8.7500
1378857598620000005,20000005,B,2013-09-10 23:59:58,2013-09-11 00:06:43,6.7500
1378931764620000014,20000014,B,2013-09-11 20:36:04,2013-09-12 00:14:04,218.0000
1378943478620000618,20000618,B,2013-09-11 23:51:18,2013-09-12 00:01:18,10.0000
1378943490620000195,20000195,B,2013-09-11 23:51:30,2013-09-12 00:07:15,15.7500
1378943511620000031,20000031,C,2013-09-11 23:51:51,2013-09-12 00:02:21,10.5000
1378943534620000483,20000483,C,2013-09-11 23:52:14,2013-09-12 00:05:44,13.5000
1378943599620000004,20000004,B,2013-09-11 23:53:19,2013-09-12 00:00:19,7.0000
1378943623620000356,20000356,C,2013-09-11 23:53:43,2013-09-12 00:06:43,13.0000
1378943672620000136,20000136,C,2013-09-11 23:54:32,2013-09-12 00:02:32,8.0000
1378943759620000684,20000684,C,2013-09-11 23:55:59,2013-09-12 00:09:14,13.2500
1378943782620000060,20000060,B,2013-09-11 23:56:22,2013-09-12 00:14:22,18.0000
1378943788620000263,20000263,B,2013-09-11 23:56:28,2013-09-12 00:07:43,11.2500
1378943790620000245,20000245,B,2013-09-11 23:56:30,2013-09-12 00:04:30,8.0000
1378943833620000600,20000600,B,2013-09-11 23:57:13,2013-09-12 00:07:13,10.0000
1378943946620000171,20000171,B,2013-09-11 23:59:06,2013-09-12 00:07:51,8.7500
1378943948620000140,20000140,C,2013-09-11 23:59:08,2013-09-12 00:02:23,3.2500
1378943969620000424,20000424,C,2013-09-11 23:59:29,2013-09-12 00:02:14,2.7500
1378943988620000178,20000178,B,2013-09-11 23:59:48,2013-09-12 00:06:03,6.2500
1378943995620000008,20000008,B,2013-09-11 23:59:55,2013-09-12 00:11:10,11.2500
1378943999620000561,20000561,B,2013-09-11 23:59:59,2013-09-12 00:05:44,5.7500
1379028984620000561,20000561,B,2013-09-12 23:36:24,2013-09-13 00:02:54,26.5000
1379029478620000624,20000624,B,2013-09-12 23:44:38,2013-09-13 00:04:08,19.5000
1379029631620000486,20000486,A,2013-09-12 23:47:11,2013-09-13 00:20:41,33.5000
1379029761620000066,20000066,B,2013-09-12 23:49:21,2013-09-13 00:03:51,14.5000
1379029802620000569,20000569,C,2013-09-12 23:50:02,2013-09-13 00:07:17,17.2500
1379029849620000625,20000625,B,2013-09-12 23:50:49,2013-09-13 00:15:34,24.7500
1379029852620000488,20000488,A,2013-09-12 23:50:52,2013-09-13 00:03:37,12.7500
1379029873620000231,20000231,B,2013-09-12 23:51:13,2013-09-13 00:00:28,9.2500
1379029874620000060,20000060,C,2013-09-12 23:51:14,2013-09-13 00:01:44,10.5000
1379029903620000657,20000657,C,2013-09-12 23:51:43,2013-09-13 00:23:43,32.0000
1379029936620000388,20000388,B,2013-09-12 23:52:16,2013-09-13 00:00:01,7.7500
1379029966620000640,20000640,B,2013-09-12 23:52:46,2013-09-13 00:00:31,7.7500
1379029999620000022,20000022,C,2013-09-12 23:53:19,2013-09-13 00:01:04,7.7500
1379030036620000285,20000285,B,2013-09-12 23:53:56,2013-09-13 00:00:56,7.0000
1379030048620000233,20000233,B,2013-09-12 23:54:08,2013-09-13 00:05:23,11.2500
1379030088620000325,20000325,B,2013-09-12 23:54:48,2013-09-13 00:01:33,6.7500
1379030096620000665,20000665,C,2013-09-12 23:54:56,2013-09-13 00:03:26,8.5000
1379030134620000610,20000610,C,2013-09-12 23:55:34,2013-09-13 00:01:19,5.7500
1379030195620000263,20000263,C,2013-09-12 23:56:35,2013-09-13 00:05:20,8.7500
1379030275620000245,20000245,B,2013-09-12 23:57:55,2013-09-13 00:03:10,5.2500
1379030293620000012,20000012,B,2013-09-12 23:58:13,2013-09-13 00:07:13,9.0000
1379030301620000304,20000304,C,2013-09-12 23:58:21,2013-09-13 00:11:36,13.2500
1379030305620000529,20000529,C,2013-09-12 23:58:25,2013-09-13 00:07:40,9.2500
1379030312620000454,20000454,A,2013-09-12 23:58:32,2013-09-13 00:04:32,6.0000
1379030317620000197,20000197,A,2013-09-12 23:58:37,2013-09-13 00:06:52,8.2500
1379030364620000089,20000089,A,2013-09-12 23:59:24,2013-09-13 00:09:54,10.5000
1379030373620000157,20000157,A,2013-09-12 23:59:33,2013-09-13 00:12:18,12.7500
1379030389620000108,20000108,C,2013-09-12 23:59:49,2013-09-13 00:10:19,10.5000
1379108876620000486,20000486,C,2013-09-13 21:47:56,2013-09-14 00:14:41,146.7500
1379109952620000902,20000902,C,2013-09-13 22:05:52,2013-09-14 00:40:07,154.2500
1379114611620000142,20000142,C,2013-09-13 23:23:31,2013-09-14 00:04:01,40.5000
1379115645620000008,20000008,A,2013-09-13 23:40:45,2013-09-14 00:04:00,23.2500
1379115771620000345,20000345,C,2013-09-13 23:42:51,2013-09-14 00:06:21,23.5000
1379115861620000496,20000496,C,2013-09-13 23:44:21,2013-09-14 00:05:21,21.0000
1379115937620000554,20000554,C,2013-09-13 23:45:37,2013-09-14 00:02:07,16.5000
1379115998620000395,20000395,B,2013-09-13 23:46:38,2013-09-14 00:04:53,18.2500
1379116005620000173,20000173,B,2013-09-13 23:46:45,2013-09-14 00:09:15,22.5000
1379116156620000054,20000054,B,2013-09-13 23:49:16,2013-09-14 00:25:01,35.7500
1379116294620000514,20000514,B,2013-09-13 23:51:34,2013-09-14 00:08:04,16.5000
1379116306620000381,20000381,C,2013-09-13 23:51:46,2013-09-14 00:09:16,17.5000
1379116320620000672,20000672,C,2013-09-13 23:52:00,2013-09-14 00:05:45,13.7500
1379116376620000231,20000231,C,2013-09-13 23:52:56,2013-09-14 00:19:11,26.2500
1379116419620000154,20000154,B,2013-09-13 23:53:39,2013-09-14 00:00:54,7.2500
1379116522620000476,20000476,B,2013-09-13 23:55:22,2013-09-14 00:09:07,13.7500
1379116537620000356,20000356,B,2013-09-13 23:55:37,2013-09-14 00:11:07,15.5000
1379116549620000529,20000529,C,2013-09-13 23:55:49,2013-09-14 00:04:34,8.7500
1379116558620000419,20000419,B,2013-09-13 23:55:58,2013-09-14 00:02:43,6.7500
1379116566620000612,20000612,C,2013-09-13 23:56:06,2013-09-14 00:07:36,11.5000
1379116575620000242,20000242,B,2013-09-13 23:56:15,2013-09-14 00:03:30,7.2500
1379116575620000574,20000574,C,2013-09-13 23:56:15,2013-09-14 00:20:45,24.5000
1379116578620000260,20000260,A,2013-09-13 23:56:18,2013-09-14 00:01:03,4.7500
1379116586620000483,20000483,C,2013-09-13 23:56:26,2013-09-14 00:03:11,6.7500
1379116599620000309,20000309,B,2013-09-13 23:56:39,2013-09-14 00:08:09,11.5000
1379116601620000589,20000589,B,2013-09-13 23:56:41,2013-09-14 00:03:56,7.2500
1379116610620000031,20000031,A,2013-09-13 23:56:50,2013-09-14 00:20:35,23.7500
1379116619620000320,20000320,C,2013-09-13 23:56:59,2013-09-14 00:11:29,14.5000
1379116638620000311,20000311,C,2013-09-13 23:57:18,2013-09-14 00:06:18,9.0000
1379116652620000256,20000256,C,2013-09-13 23:57:32,2013-09-14 00:08:02,10.5000
1379116671620000633,20000633,B,2013-09-13 23:57:51,2013-09-14 00:06:51,9.0000
1379116673620000621,20000621,A,2013-09-13 23:57:53,2013-09-14 00:03:08,5.2500
1379116681620000188,20000188,C,2013-09-13 23:58:01,2013-09-14 00:00:46,2.7500
1379116715620000009,20000009,A,2013-09-13 23:58:35,2013-09-14 00:06:05,7.5000
1379116729620000665,20000665,C,2013-09-13 23:58:49,2013-09-14 00:16:19,17.5000
1379116740620000108,20000108,C,2013-09-13 23:59:00,2013-09-14 00:11:15,12.2500
1379116778620000451,20000451,B,2013-09-13 23:59:38,2013-09-14 00:08:38,9.0000
1379116780620000199,20000199,B,2013-09-13 23:59:40,2013-09-14 00:08:10,8.5000
1379201824620000481,20000481,B,2013-09-14 23:37:04,2013-09-15 00:03:04,26.0000
1379202063620000554,20000554,B,2013-09-14 23:41:03,2013-09-15 00:01:18,20.2500
1379202207620000591,20000591,A,2013-09-14 23:43:27,2013-09-15 00:11:57,28.5000
1379202306620000486,20000486,B,2013-09-14 23:45:06,2013-09-15 00:31:51,46.7500
1379202364620000011,20000011,B,2013-09-14 23:46:04,2013-09-15 00:01:34,15.5000
1379202387620000600,20000600,A,2013-09-14 23:46:27,2013-09-15 00:02:27,16.0000
1379202391620000423,20000423,B,2013-09-14 23:46:31,2013-09-15 00:01:16,14.7500
1379202419620000380,20000380,C,2013-09-14 23:46:59,2013-09-15 00:03:29,16.5000
1379202461620000066,20000066,C,2013-09-14 23:47:41,2013-09-15 00:05:11,17.5000
1379202532620000372,20000372,C,2013-09-14 23:48:52,2013-09-15 00:00:22,11.5000
1379202549620000612,20000612,C,2013-09-14 23:49:09,2013-09-15 00:07:54,18.7500
1379202560620000060,20000060,B,2013-09-14 23:49:20,2013-09-15 00:12:20,23.0000
1379202570620000067,20000067,B,2013-09-14 23:49:30,2013-09-15 00:10:30,21.0000
1379202626620000054,20000054,C,2013-09-14 23:50:26,2013-09-15 00:01:11,10.7500
1379202629620000424,20000424,C,2013-09-14 23:50:29,2013-09-15 00:04:59,14.5000
1379202632620000003,20000003,A,2013-09-14 23:50:32,2013-09-15 00:00:32,10.0000
1379202657620000395,20000395,A,2013-09-14 23:50:57,2013-09-15 00:03:57,13.0000
1379202672620000105,20000105,B,2013-09-14 23:51:12,2013-09-15 00:08:12,17.0000
1379202673620000120,20000120,B,2013-09-14 23:51:13,2013-09-15 00:03:28,12.2500
1379202703620000525,20000525,C,2013-09-14 23:51:43,2013-09-15 00:05:58,14.2500
1379202715620000249,20000249,C,2013-09-14 23:51:55,2013-09-15 00:19:10,27.2500
1379202731620000367,20000367,A,2013-09-14 23:52:11,2013-09-15 00:07:56,15.7500
1379202744620000161,20000161,B,2013-09-14 23:52:24,2013-09-15 00:02:09,9.7500
1379202751620000463,20000463,C,2013-09-14 23:52:31,2013-09-15 00:07:16,14.7500
1379202772620000140,20000140,B,2013-09-14 23:52:52,2013-09-15 00:00:22,7.5000
1379202799620000235,20000235,B,2013-09-14 23:53:19,2013-09-15 00:00:04,6.7500
1379202806620000273,20000273,C,2013-09-14 23:53:26,2013-09-15 00:06:26,13.0000
1379202849620000077,20000077,C,2013-09-14 23:54:09,2013-09-15 00:05:54,11.7500
1379202853620000508,20000508,B,2013-09-14 23:54:13,2013-09-15 00:05:28,11.2500
1379202862620000359,20000359,C,2013-09-14 23:54:22,2013-09-15 00:22:07,27.7500
1379202913620000473,20000473,A,2013-09-14 23:55:13,2013-09-15 00:04:43,9.5000
1379202950620000101,20000101,C,2013-09-14 23:55:50,2013-09-15 00:02:50,7.0000
1379202953620000051,20000051,C,2013-09-14 23:55:53,2013-09-15 00:01:23,5.5000
1379202953620000381,20000381,A,2013-09-14 23:55:53,2013-09-15 00:06:08,10.2500
1379202983620000089,20000089,C,2013-09-14 23:56:23,2013-09-15 00:10:23,14.0000
1379202991620000376,20000376,C,2013-09-14 23:56:31,2013-09-15 00:03:16,6.7500
1379203002620000482,20000482,A,2013-09-14 23:56:42,2013-09-15 00:00:57,4.2500
1379203061620000476,20000476,C,2013-09-14 23:57:41,2013-09-15 00:08:41,11.0000
1379203064620000667,20000667,C,2013-09-14 23:57:44,2013-09-15 00:07:29,9.7500
1379203095620000324,20000324,B,2013-09-14 23:58:15,2013-09-15 00:04:00,5.7500
1379203119620000574,20000574,C,2013-09-14 23:58:39,2013-09-15 00:08:24,9.7500
1379203123620000020,20000020,B,2013-09-14 23:58:43,2013-09-15 00:08:58,10.2500
1379203149620000658,20000658,B,2013-09-14 23:59:09,2013-09-15 00:18:39,19.5000
1379203157620000542,20000542,A,2013-09-14 23:59:17,2013-09-15 00:06:47,7.5000
1379203173620000451,20000451,B,2013-09-14 23:59:33,2013-09-15 00:07:33,8.0000
1379203185620000042,20000042,B,2013-09-14 23:59:45,2013-09-15 00:17:30,17.7500
1379203196620000201,20000201,C,2013-09-14 23:59:56,2013-09-15 00:08:26,8.5000
1379287109620000612,20000612,A,2013-09-15 23:18:29,2013-09-16 00:02:14,43.7500
1379288418620000337,20000337,C,2013-09-15 23:40:18,2013-09-16 00:02:18,22.0000
1379288719620000197,20000197,B,2013-09-15 23:45:19,2013-09-16 00:05:49,20.5000
1379288864620000625,20000625,B,2013-09-15 23:47:44,2013-09-16 00:05:29,17.7500
1379289184620000450,20000450,B,2013-09-15 23:53:04,2013-09-16 00:12:04,19.0000
1379289246620000610,20000610,C,2013-09-15 23:54:06,2013-09-16 00:03:51,9.7500
1379289252620000395,20000395,C,2013-09-15 23:54:12,2013-09-16 00:11:27,17.2500
1379289299620000089,20000089,A,2013-09-15 23:54:59,2013-09-16 00:00:29,5.5000
1379289311620000662,20000662,B,2013-09-15 23:55:11,2013-09-16 00:07:26,12.2500
1379289316620000201,20000201,C,2013-09-15 23:55:16,2013-09-16 00:12:46,17.5000
1379289352620000518,20000518,B,2013-09-15 23:55:52,2013-09-16 00:02:37,6.7500
1379289379620000527,20000527,B,2013-09-15 23:56:19,2013-09-16 00:03:04,6.7500
1379289417620000542,20000542,B,2013-09-15 23:56:57,2013-09-16 00:05:27,8.5000
1379289458620000129,20000129,B,2013-09-15 23:57:38,2013-09-16 00:12:23,14.7500
1379289467620000486,20000486,B,2013-09-15 23:57:47,2013-09-16 00:11:17,13.5000
1379289476620000600,20000600,B,2013-09-15 23:57:56,2013-09-16 00:07:41,9.7500
1379289482620000171,20000171,B,2013-09-15 23:58:02,2013-09-16 00:14:02,16.0000
1379372239620000376,20000376,B,2013-09-16 22:57:19,2013-09-17 00:34:04,96.7500
1379375205620000561,20000561,C,2013-09-16 23:46:45,2013-09-17 00:05:00,18.2500
1379375470620000435,20000435,C,2013-09-16 23:51:10,2013-09-17 00:00:25,9.2500
1379375503620000600,20000600,B,2013-09-16 23:51:43,2013-09-17 00:00:28,8.7500
1379375503620000672,20000672,A,2013-09-16 23:51:43,2013-09-17 00:07:28,15.7500
1379375523620000380,20000380,C,2013-09-16 23:52:03,2013-09-17 00:01:48,9.7500
1379375536620000483,20000483,C,2013-09-16 23:52:16,2013-09-17 00:01:16,9.0000
1379375561620000624,20000624,B,2013-09-16 23:52:41,2013-09-17 00:07:26,14.7500
1379375572620000488,20000488,C,2013-09-16 23:52:52,2013-09-17 00:05:07,12.2500
1379375821620000020,20000020,C,2013-09-16 23:57:01,2013-09-17 00:05:16,8.2500
1379375836620000601,20000601,C,2013-09-16 23:57:16,2013-09-17 00:04:46,7.5000
1379375928620000011,20000011,C,2013-09-16 23:58:48,2013-09-17 00:14:48,16.0000
1379375934620000589,20000589,C,2013-09-16 23:58:54,2013-09-17 00:03:24,4.5000
1379375974620000520,20000520,B,2013-09-16 23:59:34,2013-09-17 00:08:34,9.0000
1379375984620000167,20000167,B,2013-09-16 23:59:44,2013-09-17 00:05:14,5.5000
1379375996620000610,20000610,C,2013-09-16 23:59:56,2013-09-17 00:14:56,15.0000
1379461691620000684,20000684,C,2013-09-17 23:48:11,2013-09-18 00:03:11,15.0000
1379461772620000367,20000367,B,2013-09-17 23:49:32,2013-09-18 00:04:17,14.7500
1379461822620000529,20000529,C,2013-09-17 23:50:22,2013-09-18 00:08:22,18.0000
1379461900620000625,20000625,B,2013-09-17 23:51:40,2013-09-18 00:06:40,15.0000
1379461935620000153,20000153,B,2013-09-17 23:52:15,2013-09-18 00:03:45,11.5000
1379461964620000129,20000129,B,2013-09-17 23:52:44,2013-09-18 00:02:29,9.7500
1379461975620000686,20000686,B,2013-09-17 23:52:55,2013-09-18 00:01:10,8.2500
1379462037620000446,20000446,B,2013-09-17 23:53:57,2013-09-18 00:09:12,15.2500
1379462086620000112,20000112,C,2013-09-17 23:54:46,2013-09-18 00:01:31,6.7500
1379462129620000473,20000473,B,2013-09-17 23:55:29,2013-09-18 00:03:59,8.5000
1379462204620000337,20000337,C,2013-09-17 23:56:44,2013-09-18 00:29:29,32.7500
1379462229620000351,20000351,C,2013-09-17 23:57:09,2013-09-18 00:02:39,5.5000
1379462248620000157,20000157,A,2013-09-17 23:57:28,2013-09-18 00:05:28,8.0000
1379462252620000304,20000304,C,2013-09-17 23:57:32,2013-09-18 00:05:32,8.0000
1379462257620000160,20000160,B,2013-09-17 23:57:37,2013-09-18 00:07:52,10.2500
1379462279620000600,20000600,B,2013-09-17 23:57:59,2013-09-18 00:12:14,14.2500
1379462287620000105,20000105,C,2013-09-17 23:58:07,2013-09-18 00:07:22,9.2500
1379462356620000297,20000297,C,2013-09-17 23:59:16,2013-09-18 00:10:01,10.7500
1379462360620000610,20000610,C,2013-09-17 23:59:20,2013-09-18 00:04:50,5.5000
1379545449620000060,20000060,C,2013-09-18 23:04:09,2013-09-19 00:17:09,73.0000
1379547554620000235,20000235,C,2013-09-18 23:39:14,2013-09-19 00:04:59,25.7500
1379547899620000625,20000625,B,2013-09-18 23:44:59,2013-09-19 00:00:44,15.7500
1379547953620000395,20000395,B,2013-09-18 23:45:53,2013-09-19 00:00:38,14.7500
1379547959620000215,20000215,C,2013-09-18 23:45:59,2013-09-19 00:00:44,14.7500
1379548045620000388,20000388,B,2013-09-18 23:47:25,2013-09-19 00:18:55,31.5000
1379548103620000430,20000430,B,2013-09-18 23:48:23,2013-09-19 00:00:38,12.2500
1379548155620000108,20000108,C,2013-09-18 23:49:15,2013-09-19 00:00:45,11.5000
1379548174620000517,20000517,B,2013-09-18 23:49:34,2013-09-19 00:03:19,13.7500
1379548176620000684,20000684,C,2013-09-18 23:49:36,2013-09-19 00:01:06,11.5000
1379548386620000611,20000611,C,2013-09-18 23:53:06,2013-09-19 00:04:06,11.0000
1379548453620000140,20000140,B,2013-09-18 23:54:13,2013-09-19 00:05:28,11.2500
1379548475620000520,20000520,A,2013-09-18 23:54:35,2013-09-19 00:05:20,10.7500
1379548482620000598,20000598,B,2013-09-18 23:54:42,2013-09-19 00:06:27,11.7500
1379548520620000367,20000367,B,2013-09-18 23:55:20,2013-09-19 00:08:35,13.2500
1379548560620000067,20000067,B,2013-09-18 23:56:00,2013-09-19 00:09:30,13.5000
1379548634620000338,20000338,B,2013-09-18 23:57:14,2013-09-19 00:09:59,12.7500
1379548650620000305,20000305,C,2013-09-18 23:57:30,2013-09-19 00:14:45,17.2500
1379548652620000481,20000481,B,2013-09-18 23:57:32,2013-09-19 00:03:47,6.2500
1379548690620000601,20000601,C,2013-09-18 23:58:10,2013-09-19 00:04:40,6.5000
1379548745620000179,20000179,B,2013-09-18 23:59:05,2013-09-19 00:11:35,12.5000
1379548755620000101,20000101,B,2013-09-18 23:59:15,2013-09-19 00:09:30,10.2500
1379548775620000015,20000015,B,2013-09-18 23:59:35,2013-09-19 00:06:35,7.0000
1379548776620000431,20000431,B,2013-09-18 23:59:36,2013-09-19 00:08:36,9.0000
1379548779620000136,20000136,C,2013-09-18 23:59:39,2013-09-19 00:09:09,9.5000
1379634153620000320,20000320,C,2013-09-19 23:42:33,2013-09-20 00:08:48,26.2500
1379634339620000598,20000598,C,2013-09-19 23:45:39,2013-09-20 00:08:39,23.0000
1379634437620000560,20000560,B,2013-09-19 23:47:17,2013-09-20 00:01:47,14.5000
1379634562620000617,20000617,B,2013-09-19 23:49:22,2013-09-20 00:05:07,15.7500
1379634734620000481,20000481,C,2013-09-19 23:52:14,2013-09-20 00:08:29,16.2500
1379634747620000571,20000571,A,2013-09-19 23:52:27,2013-09-20 00:00:57,8.5000
1379634770620000482,20000482,B,2013-09-19 23:52:50,2013-09-20 00:02:35,9.7500
1379634844620000430,20000430,B,2013-09-19 23:54:04,2013-09-20 00:00:34,6.5000
1379634936620000686,20000686,B,2013-09-19 23:55:36,2013-09-20 00:06:06,10.5000
1379634965620000160,20000160,A,2013-09-19 23:56:05,2013-09-20 00:08:20,12.2500
1379634974620000436,20000436,C,2013-09-19 23:56:14,2013-09-20 00:07:14,11.0000
1379634997620000387,20000387,C,2013-09-19 23:56:37,2013-09-20 00:05:52,9.2500
1379634998620000179,20000179,A,2013-09-19 23:56:38,2013-09-20 00:03:08,6.5000
1379635052620000067,20000067,B,2013-09-19 23:57:32,2013-09-20 00:06:47,9.2500
1379635163620000112,20000112,C,2013-09-19 23:59:23,2013-09-20 00:07:38,8.2500
1379635164620000395,20000395,B,2013-09-19 23:59:24,2013-09-20 00:10:39,11.2500
1379635177620000601,20000601,C,2013-09-19 23:59:37,2013-09-20 00:01:07,1.5000
1379635185620000285,20000285,C,2013-09-19 23:59:45,2013-09-20 00:03:45,4.0000
1379635195620000311,20000311,B,2013-09-19 23:59:55,2013-09-20 00:19:40,19.7500
1379720219620000598,20000598,C,2013-09-20 23:36:59,2013-09-21 00:04:44,27.7500
1379720434620000216,20000216,C,2013-09-20 23:40:34,2013-09-21 00:04:19,23.7500
1379720491620000243,20000243,A,2013-09-20 23:41:31,2013-09-21 00:03:01,21.5000
1379720674620000153,20000153,B,2013-09-20 23:44:34,2013-09-21 00:05:19,20.7500
1379720741620000574,20000574,C,2013-09-20 23:45:41,2013-09-21 00:00:56,15.2500
1379720800620000603,20000603,B,2013-09-20 23:46:40,2013-09-21 00:02:10,15.5000
1379720842620000446,20000446,A,2013-09-20 23:47:22,2013-09-21 00:29:37,42.2500
1379720937620000572,20000572,C,2013-09-20 23:48:57,2013-09-21 00:09:12,20.2500
1379721056620000482,20000482,B,2013-09-20 23:50:56,2013-09-21 00:01:56,11.0000
1379721086620000053,20000053,C,2013-09-20 23:51:26,2013-09-21 00:11:41,20.2500
1379721098620000398,20000398,C,2013-09-20 23:51:38,2013-09-21 00:09:08,17.5000
1379721099620000423,20000423,C,2013-09-20 23:51:39,2013-09-21 00:01:54,10.2500
1379721105620000370,20000370,B,2013-09-20 23:51:45,2013-09-21 00:05:00,13.2500
1379721105620000409,20000409,B,2013-09-20 23:51:45,2013-09-21 00:02:00,10.2500
1379721114620000160,20000160,B,2013-09-20 23:51:54,2013-09-21 00:08:09,16.2500
1379721141620000307,20000307,C,2013-09-20 23:52:21,2013-09-21 00:23:06,30.7500
1379721155620000195,20000195,A,2013-09-20 23:52:35,2013-09-21 00:09:50,17.2500
1379721176620000081,20000081,B,2013-09-20 23:52:56,2013-09-21 00:02:56,10.0000
1379721204620000569,20000569,C,2013-09-20 23:53:24,2013-09-21 00:03:39,10.2500
1379721243620000129,20000129,B,2013-09-20 23:54:03,2013-09-21 00:01:48,7.7500
1379721250620000089,20000089,B,2013-09-20 23:54:10,2013-09-21 00:00:40,6.5000
1379721265620000009,20000009,A,2013-09-20 23:54:25,2013-09-21 00:01:55,7.5000
1379721268620000199,20000199,C,2013-09-20 23:54:28,2013-09-21 00:00:28,6.0000
1379721268620000651,20000651,A,2013-09-20 23:54:28,2013-09-21 00:14:43,20.2500
1379721346620000360,20000360,B,2013-09-20 23:55:46,2013-09-21 00:01:16,5.5000
1379721357620000085,20000085,B,2013-09-20 23:55:57,2013-09-21 00:04:57,9.0000
1379721380620000242,20000242,B,2013-09-20 23:56:20,2013-09-21 00:03:35,7.2500
1379721386620000005,20000005,B,2013-09-20 23:56:26,2013-09-21 00:04:26,8.0000
1379721479620000503,20000503,C,2013-09-20 23:57:59,2013-09-21 00:05:59,8.0000
1379721500620000263,20000263,C,2013-09-20 23:58:20,2013-09-21 00:02:20,4.0000
1379721500620000588,20000588,B,2013-09-20 23:58:20,2013-09-21 00:04:50,6.5000
1379721531620000463,20000463,B,2013-09-20 23:58:51,2013-09-21 00:05:51,7.0000
1379721537620000010,20000010,C,2013-09-20 23:58:57,2013-09-21 00:05:57,7.0000
1379721540620000616,20000616,C,2013-09-20 23:59:00,2013-09-21 00:05:00,6.0000
1379721563620000167,20000167,C,2013-09-20 23:59:23,2013-09-21 00:03:53,4.5000
1379721587620000529,20000529,C,2013-09-20 23:59:47,2013-09-21 00:10:32,10.7500
1379721589620000345,20000345,B,2013-09-20 23:59:49,2013-09-21 00:06:19,6.5000
1379721592620000328,20000328,A,2013-09-20 23:59:52,2013-09-21 00:03:52,4.0000
1379806126620000285,20000285,C,2013-09-21 23:28:46,2013-09-22 00:17:16,48.5000
1379806989620000297,20000297,B,2013-09-21 23:43:09,2013-09-22 00:04:09,21.0000
1379807063620000004,20000004,C,2013-09-21 23:44:23,2013-09-22 00:01:23,17.0000
1379807075620000398,20000398,A,2013-09-21 23:44:35,2013-09-22 00:02:05,17.5000
1379807115620000423,20000423,C,2013-09-21 23:45:15,2013-09-22 00:04:15,19.0000
1379807247620000303,20000303,C,2013-09-21 23:47:27,2013-09-22 00:06:12,18.7500
1379807256620000136,20000136,C,2013-09-21 23:47:36,2013-09-22 00:00:36,13.0000
1379807258620000280,20000280,A,2013-09-21 23:47:38,2013-09-22 00:07:38,20.0000
1379807303620000343,20000343,A,2013-09-21 23:48:23,2013-09-22 00:00:08,11.7500
1379807324620000389,20000389,A,2013-09-21 23:48:44,2013-09-22 00:00:29,11.7500
1379807327620000157,20000157,A,2013-09-21 23:48:47,2013-09-22 00:00:32,11.7500
1379807366620000013,20000013,B,2013-09-21 23:49:26,2013-09-22 00:01:56,12.5000
1379807394620000591,20000591,C,2013-09-21 23:49:54,2013-09-22 00:06:24,16.5000
1379807485620000081,20000081,A,2013-09-21 23:51:25,2013-09-22 00:00:25,9.0000
1379807502620000403,20000403,C,2013-09-21 23:51:42,2013-09-22 00:23:12,31.5000
1379807590620000089,20000089,B,2013-09-21 23:53:10,2013-09-22 00:00:40,7.5000
1379807609620000560,20000560,C,2013-09-21 23:53:29,2013-09-22 00:00:44,7.2500
1379807631620000254,20000254,B,2013-09-21 23:53:51,2013-09-22 00:05:21,11.5000
1379807657620000577,20000577,C,2013-09-21 23:54:17,2013-09-22 00:00:47,6.5000
1379807667620000320,20000320,B,2013-09-21 23:54:27,2013-09-22 00:03:57,9.5000
1379807670620000010,20000010,C,2013-09-21 23:54:30,2013-09-22 00:02:45,8.2500
1379807673620000610,20000610,C,2013-09-21 23:54:33,2013-09-22 00:08:18,13.7500
1379807696620000481,20000481,B,2013-09-21 23:54:56,2013-09-22 00:09:26,14.5000
1379807714620000529,20000529,B,2013-09-21 23:55:14,2013-09-22 00:08:29,13.2500
1379807748620000517,20000517,A,2013-09-21 23:55:48,2013-09-22 00:04:18,8.5000
1379807754620000167,20000167,C,2013-09-21 23:55:54,2013-09-22 00:03:24,7.5000
1379807793620000231,20000231,A,2013-09-21 23:56:33,2013-09-22 00:05:33,9.0000
1379807822620000233,20000233,B,2013-09-21 23:57:02,2013-09-22 00:04:47,7.7500
1379807830620000105,20000105,A,2013-09-21 23:57:10,2013-09-22 00:12:55,15.7500
1379807840620000075,20000075,C,2013-09-21 23:57:20,2013-09-22 00:10:50,13.5000
1379807871620000436,20000436,C,2013-09-21 23:57:51,2013-09-22 00:24:06,26.2500
1379807883620000624,20000624,B,2013-09-21 23:58:03,2013-09-22 00:01:48,3.7500
1379807885620000279,20000279,C,2013-09-21 23:58:05,2013-09-22 00:07:50,9.7500
1379807894620000541,20000541,A,2013-09-21 23:58:14,2013-09-22 00:19:29,21.2500
1379807922620000657,20000657,B,2013-09-21 23:58:42,2013-09-22 00:18:12,19.5000
1379807926620000486,20000486,B,2013-09-21 23:58:46,2013-09-22 00:15:16,16.5000
1379807967620000651,20000651,B,2013-09-21 23:59:27,2013-09-22 00:18:12,18.7500
1379807975620000388,20000388,A,2013-09-21 23:59:35,2013-09-22 00:10:20,10.7500
1379807977620000011,20000011,A,2013-09-21 23:59:37,2013-09-22 00:16:07,16.5000
1379893175620000160,20000160,B,2013-09-22 23:39:35,2013-09-23 00:06:50,27.2500
1379893368620000167,20000167,A,2013-09-22 23:42:48,2013-09-23 00:10:18,27.5000
1379893376620000472,20000472,A,2013-09-22 23:42:56,2013-09-23 00:00:56,18.0000
1379893671620000171,20000171,B,2013-09-22 23:47:51,2013-09-23 00:02:51,15.0000
1379893797620000406,20000406,A,2013-09-22 23:49:57,2013-09-23 00:02:12,12.2500
1379893820620000022,20000022,B,2013-09-22 23:50:20,2013-09-23 00:06:50,16.5000
1379893938620000376,20000376,C,2013-09-22 23:52:18,2013-09-23 00:04:33,12.2500
1379893962620000450,20000450,A,2013-09-22 23:52:42,2013-09-23 00:03:42,11.0000
1379893963620000327,20000327,B,2013-09-22 23:52:43,2013-09-23 00:01:58,9.2500
1379893970620000625,20000625,B,2013-09-22 23:52:50,2013-09-23 00:03:35,10.7500
1379893971620000518,20000518,B,2013-09-22 23:52:51,2013-09-23 00:04:21,11.5000
1379893983620000003,20000003,B,2013-09-22 23:53:03,2013-09-23 00:02:48,9.7500
1379894038620000263,20000263,C,2013-09-22 23:53:58,2013-09-23 00:03:43,9.7500
1379894044620000678,20000678,B,2013-09-22 23:54:04,2013-09-23 00:04:34,10.5000
1379894052620000020,20000020,B,2013-09-22 23:54:12,2013-09-23 00:07:27,13.2500
1379894067620000334,20000334,B,2013-09-22 23:54:27,2013-09-23 00:02:57,8.5000
1379894070620000367,20000367,B,2013-09-22 23:54:30,2013-09-23 00:13:45,19.2500
1379894090620000011,20000011,B,2013-09-22 23:54:50,2013-09-23 00:07:05,12.2500
1379894113620000320,20000320,B,2013-09-22 23:55:13,2013-09-23 00:03:43,8.5000
1379894119620000525,20000525,B,2013-09-22 23:55:19,2013-09-23 00:05:34,10.2500
1379894121620000015,20000015,C,2013-09-22 23:55:21,2013-09-23 00:07:21,12.0000
1379894143620000231,20000231,B,2013-09-22 23:55:43,2013-09-23 00:00:58,5.2500
1379894155620000561,20000561,B,2013-09-22 23:55:55,2013-09-23 00:05:55,10.0000
1379894176620000500,20000500,B,2013-09-22 23:56:16,2013-09-23 00:11:46,15.5000
1379894206620000483,20000483,C,2013-09-22 23:56:46,2013-09-23 00:02:01,5.2500
1379894211620000140,20000140,B,2013-09-22 23:56:51,2013-09-23 00:02:36,5.7500
1379894214620000356,20000356,C,2013-09-22 23:56:54,2013-09-23 00:06:54,10.0000
1379894216620000492,20000492,B,2013-09-22 23:56:56,2013-09-23 00:02:41,5.7500
1379894217620000560,20000560,B,2013-09-22 23:56:57,2013-09-23 00:05:42,8.7500
1379894230620000503,20000503,B,2013-09-22 23:57:10,2013-09-23 00:03:40,6.5000
1379894238620000328,20000328,B,2013-09-22 23:57:18,2013-09-23 00:01:18,4.0000
1379894241620000453,20000453,A,2013-09-22 23:57:21,2013-09-23 00:01:06,3.7500
1379894243620000005,20000005,B,2013-09-22 23:57:23,2013-09-23 00:09:53,12.5000
1379894248620000273,20000273,B,2013-09-22 23:57:28,2013-09-23 00:02:43,5.2500
1379894264620000424,20000424,C,2013-09-22 23:57:44,2013-09-23 00:13:44,16.0000
1379894362620000463,20000463,A,2013-09-22 23:59:22,2013-09-23 00:06:52,7.5000
1379894399620000081,20000081,B,2013-09-22 23:59:59,2013-09-23 00:10:29,10.5000
1379954402620000904,20000904,C,2013-09-23 16:40:02,2013-09-24 05:39:47,779.7500
1379978964620000179,20000179,C,2013-09-23 23:29:24,2013-09-24 00:04:24,35.0000
1379979097620000598,20000598,C,2013-09-23 23:31:37,2013-09-24 00:31:52,60.2500
1379979357620000338,20000338,B,2013-09-23 23:35:57,2013-09-24 00:03:42,27.7500
1379980159620000015,20000015,B,2013-09-23 23:49:19,2013-09-24 00:07:34,18.2500
1379980208620000332,20000332,B,2013-09-23 23:50:08,2013-09-24 00:16:53,26.7500
1379980327620000195,20000195,B,2013-09-23 23:52:07,2013-09-24 00:00:52,8.7500
1379980500620000503,20000503,A,2013-09-23 23:55:00,2013-09-24 00:02:15,7.2500
1379980548620000574,20000574,B,2013-09-23 23:55:48,2013-09-24 00:02:18,6.5000
1379980617620000451,20000451,B,2013-09-23 23:56:57,2013-09-24 00:01:57,5.0000
1379980647620000011,20000011,C,2013-09-23 23:57:27,2013-09-24 00:08:57,11.5000
1379980673620000080,20000080,A,2013-09-23 23:57:53,2013-09-24 00:13:23,15.5000
1379980679620000560,20000560,C,2013-09-23 23:57:59,2013-09-24 00:04:29,6.5000
1379980748620000013,20000013,A,2013-09-23 23:59:08,2013-09-24 00:20:38,21.5000
1379980754620000424,20000424,C,2013-09-23 23:59:14,2013-09-24 00:05:14,6.0000
1379980758620000569,20000569,C,2013-09-23 23:59:18,2013-09-24 00:02:33,3.2500
1379980794620000395,20000395,C,2013-09-23 23:59:54,2013-09-24 00:17:39,17.7500
1380066460620000577,20000577,B,2013-09-24 23:47:40,2013-09-25 00:07:25,19.7500
1380066620620000482,20000482,B,2013-09-24 23:50:20,2013-09-25 00:06:50,16.5000
1380066787620000476,20000476,A,2013-09-24 23:53:07,2013-09-25 00:06:22,13.2500
1380066908620000179,20000179,B,2013-09-24 23:55:08,2013-09-25 00:05:08,10.0000
1380067016620000309,20000309,B,2013-09-24 23:56:56,2013-09-25 00:03:56,7.0000
1380067130620000376,20000376,C,2013-09-24 23:58:50,2013-09-25 00:02:50,4.0000
1380152430620000574,20000574,B,2013-09-25 23:40:30,2013-09-26 00:05:00,24.5000
1380152915620000285,20000285,C,2013-09-25 23:48:35,2013-09-26 00:00:50,12.2500
1380152996620000157,20000157,A,2013-09-25 23:49:56,2013-09-26 00:05:26,15.5000
1380153039620000341,20000341,B,2013-09-25 23:50:39,2013-09-26 00:01:24,10.7500
1380153043620000525,20000525,B,2013-09-25 23:50:43,2013-09-26 00:00:58,10.2500
1380153094620000561,20000561,B,2013-09-25 23:51:34,2013-09-26 00:07:04,15.5000
1380153130620000675,20000675,C,2013-09-25 23:52:10,2013-09-26 00:00:10,8.0000
1380153133620000488,20000488,B,2013-09-25 23:52:13,2013-09-26 00:10:43,18.5000
1380153227620000387,20000387,A,2013-09-25 23:53:47,2013-09-26 00:00:32,6.7500
1380153274620000112,20000112,C,2013-09-25 23:54:34,2013-09-26 00:01:04,6.5000
1380153280620000263,20000263,B,2013-09-25 23:54:40,2013-09-26 00:12:10,17.5000
1380153312620000013,20000013,A,2013-09-25 23:55:12,2013-09-26 00:07:27,12.2500
1380153324620000154,20000154,B,2013-09-25 23:55:24,2013-09-26 00:00:09,4.7500
1380153364620000325,20000325,B,2013-09-25 23:56:04,2013-09-26 00:05:04,9.0000
1380153377620000662,20000662,C,2013-09-25 23:56:17,2013-09-26 00:14:32,18.2500
1380153387620000560,20000560,C,2013-09-25 23:56:27,2013-09-26 00:04:57,8.5000
1380153411620000216,20000216,A,2013-09-25 23:56:51,2013-09-26 00:04:51,8.0000
1380153513620000472,20000472,B,2013-09-25 23:58:33,2013-09-26 00:08:18,9.7500
1380238682620000037,20000037,C,2013-09-26 23:38:02,2013-09-27 00:16:32,38.5000
1380238989620000129,20000129,B,2013-09-26 23:43:09,2013-09-27 00:02:39,19.5000
1380239019620000492,20000492,B,2013-09-26 23:43:39,2013-09-27 00:10:09,26.5000
1380239027620000598,20000598,C,2013-09-26 23:43:47,2013-09-27 00:00:17,16.5000
1380239062620000120,20000120,B,2013-09-26 23:44:22,2013-09-27 00:11:22,27.0000
1380239220620000668,20000668,C,2013-09-26 23:47:00,2013-09-27 02:07:45,140.7500
1380239482620000305,20000305,B,2013-09-26 23:51:22,2013-09-27 00:00:37,9.2500
1380239515620000307,20000307,B,2013-09-26 23:51:55,2013-09-27 00:06:10,14.2500
1380239552620000600,20000600,B,2013-09-26 23:52:32,2013-09-27 00:00:32,8.0000
1380239660620000153,20000153,A,2013-09-26 23:54:20,2013-09-27 00:06:50,12.5000
1380239704620000626,20000626,B,2013-09-26 23:55:04,2013-09-27 00:06:19,11.2500
1380239733620000496,20000496,B,2013-09-26 23:55:33,2013-09-27 00:04:48,9.2500
1380239740620000672,20000672,B,2013-09-26 23:55:40,2013-09-27 00:03:10,7.5000
1380239833620000406,20000406,B,2013-09-26 23:57:13,2013-09-27 00:02:28,5.2500
1380239840620000376,20000376,A,2013-09-26 23:57:20,2013-09-27 00:01:35,4.2500
1380239880620000199,20000199,B,2013-09-26 23:58:00,2013-09-27 00:05:45,7.7500
1380239894620000678,20000678,B,2013-09-26 23:58:14,2013-09-27 00:12:14,14.0000
1380239906620000263,20000263,B,2013-09-26 23:58:26,2013-09-27 00:09:26,11.0000
1380239923620000513,20000513,C,2013-09-26 23:58:43,2013-09-27 00:15:28,16.7500
1380239962620000688,20000688,B,2013-09-26 23:59:22,2013-09-27 00:41:22,42.0000
1380239984620000089,20000089,A,2013-09-26 23:59:44,2013-09-27 00:04:14,4.5000
1380325245620000520,20000520,C,2013-09-27 23:40:45,2013-09-28 00:07:30,26.7500
1380325373620000446,20000446,C,2013-09-27 23:42:53,2013-09-28 00:25:08,42.2500
1380325473620000338,20000338,A,2013-09-27 23:44:33,2013-09-28 00:02:03,17.5000
1380325520620000387,20000387,A,2013-09-27 23:45:20,2013-09-28 00:04:35,19.2500
1380325537620000304,20000304,C,2013-09-27 23:45:37,2013-09-28 00:04:22,18.7500
1380325551620000434,20000434,C,2013-09-27 23:45:51,2013-09-28 00:00:21,14.5000
1380325578620000216,20000216,A,2013-09-27 23:46:18,2013-09-28 00:03:03,16.7500
1380325595620000256,20000256,A,2013-09-27 23:46:35,2013-09-28 00:01:20,14.7500
1380325628620000179,20000179,A,2013-09-27 23:47:08,2013-09-28 00:01:38,14.5000
1380325637620000589,20000589,B,2013-09-27 23:47:17,2013-09-28 00:01:02,13.7500
1380325778620000603,20000603,A,2013-09-27 23:49:38,2013-09-28 00:09:53,20.2500
1380325881620000245,20000245,A,2013-09-27 23:51:21,2013-09-28 00:06:36,15.2500
1380325928620000409,20000409,C,2013-09-27 23:52:08,2013-09-28 00:17:08,25.0000
1380325934620000529,20000529,C,2013-09-27 23:52:14,2013-09-28 00:14:44,22.5000
1380326055620000370,20000370,C,2013-09-27 23:54:15,2013-09-28 00:00:15,6.0000
1380326060620000192,20000192,C,2013-09-27 23:54:20,2013-09-28 00:01:35,7.2500
1380326073620000309,20000309,B,2013-09-27 23:54:33,2013-09-28 00:04:48,10.2500
1380326087620000686,20000686,C,2013-09-27 23:54:47,2013-09-28 00:00:47,6.0000
1380326110620000136,20000136,C,2013-09-27 23:55:10,2013-09-28 00:09:25,14.2500
1380326135620000154,20000154,A,2013-09-27 23:55:35,2013-09-28 00:05:05,9.5000
1380326140620000053,20000053,C,2013-09-27 23:55:40,2013-09-28 00:04:40,9.0000
1380326152620000105,20000105,A,2013-09-27 23:55:52,2013-09-28 00:03:22,7.5000
1380326163620000496,20000496,B,2013-09-27 23:56:03,2013-09-28 00:01:33,5.5000
1380326193620000687,20000687,A,2013-09-27 23:56:33,2013-09-28 00:08:18,11.7500
1380326330620000010,20000010,C,2013-09-27 23:58:50,2013-09-28 00:24:20,25.5000
1380326336620000569,20000569,C,2013-09-27 23:58:56,2013-09-28 00:09:11,10.2500
1380326348620000142,20000142,B,2013-09-27 23:59:08,2013-09-28 00:12:38,13.5000
1380326349620000486,20000486,C,2013-09-27 23:59:09,2013-09-28 00:15:09,16.0000
1380326358620000360,20000360,C,2013-09-27 23:59:18,2013-09-28 00:07:18,8.0000
1380326367620000089,20000089,A,2013-09-27 23:59:27,2013-09-28 00:06:42,7.2500
1380326372620000651,20000651,B,2013-09-27 23:59:32,2013-09-28 00:19:47,20.2500
1380411330620000320,20000320,C,2013-09-28 23:35:30,2013-09-29 00:12:00,36.5000
1380411388620000051,20000051,B,2013-09-28 23:36:28,2013-09-29 00:06:43,30.2500
1380412020620000577,20000577,A,2013-09-28 23:47:00,2013-09-29 00:03:45,16.7500
1380412060620000136,20000136,C,2013-09-28 23:47:40,2013-09-29 00:01:10,13.5000
1380412069620000031,20000031,A,2013-09-28 23:47:49,2013-09-29 00:02:04,14.2500
1380412086620000514,20000514,B,2013-09-28 23:48:06,2013-09-29 00:02:06,14.0000
1380412166620000233,20000233,A,2013-09-28 23:49:26,2013-09-29 00:07:41,18.2500
1380412211620000140,20000140,C,2013-09-28 23:50:11,2013-09-29 00:04:11,14.0000
1380412310620000388,20000388,A,2013-09-28 23:51:50,2013-09-29 00:08:50,17.0000
1380412338620000678,20000678,B,2013-09-28 23:52:18,2013-09-29 00:02:03,9.7500
1380412352620000406,20000406,B,2013-09-28 23:52:32,2013-09-29 00:05:32,13.0000
1380412362620000080,20000080,B,2013-09-28 23:52:42,2013-09-29 00:02:42,10.0000
1380412394620000372,20000372,C,2013-09-28 23:53:14,2013-09-29 00:13:14,20.0000
1380412399620000680,20000680,B,2013-09-28 23:53:19,2013-09-29 00:02:19,9.0000
1380412419620000561,20000561,B,2013-09-28 23:53:39,2013-09-29 00:02:09,8.5000
1380412488620000173,20000173,A,2013-09-28 23:54:48,2013-09-29 00:08:03,13.2500
1380412497620000360,20000360,C,2013-09-28 23:54:57,2013-09-29 00:07:57,13.0000
1380412505620000370,20000370,B,2013-09-28 23:55:05,2013-09-29 00:02:50,7.7500
1380412517620000197,20000197,A,2013-09-28 23:55:17,2013-09-29 00:01:47,6.5000
1380412520620000249,20000249,A,2013-09-28 23:55:20,2013-09-29 00:02:20,7.0000
1380412531620000381,20000381,A,2013-09-28 23:55:31,2013-09-29 00:06:16,10.7500
1380412546620000598,20000598,A,2013-09-28 23:55:46,2013-09-29 00:01:31,5.7500
1380412547620000419,20000419,B,2013-09-28 23:55:47,2013-09-29 00:04:17,8.5000
1380412559620000101,20000101,B,2013-09-28 23:55:59,2013-09-29 00:06:44,10.7500
1380412574620000658,20000658,A,2013-09-28 23:56:14,2013-09-29 00:06:44,10.5000
1380412577620000424,20000424,A,2013-09-28 23:56:17,2013-09-29 00:05:47,9.5000
1380412598620000452,20000452,A,2013-09-28 23:56:38,2013-09-29 00:26:08,29.5000
1380412624620000011,20000011,A,2013-09-28 23:57:04,2013-09-29 00:05:49,8.7500
1380412625620000574,20000574,C,2013-09-28 23:57:05,2013-09-29 00:06:50,9.7500
1380412656620000513,20000513,B,2013-09-28 23:57:36,2013-09-29 00:04:51,7.2500
1380412691620000022,20000022,A,2013-09-28 23:58:11,2013-09-29 00:07:56,9.7500
1380412699620000192,20000192,B,2013-09-28 23:58:19,2013-09-29 00:22:34,24.2500
1380412700620000089,20000089,B,2013-09-28 23:58:20,2013-09-29 00:04:20,6.0000
1380412706620000273,20000273,B,2013-09-28 23:58:26,2013-09-29 00:04:26,6.0000
1380412709620000075,20000075,A,2013-09-28 23:58:29,2013-09-29 00:05:14,6.7500
1380412764620000310,20000310,C,2013-09-28 23:59:24,2013-09-29 00:24:09,24.7500
1380412792620000624,20000624,B,2013-09-28 23:59:52,2013-09-29 00:02:07,2.2500
1380412795620000503,20000503,C,2013-09-28 23:59:55,2013-09-29 00:16:10,16.2500
1380496085620000003,20000003,C,2013-09-29 23:08:05,2013-09-30 00:09:35,61.5000
1380497752620000140,20000140,B,2013-09-29 23:35:52,2013-09-30 00:00:52,25.0000
1380498249620000561,20000561,B,2013-09-29 23:44:09,2013-09-30 00:05:39,21.5000
1380498358620000015,20000015,B,2013-09-29 23:45:58,2013-09-30 00:09:13,23.2500
1380498370620000648,20000648,B,2013-09-29 23:46:10,2013-09-30 00:02:25,16.2500
1380498384620000403,20000403,C,2013-09-29 23:46:24,2013-09-30 00:57:24,71.0000
1380498425620000173,20000173,C,2013-09-29 23:47:05,2013-09-30 00:01:35,14.5000
1380498529620000344,20000344,B,2013-09-29 23:48:49,2013-09-30 00:00:04,11.2500
1380498555620000600,20000600,B,2013-09-29 23:49:15,2013-09-30 00:00:00,10.7500
1380498687620000235,20000235,B,2013-09-29 23:51:27,2013-09-30 00:08:42,17.2500
1380498689620000662,20000662,B,2013-09-29 23:51:29,2013-09-30 00:00:14,8.7500
1380498746620000308,20000308,B,2013-09-29 23:52:26,2013-09-30 00:09:26,17.0000
1380498833620000517,20000517,A,2013-09-29 23:53:53,2013-09-30 00:01:53,8.0000
1380498835620000337,20000337,C,2013-09-29 23:53:55,2013-09-30 00:13:10,19.2500
1380498884620000625,20000625,B,2013-09-29 23:54:44,2013-09-30 00:08:14,13.5000
1380498889620000285,20000285,C,2013-09-29 23:54:49,2013-09-30 00:12:04,17.2500
1380498946620000529,20000529,C,2013-09-29 23:55:46,2013-09-30 00:27:01,31.2500
1380499075620000632,20000632,B,2013-09-29 23:57:55,2013-09-30 00:03:10,5.2500
1380499102620000333,20000333,B,2013-09-29 23:58:22,2013-09-30 00:03:07,4.7500
1380584627620000387,20000387,A,2013-09-30 23:43:47,2013-10-01 00:01:02,17.2500
1380584634620000010,20000010,A,2013-09-30 23:43:54,2013-10-01 00:00:24,16.5000
1380584873620000308,20000308,B,2013-09-30 23:47:53,2013-10-01 00:02:38,14.7500
1380584990620000263,20000263,C,2013-09-30 23:49:50,2013-10-01 00:07:35,17.7500
1380585089620000297,20000297,B,2013-09-30 23:51:29,2013-10-01 00:04:29,13.0000
1380585137620000624,20000624,B,2013-09-30 23:52:17,2013-10-01 00:03:17,11.0000
1380585220620000517,20000517,A,2013-09-30 23:53:40,2013-10-01 00:08:25,14.7500
1380585267620000518,20000518,B,2013-09-30 23:54:27,2013-10-01 00:03:57,9.5000
1380585376620000612,20000612,C,2013-09-30 23:56:16,2013-10-01 00:03:46,7.5000
1380585418620000042,20000042,C,2013-09-30 23:56:58,2013-10-01 00:03:13,6.2500
1380585443620000598,20000598,C,2013-09-30 23:57:23,2013-10-01 00:10:53,13.5000
1380585523620000066,20000066,B,2013-09-30 23:58:43,2013-10-01 00:03:43,5.0000
1380670979620000598,20000598,C,2013-10-01 23:42:59,2013-10-02 00:02:29,19.5000
1380670986620000235,20000235,A,2013-10-01 23:43:06,2013-10-02 00:02:36,19.5000
1380671412620000472,20000472,C,2013-10-01 23:50:12,2013-10-02 00:00:57,10.7500
1380671451620000004,20000004,B,2013-10-01 23:50:51,2013-10-02 00:01:51,11.0000
1380671523620000680,20000680,B,2013-10-01 23:52:03,2013-10-02 00:00:18,8.2500
1380671547620000199,20000199,B,2013-10-01 23:52:27,2013-10-02 00:03:42,11.2500
1380671571620000633,20000633,B,2013-10-01 23:52:51,2013-10-02 00:00:36,7.7500
1380671575620000406,20000406,B,2013-10-01 23:52:55,2013-10-02 00:11:25,18.5000
1380671625620000197,20000197,B,2013-10-01 23:53:45,2013-10-02 00:01:30,7.7500
1380671641620000621,20000621,A,2013-10-01 23:54:01,2013-10-02 00:00:01,6.0000
1380671810620000359,20000359,C,2013-10-01 23:56:50,2013-10-02 00:10:50,14.0000
1380671832620000233,20000233,B,2013-10-01 23:57:12,2013-10-02 00:05:57,8.7500
1380671850620000687,20000687,A,2013-10-01 23:57:30,2013-10-02 00:07:30,10.0000
1380671856620000649,20000649,C,2013-10-01 23:57:36,2013-10-02 00:20:21,22.7500
1380671898620000430,20000430,A,2013-10-01 23:58:18,2013-10-02 00:01:48,3.5000
1380671947620000503,20000503,B,2013-10-01 23:59:07,2013-10-02 00:03:07,4.0000
1380671961620000201,20000201,A,2013-10-01 23:59:21,2013-10-02 00:05:51,6.5000
1380671964620000648,20000648,A,2013-10-01 23:59:24,2013-10-02 00:13:39,14.2500
1380671989620000467,20000467,C,2013-10-01 23:59:49,2013-10-02 00:04:04,4.2500
1380757702620000388,20000388,A,2013-10-02 23:48:22,2013-10-03 01:08:07,79.7500
1380757792620000268,20000268,B,2013-10-02 23:49:52,2013-10-03 00:01:22,11.5000
1380757945620000589,20000589,B,2013-10-02 23:52:25,2013-10-03 00:04:55,12.5000
1380758019620000509,20000509,C,2013-10-02 23:53:39,2013-10-03 00:00:39,7.0000
1380758036620000633,20000633,B,2013-10-02 23:53:56,2013-10-03 00:12:11,18.2500
1380758129620000626,20000626,B,2013-10-02 23:55:29,2013-10-03 00:08:44,13.2500
1380758196620000252,20000252,C,2013-10-02 23:56:36,2013-10-03 00:13:06,16.5000
1380758228620000364,20000364,B,2013-10-02 23:57:08,2013-10-03 00:01:23,4.2500
1380758260620000529,20000529,C,2013-10-02 23:57:40,2013-10-03 00:03:10,5.5000
1380758304620000616,20000616,B,2013-10-02 23:58:24,2013-10-03 00:10:24,12.0000
1380758350620000031,20000031,C,2013-10-02 23:59:10,2013-10-03 00:06:40,7.5000
1380837815620000554,20000554,C,2013-10-03 22:03:35,2013-10-04 02:13:05,249.5000
1380843381620000304,20000304,C,2013-10-03 23:36:21,2013-10-04 00:15:36,39.2500
1380843855620000337,20000337,C,2013-10-03 23:44:15,2013-10-04 00:15:30,31.2500
1380843895620000249,20000249,C,2013-10-03 23:44:55,2013-10-04 00:00:10,15.2500
1380844050620000305,20000305,B,2013-10-03 23:47:30,2013-10-04 00:00:15,12.7500
1380844214620000042,20000042,C,2013-10-03 23:50:14,2013-10-04 00:02:14,12.0000
1380844268620000344,20000344,C,2013-10-03 23:51:08,2013-10-04 00:03:23,12.2500
1380844376620000268,20000268,B,2013-10-03 23:52:56,2013-10-04 00:08:41,15.7500
1380844461620000671,20000671,C,2013-10-03 23:54:21,2013-10-04 00:04:21,10.0000
1380844537620000529,20000529,C,2013-10-03 23:55:37,2013-10-04 00:05:22,9.7500
1380844579620000359,20000359,B,2013-10-03 23:56:19,2013-10-04 00:02:19,6.0000
1380844612620000687,20000687,A,2013-10-03 23:56:52,2013-10-04 00:08:22,11.5000
1380844638620000328,20000328,B,2013-10-03 23:57:18,2013-10-04 00:03:48,6.5000
1380844725620000089,20000089,B,2013-10-03 23:58:45,2013-10-04 00:03:00,4.2500
1380844739620000192,20000192,B,2013-10-03 23:58:59,2013-10-04 00:03:44,4.7500
1380844746620000388,20000388,B,2013-10-03 23:59:06,2013-10-04 00:07:36,8.5000
1380844755620000395,20000395,C,2013-10-03 23:59:15,2013-10-04 00:07:45,8.5000
1380906759620000520,20000520,B,2013-10-04 17:12:39,2013-10-05 02:16:09,543.5000
1380929241620000695,20000695,C,2013-10-04 23:27:21,2013-10-05 00:03:51,36.5000
1380929467620000664,20000664,C,2013-10-04 23:31:07,2013-10-05 00:10:52,39.7500
1380930228620000577,20000577,C,2013-10-04 23:43:48,2013-10-05 00:00:18,16.5000
1380930240620000129,20000129,C,2013-10-04 23:44:00,2013-10-05 00:11:15,27.2500
1380930268620000672,20000672,B,2013-10-04 23:44:28,2013-10-05 00:00:13,15.7500
1380930416620000514,20000514,B,2013-10-04 23:46:56,2013-10-05 00:05:41,18.7500
1380930476620000578,20000578,A,2013-10-04 23:47:56,2013-10-05 00:07:41,19.7500
1380930525620000011,20000011,C,2013-10-04 23:48:45,2013-10-05 00:07:15,18.5000
1380930547620000367,20000367,C,2013-10-04 23:49:07,2013-10-05 00:01:37,12.5000
1380930587620000067,20000067,A,2013-10-04 23:49:47,2013-10-05 00:02:32,12.7500
1380930611620000463,20000463,B,2013-10-04 23:50:11,2013-10-05 00:22:56,32.7500
1380930643620000268,20000268,B,2013-10-04 23:50:43,2013-10-05 00:00:43,10.0000
1380930654620000678,20000678,B,2013-10-04 23:50:54,2013-10-05 00:01:09,10.2500
1380930679620000482,20000482,B,2013-10-04 23:51:19,2013-10-05 00:01:19,10.0000
1380930680620000554,20000554,C,2013-10-04 23:51:20,2013-10-05 00:03:35,12.2500
1380930682620000136,20000136,B,2013-10-04 23:51:22,2013-10-05 00:04:52,13.5000
1380930684620000157,20000157,A,2013-10-04 23:51:24,2013-10-05 00:00:24,9.0000
1380930706620000497,20000497,B,2013-10-04 23:51:46,2013-10-05 00:01:16,9.5000
1380930706620000662,20000662,C,2013-10-04 23:51:46,2013-10-05 00:05:46,14.0000
1380930720620000517,20000517,B,2013-10-04 23:52:00,2013-10-05 00:00:00,8.0000
1380930721620000013,20000013,C,2013-10-04 23:52:01,2013-10-05 00:08:46,16.7500
1380930728620000601,20000601,C,2013-10-04 23:52:08,2013-10-05 00:00:08,8.0000
1380930744620000053,20000053,B,2013-10-04 23:52:24,2013-10-05 00:00:39,8.2500
1380930758620000572,20000572,C,2013-10-04 23:52:38,2013-10-05 00:00:23,7.7500
1380930763620000653,20000653,A,2013-10-04 23:52:43,2013-10-05 00:01:43,9.0000
1380930769620000648,20000648,B,2013-10-04 23:52:49,2013-10-05 00:01:04,8.2500
1380930790620000625,20000625,B,2013-10-04 23:53:10,2013-10-05 00:02:55,9.7500
1380930799620000015,20000015,B,2013-10-04 23:53:19,2013-10-05 00:00:49,7.5000
1380930809620000320,20000320,C,2013-10-04 23:53:29,2013-10-05 00:05:59,12.5000
1380930813620000161,20000161,B,2013-10-04 23:53:33,2013-10-05 00:02:18,8.7500
1380930825620000010,20000010,B,2013-10-04 23:53:45,2013-10-05 00:05:30,11.7500
1380930885620000085,20000085,B,2013-10-04 23:54:45,2013-10-05 00:24:30,29.7500
1380930898620000308,20000308,A,2013-10-04 23:54:58,2013-10-05 00:09:43,14.7500
1380930913620000037,20000037,C,2013-10-04 23:55:13,2013-10-05 00:04:43,9.5000
1380930913620000472,20000472,C,2013-10-04 23:55:13,2013-10-05 00:00:58,5.7500
1380930922620000372,20000372,A,2013-10-04 23:55:22,2013-10-05 00:08:37,13.2500
1380930959620000254,20000254,B,2013-10-04 23:55:59,2013-10-05 00:05:14,9.2500
1380930959620000380,20000380,B,2013-10-04 23:55:59,2013-10-05 00:02:14,6.2500
1380930988620000560,20000560,B,2013-10-04 23:56:28,2013-10-05 00:10:28,14.0000
1380930995620000256,20000256,A,2013-10-04 23:56:35,2013-10-05 00:02:20,5.7500
1380931024620000192,20000192,B,2013-10-04 23:57:04,2013-10-05 00:09:49,12.7500
1380931029620000612,20000612,B,2013-10-04 23:57:09,2013-10-05 00:09:24,12.2500
1380931039620000311,20000311,C,2013-10-04 23:57:19,2013-10-05 00:13:19,16.0000
1380931041620000041,20000041,B,2013-10-04 23:57:21,2013-10-05 00:10:36,13.2500
1380931054620000121,20000121,C,2013-10-04 23:57:34,2013-10-05 00:02:04,4.5000
1380931056620000243,20000243,C,2013-10-04 23:57:36,2013-10-05 00:07:36,10.0000
1380931074620000680,20000680,B,2013-10-04 23:57:54,2013-10-05 00:04:39,6.7500
1380931080620000406,20000406,B,2013-10-04 23:58:00,2013-10-05 00:12:45,14.7500
1380931081620000285,20000285,A,2013-10-04 23:58:01,2013-10-05 00:10:31,12.5000
1380931089620000142,20000142,B,2013-10-04 23:58:09,2013-10-05 00:08:24,10.2500
1380931096620000020,20000020,B,2013-10-04 23:58:16,2013-10-05 00:06:01,7.7500
1380931113620000626,20000626,B,2013-10-04 23:58:33,2013-10-05 00:12:18,13.7500
1380931119620000353,20000353,B,2013-10-04 23:58:39,2013-10-05 00:07:24,8.7500
1380931196620000467,20000467,C,2013-10-04 23:59:56,2013-10-05 00:06:41,6.7500
1381013981620000668,20000668,C,2013-10-05 22:59:41,2013-10-06 00:01:26,61.7500
1381015601620000446,20000446,B,2013-10-05 23:26:41,2013-10-06 00:07:26,40.7500
1381016289620000554,20000554,B,2013-10-05 23:38:09,2013-10-06 00:06:24,28.2500
1381016307620000671,20000671,C,2013-10-05 23:38:27,2013-10-06 00:00:12,21.7500
1381016516620000179,20000179,C,2013-10-05 23:41:56,2013-10-06 00:42:41,60.7500
1381016602620000372,20000372,C,2013-10-05 23:43:22,2013-10-06 00:00:52,17.5000
1381016689620000473,20000473,A,2013-10-05 23:44:49,2013-10-06 00:00:49,16.0000
1381016702620000381,20000381,C,2013-10-05 23:45:02,2013-10-06 00:00:32,15.5000
1381016713620000419,20000419,B,2013-10-05 23:45:13,2013-10-06 00:00:13,15.0000
1381016715620000395,20000395,B,2013-10-05 23:45:15,2013-10-06 00:03:00,17.7500
1381016748620000280,20000280,C,2013-10-05 23:45:48,2013-10-06 00:11:33,25.7500
1381016779620000481,20000481,B,2013-10-05 23:46:19,2013-10-06 00:10:04,23.7500
1381016810620000015,20000015,C,2013-10-05 23:46:50,2013-10-06 00:01:05,14.2500
1381016819620000520,20000520,B,2013-10-05 23:46:59,2013-10-06 00:08:59,22.0000
1381016832620000540,20000540,A,2013-10-05 23:47:12,2013-10-06 00:15:27,28.2500
1381016840620000161,20000161,B,2013-10-05 23:47:20,2013-10-06 00:01:50,14.5000
1381016863620000686,20000686,C,2013-10-05 23:47:43,2013-10-06 00:01:43,14.0000
1381016900620000351,20000351,C,2013-10-05 23:48:20,2013-10-06 00:00:35,12.2500
1381016910620000651,20000651,A,2013-10-05 23:48:30,2013-10-06 00:15:45,27.2500
1381016998620000092,20000092,B,2013-10-05 23:49:58,2013-10-06 00:03:43,13.7500
1381017001620000687,20000687,A,2013-10-05 23:50:01,2013-10-06 00:00:31,10.5000
1381017023620000625,20000625,B,2013-10-05 23:50:23,2013-10-06 00:08:23,18.0000
1381017044620000423,20000423,B,2013-10-05 23:50:44,2013-10-06 00:03:44,13.0000
1381017084620000308,20000308,B,2013-10-05 23:51:24,2013-10-06 00:19:39,28.2500
1381017092620000325,20000325,C,2013-10-05 23:51:32,2013-10-06 00:05:17,13.7500
1381017110620000667,20000667,A,2013-10-05 23:51:50,2013-10-06 00:05:20,13.5000
1381017175620000514,20000514,C,2013-10-05 23:52:55,2013-10-06 00:01:55,9.0000
1381017176620000657,20000657,C,2013-10-05 23:52:56,2013-10-06 00:09:56,17.0000
1381017193620000215,20000215,B,2013-10-05 23:53:13,2013-10-06 00:00:28,7.2500
1381017218620000337,20000337,A,2013-10-05 23:53:38,2013-10-06 00:09:08,15.5000
1381017224620000249,20000249,A,2013-10-05 23:53:44,2013-10-06 00:11:44,18.0000
1381017230620000216,20000216,C,2013-10-05 23:53:50,2013-10-06 00:04:05,10.2500
1381017232620000389,20000389,A,2013-10-05 23:53:52,2013-10-06 00:11:52,18.0000
1381017236620000173,20000173,A,2013-10-05 23:53:56,2013-10-06 00:00:26,6.5000
1381017244620000256,20000256,B,2013-10-05 23:54:04,2013-10-06 00:03:04,9.0000
1381017256620000268,20000268,B,2013-10-05 23:54:16,2013-10-06 00:05:31,11.2500
1381017299620000472,20000472,C,2013-10-05 23:54:59,2013-10-06 00:00:44,5.7500
1381017322620000431,20000431,C,2013-10-05 23:55:22,2013-10-06 00:05:52,10.5000
1381017364620000013,20000013,B,2013-10-05 23:56:04,2013-10-06 00:08:34,12.5000
1381017368620000020,20000020,B,2013-10-05 23:56:08,2013-10-06 00:07:38,11.5000
1381017395620000120,20000120,B,2013-10-05 23:56:35,2013-10-06 00:02:50,6.2500
1381017395620000618,20000618,C,2013-10-05 23:56:35,2013-10-06 00:05:50,9.2500
1381017407620000359,20000359,B,2013-10-05 23:56:47,2013-10-06 00:12:32,15.7500
1381017409620000398,20000398,B,2013-10-05 23:56:49,2013-10-06 00:10:34,13.7500
1381017415620000037,20000037,C,2013-10-05 23:56:55,2013-10-06 00:07:10,10.2500
1381017415620000424,20000424,C,2013-10-05 23:56:55,2013-10-06 00:08:55,12.0000
1381017420620000077,20000077,A,2013-10-05 23:57:00,2013-10-06 00:14:00,17.0000
1381017459620000031,20000031,C,2013-10-05 23:57:39,2013-10-06 00:08:54,11.2500
1381017509620000184,20000184,C,2013-10-05 23:58:29,2013-10-06 00:55:29,57.0000
1381017513620000273,20000273,C,2013-10-05 23:58:33,2013-10-06 00:08:33,10.0000
1381017541620000197,20000197,A,2013-10-05 23:59:01,2013-10-06 00:11:46,12.7500
1381017542620000245,20000245,B,2013-10-05 23:59:02,2013-10-06 00:05:32,6.5000
1381017575620000009,20000009,A,2013-10-05 23:59:35,2013-10-06 00:12:50,13.2500
1381102233620000101,20000101,C,2013-10-06 23:30:33,2013-10-07 00:12:48,42.2500
1381103113620000179,20000179,A,2013-10-06 23:45:13,2013-10-07 00:23:13,38.0000
1381103582620000574,20000574,A,2013-10-06 23:53:02,2013-10-07 00:02:47,9.7500
1381103693620000423,20000423,B,2013-10-06 23:54:53,2013-10-07 00:12:08,17.2500
1381103798620000621,20000621,B,2013-10-06 23:56:38,2013-10-07 00:22:23,25.7500
1381103808620000288,20000288,C,2013-10-06 23:56:48,2013-10-07 00:11:48,15.0000
1381103809620000196,20000196,C,2013-10-06 23:56:49,2013-10-07 00:02:34,5.7500
1381103836620000589,20000589,B,2013-10-06 23:57:16,2013-10-07 00:11:16,14.0000
1381103890620000199,20000199,C,2013-10-06 23:58:10,2013-10-07 00:10:40,12.5000
1381103952620000492,20000492,B,2013-10-06 23:59:12,2013-10-07 00:03:27,4.2500
1381103953620000596,20000596,B,2013-10-06 23:59:13,2013-10-07 00:08:43,9.5000
1381103997620000561,20000561,C,2013-10-06 23:59:57,2013-10-07 00:06:27,6.5000
1381188090620000367,20000367,A,2013-10-07 23:21:30,2013-10-08 00:03:00,41.5000
1381189407620000066,20000066,C,2013-10-07 23:43:27,2013-10-08 00:00:12,16.7500
1381189548620000675,20000675,C,2013-10-07 23:45:48,2013-10-08 00:01:18,15.5000
1381189555620000273,20000273,B,2013-10-07 23:45:55,2013-10-08 00:05:10,19.2500
1381189989620000633,20000633,C,2013-10-07 23:53:09,2013-10-08 00:09:39,16.5000
1381190055620000600,20000600,B,2013-10-07 23:54:15,2013-10-08 00:12:00,17.7500
1381190113620000662,20000662,B,2013-10-07 23:55:13,2013-10-08 00:04:28,9.2500
1381190130620000120,20000120,A,2013-10-07 23:55:30,2013-10-08 00:03:30,8.0000
1381190196620000020,20000020,C,2013-10-07 23:56:36,2013-10-08 00:03:21,6.7500
1381190226620000233,20000233,B,2013-10-07 23:57:06,2013-10-08 00:06:06,9.0000
1381190243620000577,20000577,C,2013-10-07 23:57:23,2013-10-08 00:12:08,14.7500
1381190294620000171,20000171,B,2013-10-07 23:58:14,2013-10-08 00:12:59,14.7500
1381190323620000363,20000363,B,2013-10-07 23:58:43,2013-10-08 00:09:43,11.0000
1381190363620000325,20000325,B,2013-10-07 23:59:23,2013-10-08 00:13:23,14.0000
1381258487620000520,20000520,C,2013-10-08 18:54:47,2013-10-09 02:32:32,457.7500
1381274394620000011,20000011,C,2013-10-08 23:19:54,2013-10-09 00:07:24,47.5000
1381275483620000008,20000008,C,2013-10-08 23:38:03,2013-10-09 00:11:33,33.5000
1381275955620000678,20000678,B,2013-10-08 23:45:55,2013-10-09 00:01:55,16.0000
1381275977620000273,20000273,B,2013-10-08 23:46:17,2013-10-09 00:02:17,16.0000
1381276318620000619,20000619,B,2013-10-08 23:51:58,2013-10-09 00:07:58,16.0000
1381276361620000624,20000624,B,2013-10-08 23:52:41,2013-10-09 00:07:11,14.5000
1381276376620000561,20000561,B,2013-10-08 23:52:56,2013-10-09 00:01:26,8.5000
1381276521620000431,20000431,B,2013-10-08 23:55:21,2013-10-09 00:05:51,10.5000
1381276527620000297,20000297,C,2013-10-08 23:55:27,2013-10-09 00:00:57,5.5000
1381276698620000305,20000305,C,2013-10-08 23:58:18,2013-10-09 00:11:48,13.5000
1381276716620000105,20000105,B,2013-10-08 23:58:36,2013-10-09 00:03:36,5.0000
1381276718620000434,20000434,B,2013-10-08 23:58:38,2013-10-09 00:09:08,10.5000
1381276756620000577,20000577,C,2013-10-08 23:59:16,2013-10-09 00:11:46,12.5000
1381362200620000648,20000648,B,2013-10-09 23:43:20,2013-10-10 00:14:20,31.0000
1381362348620000678,20000678,B,2013-10-09 23:45:48,2013-10-10 00:01:48,16.0000
1381362378620000167,20000167,A,2013-10-09 23:46:18,2013-10-10 00:03:33,17.2500
1381362479620000054,20000054,B,2013-10-09 23:47:59,2013-10-10 00:00:29,12.5000
1381362541620000574,20000574,B,2013-10-09 23:49:01,2013-10-10 00:10:16,21.2500
1381362614620000108,20000108,C,2013-10-09 23:50:14,2013-10-10 00:01:59,11.7500
1381362670620000010,20000010,B,2013-10-09 23:51:10,2013-10-10 00:00:10,9.0000
1381362680620000520,20000520,B,2013-10-09 23:51:20,2013-10-10 00:01:50,10.5000
1381362732620000424,20000424,B,2013-10-09 23:52:12,2013-10-10 00:01:12,9.0000
1381362865620000256,20000256,B,2013-10-09 23:54:25,2013-10-10 00:00:55,6.5000
1381362895620000332,20000332,B,2013-10-09 23:54:55,2013-10-10 00:04:10,9.2500
1381362906620000304,20000304,C,2013-10-09 23:55:06,2013-10-10 00:08:06,13.0000
1381362980620000037,20000037,C,2013-10-09 23:56:20,2013-10-10 00:10:35,14.2500
1381362989620000309,20000309,A,2013-10-09 23:56:29,2013-10-10 00:12:29,16.0000
1381363062620000529,20000529,C,2013-10-09 23:57:42,2013-10-10 00:27:57,30.2500
1381448100620000403,20000403,C,2013-10-10 23:35:00,2013-10-11 00:26:15,51.2500
1381448186620000648,20000648,C,2013-10-10 23:36:26,2013-10-11 00:03:11,26.7500
1381448684620000080,20000080,B,2013-10-10 23:44:44,2013-10-11 00:01:59,17.2500
1381448751620000392,20000392,B,2013-10-10 23:45:51,2013-10-11 00:05:51,20.0000
1381448993620000320,20000320,C,2013-10-10 23:49:53,2013-10-11 00:02:23,12.5000
1381449044620000387,20000387,B,2013-10-10 23:50:44,2013-10-11 00:03:29,12.7500
1381449114620000304,20000304,C,2013-10-10 23:51:54,2013-10-11 00:06:24,14.5000
1381449174620000037,20000037,C,2013-10-10 23:52:54,2013-10-11 00:01:54,9.0000
1381449370620000031,20000031,B,2013-10-10 23:56:10,2013-10-11 00:03:25,7.2500
1381449392620000160,20000160,A,2013-10-10 23:56:32,2013-10-11 00:05:32,9.0000
1381449392620000303,20000303,C,2013-10-10 23:56:32,2013-10-11 00:02:47,6.2500
1381449415620000497,20000497,A,2013-10-10 23:56:55,2013-10-11 00:04:10,7.2500
1381449432620000619,20000619,B,2013-10-10 23:57:12,2013-10-11 00:02:12,5.0000
1381449436620000288,20000288,B,2013-10-10 23:57:16,2013-10-11 00:14:16,17.0000
1381449437620000328,20000328,B,2013-10-10 23:57:17,2013-10-11 00:01:32,4.2500
1381449437620000610,20000610,B,2013-10-10 23:57:17,2013-10-11 00:04:32,7.2500
1381449438620000201,20000201,B,2013-10-10 23:57:18,2013-10-11 00:06:03,8.7500
1381449479620000108,20000108,C,2013-10-10 23:57:59,2013-10-11 00:05:29,7.5000
1381449491620000305,20000305,A,2013-10-10 23:58:11,2013-10-11 00:05:26,7.2500
1381449528620000005,20000005,B,2013-10-10 23:58:48,2013-10-11 00:10:18,11.5000
1381449534620000250,20000250,B,2013-10-10 23:58:54,2013-10-11 00:11:39,12.7500
1381449550620000406,20000406,B,2013-10-10 23:59:10,2013-10-11 00:14:10,15.0000
1381449555620000625,20000625,B,2013-10-10 23:59:15,2013-10-11 00:06:30,7.2500
1381449595620000503,20000503,B,2013-10-10 23:59:55,2013-10-11 00:05:55,6.0000
1381532159620000902,20000902,C,2013-10-11 22:55:59,2013-10-12 03:28:29,272.5000
1381534734620000572,20000572,B,2013-10-11 23:38:54,2013-10-12 00:08:09,29.2500
1381534873620000497,20000497,C,2013-10-11 23:41:13,2013-10-12 00:02:28,21.2500
1381534925620000338,20000338,B,2013-10-11 23:42:05,2013-10-12 00:01:05,19.0000
1381534946620000157,20000157,A,2013-10-11 23:42:26,2013-10-12 00:02:41,20.2500
1381535028620000192,20000192,B,2013-10-11 23:43:48,2013-10-12 00:02:48,19.0000
1381535175620000054,20000054,C,2013-10-11 23:46:15,2013-10-12 00:06:45,20.5000
1381535216620000251,20000251,A,2013-10-11 23:46:56,2013-10-12 00:09:11,22.2500
1381535356620000010,20000010,B,2013-10-11 23:49:16,2013-10-12 00:03:16,14.0000
1381535379620000085,20000085,B,2013-10-11 23:49:39,2013-10-12 00:03:09,13.5000
1381535391620000332,20000332,A,2013-10-11 23:49:51,2013-10-12 00:13:51,24.0000
1381535416620000304,20000304,C,2013-10-11 23:50:16,2013-10-12 00:01:01,10.7500
1381535421620000256,20000256,B,2013-10-11 23:50:21,2013-10-12 00:00:36,10.2500
1381535438620000435,20000435,C,2013-10-11 23:50:38,2013-10-12 00:09:08,18.5000
1381535483620000904,20000904,C,2013-10-11 23:51:23,2013-10-12 00:03:53,12.5000
1381535528620000160,20000160,B,2013-10-11 23:52:08,2013-10-12 00:00:23,8.2500
1381535541620000529,20000529,C,2013-10-11 23:52:21,2013-10-12 00:09:21,17.0000
1381535572620000657,20000657,C,2013-10-11 23:52:52,2013-10-12 00:04:52,12.0000
1381535607620000199,20000199,B,2013-10-11 23:53:27,2013-10-12 00:00:27,7.0000
1381535622620000577,20000577,A,2013-10-11 23:53:42,2013-10-12 00:01:57,8.2500
1381535624620000574,20000574,C,2013-10-11 23:53:44,2013-10-12 00:15:44,22.0000
1381535670620000263,20000263,B,2013-10-11 23:54:30,2013-10-12 00:10:30,16.0000
1381535685620000120,20000120,B,2013-10-11 23:54:45,2013-10-12 00:05:45,11.0000
1381535705620000561,20000561,B,2013-10-11 23:55:05,2013-10-12 00:09:05,14.0000
1381535744620000351,20000351,B,2013-10-11 23:55:44,2013-10-12 00:03:14,7.5000
1381535783620000504,20000504,A,2013-10-11 23:56:23,2013-10-12 00:12:38,16.2500
1381535784620000473,20000473,B,2013-10-11 23:56:24,2013-10-12 00:00:24,4.0000
1381535801620000903,20000903,A,2013-10-11 23:56:41,2013-10-12 00:04:56,8.2500
1381535812620000224,20000224,C,2013-10-11 23:56:52,2013-10-12 00:10:37,13.7500
1381535817620000129,20000129,B,2013-10-11 23:56:57,2013-10-12 00:18:12,21.2500
1381535818620000610,20000610,B,2013-10-11 23:56:58,2013-10-12 00:09:43,12.7500
1381535820620000653,20000653,C,2013-10-11 23:57:00,2013-10-12 00:06:00,9.0000
1381535833620000015,20000015,B,2013-10-11 23:57:13,2013-10-12 00:10:43,13.5000
1381535835620000403,20000403,B,2013-10-11 23:57:15,2013-10-12 00:02:00,4.7500
1381535837620000308,20000308,B,2013-10-11 23:57:17,2013-10-12 00:09:32,12.2500
1381535837620000678,20000678,B,2013-10-11 23:57:17,2013-10-12 00:00:32,3.2500
1381535839620000430,20000430,B,2013-10-11 23:57:19,2013-10-12 00:02:04,4.7500
1381535843620000242,20000242,A,2013-10-11 23:57:23,2013-10-12 00:12:23,15.0000
1381535851620000648,20000648,C,2013-10-11 23:57:31,2013-10-12 00:19:31,22.0000
1381535861620000009,20000009,C,2013-10-11 23:57:41,2013-10-12 00:07:11,9.5000
1381535881620000625,20000625,B,2013-10-11 23:58:01,2013-10-12 00:07:46,9.7500
1381535923620000166,20000166,B,2013-10-11 23:58:43,2013-10-12 00:05:58,7.2500
1381535958620000472,20000472,C,2013-10-11 23:59:18,2013-10-12 00:04:33,5.2500
1381535997620000344,20000344,C,2013-10-11 23:59:57,2013-10-12 00:10:42,10.7500
1381621169620000173,20000173,A,2013-10-12 23:39:29,2013-10-13 00:21:29,42.0000
1381621169620000465,20000465,C,2013-10-12 23:39:29,2013-10-13 00:04:29,25.0000
1381621381620000178,20000178,B,2013-10-12 23:43:01,2013-10-13 00:06:46,23.7500
1381621443620000304,20000304,C,2013-10-12 23:44:03,2013-10-13 00:03:18,19.2500
1381621654620000625,20000625,B,2013-10-12 23:47:34,2013-10-13 00:01:34,14.0000
1381621734620000009,20000009,A,2013-10-12 23:48:54,2013-10-13 00:08:24,19.5000
1381621764620000454,20000454,B,2013-10-12 23:49:24,2013-10-13 00:12:39,23.2500
1381621829620000338,20000338,C,2013-10-12 23:50:29,2013-10-13 00:07:29,17.0000
1381621830620000451,20000451,B,2013-10-12 23:50:30,2013-10-13 00:04:45,14.2500
1381621840620000224,20000224,C,2013-10-12 23:50:40,2013-10-13 00:04:40,14.0000
1381621844620000328,20000328,B,2013-10-12 23:50:44,2013-10-13 00:03:59,13.2500
1381621844620000435,20000435,C,2013-10-12 23:50:44,2013-10-13 00:43:59,53.2500
1381621900620000473,20000473,B,2013-10-12 23:51:40,2013-10-13 00:08:55,17.2500
1381621911620000423,20000423,A,2013-10-12 23:51:51,2013-10-13 00:00:21,8.5000
1381621949620000610,20000610,B,2013-10-12 23:52:29,2013-10-13 00:03:44,11.2500
1381621959620000446,20000446,B,2013-10-12 23:52:39,2013-10-13 00:04:54,12.2500
1381622003620000108,20000108,C,2013-10-12 23:53:23,2013-10-13 00:05:53,12.5000
1381622122620000633,20000633,B,2013-10-12 23:55:22,2013-10-13 00:06:37,11.2500
1381622131620000513,20000513,B,2013-10-12 23:55:31,2013-10-13 00:02:16,6.7500
1381622148620000351,20000351,C,2013-10-12 23:55:48,2013-10-13 00:03:48,8.0000
1381622156620000667,20000667,C,2013-10-12 23:55:56,2013-10-13 00:01:11,5.2500
1381622164620000161,20000161,C,2013-10-12 23:56:04,2013-10-13 00:05:34,9.5000
1381622179620000054,20000054,B,2013-10-12 23:56:19,2013-10-13 00:13:19,17.0000
1381622190620000372,20000372,C,2013-10-12 23:56:30,2013-10-13 00:04:30,8.0000
1381622191620000376,20000376,B,2013-10-12 23:56:31,2013-10-13 00:03:31,7.0000
1381622194620000684,20000684,C,2013-10-12 23:56:34,2013-10-13 00:09:49,13.2500
1381622199620000387,20000387,A,2013-10-12 23:56:39,2013-10-13 00:06:09,9.5000
1381622202620000344,20000344,C,2013-10-12 23:56:42,2013-10-13 00:09:42,13.0000
1381622221620000497,20000497,B,2013-10-12 23:57:01,2013-10-13 00:12:01,15.0000
1381622232620000251,20000251,A,2013-10-12 23:57:12,2013-10-13 00:01:27,4.2500
1381622253620000309,20000309,A,2013-10-12 23:57:33,2013-10-13 00:05:18,7.7500
1381622256620000482,20000482,B,2013-10-12 23:57:36,2013-10-13 00:03:36,6.0000
1381622260620000333,20000333,A,2013-10-12 23:57:40,2013-10-13 00:05:10,7.5000
1381622264620000005,20000005,B,2013-10-12 23:57:44,2013-10-13 00:03:29,5.7500
1381622267620000632,20000632,B,2013-10-12 23:57:47,2013-10-13 00:05:02,7.2500
1381622272620000337,20000337,B,2013-10-12 23:57:52,2013-10-13 00:06:37,8.7500
1381622304620000640,20000640,C,2013-10-12 23:58:24,2013-10-13 00:15:54,17.5000
1381622315620000486,20000486,B,2013-10-12 23:58:35,2013-10-13 00:17:05,18.5000
1381622316620000285,20000285,C,2013-10-12 23:58:36,2013-10-13 00:10:21,11.7500
1381622322620000570,20000570,B,2013-10-12 23:58:42,2013-10-13 00:08:42,10.0000
1381622338620000658,20000658,B,2013-10-12 23:58:58,2013-10-13 00:08:28,9.5000
1381622349620000388,20000388,A,2013-10-12 23:59:09,2013-10-13 00:06:54,7.7500
1381622391620000492,20000492,B,2013-10-12 23:59:51,2013-10-13 00:07:51,8.0000
1381622395620000591,20000591,C,2013-10-12 23:59:55,2013-10-13 00:07:55,8.0000
1381707958620000337,20000337,C,2013-10-13 23:45:58,2013-10-14 00:01:43,15.7500
1381707958620000671,20000671,B,2013-10-13 23:45:58,2013-10-14 00:00:58,15.0000
1381708051620000179,20000179,C,2013-10-13 23:47:31,2013-10-14 00:01:31,14.0000
1381708229620000263,20000263,B,2013-10-13 23:50:29,2013-10-14 00:05:44,15.2500
1381708283620000482,20000482,C,2013-10-13 23:51:23,2013-10-14 00:01:38,10.2500
1381708330620000486,20000486,C,2013-10-13 23:52:10,2013-10-14 01:24:10,92.0000
1381708368620000463,20000463,B,2013-10-13 23:52:48,2013-10-14 00:00:03,7.2500
1381708410620000458,20000458,B,2013-10-13 23:53:30,2013-10-14 00:09:00,15.5000
1381708427620000196,20000196,B,2013-10-13 23:53:47,2013-10-14 00:01:17,7.5000
1381708522620000621,20000621,B,2013-10-13 23:55:22,2013-10-14 00:18:37,23.2500
1381708649620000233,20000233,B,2013-10-13 23:57:29,2013-10-14 00:08:14,10.7500
1381767082620000520,20000520,C,2013-10-14 16:11:22,2013-10-15 00:46:52,515.5000
1381793937620000574,20000574,C,2013-10-14 23:38:57,2013-10-15 00:02:42,23.7500
1381794016620000451,20000451,C,2013-10-14 23:40:16,2013-10-15 00:12:01,31.7500
1381794634620000173,20000173,C,2013-10-14 23:50:34,2013-10-15 00:00:49,10.2500
1381794658620000179,20000179,C,2013-10-14 23:50:58,2013-10-15 00:00:58,10.0000
1381794802620000504,20000504,B,2013-10-14 23:53:22,2013-10-15 00:03:37,10.2500
1381794832620000569,20000569,C,2013-10-14 23:53:52,2013-10-15 00:01:52,8.0000
1381794873620000231,20000231,C,2013-10-14 23:54:33,2013-10-15 00:19:48,25.2500
1381794995620000196,20000196,C,2013-10-14 23:56:35,2013-10-15 00:04:05,7.5000
1381795001620000233,20000233,C,2013-10-14 23:56:41,2013-10-15 00:05:26,8.7500
1381795029620000603,20000603,B,2013-10-14 23:57:09,2013-10-15 00:08:39,11.5000
1381795158620000171,20000171,B,2013-10-14 23:59:18,2013-10-15 00:03:03,3.7500
1381795193620000492,20000492,A,2013-10-14 23:59:53,2013-10-15 00:05:23,5.5000
1381880311620000684,20000684,C,2013-10-15 23:38:31,2013-10-16 00:08:46,30.2500
1381880369620000196,20000196,B,2013-10-15 23:39:29,2013-10-16 00:07:14,27.7500
1381880542620000497,20000497,B,2013-10-15 23:42:22,2013-10-16 00:08:52,26.5000
1381880910620000561,20000561,B,2013-10-15 23:48:30,2013-10-16 00:04:15,15.7500
1381881059620000626,20000626,C,2013-10-15 23:50:59,2013-10-16 00:03:14,12.2500
1381881093620000005,20000005,B,2013-10-15 23:51:33,2013-10-16 00:05:48,14.2500
1381881113620000195,20000195,C,2013-10-15 23:51:53,2013-10-16 00:01:38,9.7500
1381881200620000520,20000520,B,2013-10-15 23:53:20,2013-10-16 00:04:05,10.7500
1381881212620000341,20000341,B,2013-10-15 23:53:32,2013-10-16 00:03:02,9.5000
1381881231620000611,20000611,B,2013-10-15 23:53:51,2013-10-16 00:01:36,7.7500
1381881258620000273,20000273,C,2013-10-15 23:54:18,2013-10-16 00:00:18,6.0000
1381881297620000011,20000011,B,2013-10-15 23:54:57,2013-10-16 00:08:42,13.7500
1381881335620000199,20000199,B,2013-10-15 23:55:35,2013-10-16 00:03:05,7.5000
1381881555620000569,20000569,C,2013-10-15 23:59:15,2013-10-16 00:16:45,17.5000
1381967074620000618,20000618,A,2013-10-16 23:44:34,2013-10-17 00:08:19,23.7500
1381967082620000483,20000483,C,2013-10-16 23:44:42,2013-10-17 00:00:42,16.0000
1381967140620000199,20000199,B,2013-10-16 23:45:40,2013-10-17 00:02:10,16.5000
1381967232620000387,20000387,A,2013-10-16 23:47:12,2013-10-17 00:00:42,13.5000
1381967249620000517,20000517,B,2013-10-16 23:47:29,2013-10-17 00:02:14,14.7500
1381967298620000269,20000269,C,2013-10-16 23:48:18,2013-10-17 00:11:18,23.0000
1381967438620000178,20000178,A,2013-10-16 23:50:38,2013-10-17 00:02:23,11.7500
1381967568620000395,20000395,B,2013-10-16 23:52:48,2013-10-17 00:07:18,14.5000
1381967628620000529,20000529,C,2013-10-16 23:53:48,2013-10-17 00:04:03,10.2500
1381967724620000268,20000268,A,2013-10-16 23:55:24,2013-10-17 00:00:24,5.0000
1381967887620000598,20000598,C,2013-10-16 23:58:07,2013-10-17 00:06:37,8.5000
1381967890620000625,20000625,B,2013-10-16 23:58:10,2013-10-17 00:04:40,6.5000
1382053025620000303,20000303,C,2013-10-17 23:37:05,2013-10-18 00:01:20,24.2500
1382053043620000311,20000311,C,2013-10-17 23:37:23,2013-10-18 00:09:53,32.5000
1382053731620000633,20000633,B,2013-10-17 23:48:51,2013-10-18 00:17:21,28.5000
1382053769620000453,20000453,A,2013-10-17 23:49:29,2013-10-18 00:02:14,12.7500
1382053934620000450,20000450,A,2013-10-17 23:52:14,2013-10-18 00:02:29,10.2500
1382053939620000015,20000015,C,2013-10-17 23:52:19,2013-10-18 00:04:19,12.0000
1382053955620000038,20000038,B,2013-10-17 23:52:35,2013-10-18 00:05:50,13.2500
1382053973620000406,20000406,B,2013-10-17 23:52:53,2013-10-18 00:03:53,11.0000
1382053996620000011,20000011,B,2013-10-17 23:53:16,2013-10-18 00:01:31,8.2500
1382053998620000233,20000233,B,2013-10-17 23:53:18,2013-10-18 00:01:33,8.2500
1382054003620000518,20000518,B,2013-10-17 23:53:23,2013-10-18 00:06:23,13.0000
1382054065620000649,20000649,A,2013-10-17 23:54:25,2013-10-18 00:04:40,10.2500
1382054107620000037,20000037,C,2013-10-17 23:55:07,2013-10-18 00:01:52,6.7500
1382054141620000398,20000398,C,2013-10-17 23:55:41,2013-10-18 00:07:56,12.2500
1382054144620000242,20000242,B,2013-10-17 23:55:44,2013-10-18 00:06:44,11.0000
1382054145620000367,20000367,B,2013-10-17 23:55:45,2013-10-18 00:01:15,5.5000
1382054167620000372,20000372,B,2013-10-17 23:56:07,2013-10-18 00:06:07,10.0000
1382054168620000060,20000060,B,2013-10-17 23:56:08,2013-10-18 00:00:08,4.0000
1382054214620000304,20000304,C,2013-10-17 23:56:54,2013-10-18 00:06:24,9.5000
1382054243620000483,20000483,C,2013-10-17 23:57:23,2013-10-18 00:01:53,4.5000
1382054259620000231,20000231,C,2013-10-17 23:57:39,2013-10-18 00:06:24,8.7500
1382054274620000328,20000328,B,2013-10-17 23:57:54,2013-10-18 00:05:09,7.2500
1382054279620000436,20000436,B,2013-10-17 23:57:59,2013-10-18 00:01:59,4.0000
1382054297620000344,20000344,C,2013-10-17 23:58:17,2013-10-18 00:04:32,6.2500
1382054299620000022,20000022,C,2013-10-17 23:58:19,2013-10-18 00:08:34,10.2500
1382054323620000529,20000529,C,2013-10-17 23:58:43,2013-10-18 00:10:13,11.5000
1382054335620000463,20000463,C,2013-10-17 23:58:55,2013-10-18 00:05:55,7.0000
1382054382620000269,20000269,B,2013-10-17 23:59:42,2013-10-18 00:04:12,4.5000
1382137364620000520,20000520,C,2013-10-18 23:02:44,2013-10-19 06:04:29,421.7500
1382139447620000022,20000022,C,2013-10-18 23:37:27,2013-10-19 00:02:12,24.7500
1382139837620000311,20000311,C,2013-10-18 23:43:57,2013-10-19 00:00:57,17.0000
1382140047620000263,20000263,B,2013-10-18 23:47:27,2013-10-19 00:04:27,17.0000
1382140049620000381,20000381,B,2013-10-18 23:47:29,2013-10-19 00:06:59,19.5000
1382140103620000142,20000142,A,2013-10-18 23:48:23,2013-10-19 00:04:53,16.5000
1382140156620000085,20000085,B,2013-10-18 23:49:16,2013-10-19 00:00:16,11.0000
1382140397620000406,20000406,B,2013-10-18 23:53:17,2013-10-19 00:06:47,13.5000
1382140398620000136,20000136,B,2013-10-18 23:53:18,2013-10-19 00:10:33,17.2500
1382140412620000649,20000649,A,2013-10-18 23:53:32,2013-10-19 00:05:32,12.0000
1382140416620000081,20000081,B,2013-10-18 23:53:36,2013-10-19 00:02:06,8.5000
1382140471620000343,20000343,B,2013-10-18 23:54:31,2013-10-19 00:00:01,5.5000
1382140479620000574,20000574,C,2013-10-18 23:54:39,2013-10-19 00:10:54,16.2500
1382140485620000297,20000297,C,2013-10-18 23:54:45,2013-10-19 00:04:15,9.5000
1382140516620000344,20000344,C,2013-10-18 23:55:16,2013-10-19 00:01:31,6.2500
1382140558620000687,20000687,A,2013-10-18 23:55:58,2013-10-19 00:03:58,8.0000
1382140560620000549,20000549,A,2013-10-18 23:56:00,2013-10-19 00:02:30,6.5000
1382140615620000195,20000195,B,2013-10-18 23:56:55,2013-10-19 00:00:55,4.0000
1382140623620000249,20000249,A,2013-10-18 23:57:03,2013-10-19 00:02:33,5.5000
1382140623620000431,20000431,A,2013-10-18 23:57:03,2013-10-19 00:04:18,7.2500
1382140634620000217,20000217,A,2013-10-18 23:57:14,2013-10-19 00:04:29,7.2500
1382140657620000503,20000503,C,2013-10-18 23:57:37,2013-10-19 00:05:22,7.7500
1382140668620000252,20000252,C,2013-10-18 23:57:48,2013-10-19 00:08:03,10.2500
1382140678620000224,20000224,B,2013-10-18 23:57:58,2013-10-19 00:06:58,9.0000
1382140698620000678,20000678,C,2013-10-18 23:58:18,2013-10-19 00:09:48,11.5000
1382140740620000320,20000320,C,2013-10-18 23:59:00,2013-10-19 00:12:15,13.2500
1382140747620000201,20000201,C,2013-10-18 23:59:07,2013-10-19 00:10:22,11.2500
1382140798620000684,20000684,C,2013-10-18 23:59:58,2013-10-19 00:17:28,17.5000
1382225696620000520,20000520,C,2013-10-19 23:34:56,2013-10-20 00:25:41,50.7500
1382225958620000624,20000624,B,2013-10-19 23:39:18,2013-10-20 00:10:48,31.5000
1382226164620000518,20000518,A,2013-10-19 23:42:44,2013-10-20 00:00:29,17.7500
1382226445620000197,20000197,B,2013-10-19 23:47:25,2013-10-20 00:02:10,14.7500
1382226493620000154,20000154,A,2013-10-19 23:48:13,2013-10-20 00:01:58,13.7500
1382226616620000045,20000045,A,2013-10-19 23:50:16,2013-10-20 00:00:31,10.2500
1382226619620000591,20000591,B,2013-10-19 23:50:19,2013-10-20 00:00:04,9.7500
1382226675620000120,20000120,B,2013-10-19 23:51:15,2013-10-20 00:06:15,15.0000
1382226711620000672,20000672,B,2013-10-19 23:51:51,2013-10-20 00:01:36,9.7500
1382226719620000235,20000235,B,2013-10-19 23:51:59,2013-10-20 00:11:44,19.7500
1382226722620000430,20000430,B,2013-10-19 23:52:02,2013-10-20 00:21:32,29.5000
1382226726620000112,20000112,C,2013-10-19 23:52:06,2013-10-20 00:05:21,13.2500
1382226817620000619,20000619,A,2013-10-19 23:53:37,2013-10-20 00:32:22,38.7500
1382226819620000419,20000419,B,2013-10-19 23:53:39,2013-10-20 00:07:39,14.0000
1382226835620000031,20000031,C,2013-10-19 23:53:55,2013-10-20 00:12:25,18.5000
1382226837620000199,20000199,B,2013-10-19 23:53:57,2013-10-20 00:01:42,7.7500
1382226837620000540,20000540,B,2013-10-19 23:53:57,2013-10-20 00:22:42,28.7500
1382226866620000066,20000066,A,2013-10-19 23:54:26,2013-10-20 00:07:41,13.2500
1382226869620000224,20000224,A,2013-10-19 23:54:29,2013-10-20 00:03:59,9.5000
1382226877620000344,20000344,C,2013-10-19 23:54:37,2013-10-20 00:08:22,13.7500
1382226916620000080,20000080,B,2013-10-19 23:55:16,2013-10-20 00:04:46,9.5000
1382226916620000398,20000398,A,2013-10-19 23:55:16,2013-10-20 00:05:46,10.5000
1382226931620000057,20000057,B,2013-10-19 23:55:31,2013-10-20 00:03:31,8.0000
1382226933620000195,20000195,C,2013-10-19 23:55:33,2013-10-20 00:01:33,6.0000
1382226974620000254,20000254,B,2013-10-19 23:56:14,2013-10-20 00:03:59,7.7500
1382226998620000618,20000618,B,2013-10-19 23:56:38,2013-10-20 00:05:23,8.7500
1382227006620000108,20000108,C,2013-10-19 23:56:46,2013-10-20 00:05:46,9.0000
1382227067620000514,20000514,B,2013-10-19 23:57:47,2013-10-20 00:08:47,11.0000
1382227074620000657,20000657,A,2013-10-19 23:57:54,2013-10-20 00:04:24,6.5000
1382227090620000560,20000560,B,2013-10-19 23:58:10,2013-10-20 00:06:40,8.5000
1382227105620000625,20000625,C,2013-10-19 23:58:25,2013-10-20 00:08:55,10.5000
1382227131620000649,20000649,A,2013-10-19 23:58:51,2013-10-20 00:05:06,6.2500
1382227146620000075,20000075,B,2013-10-19 23:59:06,2013-10-20 00:11:06,12.0000
1382227190620000201,20000201,B,2013-10-19 23:59:50,2013-10-20 00:06:50,7.0000
1382308618620000665,20000665,C,2013-10-20 22:36:58,2013-10-21 00:28:58,112.0000
1382312962620000560,20000560,B,2013-10-20 23:49:22,2013-10-21 00:06:07,16.7500
1382313013620000465,20000465,C,2013-10-20 23:50:13,2013-10-21 00:05:43,15.5000
1382313058620000325,20000325,B,2013-10-20 23:50:58,2013-10-21 00:01:58,11.0000
1382313083620000233,20000233,C,2013-10-20 23:51:23,2013-10-21 00:00:53,9.5000
1382313138620000667,20000667,A,2013-10-20 23:52:18,2013-10-21 00:01:18,9.0000
1382313160620000423,20000423,B,2013-10-20 23:52:40,2013-10-21 00:04:55,12.2500
1382313210620000367,20000367,B,2013-10-20 23:53:30,2013-10-21 00:04:30,11.0000
1382313255620000179,20000179,A,2013-10-20 23:54:15,2013-10-21 00:03:15,9.0000
1382313271620000160,20000160,C,2013-10-20 23:54:31,2013-10-21 00:07:46,13.2500
1382313314620000434,20000434,C,2013-10-20 23:55:14,2013-10-21 00:05:59,10.7500
1382313374620000129,20000129,C,2013-10-20 23:56:14,2013-10-21 00:12:29,16.2500
1382313401620000640,20000640,B,2013-10-20 23:56:41,2013-10-21 00:03:56,7.2500
1382313477620000571,20000571,B,2013-10-20 23:57:57,2013-10-21 00:06:42,8.7500
1382313500620000506,20000506,B,2013-10-20 23:58:20,2013-10-21 00:02:50,4.5000
1382313500620000621,20000621,A,2013-10-20 23:58:20,2013-10-21 00:03:35,5.2500
1382313539620000089,20000089,A,2013-10-20 23:58:59,2013-10-21 00:11:59,13.0000
1382313549620000686,20000686,C,2013-10-20 23:59:09,2013-10-21 00:05:54,6.7500
1382313573620000529,20000529,C,2013-10-20 23:59:33,2013-10-21 00:11:18,11.7500
1382398611620000465,20000465,C,2013-10-21 23:36:51,2013-10-22 00:11:21,34.5000
1382399387620000285,20000285,B,2013-10-21 23:49:47,2013-10-22 00:01:02,11.2500
1382399438620000577,20000577,B,2013-10-21 23:50:38,2013-10-22 00:09:38,19.0000
1382399451620000649,20000649,A,2013-10-21 23:50:51,2013-10-22 00:01:36,10.7500
1382399455620000560,20000560,B,2013-10-21 23:50:55,2013-10-22 00:05:25,14.5000
1382399591620000231,20000231,A,2013-10-21 23:53:11,2013-10-22 00:02:56,9.7500
1382399640620000640,20000640,B,2013-10-21 23:54:00,2013-10-22 00:07:45,13.7500
1382399730620000013,20000013,A,2013-10-21 23:55:30,2013-10-22 00:08:45,13.2500
1382399762620000022,20000022,B,2013-10-21 23:56:02,2013-10-22 00:05:02,9.0000
1382399802620000434,20000434,C,2013-10-21 23:56:42,2013-10-22 00:04:27,7.7500
1382399833620000345,20000345,B,2013-10-21 23:57:13,2013-10-22 00:00:43,3.5000
1382399861620000621,20000621,A,2013-10-21 23:57:41,2013-10-22 00:02:41,5.0000
1382399865620000011,20000011,A,2013-10-21 23:57:45,2013-10-22 00:08:45,11.0000
1382399881620000005,20000005,A,2013-10-21 23:58:01,2013-10-22 00:03:31,5.5000
1382399932620000233,20000233,C,2013-10-21 23:58:52,2013-10-22 00:09:07,10.2500
1382485436620000465,20000465,C,2013-10-22 23:43:56,2013-10-23 00:13:11,29.2500
1382485554620000598,20000598,C,2013-10-22 23:45:54,2013-10-23 00:08:54,23.0000
1382485731620000178,20000178,C,2013-10-22 23:48:51,2013-10-23 00:15:06,26.2500
1382485779620000231,20000231,C,2013-10-22 23:49:39,2013-10-23 00:00:24,10.7500
1382485892620000013,20000013,B,2013-10-22 23:51:32,2013-10-23 00:05:47,14.2500
1382486092620000199,20000199,B,2013-10-22 23:54:52,2013-10-23 00:06:07,11.2500
1382486109620000570,20000570,B,2013-10-22 23:55:09,2013-10-23 00:03:09,8.0000
1382486248620000011,20000011,C,2013-10-22 23:57:28,2013-10-23 00:19:28,22.0000
1382486284620000031,20000031,B,2013-10-22 23:58:04,2013-10-23 00:08:19,10.2500
1382486326620000675,20000675,C,2013-10-22 23:58:46,2013-10-23 00:05:01,6.2500
1382486336620000481,20000481,B,2013-10-22 23:58:56,2013-10-23 00:10:26,11.5000
1382486342620000482,20000482,B,2013-10-22 23:59:02,2013-10-23 00:11:02,12.0000
1382486379620000632,20000632,B,2013-10-22 23:59:39,2013-10-23 00:09:54,10.2500
1382486397620000625,20000625,B,2013-10-22 23:59:57,2013-10-23 00:17:12,17.2500
1382570458620000337,20000337,C,2013-10-23 23:20:58,2013-10-24 03:47:58,267.0000
1382571707620000684,20000684,C,2013-10-23 23:41:47,2013-10-24 00:13:47,32.0000
1382571853620000363,20000363,A,2013-10-23 23:44:13,2013-10-24 00:03:28,19.2500
1382572058620000395,20000395,C,2013-10-23 23:47:38,2013-10-24 00:08:08,20.5000
1382572093620000249,20000249,C,2013-10-23 23:48:13,2013-10-24 00:03:43,15.5000
1382572149620000157,20000157,A,2013-10-23 23:49:09,2013-10-24 00:01:54,12.7500
1382572431620000398,20000398,C,2013-10-23 23:53:51,2013-10-24 00:05:06,11.2500
1382572511620000664,20000664,C,2013-10-23 23:55:11,2013-10-24 00:09:41,14.5000
1382572556620000197,20000197,C,2013-10-23 23:55:56,2013-10-24 00:00:11,4.2500
1382572589620000199,20000199,C,2013-10-23 23:56:29,2013-10-24 00:12:14,15.7500
1382572593620000497,20000497,C,2013-10-23 23:56:33,2013-10-24 00:10:18,13.7500
1382572594620000273,20000273,B,2013-10-23 23:56:34,2013-10-24 00:01:49,5.2500
1382572688620000903,20000903,B,2013-10-23 23:58:08,2013-10-24 00:06:53,8.7500
1382572693620000525,20000525,B,2013-10-23 23:58:13,2013-10-24 00:02:43,4.5000
1382572707620000015,20000015,B,2013-10-23 23:58:27,2013-10-24 00:11:12,12.7500
1382572727620000481,20000481,B,2013-10-23 23:58:47,2013-10-24 00:18:32,19.7500
1382572751620000626,20000626,A,2013-10-23 23:59:11,2013-10-24 00:09:41,10.5000
1382656375620000307,20000307,C,2013-10-24 23:12:55,2013-10-25 00:00:25,47.5000
1382658516620000010,20000010,B,2013-10-24 23:48:36,2013-10-25 00:01:51,13.2500
1382658545620000199,20000199,B,2013-10-24 23:49:05,2013-10-25 00:05:50,16.7500
1382658605620000252,20000252,C,2013-10-24 23:50:05,2013-10-25 00:12:20,22.2500
1382658619620000325,20000325,A,2013-10-24 23:50:19,2013-10-25 00:10:34,20.2500
1382658750620000598,20000598,C,2013-10-24 23:52:30,2013-10-25 00:32:00,39.5000
1382658773620000005,20000005,C,2013-10-24 23:52:53,2013-10-25 00:00:38,7.7500
1382659026620000624,20000624,B,2013-10-24 23:57:06,2013-10-25 00:05:21,8.2500
1382659056620000497,20000497,C,2013-10-24 23:57:36,2013-10-25 00:12:21,14.7500
1382659071620000304,20000304,C,2013-10-24 23:57:51,2013-10-25 00:34:36,36.7500
1382659092620000648,20000648,B,2013-10-24 23:58:12,2013-10-25 00:04:27,6.2500
1382659113620000344,20000344,C,2013-10-24 23:58:33,2013-10-25 00:05:48,7.2500
1382659195620000678,20000678,B,2013-10-24 23:59:55,2013-10-25 00:12:10,12.2500
1382742535620000435,20000435,C,2013-10-25 23:08:55,2013-10-26 00:03:25,54.5000
1382744312620000419,20000419,C,2013-10-25 23:38:32,2013-10-26 00:16:32,38.0000
1382744342620000195,20000195,B,2013-10-25 23:39:02,2013-10-26 00:02:47,23.7500
1382744416620000520,20000520,C,2013-10-25 23:40:16,2013-10-26 00:18:01,37.7500
1382744464620000554,20000554,B,2013-10-25 23:41:04,2013-10-26 00:02:34,21.5000
1382744657620000307,20000307,A,2013-10-25 23:44:17,2013-10-26 00:15:47,31.5000
1382744680620000648,20000648,B,2013-10-25 23:44:40,2013-10-26 00:01:55,17.2500
1382744789620000054,20000054,B,2013-10-25 23:46:29,2013-10-26 00:01:14,14.7500
1382744796620000332,20000332,B,2013-10-25 23:46:36,2013-10-26 00:05:21,18.7500
1382744811620000140,20000140,B,2013-10-25 23:46:51,2013-10-26 00:00:06,13.2500
1382744833620000626,20000626,B,2013-10-25 23:47:13,2013-10-26 00:01:28,14.2500
1382744847620000603,20000603,A,2013-10-25 23:47:27,2013-10-26 00:00:57,13.5000
1382744890620000663,20000663,A,2013-10-25 23:48:10,2013-10-26 00:07:25,19.2500
1382744897620000688,20000688,C,2013-10-25 23:48:17,2013-10-26 00:01:02,12.7500
1382744961620000657,20000657,C,2013-10-25 23:49:21,2013-10-26 00:08:06,18.7500
1382744992620000687,20000687,A,2013-10-25 23:49:52,2013-10-26 00:01:07,11.2500
1382745007620000245,20000245,C,2013-10-25 23:50:07,2013-10-26 00:01:07,11.0000
1382745034620000572,20000572,B,2013-10-25 23:50:34,2013-10-26 00:04:04,13.5000
1382745039620000482,20000482,B,2013-10-25 23:50:39,2013-10-26 00:17:09,26.5000
1382745040620000129,20000129,B,2013-10-25 23:50:40,2013-10-26 00:05:25,14.7500
1382745040620000548,20000548,A,2013-10-25 23:50:40,2013-10-26 00:02:10,11.5000
1382745047620000529,20000529,C,2013-10-25 23:50:47,2013-10-26 00:15:02,24.2500
1382745067620000398,20000398,A,2013-10-25 23:51:07,2013-10-26 00:03:52,12.7500
1382745090620000120,20000120,B,2013-10-25 23:51:30,2013-10-26 00:03:00,11.5000
1382745117620000092,20000092,A,2013-10-25 23:51:57,2013-10-26 00:04:57,13.0000
1382745130620000008,20000008,C,2013-10-25 23:52:10,2013-10-26 00:27:25,35.2500
1382745137620000372,20000372,A,2013-10-25 23:52:17,2013-10-26 00:00:32,8.2500
1382745148620000625,20000625,B,2013-10-25 23:52:28,2013-10-26 00:01:28,9.0000
1382745233620000242,20000242,B,2013-10-25 23:53:53,2013-10-26 00:05:23,11.5000
1382745280620000031,20000031,B,2013-10-25 23:54:40,2013-10-26 00:12:10,17.5000
1382745324620000067,20000067,B,2013-10-25 23:55:24,2013-10-26 00:06:54,11.5000
1382745329620000458,20000458,B,2013-10-25 23:55:29,2013-10-26 00:05:29,10.0000
1382745349620000011,20000011,A,2013-10-25 23:55:49,2013-10-26 00:08:34,12.7500
1382745357620000297,20000297,C,2013-10-25 23:55:57,2013-10-26 00:50:57,55.0000
1382745364620000436,20000436,A,2013-10-25 23:56:04,2013-10-26 00:06:49,10.7500
1382745376620000009,20000009,B,2013-10-25 23:56:16,2013-10-26 00:08:31,12.2500
1382745378620000370,20000370,C,2013-10-25 23:56:18,2013-10-26 00:03:18,7.0000
1382745389620000560,20000560,B,2013-10-25 23:56:29,2013-10-26 00:13:29,17.0000
1382745397620000254,20000254,B,2013-10-25 23:56:37,2013-10-26 00:08:37,12.0000
1382745398620000503,20000503,C,2013-10-25 23:56:38,2013-10-26 00:08:53,12.2500
1382745422620000431,20000431,B,2013-10-25 23:57:02,2013-10-26 00:02:02,5.0000
1382745434620000359,20000359,B,2013-10-25 23:57:14,2013-10-26 00:11:44,14.5000
1382745438620000066,20000066,B,2013-10-25 23:57:18,2013-10-26 00:11:48,14.5000
1382745446620000376,20000376,B,2013-10-25 23:57:26,2013-10-26 00:03:41,6.2500
1382745446620000662,20000662,B,2013-10-25 23:57:26,2013-10-26 00:05:41,8.2500
1382745462620000518,20000518,A,2013-10-25 23:57:42,2013-10-26 00:14:57,17.2500
1382745464620000497,20000497,B,2013-10-25 23:57:44,2013-10-26 00:09:59,12.2500
1382745484620000351,20000351,B,2013-10-25 23:58:04,2013-10-26 00:05:49,7.7500
1382745525620000320,20000320,C,2013-10-25 23:58:45,2013-10-26 00:03:30,4.7500
1382745529620000197,20000197,B,2013-10-25 23:58:49,2013-10-26 00:03:19,4.5000
1382745535620000540,20000540,B,2013-10-25 23:58:55,2013-10-26 00:07:25,8.5000
1382745538620000601,20000601,C,2013-10-25 23:58:58,2013-10-26 00:08:58,10.0000
1382745539620000619,20000619,B,2013-10-25 23:58:59,2013-10-26 00:07:59,9.0000
1382745541620000440,20000440,B,2013-10-25 23:59:01,2013-10-26 00:16:31,17.5000
1382745564620000038,20000038,C,2013-10-25 23:59:24,2013-10-26 00:08:09,8.7500
1382745581620000157,20000157,C,2013-10-25 23:59:41,2013-10-26 00:14:56,15.2500
1382745596620000624,20000624,B,2013-10-25 23:59:56,2013-10-26 00:24:11,24.2500
1382829923620000687,20000687,A,2013-10-26 23:25:23,2013-10-27 00:02:53,37.5000
1382830763620000621,20000621,B,2013-10-26 23:39:23,2013-10-27 00:14:53,35.5000
1382830851620000901,20000901,B,2013-10-26 23:40:51,2013-10-27 00:01:36,20.7500
1382830881620000680,20000680,B,2013-10-26 23:41:21,2013-10-27 00:05:36,24.2500
1382830941620000664,20000664,B,2013-10-26 23:42:21,2013-10-27 00:01:51,19.5000
1382830981620000596,20000596,A,2013-10-26 23:43:01,2013-10-27 00:12:16,29.2500
1382831110620000430,20000430,B,2013-10-26 23:45:10,2013-10-27 00:01:55,16.7500
1382831277620000372,20000372,A,2013-10-26 23:47:57,2013-10-27 00:02:42,14.7500
1382831309620000304,20000304,C,2013-10-26 23:48:29,2013-10-27 00:25:59,37.5000
1382831364620000640,20000640,A,2013-10-26 23:49:24,2013-10-27 00:00:54,11.5000
1382831398620000440,20000440,B,2013-10-26 23:49:58,2013-10-27 00:10:13,20.2500
1382831412620000179,20000179,A,2013-10-26 23:50:12,2013-10-27 00:02:12,12.0000
1382831423620000632,20000632,B,2013-10-26 23:50:23,2013-10-27 00:00:38,10.2500
1382831432620000201,20000201,C,2013-10-26 23:50:32,2013-10-27 00:13:17,22.7500
1382831451620000662,20000662,C,2013-10-26 23:50:51,2013-10-27 00:02:21,11.5000
1382831452620000233,20000233,C,2013-10-26 23:50:52,2013-10-27 00:04:37,13.7500
1382831472620000598,20000598,A,2013-10-26 23:51:12,2013-10-27 00:02:42,11.5000
1382831481620000011,20000011,C,2013-10-26 23:51:21,2013-10-27 00:02:51,11.5000
1382831486620000672,20000672,C,2013-10-26 23:51:26,2013-10-27 00:23:56,32.5000
1382831507620000337,20000337,C,2013-10-26 23:51:47,2013-10-27 01:32:17,100.5000
1382831512620000541,20000541,A,2013-10-26 23:51:52,2013-10-27 00:07:22,15.5000
1382831534620000591,20000591,C,2013-10-26 23:52:14,2013-10-27 00:02:59,10.7500
1382831535620000483,20000483,C,2013-10-26 23:52:15,2013-10-27 00:10:45,18.5000
1382831559620000648,20000648,B,2013-10-26 23:52:39,2013-10-27 00:08:54,16.2500
1382831574620000101,20000101,B,2013-10-26 23:52:54,2013-10-27 00:09:39,16.7500
1382831599620000667,20000667,B,2013-10-26 23:53:19,2013-10-27 00:01:49,8.5000
1382831621620000320,20000320,C,2013-10-26 23:53:41,2013-10-27 00:06:11,12.5000
1382831623620000518,20000518,C,2013-10-26 23:53:43,2013-10-27 00:38:58,45.2500
1382831684620000235,20000235,B,2013-10-26 23:54:44,2013-10-27 00:24:59,30.2500
1382831693620000465,20000465,B,2013-10-26 23:54:53,2013-10-27 00:03:53,9.0000
1382831701620000472,20000472,C,2013-10-26 23:55:01,2013-10-27 00:05:01,10.0000
1382831732620000571,20000571,B,2013-10-26 23:55:32,2013-10-27 00:03:47,8.2500
1382831771620000280,20000280,C,2013-10-26 23:56:11,2013-10-27 00:06:26,10.2500
1382831787620000089,20000089,C,2013-10-26 23:56:27,2013-10-27 00:04:12,7.7500
1382831788620000231,20000231,B,2013-10-26 23:56:28,2013-10-27 00:16:28,20.0000
1382831792620000171,20000171,C,2013-10-26 23:56:32,2013-10-27 00:05:32,9.0000
1382831801620000129,20000129,B,2013-10-26 23:56:41,2013-10-27 00:13:56,17.2500
1382831806620000243,20000243,A,2013-10-26 23:56:46,2013-10-27 00:02:46,6.0000
1382831821620000624,20000624,B,2013-10-26 23:57:01,2013-10-27 00:12:31,15.5000
1382831839620000305,20000305,A,2013-10-26 23:57:19,2013-10-27 00:06:04,8.7500
1382831845620000030,20000030,B,2013-10-26 23:57:25,2013-10-27 00:05:40,8.2500
1382831867620000671,20000671,C,2013-10-26 23:57:47,2013-10-27 00:06:47,9.0000
1382831872620000105,20000105,A,2013-10-26 23:57:52,2013-10-27 00:02:07,4.2500
1382831884620000370,20000370,A,2013-10-26 23:58:04,2013-10-27 00:09:19,11.2500
1382831889620000663,20000663,B,2013-10-26 23:58:09,2013-10-27 00:09:24,11.2500
1382831895620000423,20000423,B,2013-10-26 23:58:15,2013-10-27 00:27:00,28.7500
1382831896620000497,20000497,C,2013-10-26 23:58:16,2013-10-27 00:05:16,7.0000
1382831920620000657,20000657,C,2013-10-26 23:58:40,2013-10-27 00:09:10,10.5000
1382831935620000195,20000195,B,2013-10-26 23:58:55,2013-10-27 00:03:55,5.0000
1382831941620000458,20000458,A,2013-10-26 23:59:01,2013-10-27 00:04:31,5.5000
1382831952620000387,20000387,A,2013-10-26 23:59:12,2013-10-27 00:27:27,28.2500
1382831990620000618,20000618,C,2013-10-26 23:59:50,2013-10-27 00:16:35,16.7500
1382916973620000101,20000101,C,2013-10-27 23:36:13,2013-10-28 00:06:28,30.2500
1382917821620000376,20000376,C,2013-10-27 23:50:21,2013-10-28 00:09:36,19.2500
1382917904620000503,20000503,C,2013-10-27 23:51:44,2013-10-28 00:05:44,14.0000
1382917926620000129,20000129,B,2013-10-27 23:52:06,2013-10-28 00:13:21,21.2500
1382917966620000242,20000242,B,2013-10-27 23:52:46,2013-10-28 00:05:31,12.7500
1382918045620000458,20000458,B,2013-10-27 23:54:05,2013-10-28 00:00:35,6.5000
1382918059620000481,20000481,B,2013-10-27 23:54:19,2013-10-28 00:07:34,13.2500
1382918070620000688,20000688,B,2013-10-27 23:54:30,2013-10-28 00:04:15,9.7500
1382918089620000648,20000648,C,2013-10-27 23:54:49,2013-10-28 00:01:34,6.7500
1382918110620000092,20000092,B,2013-10-27 23:55:10,2013-10-28 00:10:10,15.0000
1382918263620000473,20000473,B,2013-10-27 23:57:43,2013-10-28 00:03:58,6.2500
1382918268620000007,20000007,B,2013-10-27 23:57:48,2013-10-28 00:04:33,6.7500
1382918353620000235,20000235,C,2013-10-27 23:59:13,2013-10-28 00:04:28,5.2500
1382918381620000233,20000233,B,2013-10-27 23:59:41,2013-10-28 00:11:26,11.7500
1383002554620000022,20000022,C,2013-10-28 23:22:34,2013-10-29 00:06:04,43.5000
1383003343620000179,20000179,C,2013-10-28 23:35:43,2013-10-29 00:01:13,25.5000
1383003907620000569,20000569,C,2013-10-28 23:45:07,2013-10-29 00:01:37,16.5000
1383004412620000649,20000649,A,2013-10-28 23:53:32,2013-10-29 00:03:47,10.2500
1383004417620000453,20000453,B,2013-10-28 23:53:37,2013-10-29 00:00:52,7.2500
1383004425620000112,20000112,C,2013-10-28 23:53:45,2013-10-29 00:22:30,28.7500
1383004425620000311,20000311,A,2013-10-28 23:53:45,2013-10-29 00:06:45,13.0000
1383004462620000431,20000431,A,2013-10-28 23:54:22,2013-10-29 00:00:37,6.2500
1383004556620000254,20000254,B,2013-10-28 23:55:56,2013-10-29 00:02:26,6.5000
1383004576620000403,20000403,B,2013-10-28 23:56:16,2013-10-29 00:08:01,11.7500
1383004653620000520,20000520,C,2013-10-28 23:57:33,2013-10-29 00:06:18,8.7500
1383004695620000488,20000488,A,2013-10-28 23:58:15,2013-10-29 00:12:15,14.0000
1383004761620000015,20000015,C,2013-10-28 23:59:21,2013-10-29 00:14:51,15.5000
1383090431620000101,20000101,B,2013-10-29 23:47:11,2013-10-30 00:25:41,38.5000
1383090877620000005,20000005,B,2013-10-29 23:54:37,2013-10-30 00:01:37,7.0000
1383090992620000632,20000632,B,2013-10-29 23:56:32,2013-10-30 00:06:47,10.2500
1383091137620000648,20000648,B,2013-10-29 23:58:57,2013-10-30 00:04:57,6.0000
1383091145620000633,20000633,B,2013-10-29 23:59:05,2013-10-30 00:09:50,10.7500
1383175496620000598,20000598,C,2013-10-30 23:24:56,2013-10-31 00:13:41,48.7500
1383176630620000273,20000273,C,2013-10-30 23:43:50,2013-10-31 00:04:50,21.0000
1383176944620000435,20000435,C,2013-10-30 23:49:04,2013-10-31 00:06:34,17.5000
1383177017620000023,20000023,A,2013-10-30 23:50:17,2013-10-31 00:01:32,11.2500
1383177044620000120,20000120,B,2013-10-30 23:50:44,2013-10-31 00:01:14,10.5000
1383177150620000662,20000662,B,2013-10-30 23:52:30,2013-10-31 00:03:30,11.0000
1383177309620000434,20000434,C,2013-10-30 23:55:09,2013-10-31 00:10:39,15.5000
1383177354620000360,20000360,B,2013-10-30 23:55:54,2013-10-31 00:03:24,7.5000
1383177398620000216,20000216,A,2013-10-30 23:56:38,2013-10-31 00:07:38,11.0000
1383177420620000153,20000153,B,2013-10-30 23:57:00,2013-10-31 00:03:00,6.0000
1383177423620000304,20000304,C,2013-10-30 23:57:03,2013-10-31 00:03:33,6.5000
1383177427620000054,20000054,A,2013-10-30 23:57:07,2013-10-31 00:16:37,19.5000
1383177427620000364,20000364,B,2013-10-30 23:57:07,2013-10-31 00:02:22,5.2500
1383177454620000680,20000680,C,2013-10-30 23:57:34,2013-10-31 00:00:49,3.2500
1383177513620000031,20000031,B,2013-10-30 23:58:33,2013-10-31 00:08:03,9.5000
1383177539620000311,20000311,B,2013-10-30 23:58:59,2013-10-31 00:23:59,25.0000
1383177569620000038,20000038,C,2013-10-30 23:59:29,2013-10-31 00:24:44,25.2500
1383263126620000665,20000665,C,2013-10-31 23:45:26,2013-11-01 00:03:56,18.5000
1383263164620000351,20000351,C,2013-10-31 23:46:04,2013-11-01 00:14:49,28.7500
1383263279620000215,20000215,B,2013-10-31 23:47:59,2013-11-01 00:00:14,12.2500
1383263290620000451,20000451,B,2013-10-31 23:48:10,2013-11-01 00:03:10,15.0000
1383263461620000450,20000450,A,2013-10-31 23:51:01,2013-11-01 00:00:16,9.2500
1383263493620000395,20000395,B,2013-10-31 23:51:33,2013-11-01 00:00:48,9.2500
1383263532620000686,20000686,B,2013-10-31 23:52:12,2013-11-01 00:08:12,16.0000
1383263604620000233,20000233,A,2013-10-31 23:53:24,2013-11-01 00:03:39,10.2500
1383263651620000529,20000529,C,2013-10-31 23:54:11,2013-11-01 00:02:56,8.7500
1383263675620000663,20000663,A,2013-10-31 23:54:35,2013-11-01 00:02:50,8.2500
1383263686620000520,20000520,B,2013-10-31 23:54:46,2013-11-01 00:00:31,5.7500
1383263699620000307,20000307,B,2013-10-31 23:54:59,2013-11-01 00:04:14,9.2500
1383263741620000009,20000009,B,2013-10-31 23:55:41,2013-11-01 00:04:11,8.5000
1383263790620000624,20000624,B,2013-10-31 23:56:30,2013-11-01 00:07:00,10.5000
1383263793620000054,20000054,B,2013-10-31 23:56:33,2013-11-01 00:01:18,4.7500
1383263802620000387,20000387,C,2013-10-31 23:56:42,2013-11-01 00:02:42,6.0000
1383263807620000239,20000239,C,2013-10-31 23:56:47,2013-11-01 00:00:32,3.7500
1383263845620000632,20000632,C,2013-10-31 23:57:25,2013-11-01 00:18:55,21.5000
1383263871620000904,20000904,B,2013-10-31 23:57:51,2013-11-01 00:01:51,4.0000
1383263923620000514,20000514,B,2013-10-31 23:58:43,2013-11-01 00:06:28,7.7500
1383263928620000453,20000453,A,2013-10-31 23:58:48,2013-11-01 00:14:18,15.5000
1383263941620000472,20000472,A,2013-10-31 23:59:01,2013-11-01 00:05:46,6.7500
1383263956620000066,20000066,C,2013-10-31 23:59:16,2013-11-01 00:16:46,17.5000
1383263960620000503,20000503,C,2013-10-31 23:59:20,2013-11-01 00:14:50,15.5000
1383293324620000520,20000520,B,2013-11-01 08:08:44,2013-11-02 00:07:29,958.7500
1383346982620000624,20000624,B,2013-11-01 23:03:02,2013-11-02 00:11:02,68.0000
1383348777620000517,20000517,B,2013-11-01 23:32:57,2013-11-02 00:04:42,31.7500
1383349115620000398,20000398,C,2013-11-01 23:38:35,2013-11-02 00:28:20,49.7500
1383349201620000112,20000112,C,2013-11-01 23:40:01,2013-11-02 00:00:31,20.5000
1383349290620000611,20000611,B,2013-11-01 23:41:30,2013-11-02 00:06:45,25.2500
1383349343620000360,20000360,B,2013-11-01 23:42:23,2013-11-02 00:08:08,25.7500
1383349350620000672,20000672,B,2013-11-01 23:42:30,2013-11-02 00:09:45,27.2500
1383349444620000254,20000254,A,2013-11-01 23:44:04,2013-11-02 00:13:19,29.2500
1383349453620000089,20000089,C,2013-11-01 23:44:13,2013-11-02 00:07:43,23.5000
1383349460620000540,20000540,A,2013-11-01 23:44:20,2013-11-02 00:19:20,35.0000
1383349470620000625,20000625,C,2013-11-01 23:44:30,2013-11-02 00:15:45,31.2500
1383349552620000320,20000320,A,2013-11-01 23:45:52,2013-11-02 00:01:22,15.5000
1383349566620000467,20000467,C,2013-11-01 23:46:06,2013-11-02 00:01:06,15.0000
1383349606620000658,20000658,A,2013-11-01 23:46:46,2013-11-02 00:03:01,16.2500
1383349629620000570,20000570,A,2013-11-01 23:47:09,2013-11-02 00:00:39,13.5000
1383349664620000304,20000304,C,2013-11-01 23:47:44,2013-11-02 00:08:59,21.2500
1383349692620000297,20000297,C,2013-11-01 23:48:12,2013-11-02 00:02:12,14.0000
1383349710620000004,20000004,C,2013-11-01 23:48:30,2013-11-02 00:06:30,18.0000
1383349713620000344,20000344,C,2013-11-01 23:48:33,2013-11-02 00:06:03,17.5000
1383349717620000009,20000009,B,2013-11-01 23:48:37,2013-11-02 00:08:22,19.7500
1383349790620000688,20000688,A,2013-11-01 23:49:50,2013-11-02 00:01:35,11.7500
1383349804620000600,20000600,B,2013-11-01 23:50:04,2013-11-02 00:02:04,12.0000
1383349811620000649,20000649,A,2013-11-01 23:50:11,2013-11-02 00:00:41,10.5000
1383349819620000119,20000119,B,2013-11-01 23:50:19,2013-11-02 00:06:19,16.0000
1383349823620000011,20000011,C,2013-11-01 23:50:23,2013-11-02 00:07:38,17.2500
1383349830620000612,20000612,C,2013-11-01 23:50:30,2013-11-02 00:01:15,10.7500
1383349839620000101,20000101,B,2013-11-01 23:50:39,2013-11-02 00:15:24,24.7500
1383349891620000167,20000167,B,2013-11-01 23:51:31,2013-11-02 00:03:16,11.7500
1383349905620000256,20000256,A,2013-11-01 23:51:45,2013-11-02 00:07:45,16.0000
1383349927620000671,20000671,B,2013-11-01 23:52:07,2013-11-02 00:08:52,16.7500
1383349929620000476,20000476,A,2013-11-01 23:52:09,2013-11-02 00:00:24,8.2500
1383349955620000436,20000436,B,2013-11-01 23:52:35,2013-11-02 00:01:05,8.5000
1383350027620000686,20000686,B,2013-11-01 23:53:47,2013-11-02 00:17:02,23.2500
1383350037620000372,20000372,A,2013-11-01 23:53:57,2013-11-02 00:08:12,14.2500
1383350047620000007,20000007,B,2013-11-01 23:54:07,2013-11-02 00:10:07,16.0000
1383350049620000201,20000201,C,2013-11-01 23:54:09,2013-11-02 00:01:54,7.7500
1383350064620000571,20000571,C,2013-11-01 23:54:24,2013-11-02 00:01:24,7.0000
1383350079620000157,20000157,C,2013-11-01 23:54:39,2013-11-02 00:02:09,7.5000
1383350092620000663,20000663,A,2013-11-01 23:54:52,2013-11-02 00:12:07,17.2500
1383350098620000423,20000423,A,2013-11-01 23:54:58,2013-11-02 00:10:28,15.5000
1383350118620000463,20000463,B,2013-11-01 23:55:18,2013-11-02 00:01:03,5.7500
1383350134620000591,20000591,B,2013-11-01 23:55:34,2013-11-02 00:11:04,15.5000
1383350161620000561,20000561,A,2013-11-01 23:56:01,2013-11-02 00:11:01,15.0000
1383350168620000458,20000458,A,2013-11-01 23:56:08,2013-11-02 00:00:23,4.2500
1383350175620000363,20000363,B,2013-11-01 23:56:15,2013-11-02 00:09:45,13.5000
1383350197620000359,20000359,B,2013-11-01 23:56:37,2013-11-02 00:11:22,14.7500
1383350209620000362,20000362,B,2013-11-01 23:56:49,2013-11-02 00:12:19,15.5000
1383350231620000341,20000341,A,2013-11-01 23:57:11,2013-11-02 00:05:26,8.2500
1383350257620000387,20000387,A,2013-11-01 23:57:37,2013-11-02 00:09:07,11.5000
1383350268620000450,20000450,B,2013-11-01 23:57:48,2013-11-02 00:02:03,4.2500
1383350286620000503,20000503,B,2013-11-01 23:58:06,2013-11-02 00:01:51,3.7500
1383350295620000013,20000013,B,2013-11-01 23:58:15,2013-11-02 00:06:30,8.2500
1383350318620000307,20000307,C,2013-11-01 23:58:38,2013-11-02 00:27:08,28.5000
1383350321620000120,20000120,C,2013-11-01 23:58:41,2013-11-02 00:14:26,15.7500
1383350327620000351,20000351,B,2013-11-01 23:58:47,2013-11-02 00:16:17,17.5000
1383350339620000233,20000233,A,2013-11-01 23:58:59,2013-11-02 00:07:44,8.7500
1383350342620000424,20000424,B,2013-11-01 23:59:02,2013-11-02 00:15:02,16.0000
1383350352620000010,20000010,B,2013-11-01 23:59:12,2013-11-02 00:07:42,8.5000
1383350356620000195,20000195,C,2013-11-01 23:59:16,2013-11-02 00:07:31,8.2500
1383350394620000252,20000252,C,2013-11-01 23:59:54,2013-11-02 00:19:54,20.0000
1383432847620000435,20000435,C,2013-11-02 22:54:07,2013-11-03 00:09:52,75.7500
1383435962620000598,20000598,C,2013-11-02 23:46:02,2013-11-03 00:12:47,26.7500
1383436021620000038,20000038,C,2013-11-02 23:47:01,2013-11-03 00:04:46,17.7500
1383436090620000488,20000488,A,2013-11-02 23:48:10,2013-11-03 00:04:55,16.7500
1383436107620000243,20000243,A,2013-11-02 23:48:27,2013-11-03 00:14:12,25.7500
1383436142620000453,20000453,B,2013-11-02 23:49:02,2013-11-03 00:00:17,11.2500
1383436219620000120,20000120,A,2013-11-02 23:50:19,2013-11-03 00:02:34,12.2500
1383436253620000014,20000014,A,2013-11-02 23:50:53,2013-11-03 00:03:38,12.7500
1383436261620000341,20000341,B,2013-11-02 23:51:01,2013-11-03 00:01:31,10.5000
1383436320620000020,20000020,B,2013-11-02 23:52:00,2013-11-03 00:00:45,8.7500
1383436346620000037,20000037,C,2013-11-02 23:52:26,2013-11-03 00:05:41,13.2500
1383436347620000492,20000492,B,2013-11-02 23:52:27,2013-11-03 00:06:42,14.2500
1383436356620000542,20000542,B,2013-11-02 23:52:36,2013-11-03 00:00:21,7.7500
1383436385620000242,20000242,C,2013-11-02 23:53:05,2013-11-03 00:08:50,15.7500
1383436435620000421,20000421,B,2013-11-02 23:53:55,2013-11-03 00:03:55,10.0000
1383436460620000142,20000142,C,2013-11-02 23:54:20,2013-11-03 00:01:05,6.7500
1383436461620000431,20000431,B,2013-11-02 23:54:21,2013-11-03 00:01:06,6.7500
1383436465620000687,20000687,A,2013-11-02 23:54:25,2013-11-03 00:03:40,9.2500
1383436467620000268,20000268,B,2013-11-02 23:54:27,2013-11-03 00:02:27,8.0000
1383436517620000451,20000451,B,2013-11-02 23:55:17,2013-11-03 00:03:32,8.2500
1383436575620000112,20000112,C,2013-11-02 23:56:15,2013-11-03 00:11:00,14.7500
1383436585620000481,20000481,B,2013-11-02 23:56:25,2013-11-03 00:02:55,6.5000
1383436590620000663,20000663,C,2013-11-02 23:56:30,2013-11-03 00:02:30,6.0000
1383436615620000008,20000008,C,2013-11-02 23:56:55,2013-11-03 00:02:25,5.5000
1383436624620000042,20000042,A,2013-11-02 23:57:04,2013-11-03 00:01:04,4.0000
1383436636620000092,20000092,A,2013-11-02 23:57:16,2013-11-03 00:09:31,12.2500
1383436646620000520,20000520,B,2013-11-02 23:57:26,2013-11-03 00:05:26,8.0000
1383436666620000633,20000633,B,2013-11-02 23:57:46,2013-11-03 00:06:01,8.2500
1383436680620000540,20000540,B,2013-11-02 23:58:00,2013-11-03 00:07:45,9.7500
1383436714620000251,20000251,B,2013-11-02 23:58:34,2013-11-03 00:07:49,9.2500
1383436751620000591,20000591,C,2013-11-02 23:59:11,2013-11-03 00:07:41,8.5000
1383436760620000045,20000045,C,2013-11-02 23:59:20,2013-11-03 00:07:20,8.0000
1383436771620000617,20000617,A,2013-11-02 23:59:31,2013-11-03 00:09:46,10.2500
1383436788620000075,20000075,B,2013-11-02 23:59:48,2013-11-03 00:05:18,5.5000
1383522714620000309,20000309,A,2013-11-03 23:51:54,2013-11-04 00:06:09,14.2500
1383522719620000395,20000395,B,2013-11-03 23:51:59,2013-11-04 00:02:44,10.7500
1383522881620000610,20000610,C,2013-11-03 23:54:41,2013-11-04 00:07:56,13.2500
1383522919620000388,20000388,A,2013-11-03 23:55:19,2013-11-04 00:06:49,11.5000
1383523188620000472,20000472,C,2013-11-03 23:59:48,2013-11-04 00:11:48,12.0000
1383605507620000197,20000197,C,2013-11-04 22:51:47,2013-11-05 00:37:47,106.0000
1383608826620000901,20000901,A,2013-11-04 23:47:06,2013-11-05 00:02:21,15.2500
1383608866620000395,20000395,A,2013-11-04 23:47:46,2013-11-05 00:01:01,13.2500
1383608986620000684,20000684,C,2013-11-04 23:49:46,2013-11-05 00:00:31,10.7500
1383609105620000554,20000554,C,2013-11-04 23:51:45,2013-11-05 00:00:15,8.5000
1383609238620000653,20000653,B,2013-11-04 23:53:58,2013-11-05 00:06:13,12.2500
1383609265620000633,20000633,C,2013-11-04 23:54:25,2013-11-05 00:06:40,12.2500
1383609390620000503,20000503,B,2013-11-04 23:56:30,2013-11-05 00:03:15,6.7500
1383609461620000297,20000297,A,2013-11-04 23:57:41,2013-11-05 00:05:56,8.2500
1383609503620000388,20000388,B,2013-11-04 23:58:23,2013-11-05 00:05:38,7.2500
1383609521620000662,20000662,B,2013-11-04 23:58:41,2013-11-05 00:06:41,8.0000
1383609527620000338,20000338,B,2013-11-04 23:58:47,2013-11-05 00:10:32,11.7500
1383609577620000424,20000424,C,2013-11-04 23:59:37,2013-11-05 00:05:07,5.5000
1383609585620000173,20000173,C,2013-11-04 23:59:45,2013-11-05 00:10:00,10.2500
1383694116620000160,20000160,A,2013-11-05 23:28:36,2013-11-06 00:07:06,38.5000
1383695170620000351,20000351,B,2013-11-05 23:46:10,2013-11-06 00:00:55,14.7500
1383695262620000080,20000080,A,2013-11-05 23:47:42,2013-11-06 00:00:57,13.2500
1383695484620000305,20000305,C,2013-11-05 23:51:24,2013-11-06 00:08:54,17.5000
1383695509620000672,20000672,A,2013-11-05 23:51:49,2013-11-06 00:05:34,13.7500
1383695721620000509,20000509,C,2013-11-05 23:55:21,2013-11-06 00:08:51,13.5000
1383695726620000054,20000054,A,2013-11-05 23:55:26,2013-11-06 00:06:56,11.5000
1383695812620000617,20000617,B,2013-11-05 23:56:52,2013-11-06 00:08:37,11.7500
1383695820620000325,20000325,B,2013-11-05 23:57:00,2013-11-06 00:05:15,8.2500
1383695861620000031,20000031,A,2013-11-05 23:57:41,2013-11-06 00:07:11,9.5000
1383695939620000640,20000640,B,2013-11-05 23:58:59,2013-11-06 00:13:29,14.5000
1383781182620000570,20000570,C,2013-11-06 23:39:42,2013-11-07 00:03:12,23.5000
1383781277620000574,20000574,C,2013-11-06 23:41:17,2013-11-07 00:04:32,23.2500
1383781610620000488,20000488,A,2013-11-06 23:46:50,2013-11-07 00:05:20,18.5000
1383781683620000665,20000665,C,2013-11-06 23:48:03,2013-11-07 00:03:33,15.5000
1383781959620000370,20000370,A,2013-11-06 23:52:39,2013-11-07 00:01:09,8.5000
1383781973620000672,20000672,A,2013-11-06 23:52:53,2013-11-07 00:08:23,15.5000
1383781991620000517,20000517,C,2013-11-06 23:53:11,2013-11-07 00:17:26,24.2500
1383782067620000066,20000066,C,2013-11-06 23:54:27,2013-11-07 00:09:27,15.0000
1383782074620000105,20000105,A,2013-11-06 23:54:34,2013-11-07 00:06:19,11.7500
1383782189620000356,20000356,C,2013-11-06 23:56:29,2013-11-07 00:00:29,4.0000
1383782298620000617,20000617,B,2013-11-06 23:58:18,2013-11-07 00:08:33,10.2500
1383782365620000337,20000337,A,2013-11-06 23:59:25,2013-11-07 00:09:10,9.7500
1383782394620000080,20000080,B,2013-11-06 23:59:54,2013-11-07 00:05:09,5.2500
1383782399620000380,20000380,C,2013-11-06 23:59:59,2013-11-07 00:04:59,5.0000
1383867788620000483,20000483,B,2013-11-07 23:43:08,2013-11-08 00:00:38,17.5000
1383867845620000688,20000688,A,2013-11-07 23:44:05,2013-11-08 00:07:05,23.0000
1383868033620000610,20000610,C,2013-11-07 23:47:13,2013-11-08 00:00:13,13.0000
1383868198620000351,20000351,B,2013-11-07 23:49:58,2013-11-08 00:02:43,12.7500
1383868303620000446,20000446,B,2013-11-07 23:51:43,2013-11-08 00:01:58,10.2500
1383868389620000196,20000196,B,2013-11-07 23:53:09,2013-11-08 00:04:54,11.7500
1383868453620000254,20000254,A,2013-11-07 23:54:13,2013-11-08 00:03:43,9.5000
1383868454620000626,20000626,B,2013-11-07 23:54:14,2013-11-08 00:02:59,8.7500
1383868482620000388,20000388,C,2013-11-07 23:54:42,2013-11-08 00:05:27,10.7500
1383868494620000529,20000529,C,2013-11-07 23:54:54,2013-11-08 00:03:54,9.0000
1383868495620000201,20000201,C,2013-11-07 23:54:55,2013-11-08 00:11:25,16.5000
1383868532620000256,20000256,B,2013-11-07 23:55:32,2013-11-08 00:06:02,10.5000
1383868561620000595,20000595,A,2013-11-07 23:56:01,2013-11-08 00:03:01,7.0000
1383868598620000398,20000398,B,2013-11-07 23:56:38,2013-11-08 00:08:38,12.0000
1383868671620000005,20000005,A,2013-11-07 23:57:51,2013-11-08 00:10:21,12.5000
1383868694620000423,20000423,A,2013-11-07 23:58:14,2013-11-08 00:03:44,5.5000
1383868716620000101,20000101,C,2013-11-07 23:58:36,2013-11-08 00:25:51,27.2500
1383868763620000570,20000570,A,2013-11-07 23:59:23,2013-11-08 00:12:08,12.7500
1383868794620000167,20000167,A,2013-11-07 23:59:54,2013-11-08 00:14:24,14.5000
1383940424620000520,20000520,C,2013-11-08 19:53:44,2013-11-09 01:49:44,356.0000
1383951933620000163,20000163,C,2013-11-08 23:05:33,2013-11-09 00:01:48,56.2500
1383954232620000042,20000042,C,2013-11-08 23:43:52,2013-11-09 00:11:52,28.0000
1383954263620000233,20000233,B,2013-11-08 23:44:23,2013-11-09 00:09:38,25.2500
1383954330620000243,20000243,C,2013-11-08 23:45:30,2013-11-09 00:09:30,24.0000
1383954427620000662,20000662,B,2013-11-08 23:47:07,2013-11-09 00:03:37,16.5000
1383954520620000527,20000527,B,2013-11-08 23:48:40,2013-11-09 00:02:55,14.2500
1383954530620000154,20000154,A,2013-11-08 23:48:50,2013-11-09 00:02:05,13.2500
1383954535620000004,20000004,A,2013-11-08 23:48:55,2013-11-09 00:03:25,14.5000
1383954538620000119,20000119,A,2013-11-08 23:48:58,2013-11-09 00:02:13,13.2500
1383954702620000129,20000129,B,2013-11-08 23:51:42,2013-11-09 00:27:12,35.5000
1383954770620000334,20000334,C,2013-11-08 23:52:50,2013-11-09 00:44:50,52.0000
1383954779620000011,20000011,C,2013-11-08 23:52:59,2013-11-09 00:03:29,10.5000
1383954780620000665,20000665,C,2013-11-08 23:53:00,2013-11-09 00:04:00,11.0000
1383954888620000297,20000297,B,2013-11-08 23:54:48,2013-11-09 00:01:33,6.7500
1383954895620000488,20000488,A,2013-11-08 23:54:55,2013-11-09 00:05:40,10.7500
1383954937620000398,20000398,B,2013-11-08 23:55:37,2013-11-09 00:04:37,9.0000
1383954944620000476,20000476,C,2013-11-08 23:55:44,2013-11-09 00:00:14,4.5000
1383955009620000112,20000112,C,2013-11-08 23:56:49,2013-11-09 00:05:19,8.5000
1383955089620000179,20000179,C,2013-11-08 23:58:09,2013-11-09 00:04:54,6.7500
1383955106620000577,20000577,B,2013-11-08 23:58:26,2013-11-09 00:09:11,10.7500
1383955139620000653,20000653,B,2013-11-08 23:58:59,2013-11-09 00:05:14,6.2500
1383955155620000347,20000347,B,2013-11-08 23:59:15,2013-11-09 00:06:00,6.7500
1383955156620000235,20000235,C,2013-11-08 23:59:16,2013-11-09 01:19:01,79.7500
1383955175620000251,20000251,B,2013-11-08 23:59:35,2013-11-09 00:08:35,9.0000
1383955198620000080,20000080,B,2013-11-08 23:59:58,2013-11-09 00:06:28,6.5000
1384036941620000037,20000037,C,2013-11-09 22:42:21,2013-11-10 00:36:21,114.0000
1384040385620000672,20000672,A,2013-11-09 23:39:45,2013-11-10 00:01:30,21.7500
1384040395620000305,20000305,C,2013-11-09 23:39:55,2013-11-10 00:19:40,39.7500
1384040692620000435,20000435,C,2013-11-09 23:44:52,2013-11-10 00:38:22,53.5000
1384040747620000688,20000688,C,2013-11-09 23:45:47,2013-11-10 00:00:17,14.5000
1384040817620000451,20000451,A,2013-11-09 23:46:57,2013-11-10 00:00:27,13.5000
1384040879620000216,20000216,A,2013-11-09 23:47:59,2013-11-10 00:01:59,14.0000
1384040968620000518,20000518,A,2013-11-09 23:49:28,2013-11-10 00:03:28,14.0000
1384041045620000031,20000031,C,2013-11-09 23:50:45,2013-11-10 00:04:00,13.2500
1384041184620000388,20000388,A,2013-11-09 23:53:04,2013-11-10 00:11:34,18.5000
1384041190620000009,20000009,A,2013-11-09 23:53:10,2013-11-10 00:09:25,16.2500
1384041216620000588,20000588,A,2013-11-09 23:53:36,2013-11-10 00:03:51,10.2500
1384041280620000304,20000304,B,2013-11-09 23:54:40,2013-11-10 00:01:55,7.2500
1384041337620000045,20000045,B,2013-11-09 23:55:37,2013-11-10 00:10:37,15.0000
1384041378620000320,20000320,C,2013-11-09 23:56:18,2013-11-10 00:12:48,16.5000
1384041416620000279,20000279,A,2013-11-09 23:56:56,2013-11-10 00:06:41,9.7500
1384041440620000179,20000179,B,2013-11-09 23:57:20,2013-11-10 00:02:20,5.0000
1384041451620000488,20000488,B,2013-11-09 23:57:31,2013-11-10 00:01:01,3.5000
1384041521620000569,20000569,C,2013-11-09 23:58:41,2013-11-10 00:03:11,4.5000
1384041525620000081,20000081,B,2013-11-09 23:58:45,2013-11-10 00:12:30,13.7500
1384041526620000657,20000657,C,2013-11-09 23:58:46,2013-11-10 00:14:01,15.2500
1384041580620000671,20000671,C,2013-11-09 23:59:40,2013-11-10 00:14:55,15.2500
1384041594620000129,20000129,B,2013-11-09 23:59:54,2013-11-10 00:10:09,10.2500
1384126871620000481,20000481,B,2013-11-10 23:41:11,2013-11-11 00:06:26,25.2500
1384127333620000167,20000167,A,2013-11-10 23:48:53,2013-11-11 00:00:08,11.2500
1384127354620000171,20000171,B,2013-11-10 23:49:14,2013-11-11 00:02:29,13.2500
1384127520620000023,20000023,B,2013-11-10 23:52:00,2013-11-11 00:09:00,17.0000
1384127520620000307,20000307,C,2013-11-10 23:52:00,2013-11-11 00:00:00,8.0000
1384127625620000589,20000589,B,2013-11-10 23:53:45,2013-11-11 00:00:45,7.0000
1384127673620000112,20000112,A,2013-11-10 23:54:33,2013-11-11 00:05:33,11.0000
1384127702620000570,20000570,B,2013-11-10 23:55:02,2013-11-11 00:02:17,7.2500
1384127733620000569,20000569,C,2013-11-10 23:55:33,2013-11-11 00:34:18,38.7500
1384127785620000089,20000089,B,2013-11-10 23:56:25,2013-11-11 00:02:40,6.2500
1384127786620000486,20000486,B,2013-11-10 23:56:26,2013-11-11 00:05:26,9.0000
1384127814620000542,20000542,B,2013-11-10 23:56:54,2013-11-11 00:04:09,7.2500
1384127847620000224,20000224,A,2013-11-10 23:57:27,2013-11-11 00:05:12,7.7500
1384127917620000325,20000325,B,2013-11-10 23:58:37,2013-11-11 00:02:22,3.7500
1384127924620000004,20000004,B,2013-11-10 23:58:44,2013-11-11 00:12:44,14.0000
1384213477620000448,20000448,B,2013-11-11 23:44:37,2013-11-12 00:01:22,16.7500
1384213785620000004,20000004,A,2013-11-11 23:49:45,2013-11-12 00:02:15,12.5000
1384213899620000406,20000406,B,2013-11-11 23:51:39,2013-11-12 00:39:09,47.5000
1384213922620000376,20000376,B,2013-11-11 23:52:02,2013-11-12 00:11:17,19.2500
1384214208620000105,20000105,A,2013-11-11 23:56:48,2013-11-12 00:00:33,3.7500
1384299391620000304,20000304,B,2013-11-12 23:36:31,2013-11-13 00:05:01,28.5000
1384300213620000387,20000387,A,2013-11-12 23:50:13,2013-11-13 00:04:43,14.5000
1384300255620000157,20000157,A,2013-11-12 23:50:55,2013-11-13 00:00:10,9.2500
1384300287620000235,20000235,C,2013-11-12 23:51:27,2013-11-13 00:04:12,12.7500
1384300324620000129,20000129,B,2013-11-12 23:52:04,2013-11-13 00:02:49,10.7500
1384300399620000610,20000610,C,2013-11-12 23:53:19,2013-11-13 00:10:49,17.5000
1384300502620000325,20000325,C,2013-11-12 23:55:02,2013-11-13 00:01:32,6.5000
1384300547620000066,20000066,B,2013-11-12 23:55:47,2013-11-13 00:13:32,17.7500
1384300581620000435,20000435,C,2013-11-12 23:56:21,2013-11-13 00:14:36,18.2500
1384300657620000409,20000409,A,2013-11-12 23:57:37,2013-11-13 00:08:07,10.5000
1384386011620000403,20000403,C,2013-11-13 23:40:11,2013-11-14 00:11:56,31.7500
1384386527620000574,20000574,C,2013-11-13 23:48:47,2013-11-14 00:00:47,12.0000
1384386686620000649,20000649,A,2013-11-13 23:51:26,2013-11-14 00:03:41,12.2500
1384386777620000453,20000453,A,2013-11-13 23:52:57,2013-11-14 00:02:57,10.0000
1384386873620000612,20000612,C,2013-11-13 23:54:33,2013-11-14 00:02:18,7.7500
1384386971620000482,20000482,C,2013-11-13 23:56:11,2013-11-14 00:02:11,6.0000
1384386982620000610,20000610,C,2013-11-13 23:56:22,2013-11-14 00:12:07,15.7500
1384386987620000506,20000506,C,2013-11-13 23:56:27,2013-11-14 01:58:27,122.0000
1384387009620000252,20000252,C,2013-11-13 23:56:49,2013-11-14 00:08:49,12.0000
1384387017620000695,20000695,B,2013-11-13 23:56:57,2013-11-14 00:07:12,10.2500
1384387128620000569,20000569,C,2013-11-13 23:58:48,2013-11-14 00:02:48,4.0000
1384471646620000554,20000554,C,2013-11-14 23:27:26,2013-11-15 01:19:26,112.0000
1384472577620000662,20000662,B,2013-11-14 23:42:57,2013-11-15 00:11:12,28.2500
1384472836620000201,20000201,B,2013-11-14 23:47:16,2013-11-15 00:05:46,18.5000
1384473212620000129,20000129,B,2013-11-14 23:53:32,2013-11-15 00:04:17,10.7500
1384473260620000610,20000610,C,2013-11-14 23:54:20,2013-11-15 00:12:35,18.2500
1384473284620000569,20000569,C,2013-11-14 23:54:44,2013-11-15 00:01:59,7.2500
1384473311620000160,20000160,B,2013-11-14 23:55:11,2013-11-15 00:07:56,12.7500
1384473355620000005,20000005,B,2013-11-14 23:55:55,2013-11-15 00:03:55,8.0000
1384473393620000664,20000664,B,2013-11-14 23:56:33,2013-11-15 00:02:18,5.7500
1384473414620000215,20000215,C,2013-11-14 23:56:54,2013-11-15 00:01:09,4.2500
1384473421620000010,20000010,C,2013-11-14 23:57:01,2013-11-15 00:03:31,6.5000
1384473485620000688,20000688,C,2013-11-14 23:58:05,2013-11-15 00:07:05,9.0000
1384473543620000321,20000321,B,2013-11-14 23:59:03,2013-11-15 00:06:03,7.0000
1384541809620000902,20000902,C,2013-11-15 18:56:49,2013-11-16 00:13:34,316.7500
1384558383620000671,20000671,B,2013-11-15 23:33:03,2013-11-16 00:36:33,63.5000
1384558487620000129,20000129,B,2013-11-15 23:34:47,2013-11-16 00:05:32,30.7500
1384558969620000632,20000632,C,2013-11-15 23:42:49,2013-11-16 00:01:49,19.0000
1384559083620000154,20000154,B,2013-11-15 23:44:43,2013-11-16 00:03:28,18.7500
1384559200620000451,20000451,C,2013-11-15 23:46:40,2013-11-16 00:10:25,23.7500
1384559436620000571,20000571,A,2013-11-15 23:50:36,2013-11-16 00:00:36,10.0000
1384559471620000554,20000554,B,2013-11-15 23:51:11,2013-11-16 00:15:56,24.7500
1384559534620000199,20000199,C,2013-11-15 23:52:14,2013-11-16 00:02:59,10.7500
1384559538620000561,20000561,C,2013-11-15 23:52:18,2013-11-16 00:09:03,16.7500
1384559546620000295,20000295,B,2013-11-15 23:52:26,2013-11-16 00:01:26,9.0000
1384559555620000633,20000633,B,2013-11-15 23:52:35,2013-11-16 00:01:20,8.7500
1384559566620000610,20000610,C,2013-11-15 23:52:46,2013-11-16 00:12:01,19.2500
1384559572620000574,20000574,C,2013-11-15 23:52:52,2013-11-16 00:05:22,12.5000
1384559574620000663,20000663,B,2013-11-15 23:52:54,2013-11-16 00:04:09,11.2500
1384559589620000363,20000363,B,2013-11-15 23:53:09,2013-11-16 00:17:24,24.2500
1384559594620000256,20000256,B,2013-11-15 23:53:14,2013-11-16 00:01:59,8.7500
1384559611620000108,20000108,A,2013-11-15 23:53:31,2013-11-16 00:00:31,7.0000
1384559671620000572,20000572,B,2013-11-15 23:54:31,2013-11-16 00:04:46,10.2500
1384559698620000409,20000409,A,2013-11-15 23:54:58,2013-11-16 00:00:13,5.2500
1384559702620000518,20000518,A,2013-11-15 23:55:02,2013-11-16 00:08:02,13.0000
1384559718620000503,20000503,B,2013-11-15 23:55:18,2013-11-16 00:00:33,5.2500
1384559742620000549,20000549,A,2013-11-15 23:55:42,2013-11-16 00:01:42,6.0000
1384559755620000458,20000458,B,2013-11-15 23:55:55,2013-11-16 00:11:40,15.7500
1384559798620000307,20000307,C,2013-11-15 23:56:38,2013-11-16 00:01:23,4.7500
1384559849620000529,20000529,C,2013-11-15 23:57:29,2013-11-16 00:05:29,8.0000
1384559888620000598,20000598,C,2013-11-15 23:58:08,2013-11-16 00:07:23,9.2500
1384559890620000060,20000060,C,2013-11-15 23:58:10,2013-11-16 00:15:10,17.0000
1384559946620000514,20000514,B,2013-11-15 23:59:06,2013-11-16 00:06:21,7.2500
1384559969620000288,20000288,C,2013-11-15 23:59:29,2013-11-16 00:15:14,15.7500
1384559977620000351,20000351,B,2013-11-15 23:59:37,2013-11-16 00:03:52,4.2500
1384559978620000476,20000476,A,2013-11-15 23:59:38,2013-11-16 00:08:38,9.0000
1384559981620000023,20000023,B,2013-11-15 23:59:41,2013-11-16 00:05:26,5.7500
1384645288620000129,20000129,B,2013-11-16 23:41:28,2013-11-17 00:01:28,20.0000
1384645307620000119,20000119,C,2013-11-16 23:41:47,2013-11-17 00:17:47,36.0000
1384645546620000569,20000569,C,2013-11-16 23:45:46,2013-11-17 00:02:16,16.5000
1384645631620000542,20000542,C,2013-11-16 23:47:11,2013-11-17 00:00:56,13.7500
1384645636620000254,20000254,B,2013-11-16 23:47:16,2013-11-17 00:02:16,15.0000
1384645719620000450,20000450,B,2013-11-16 23:48:39,2013-11-17 00:01:39,13.0000
1384645874620000112,20000112,C,2013-11-16 23:51:14,2013-11-17 00:03:14,12.0000
1384645898620000435,20000435,B,2013-11-16 23:51:38,2013-11-17 00:02:38,11.0000
1384645899620000648,20000648,B,2013-11-16 23:51:39,2013-11-17 00:29:39,38.0000
1384645923620000157,20000157,A,2013-11-16 23:52:03,2013-11-17 00:00:18,8.2500
1384645927620000013,20000013,C,2013-11-16 23:52:07,2013-11-17 00:00:07,8.0000
1384645963620000285,20000285,B,2013-11-16 23:52:43,2013-11-17 00:01:13,8.5000
1384645985620000610,20000610,C,2013-11-16 23:53:05,2013-11-17 00:11:05,18.0000
1384645994620000463,20000463,B,2013-11-16 23:53:14,2013-11-17 00:04:29,11.2500
1384646020620000904,20000904,B,2013-11-16 23:53:40,2013-11-17 00:24:55,31.2500
1384646039620000574,20000574,C,2013-11-16 23:53:59,2013-11-17 00:13:59,20.0000
1384646081620000023,20000023,B,2013-11-16 23:54:41,2013-11-17 00:04:26,9.7500
1384646088620000041,20000041,B,2013-11-16 23:54:48,2013-11-17 00:04:03,9.2500
1384646169620000324,20000324,A,2013-11-16 23:56:09,2013-11-17 00:02:09,6.0000
1384646194620000075,20000075,A,2013-11-16 23:56:34,2013-11-17 00:07:34,11.0000
1384646214620000389,20000389,B,2013-11-16 23:56:54,2013-11-17 00:03:54,7.0000
1384646236620000197,20000197,A,2013-11-16 23:57:16,2013-11-17 00:10:46,13.5000
1384646293620000280,20000280,B,2013-11-16 23:58:13,2013-11-17 00:01:28,3.2500
1384646309620000618,20000618,C,2013-11-16 23:58:29,2013-11-17 00:04:59,6.5000
1384646318620000430,20000430,A,2013-11-16 23:58:38,2013-11-17 00:19:08,20.5000
1384646337620000216,20000216,B,2013-11-16 23:58:57,2013-11-17 00:13:12,14.2500
1384646380620000081,20000081,B,2013-11-16 23:59:40,2013-11-17 00:05:55,6.2500
1384726848620000662,20000662,B,2013-11-17 22:20:48,2013-11-18 00:13:48,113.0000
1384730730620000009,20000009,A,2013-11-17 23:25:30,2013-11-18 00:02:30,37.0000
1384732139620000309,20000309,C,2013-11-17 23:48:59,2013-11-18 00:02:14,13.2500
1384732250620000398,20000398,B,2013-11-17 23:50:50,2013-11-18 00:21:05,30.2500
1384732352620000376,20000376,A,2013-11-17 23:52:32,2013-11-18 00:01:02,8.5000
1384732626620000529,20000529,C,2013-11-17 23:57:06,2013-11-18 00:06:36,9.5000
1384732662620000488,20000488,B,2013-11-17 23:57:42,2013-11-18 00:06:12,8.5000
1384732694620000574,20000574,C,2013-11-17 23:58:14,2013-11-18 00:24:44,26.5000
1384732769620000022,20000022,B,2013-11-17 23:59:29,2013-11-18 00:12:59,13.5000
1384732790620000254,20000254,B,2013-11-17 23:59:50,2013-11-18 00:08:35,8.7500
1384818110620000529,20000529,C,2013-11-18 23:41:50,2013-11-19 00:04:05,22.2500
1384818351620000640,20000640,B,2013-11-18 23:45:51,2013-11-19 00:02:36,16.7500
1384818479620000625,20000625,A,2013-11-18 23:47:59,2013-11-19 00:01:59,14.0000
1384818781620000020,20000020,A,2013-11-18 23:53:01,2013-11-19 00:00:01,7.0000
1384818798620000179,20000179,A,2013-11-18 23:53:18,2013-11-19 00:06:48,13.5000
1384818884620000616,20000616,B,2013-11-18 23:54:44,2013-11-19 00:03:14,8.5000
1384818964620000362,20000362,A,2013-11-18 23:56:04,2013-11-19 00:03:49,7.7500
1384818970620000653,20000653,A,2013-11-18 23:56:10,2013-11-19 00:02:40,6.5000
1384819023620000351,20000351,B,2013-11-18 23:57:03,2013-11-19 00:03:33,6.5000
1384819033620000503,20000503,C,2013-11-18 23:57:13,2013-11-19 00:10:43,13.5000
1384819161620000321,20000321,B,2013-11-18 23:59:21,2013-11-19 00:08:36,9.2500
1384819187620000171,20000171,B,2013-11-18 23:59:47,2013-11-19 00:09:02,9.2500
1384904907620000129,20000129,B,2013-11-19 23:48:27,2013-11-20 00:01:12,12.7500
1384904998620000179,20000179,C,2013-11-19 23:49:58,2013-11-20 00:03:13,13.2500
1384905418620000504,20000504,B,2013-11-19 23:56:58,2013-11-20 00:05:13,8.2500
1384905461620000680,20000680,C,2013-11-19 23:57:41,2013-11-20 00:06:56,9.2500
1384905470620000403,20000403,B,2013-11-19 23:57:50,2013-11-20 00:11:35,13.7500
1384905489620000337,20000337,C,2013-11-19 23:58:09,2013-11-20 00:13:24,15.2500
1384905582620000157,20000157,C,2013-11-19 23:59:42,2013-11-20 00:17:57,18.2500
1384983229620000904,20000904,B,2013-11-20 21:33:49,2013-11-21 05:40:34,486.7500
1384991136620000529,20000529,C,2013-11-20 23:45:36,2013-11-21 00:05:51,20.2500
1384991194620000235,20000235,C,2013-11-20 23:46:34,2013-11-21 00:05:49,19.2500
1384991297620000037,20000037,C,2013-11-20 23:48:17,2013-11-21 00:04:02,15.7500
1384991349620000345,20000345,B,2013-11-20 23:49:09,2013-11-21 00:05:24,16.2500
1384991502620000005,20000005,C,2013-11-20 23:51:42,2013-11-21 00:02:27,10.7500
1384991555620000640,20000640,B,2013-11-20 23:52:35,2013-11-21 00:07:05,14.5000
1384991606620000517,20000517,C,2013-11-20 23:53:26,2013-11-21 00:01:56,8.5000
1384991621620000472,20000472,C,2013-11-20 23:53:41,2013-11-21 00:02:56,9.2500
1384991644620000080,20000080,B,2013-11-20 23:54:04,2013-11-21 00:02:34,8.5000
1384991831620000136,20000136,C,2013-11-20 23:57:11,2013-11-21 00:02:56,5.7500
1384991882620000231,20000231,B,2013-11-20 23:58:02,2013-11-21 00:10:17,12.2500
1384991936620000586,20000586,B,2013-11-20 23:58:56,2013-11-21 00:04:56,6.0000
1384991940620000359,20000359,A,2013-11-20 23:59:00,2013-11-21 00:12:45,13.7500
1384991952620000684,20000684,B,2013-11-20 23:59:12,2013-11-21 00:12:57,13.7500
1384991991620000626,20000626,B,2013-11-20 23:59:51,2013-11-21 00:04:21,4.5000
1385066900620000902,20000902,C,2013-11-21 20:48:20,2013-11-22 04:11:05,442.7500
1385074978620000472,20000472,B,2013-11-21 23:02:58,2013-11-22 00:31:43,88.7500
1385076094620000430,20000430,A,2013-11-21 23:21:34,2013-11-22 00:07:34,46.0000
1385076896620000651,20000651,C,2013-11-21 23:34:56,2013-11-22 00:19:26,44.5000
1385076907620000481,20000481,B,2013-11-21 23:35:07,2013-11-22 00:09:52,34.7500
1385077128620000364,20000364,C,2013-11-21 23:38:48,2013-11-22 00:18:48,40.0000
1385077646620000337,20000337,A,2013-11-21 23:47:26,2013-11-22 00:02:41,15.2500
1385077966620000120,20000120,A,2013-11-21 23:52:46,2013-11-22 00:11:01,18.2500
1385078036620000136,20000136,B,2013-11-21 23:53:56,2013-11-22 00:09:41,15.7500
1385078068620000105,20000105,B,2013-11-21 23:54:28,2013-11-22 00:00:28,6.0000
1385078167620000440,20000440,B,2013-11-21 23:56:07,2013-11-22 00:05:22,9.2500
1385078172620000367,20000367,A,2013-11-21 23:56:12,2013-11-22 00:08:12,12.0000
1385078273620000057,20000057,B,2013-11-21 23:57:53,2013-11-22 00:02:38,4.7500
1385078278620000423,20000423,A,2013-11-21 23:57:58,2013-11-22 00:03:28,5.5000
1385078320620000586,20000586,A,2013-11-21 23:58:40,2013-11-22 00:10:25,11.7500
1385078349620000031,20000031,B,2013-11-21 23:59:09,2013-11-22 00:10:54,11.7500
1385078398620000233,20000233,A,2013-11-21 23:59:58,2013-11-22 00:28:28,28.5000
1385162740620000451,20000451,C,2013-11-22 23:25:40,2013-11-23 00:05:10,39.5000
1385163103620000381,20000381,A,2013-11-22 23:31:43,2013-11-23 00:03:43,32.0000
1385163191620000216,20000216,A,2013-11-22 23:33:11,2013-11-23 00:00:26,27.2500
1385163258620000066,20000066,A,2013-11-22 23:34:18,2013-11-23 00:05:18,31.0000
1385163572620000398,20000398,C,2013-11-22 23:39:32,2013-11-23 00:10:47,31.2500
1385163780620000307,20000307,C,2013-11-22 23:43:00,2013-11-23 00:14:45,31.7500
1385163781620000570,20000570,B,2013-11-22 23:43:01,2013-11-23 00:17:46,34.7500
1385163860620000465,20000465,C,2013-11-22 23:44:20,2013-11-23 00:09:35,25.2500
1385163991620000320,20000320,C,2013-11-22 23:46:31,2013-11-23 00:00:31,14.0000
1385164036620000395,20000395,A,2013-11-22 23:47:16,2013-11-23 00:09:16,22.0000
1385164272620000295,20000295,B,2013-11-22 23:51:12,2013-11-23 00:13:12,22.0000
1385164313620000680,20000680,B,2013-11-22 23:51:53,2013-11-23 00:02:08,10.2500
1385164332620000160,20000160,A,2013-11-22 23:52:12,2013-11-23 00:03:57,11.7500
1385164386620000653,20000653,B,2013-11-22 23:53:06,2013-11-23 00:02:51,9.7500
1385164433620000446,20000446,B,2013-11-22 23:53:53,2013-11-23 00:05:23,11.5000
1385164492620000101,20000101,A,2013-11-22 23:54:52,2013-11-23 00:00:07,5.2500
1385164524620000610,20000610,C,2013-11-22 23:55:24,2013-11-23 00:00:39,5.2500
1385164535620000268,20000268,A,2013-11-22 23:55:35,2013-11-23 00:07:05,11.5000
1385164553620000662,20000662,B,2013-11-22 23:55:53,2013-11-23 00:08:08,12.2500
1385164555620000904,20000904,B,2013-11-22 23:55:55,2013-11-23 00:05:40,9.7500
1385164619620000239,20000239,C,2013-11-22 23:56:59,2013-11-23 00:07:29,10.5000
1385164620620000436,20000436,A,2013-11-22 23:57:00,2013-11-23 00:06:30,9.5000
1385164623620000514,20000514,B,2013-11-22 23:57:03,2013-11-23 00:07:33,10.5000
1385164706620000901,20000901,B,2013-11-22 23:58:26,2013-11-23 00:09:41,11.2500
1385164722620000119,20000119,C,2013-11-22 23:58:42,2013-11-23 00:07:12,8.5000
1385164731620000031,20000031,A,2013-11-22 23:58:51,2013-11-23 00:15:06,16.2500
1385164732620000363,20000363,B,2013-11-22 23:58:52,2013-11-23 00:08:07,9.2500
1385164751620000108,20000108,B,2013-11-22 23:59:11,2013-11-23 00:04:26,5.2500
1385164783620000362,20000362,A,2013-11-22 23:59:43,2013-11-23 00:10:43,11.0000
1385249121620000020,20000020,C,2013-11-23 23:25:21,2013-11-24 00:01:51,36.5000
1385250661620000542,20000542,A,2013-11-23 23:51:01,2013-11-24 00:05:16,14.2500
1385250716620000436,20000436,C,2013-11-23 23:51:56,2013-11-24 00:13:56,22.0000
1385250820620000338,20000338,C,2013-11-23 23:53:40,2013-11-24 00:05:40,12.0000
1385250921620000492,20000492,B,2013-11-23 23:55:21,2013-11-24 00:06:36,11.2500
1385250974620000569,20000569,C,2013-11-23 23:56:14,2013-11-24 00:07:59,11.7500
1385250983620000288,20000288,C,2013-11-23 23:56:23,2013-11-24 00:07:08,10.7500
1385251048620000337,20000337,C,2013-11-23 23:57:28,2013-11-24 00:09:43,12.2500
1385251071620000347,20000347,B,2013-11-23 23:57:51,2013-11-24 00:12:21,14.5000
1385251074620000245,20000245,B,2013-11-23 23:57:54,2013-11-24 00:08:39,10.7500
1385251091620000010,20000010,A,2013-11-23 23:58:11,2013-11-24 00:11:26,13.2500
1385251117620000431,20000431,B,2013-11-23 23:58:37,2013-11-24 00:05:22,6.7500
1385251118620000626,20000626,B,2013-11-23 23:58:38,2013-11-24 00:16:38,18.0000
1385251138620000066,20000066,B,2013-11-23 23:58:58,2013-11-24 00:01:28,2.5000
1385251145620000395,20000395,C,2013-11-23 23:59:05,2013-11-24 00:34:35,35.5000
1385251174620000398,20000398,B,2013-11-23 23:59:34,2013-11-24 00:04:34,5.0000
1385251179620000517,20000517,B,2013-11-23 23:59:39,2013-11-24 00:11:24,11.7500
1385251192620000119,20000119,B,2013-11-23 23:59:52,2013-11-24 00:07:52,8.0000
1385336634620000008,20000008,B,2013-11-24 23:43:54,2013-11-25 00:03:24,19.5000
1385336690620000388,20000388,A,2013-11-24 23:44:50,2013-11-25 00:02:35,17.7500
1385336961620000009,20000009,A,2013-11-24 23:49:21,2013-11-25 00:01:06,11.7500
1385337115620000010,20000010,B,2013-11-24 23:51:55,2013-11-25 00:02:10,10.2500
1385337124620000321,20000321,B,2013-11-24 23:52:04,2013-11-25 00:01:34,9.5000
1385337231620000483,20000483,B,2013-11-24 23:53:51,2013-11-25 00:00:06,6.2500
1385337317620000687,20000687,A,2013-11-24 23:55:17,2013-11-25 00:12:02,16.7500
1385337426620000569,20000569,B,2013-11-24 23:57:06,2013-11-25 00:03:51,6.7500
1385337467620000341,20000341,A,2013-11-24 23:57:47,2013-11-25 00:06:17,8.5000
1385337501620000571,20000571,A,2013-11-24 23:58:21,2013-11-25 00:02:36,4.2500
1385337568620000037,20000037,C,2013-11-24 23:59:28,2013-11-25 00:07:13,7.7500
1385422680620000269,20000269,C,2013-11-25 23:38:00,2013-11-26 00:10:15,32.2500
1385422816620000616,20000616,B,2013-11-25 23:40:16,2013-11-26 00:07:31,27.2500
1385423343620000446,20000446,B,2013-11-25 23:49:03,2013-11-26 00:18:48,29.7500
1385423646620000569,20000569,C,2013-11-25 23:54:06,2013-11-26 00:05:36,11.5000
1385423703620000196,20000196,A,2013-11-25 23:55:03,2013-11-26 00:03:18,8.2500
1385423738620000436,20000436,A,2013-11-25 23:55:38,2013-11-26 00:02:38,7.0000
1385423742620000453,20000453,C,2013-11-25 23:55:42,2013-11-26 00:07:42,12.0000
1385423753620000372,20000372,B,2013-11-25 23:55:53,2013-11-26 00:03:53,8.0000
1385423771620000387,20000387,A,2013-11-25 23:56:11,2013-11-26 00:08:56,12.7500
1385423852620000662,20000662,A,2013-11-25 23:57:32,2013-11-26 00:12:17,14.7500
1385423901620000473,20000473,B,2013-11-25 23:58:21,2013-11-26 00:01:51,3.5000
1385423934620000031,20000031,A,2013-11-25 23:58:54,2013-11-26 00:05:39,6.7500
1385423966620000005,20000005,C,2013-11-25 23:59:26,2013-11-26 00:06:26,7.0000
1385508798620000517,20000517,B,2013-11-26 23:33:18,2013-11-27 00:15:18,42.0000
1385509533620000610,20000610,C,2013-11-26 23:45:33,2013-11-27 00:01:18,15.7500
1385509630620000671,20000671,B,2013-11-26 23:47:10,2013-11-27 00:05:40,18.5000
1385509930620000268,20000268,B,2013-11-26 23:52:10,2013-11-27 00:01:40,9.5000
1385509955620000598,20000598,C,2013-11-26 23:52:35,2013-11-27 00:00:20,7.7500
1385510001620000388,20000388,B,2013-11-26 23:53:21,2013-11-27 00:02:51,9.5000
1385510079620000525,20000525,A,2013-11-26 23:54:39,2013-11-27 00:11:09,16.5000
1385510107620000216,20000216,C,2013-11-26 23:55:07,2013-11-27 00:06:37,11.5000
1385510138620000668,20000668,C,2013-11-26 23:55:38,2013-11-27 00:03:08,7.5000
1385510161620000333,20000333,B,2013-11-26 23:56:01,2013-11-27 00:02:16,6.2500
1385510199620000688,20000688,A,2013-11-26 23:56:39,2013-11-27 00:08:24,11.7500
1385510206620000381,20000381,A,2013-11-26 23:56:46,2013-11-27 00:08:46,12.0000
1385510206620000687,20000687,B,2013-11-26 23:56:46,2013-11-27 00:07:31,10.7500
1385510212620000561,20000561,B,2013-11-26 23:56:52,2013-11-27 00:04:22,7.5000
1385510238620000263,20000263,C,2013-11-26 23:57:18,2013-11-27 00:01:03,3.7500
1385510263620000196,20000196,B,2013-11-26 23:57:43,2013-11-27 00:09:13,11.5000
1385510299620000080,20000080,B,2013-11-26 23:58:19,2013-11-27 00:03:19,5.0000
1385510312620000626,20000626,B,2013-11-26 23:58:32,2013-11-27 00:01:32,3.0000
1385595268620000547,20000547,A,2013-11-27 23:34:28,2013-11-28 00:09:13,34.7500
1385595453620000542,20000542,B,2013-11-27 23:37:33,2013-11-28 00:03:18,25.7500
1385595652620000167,20000167,A,2013-11-27 23:40:52,2013-11-28 00:13:37,32.7500
1385595764620000038,20000038,C,2013-11-27 23:42:44,2013-11-28 00:02:29,19.7500
1385595771620000173,20000173,A,2013-11-27 23:42:51,2013-11-28 00:00:21,17.5000
1385595818620000451,20000451,B,2013-11-27 23:43:38,2013-11-28 00:04:53,21.2500
1385596035620000179,20000179,C,2013-11-27 23:47:15,2013-11-28 00:01:30,14.2500
1385596397620000004,20000004,B,2013-11-27 23:53:17,2013-11-28 00:03:17,10.0000
1385596556620000344,20000344,B,2013-11-27 23:55:56,2013-11-28 00:00:41,4.7500
1385596610620000621,20000621,A,2013-11-27 23:56:50,2013-11-28 00:01:20,4.5000
1385596632620000569,20000569,C,2013-11-27 23:57:12,2013-11-28 00:01:42,4.5000
1385596664620000235,20000235,C,2013-11-27 23:57:44,2013-11-28 00:06:29,8.7500
1385596675620000574,20000574,C,2013-11-27 23:57:55,2013-11-28 00:19:25,21.5000
1385596681620000589,20000589,B,2013-11-27 23:58:01,2013-11-28 00:02:46,4.7500
1385596699620000201,20000201,B,2013-11-27 23:58:19,2013-11-28 00:02:19,4.0000
1385596714620000540,20000540,B,2013-11-27 23:58:34,2013-11-28 00:05:04,6.5000
1385596714620000625,20000625,C,2013-11-27 23:58:34,2013-11-28 00:05:34,7.0000
1385675262620000688,20000688,C,2013-11-28 21:47:42,2013-11-29 00:25:27,157.7500
1385680580620000250,20000250,C,2013-11-28 23:16:20,2013-11-29 00:10:35,54.2500
1385681306620000376,20000376,C,2013-11-28 23:28:26,2013-11-29 00:03:41,35.2500
1385682668620000160,20000160,A,2013-11-28 23:51:08,2013-11-29 00:00:53,9.7500
1385682675620000320,20000320,C,2013-11-28 23:51:15,2013-11-29 00:02:30,11.2500
1385682685620000598,20000598,C,2013-11-28 23:51:25,2013-11-29 00:02:10,10.7500
1385682715620000473,20000473,B,2013-11-28 23:51:55,2013-11-29 00:00:10,8.2500
1385682722620000618,20000618,C,2013-11-28 23:52:02,2013-11-29 00:05:02,13.0000
1385682732620000120,20000120,C,2013-11-28 23:52:12,2013-11-29 00:03:42,11.5000
1385682784620000054,20000054,C,2013-11-28 23:53:04,2013-11-29 00:03:19,10.2500
1385682786620000112,20000112,B,2013-11-28 23:53:06,2013-11-29 00:06:06,13.0000
1385682787620000481,20000481,B,2013-11-28 23:53:07,2013-11-29 00:05:37,12.5000
1385682838620000136,20000136,C,2013-11-28 23:53:58,2013-11-29 00:16:43,22.7500
1385682918620000157,20000157,A,2013-11-28 23:55:18,2013-11-29 00:05:48,10.5000
1385682926620000603,20000603,C,2013-11-28 23:55:26,2013-11-29 00:08:11,12.7500
1385682979620000249,20000249,B,2013-11-28 23:56:19,2013-11-29 00:01:04,4.7500
1385682999620000625,20000625,B,2013-11-28 23:56:39,2013-11-29 00:18:09,21.5000
1385683017620000450,20000450,A,2013-11-28 23:56:57,2013-11-29 00:01:42,4.7500
1385683150620000529,20000529,C,2013-11-28 23:59:10,2013-11-29 00:27:10,28.0000
1385683154620000161,20000161,B,2013-11-28 23:59:14,2013-11-29 00:11:59,12.7500
1385767432620000435,20000435,C,2013-11-29 23:23:52,2013-11-30 00:30:22,66.5000
1385768528620000436,20000436,B,2013-11-29 23:42:08,2013-11-30 00:05:08,23.0000
1385768555620000192,20000192,B,2013-11-29 23:42:35,2013-11-30 00:07:20,24.7500
1385768783620000662,20000662,C,2013-11-29 23:46:23,2013-11-30 00:00:08,13.7500
1385768820620000529,20000529,C,2013-11-29 23:47:00,2013-11-30 00:07:30,20.5000
1385768825620000574,20000574,C,2013-11-29 23:47:05,2013-11-30 00:05:20,18.2500
1385768870620000239,20000239,C,2013-11-29 23:47:50,2013-11-30 00:00:50,13.0000
1385768895620000610,20000610,C,2013-11-29 23:48:15,2013-11-30 00:18:30,30.2500
1385768984620000542,20000542,C,2013-11-29 23:49:44,2013-11-30 00:00:29,10.7500
1385769015620000179,20000179,B,2013-11-29 23:50:15,2013-11-30 00:01:15,11.0000
1385769060620000010,20000010,A,2013-11-29 23:51:00,2013-11-30 00:01:45,10.7500
1385769085620000395,20000395,C,2013-11-29 23:51:25,2013-11-30 00:02:40,11.2500
1385769092620000671,20000671,B,2013-11-29 23:51:32,2013-11-30 00:01:47,10.2500
1385769158620000151,20000151,B,2013-11-29 23:52:38,2013-11-30 00:04:08,11.5000
1385769164620000649,20000649,B,2013-11-29 23:52:44,2013-11-30 00:01:29,8.7500
1385769196620000633,20000633,B,2013-11-29 23:53:16,2013-11-30 00:11:31,18.2500
1385769197620000337,20000337,C,2013-11-29 23:53:17,2013-11-30 00:08:02,14.7500
1385769281620000060,20000060,B,2013-11-29 23:54:41,2013-11-30 00:00:41,6.0000
1385769333620000341,20000341,C,2013-11-29 23:55:33,2013-11-30 00:11:33,16.0000
1385769358620000235,20000235,C,2013-11-29 23:55:58,2013-11-30 00:21:43,25.7500
1385769399620000196,20000196,B,2013-11-29 23:56:39,2013-11-30 00:02:39,6.0000
1385769405620000042,20000042,B,2013-11-29 23:56:45,2013-11-30 00:10:30,13.7500
1385769446620000311,20000311,A,2013-11-29 23:57:26,2013-11-30 00:22:11,24.7500
1385769480620000086,20000086,A,2013-11-29 23:58:00,2013-11-30 00:28:00,30.0000
1385769481620000243,20000243,C,2013-11-29 23:58:01,2013-11-30 00:19:46,21.7500
1385769481620000588,20000588,C,2013-11-29 23:58:01,2013-11-30 00:02:16,4.2500
1385769495620000251,20000251,C,2013-11-29 23:58:15,2013-11-30 00:10:15,12.0000
1385769506620000446,20000446,B,2013-11-29 23:58:26,2013-11-30 00:12:41,14.2500
1385769562620000658,20000658,B,2013-11-29 23:59:22,2013-11-30 00:15:07,15.7500
1385769575620000547,20000547,B,2013-11-29 23:59:35,2013-11-30 00:11:50,12.2500
1385769582620000686,20000686,B,2013-11-29 23:59:42,2013-11-30 00:08:42,9.0000
1385769594620000611,20000611,B,2013-11-29 23:59:54,2013-11-30 00:51:39,51.7500
1385769597620000380,20000380,C,2013-11-29 23:59:57,2013-11-30 00:08:12,8.2500
1385769598620000363,20000363,C,2013-11-29 23:59:58,2013-11-30 00:07:13,7.2500
1385852855620000403,20000403,C,2013-11-30 23:07:35,2013-12-01 00:01:50,54.2500
1385853419620000435,20000435,C,2013-11-30 23:16:59,2013-12-01 00:32:59,76.0000
1385854891620000256,20000256,A,2013-11-30 23:41:31,2013-12-01 00:02:01,20.5000
1385854924620000173,20000173,A,2013-11-30 23:42:04,2013-12-01 00:00:49,18.7500
1385854956620000687,20000687,A,2013-11-30 23:42:36,2013-12-01 00:01:36,19.0000
1385855278620000389,20000389,A,2013-11-30 23:47:58,2013-12-01 00:08:43,20.7500
1385855312620000509,20000509,A,2013-11-30 23:48:32,2013-12-01 00:00:17,11.7500
1385855321620000574,20000574,C,2013-11-30 23:48:41,2013-12-01 00:03:26,14.7500
1385855352620000388,20000388,C,2013-11-30 23:49:12,2013-12-01 00:05:12,16.0000
1385855369620000372,20000372,A,2013-11-30 23:49:29,2013-12-01 00:06:59,17.5000
1385855445620000616,20000616,B,2013-11-30 23:50:45,2013-12-01 00:03:30,12.7500
1385855535620000304,20000304,B,2013-11-30 23:52:15,2013-12-01 00:07:45,15.5000
1385855596620000235,20000235,B,2013-11-30 23:53:16,2013-12-01 00:00:01,6.7500
1385855657620000024,20000024,A,2013-11-30 23:54:17,2013-12-01 00:09:47,15.5000
1385855719620000549,20000549,A,2013-11-30 23:55:19,2013-12-01 00:07:19,12.0000
1385855727620000120,20000120,B,2013-11-30 23:55:27,2013-12-01 00:00:57,5.5000
1385855730620000325,20000325,A,2013-11-30 23:55:30,2013-12-01 00:01:45,6.2500
1385855730620000671,20000671,B,2013-11-30 23:55:30,2013-12-01 00:02:45,7.2500
1385855777620000651,20000651,C,2013-11-30 23:56:17,2013-12-01 00:11:17,15.0000
1385855800620000467,20000467,C,2013-11-30 23:56:40,2013-12-01 00:07:40,11.0000
1385855808620000454,20000454,A,2013-11-30 23:56:48,2013-12-01 00:17:18,20.5000
1385855838620000092,20000092,B,2013-11-30 23:57:18,2013-12-01 00:02:33,5.2500
1385855853620000011,20000011,C,2013-11-30 23:57:33,2013-12-01 01:00:48,63.2500
1385855907620000483,20000483,B,2013-11-30 23:58:27,2013-12-01 00:09:12,10.7500
1385855908620000332,20000332,C,2013-11-30 23:58:28,2013-12-01 00:07:43,9.2500
1385855923620000005,20000005,C,2013-11-30 23:58:43,2013-12-01 00:08:43,10.0000
1385855960620000665,20000665,A,2013-11-30 23:59:20,2013-12-01 00:11:35,12.2500
1385855974620000054,20000054,B,2013-11-30 23:59:34,2013-12-01 00:07:34,8.0000
1385855978620000153,20000153,A,2013-11-30 23:59:38,2013-12-01 00:05:08,5.5000
1385939165620000334,20000334,B,2013-12-01 23:06:05,2013-12-02 00:03:05,57.0000
1385940594620000009,20000009,A,2013-12-01 23:29:54,2013-12-02 00:07:09,37.2500
1385940792620000595,20000595,A,2013-12-01 23:33:12,2013-12-02 00:33:12,60.0000
1385941153620000101,20000101,A,2013-12-01 23:39:13,2013-12-02 00:07:13,28.0000
1385941808620000067,20000067,B,2013-12-01 23:50:08,2013-12-02 00:01:38,11.5000
1385941903620000450,20000450,A,2013-12-01 23:51:43,2013-12-02 00:00:58,9.2500
1385942007620000010,20000010,B,2013-12-01 23:53:27,2013-12-02 00:00:27,7.0000
1385942008620000625,20000625,B,2013-12-01 23:53:28,2013-12-02 00:01:13,7.7500
1385942065620000529,20000529,C,2013-12-01 23:54:25,2013-12-02 00:12:25,18.0000
1385942097620000195,20000195,B,2013-12-01 23:54:57,2013-12-02 00:04:42,9.7500
1385942179620000406,20000406,B,2013-12-01 23:56:19,2013-12-02 00:06:49,10.5000
1385942225620000435,20000435,C,2013-12-01 23:57:05,2013-12-02 00:14:35,17.5000
1385942311620000662,20000662,B,2013-12-01 23:58:31,2013-12-02 00:11:16,12.7500
1386027957620000269,20000269,C,2013-12-02 23:45:57,2013-12-03 00:02:42,16.7500
1386028318620000424,20000424,B,2013-12-02 23:51:58,2013-12-03 00:09:58,18.0000
1386028515620000154,20000154,A,2013-12-02 23:55:15,2013-12-03 00:22:45,27.5000
1386028552620000455,20000455,B,2013-12-02 23:55:52,2013-12-03 00:00:37,4.7500
1386028707620000268,20000268,A,2013-12-02 23:58:27,2013-12-03 00:08:42,10.2500
1386028775620000015,20000015,B,2013-12-02 23:59:35,2013-12-03 00:29:35,30.0000
1386028787620000196,20000196,A,2013-12-02 23:59:47,2013-12-03 00:08:47,9.0000
1386114662620000450,20000450,B,2013-12-03 23:51:02,2013-12-04 00:06:32,15.5000
1386114796620000179,20000179,B,2013-12-03 23:53:16,2013-12-04 00:00:31,7.2500
1386114912620000167,20000167,C,2013-12-03 23:55:12,2013-12-04 00:10:27,15.2500
1386114925620000233,20000233,C,2013-12-03 23:55:25,2013-12-04 00:08:25,13.0000
1386114934620000269,20000269,C,2013-12-03 23:55:34,2013-12-04 00:02:34,7.0000
1386114979620000624,20000624,B,2013-12-03 23:56:19,2013-12-04 00:07:34,11.2500
1386114986620000598,20000598,C,2013-12-03 23:56:26,2013-12-04 00:07:26,11.0000
1386115027620000216,20000216,A,2013-12-03 23:57:07,2013-12-04 00:05:37,8.5000
1386115047620000351,20000351,B,2013-12-03 23:57:27,2013-12-04 00:04:12,6.7500
1386115073620000364,20000364,C,2013-12-03 23:57:53,2013-12-04 00:01:38,3.7500
1386115130620000359,20000359,B,2013-12-03 23:58:50,2013-12-04 00:11:05,12.2500
1386199512620000337,20000337,C,2013-12-04 23:25:12,2013-12-05 00:04:42,39.5000
1386201086620000618,20000618,A,2013-12-04 23:51:26,2013-12-05 00:09:26,18.0000
1386201128620000520,20000520,C,2013-12-04 23:52:08,2013-12-05 02:13:23,141.2500
1386201158620000903,20000903,B,2013-12-04 23:52:38,2013-12-05 00:06:08,13.5000
1386201187620000179,20000179,B,2013-12-04 23:53:07,2013-12-05 00:07:52,14.7500
1386201296620000089,20000089,A,2013-12-04 23:54:56,2013-12-05 00:02:26,7.5000
1386201378620000640,20000640,B,2013-12-04 23:56:18,2013-12-05 00:09:33,13.2500
1386201444620000171,20000171,C,2013-12-04 23:57:24,2013-12-05 00:04:54,7.5000
1386201500620000199,20000199,B,2013-12-04 23:58:20,2013-12-05 00:05:20,7.0000
1386201502620000569,20000569,C,2013-12-04 23:58:22,2013-12-05 00:02:22,4.0000
1386201510620000430,20000430,B,2013-12-04 23:58:30,2013-12-05 00:17:45,19.2500
1386201551620000624,20000624,B,2013-12-04 23:59:11,2013-12-05 00:03:41,4.5000
1386201564620000157,20000157,C,2013-12-04 23:59:24,2013-12-05 00:07:09,7.7500
1386201576620000009,20000009,A,2013-12-04 23:59:36,2013-12-05 00:24:36,25.0000
1386201580620000173,20000173,B,2013-12-04 23:59:40,2013-12-05 00:07:55,8.2500
1386277919620000616,20000616,A,2013-12-05 21:11:59,2013-12-06 00:38:59,207.0000
1386286575620000610,20000610,C,2013-12-05 23:36:15,2013-12-06 00:12:15,36.0000
1386287318620000004,20000004,B,2013-12-05 23:48:38,2013-12-06 00:01:38,13.0000
1386287440620000337,20000337,C,2013-12-05 23:50:40,2013-12-06 00:03:10,12.5000
1386287613620000509,20000509,A,2013-12-05 23:53:33,2013-12-06 00:12:03,18.5000
1386287627620000520,20000520,C,2013-12-05 23:53:47,2013-12-06 00:01:02,7.2500
1386287629620000488,20000488,A,2013-12-05 23:53:49,2013-12-06 00:02:49,9.0000
1386287690620000591,20000591,C,2013-12-05 23:54:50,2013-12-06 00:12:35,17.7500
1386287781620000013,20000013,C,2013-12-05 23:56:21,2013-12-06 00:11:51,15.5000
1386287821620000662,20000662,B,2013-12-05 23:57:01,2013-12-06 00:07:16,10.2500
1386287941620000344,20000344,C,2013-12-05 23:59:01,2013-12-06 00:13:01,14.0000
1386287958620000154,20000154,B,2013-12-05 23:59:18,2013-12-06 00:03:03,3.7500
1386372818620000009,20000009,A,2013-12-06 23:33:38,2013-12-07 00:40:38,67.0000
1386373656620000570,20000570,B,2013-12-06 23:47:36,2013-12-07 00:08:36,21.0000
1386373721620000011,20000011,C,2013-12-06 23:48:41,2013-12-07 00:02:11,13.5000
1386373726620000488,20000488,B,2013-12-06 23:48:46,2013-12-07 00:00:01,11.2500
1386373802620000687,20000687,A,2013-12-06 23:50:02,2013-12-07 00:02:02,12.0000
1386373815620000574,20000574,C,2013-12-06 23:50:15,2013-12-07 00:04:00,13.7500
1386373825620000600,20000600,C,2013-12-06 23:50:25,2013-12-07 00:04:10,13.7500
1386373849620000612,20000612,C,2013-12-06 23:50:49,2013-12-07 00:01:19,10.5000
1386373858620000455,20000455,B,2013-12-06 23:50:58,2013-12-07 00:00:58,10.0000
1386373874620000345,20000345,B,2013-12-06 23:51:14,2013-12-07 00:27:44,36.5000
1386373894620000024,20000024,A,2013-12-06 23:51:34,2013-12-07 00:07:19,15.7500
1386373920620000431,20000431,C,2013-12-06 23:52:00,2013-12-07 00:01:00,9.0000
1386373933620000154,20000154,B,2013-12-06 23:52:13,2013-12-07 00:01:13,9.0000
1386373938620000010,20000010,C,2013-12-06 23:52:18,2013-12-07 00:00:48,8.5000
1386373969620000657,20000657,A,2013-12-06 23:52:49,2013-12-07 00:07:34,14.7500
1386373985620000601,20000601,C,2013-12-06 23:53:05,2013-12-07 00:03:50,10.7500
1386374003620000419,20000419,B,2013-12-06 23:53:23,2013-12-07 00:09:53,16.5000
1386374017620000668,20000668,A,2013-12-06 23:53:37,2013-12-07 00:03:37,10.0000
1386374019620000662,20000662,B,2013-12-06 23:53:39,2013-12-07 00:17:24,23.7500
1386374068620000160,20000160,B,2013-12-06 23:54:28,2013-12-07 00:05:13,10.7500
1386374095620000525,20000525,A,2013-12-06 23:54:55,2013-12-07 00:20:40,25.7500
1386374109620000663,20000663,A,2013-12-06 23:55:09,2013-12-07 00:39:39,44.5000
1386374118620000610,20000610,C,2013-12-06 23:55:18,2013-12-07 00:14:03,18.7500
1386374130620000569,20000569,C,2013-12-06 23:55:30,2013-12-07 00:43:15,47.7500
1386374136620000520,20000520,B,2013-12-06 23:55:36,2013-12-07 00:05:51,10.2500
1386374152620000251,20000251,A,2013-12-06 23:55:52,2013-12-07 00:11:37,15.7500
1386374169620000547,20000547,B,2013-12-06 23:56:09,2013-12-07 00:05:09,9.0000
1386374182620000392,20000392,B,2013-12-06 23:56:22,2013-12-07 00:00:52,4.5000
1386374193620000450,20000450,B,2013-12-06 23:56:33,2013-12-07 00:00:48,4.2500
1386374202620000595,20000595,A,2013-12-06 23:56:42,2013-12-07 00:09:12,12.5000
1386374220620000338,20000338,B,2013-12-06 23:57:00,2013-12-07 00:03:00,6.0000
1386374224620000561,20000561,C,2013-12-06 23:57:04,2013-12-07 00:09:49,12.7500
1386374228620000370,20000370,A,2013-12-06 23:57:08,2013-12-07 00:00:08,3.0000
1386374234620000105,20000105,B,2013-12-06 23:57:14,2013-12-07 00:12:59,15.7500
1386374288620000901,20000901,B,2013-12-06 23:58:08,2013-12-07 00:10:23,12.2500
1386374308620000119,20000119,B,2013-12-06 23:58:28,2013-12-07 00:09:58,11.5000
1386374311620000157,20000157,B,2013-12-06 23:58:31,2013-12-07 00:09:31,11.0000
1386374357620000514,20000514,B,2013-12-06 23:59:17,2013-12-07 00:06:32,7.2500
1386458422620000045,20000045,A,2013-12-07 23:20:22,2013-12-08 00:04:07,43.7500
1386458592620000288,20000288,C,2013-12-07 23:23:12,2013-12-08 00:01:12,38.0000
1386459158620000589,20000589,A,2013-12-07 23:32:38,2013-12-08 00:26:38,54.0000
1386459803620000009,20000009,C,2013-12-07 23:43:23,2013-12-08 00:51:38,68.2500
1386459936620000454,20000454,A,2013-12-07 23:45:36,2013-12-08 00:01:21,15.7500
1386459993620000142,20000142,B,2013-12-07 23:46:33,2013-12-08 00:25:33,39.0000
1386460048620000403,20000403,B,2013-12-07 23:47:28,2013-12-08 00:01:58,14.5000
1386460080620000171,20000171,B,2013-12-07 23:48:00,2013-12-08 00:07:15,19.2500
1386460218620000308,20000308,B,2013-12-07 23:50:18,2013-12-08 00:11:33,21.2500
1386460340620000687,20000687,B,2013-12-07 23:52:20,2013-12-08 00:05:20,13.0000
1386460365620000450,20000450,A,2013-12-07 23:52:45,2013-12-08 00:07:30,14.7500
1386460476620000547,20000547,B,2013-12-07 23:54:36,2013-12-08 00:08:21,13.7500
1386460512620000337,20000337,C,2013-12-07 23:55:12,2013-12-08 00:11:12,16.0000
1386460522620000364,20000364,C,2013-12-07 23:55:22,2013-12-08 00:07:37,12.2500
1386460591620000051,20000051,C,2013-12-07 23:56:31,2013-12-08 00:09:46,13.2500
1386460595620000554,20000554,C,2013-12-07 23:56:35,2013-12-08 00:06:05,9.5000
1386460606620000057,20000057,A,2013-12-07 23:56:46,2013-12-08 00:04:31,7.7500
1386460636620000586,20000586,A,2013-12-07 23:57:16,2013-12-08 00:13:01,15.7500
1386460657620000381,20000381,A,2013-12-07 23:57:37,2013-12-08 00:03:37,6.0000
1386460711620000305,20000305,B,2013-12-07 23:58:31,2013-12-08 00:03:46,5.2500
1386460728620000161,20000161,A,2013-12-07 23:58:48,2013-12-08 00:16:03,17.2500
1386460734620000280,20000280,B,2013-12-07 23:58:54,2013-12-08 00:06:54,8.0000
1386460743620000688,20000688,C,2013-12-07 23:59:03,2013-12-08 00:09:18,10.2500
1386460754620000520,20000520,C,2013-12-07 23:59:14,2013-12-08 00:18:14,19.0000
1386460755620000574,20000574,C,2013-12-07 23:59:15,2013-12-08 00:02:45,3.5000
1386460786620000675,20000675,A,2013-12-07 23:59:46,2013-12-08 00:08:31,8.7500
1386460793620000320,20000320,A,2013-12-07 23:59:53,2013-12-08 00:08:23,8.5000
1386460799620000356,20000356,B,2013-12-07 23:59:59,2013-12-08 00:07:44,7.7500
1386544892620000376,20000376,C,2013-12-08 23:21:32,2013-12-09 01:02:02,100.5000
1386545536620000574,20000574,C,2013-12-08 23:32:16,2013-12-09 00:02:01,29.7500
1386546159620000435,20000435,C,2013-12-08 23:42:39,2013-12-09 00:05:54,23.2500
1386546401620000472,20000472,C,2013-12-08 23:46:41,2013-12-09 00:01:26,14.7500
1386546504620000233,20000233,C,2013-12-08 23:48:24,2013-12-09 00:04:24,16.0000
1386546658620000367,20000367,C,2013-12-08 23:50:58,2013-12-09 00:09:28,18.5000
1386546687620000542,20000542,B,2013-12-08 23:51:27,2013-12-09 00:03:57,12.5000
1386547044620000509,20000509,C,2013-12-08 23:57:24,2013-12-09 00:10:39,13.2500
1386547172620000450,20000450,B,2013-12-08 23:59:32,2013-12-09 00:05:47,6.2500
1386628835620000534,20000534,C,2013-12-09 22:40:35,2013-12-10 00:20:05,99.5000
1386632033620000651,20000651,C,2013-12-09 23:33:53,2013-12-10 00:03:38,29.7500
1386632360620000066,20000066,C,2013-12-09 23:39:20,2013-12-10 00:16:05,36.7500
1386632578620000454,20000454,C,2013-12-09 23:42:58,2013-12-10 00:00:13,17.2500
1386632894620000332,20000332,B,2013-12-09 23:48:14,2013-12-10 00:05:29,17.2500
1386633043620000151,20000151,C,2013-12-09 23:50:43,2013-12-10 00:11:28,20.7500
1386633064620000486,20000486,C,2013-12-09 23:51:04,2013-12-10 00:01:34,10.5000
1386633112620000020,20000020,B,2013-12-09 23:51:52,2013-12-10 00:12:07,20.2500
1386633138620000451,20000451,B,2013-12-09 23:52:18,2013-12-10 00:04:18,12.0000
1386633392620000424,20000424,B,2013-12-09 23:56:32,2013-12-10 00:11:02,14.5000
1386633420620000060,20000060,B,2013-12-09 23:57:00,2013-12-10 00:07:45,10.7500
1386633459620000370,20000370,C,2013-12-09 23:57:39,2013-12-10 00:07:09,9.5000
1386633593620000509,20000509,C,2013-12-09 23:59:53,2013-12-10 00:03:53,4.0000
1386717531620000517,20000517,A,2013-12-10 23:18:51,2013-12-11 00:21:06,62.2500
1386718561620000376,20000376,C,2013-12-10 23:36:01,2013-12-11 00:03:46,27.7500
1386719307620000157,20000157,C,2013-12-10 23:48:27,2013-12-11 00:04:42,16.2500
1386719471620000649,20000649,A,2013-12-10 23:51:11,2013-12-11 00:00:41,9.5000
1386719493620000337,20000337,C,2013-12-10 23:51:33,2013-12-11 00:11:18,19.7500
1386719581620000151,20000151,A,2013-12-10 23:53:01,2013-12-11 00:03:16,10.2500
1386719760620000431,20000431,A,2013-12-10 23:56:00,2013-12-11 00:04:00,8.0000
1386719774620000436,20000436,B,2013-12-10 23:56:14,2013-12-11 00:06:44,10.5000
1386719823620000256,20000256,A,2013-12-10 23:57:03,2013-12-11 00:09:33,12.5000
1386719859620000687,20000687,B,2013-12-10 23:57:39,2013-12-11 00:08:24,10.7500
1386719882620000004,20000004,A,2013-12-10 23:58:02,2013-12-11 00:21:17,23.2500
1386719908620000601,20000601,C,2013-12-10 23:58:28,2013-12-11 00:15:43,17.2500
1386719935620000252,20000252,C,2013-12-10 23:58:55,2013-12-11 00:06:25,7.5000
1386719938620000045,20000045,A,2013-12-10 23:58:58,2013-12-11 00:12:13,13.2500
1386719957620000154,20000154,B,2013-12-10 23:59:17,2013-12-11 00:03:47,4.5000
1386719967620000344,20000344,A,2013-12-10 23:59:27,2013-12-11 00:10:42,11.2500
1386805533620000486,20000486,C,2013-12-11 23:45:33,2013-12-12 00:09:33,24.0000
1386805630620000325,20000325,A,2013-12-11 23:47:10,2013-12-12 00:00:10,13.0000
1386805669620000451,20000451,C,2013-12-11 23:47:49,2013-12-12 00:01:04,13.2500
1386805720620000054,20000054,B,2013-12-11 23:48:40,2013-12-12 00:02:10,13.5000
1386805831620000424,20000424,B,2013-12-11 23:50:31,2013-12-12 00:05:01,14.5000
1386805871620000678,20000678,B,2013-12-11 23:51:11,2013-12-12 00:09:56,18.7500
1386805881620000434,20000434,C,2013-12-11 23:51:21,2013-12-12 00:25:21,34.0000
1386806156620000066,20000066,C,2013-12-11 23:55:56,2013-12-12 00:23:41,27.7500
1386806168620000309,20000309,B,2013-12-11 23:56:08,2013-12-12 00:06:53,10.7500
1386806191620000338,20000338,C,2013-12-11 23:56:31,2013-12-12 00:12:46,16.2500
1386806249620000569,20000569,C,2013-12-11 23:57:29,2013-12-12 00:01:44,4.2500
1386806320620000472,20000472,B,2013-12-11 23:58:40,2013-12-12 00:06:10,7.5000
1386806381620000904,20000904,B,2013-12-11 23:59:41,2013-12-12 00:05:26,5.7500
1386890803620000304,20000304,C,2013-12-12 23:26:43,2013-12-13 00:02:13,35.5000
1386892066620000359,20000359,A,2013-12-12 23:47:46,2013-12-13 00:01:31,13.7500
1386892153620000624,20000624,B,2013-12-12 23:49:13,2013-12-13 00:00:28,11.2500
1386892162620000621,20000621,A,2013-12-12 23:49:22,2013-12-13 00:00:37,11.2500
1386892170620000554,20000554,C,2013-12-12 23:49:30,2013-12-13 00:00:45,11.2500
1386892195620000591,20000591,B,2013-12-12 23:49:55,2013-12-13 00:02:55,13.0000
1386892257620000310,20000310,C,2013-12-12 23:50:57,2013-12-13 00:10:12,19.2500
1386892316620000561,20000561,B,2013-12-12 23:51:56,2013-12-13 00:01:26,9.5000
1386892369620000610,20000610,C,2013-12-12 23:52:49,2013-12-13 00:11:19,18.5000
1386892387620000364,20000364,B,2013-12-12 23:53:07,2013-12-13 00:02:52,9.7500
1386892397620000514,20000514,A,2013-12-12 23:53:17,2013-12-13 00:00:17,7.0000
1386892398620000337,20000337,C,2013-12-12 23:53:18,2013-12-13 00:06:03,12.7500
1386892504620000571,20000571,B,2013-12-12 23:55:04,2013-12-13 00:03:04,8.0000
1386892568620000387,20000387,A,2013-12-12 23:56:08,2013-12-13 00:01:53,5.7500
1386892628620000430,20000430,B,2013-12-12 23:57:08,2013-12-13 00:01:53,4.7500
1386892635620000476,20000476,C,2013-12-12 23:57:15,2013-12-13 00:00:45,3.5000
1386892689620000542,20000542,C,2013-12-12 23:58:09,2013-12-13 00:10:09,12.0000
1386892699620000649,20000649,B,2013-12-12 23:58:19,2013-12-13 00:07:49,9.5000
1386892732620000388,20000388,A,2013-12-12 23:58:52,2013-12-13 00:06:07,7.2500
1386892745620000570,20000570,C,2013-12-12 23:59:05,2013-12-13 00:08:35,9.5000
1386892781620000345,20000345,B,2013-12-12 23:59:41,2013-12-13 00:10:11,10.5000
1386977957620000398,20000398,C,2013-12-13 23:39:17,2013-12-14 00:11:47,32.5000
1386977966620000184,20000184,C,2013-12-13 23:39:26,2013-12-14 00:09:56,30.5000
1386978257620000472,20000472,C,2013-12-13 23:44:17,2013-12-14 00:13:02,28.7500
1386978384620000664,20000664,C,2013-12-13 23:46:24,2013-12-14 00:01:54,15.5000
1386978436620000508,20000508,B,2013-12-13 23:47:16,2013-12-14 00:05:31,18.2500
1386978505620000610,20000610,C,2013-12-13 23:48:25,2013-12-14 00:06:55,18.5000
1386978524620000010,20000010,C,2013-12-13 23:48:44,2013-12-14 00:04:14,15.5000
1386978529620000173,20000173,B,2013-12-13 23:48:49,2013-12-14 00:01:19,12.5000
1386978533620000653,20000653,B,2013-12-13 23:48:53,2013-12-14 00:13:23,24.5000
1386978576620000231,20000231,A,2013-12-13 23:49:36,2013-12-14 00:00:21,10.7500
1386978614620000307,20000307,C,2013-12-13 23:50:14,2013-12-14 00:01:59,11.7500
1386978619620000687,20000687,C,2013-12-13 23:50:19,2013-12-14 00:00:04,9.7500
1386978755620000572,20000572,B,2013-12-13 23:52:35,2013-12-14 00:01:20,8.7500
1386978801620000119,20000119,A,2013-12-13 23:53:21,2013-12-14 00:10:06,16.7500
1386978876620000009,20000009,A,2013-12-13 23:54:36,2013-12-14 00:54:51,60.2500
1386978877620000243,20000243,B,2013-12-13 23:54:37,2013-12-14 00:06:37,12.0000
1386978888620000372,20000372,A,2013-12-13 23:54:48,2013-12-14 00:00:48,6.0000
1386978901620000345,20000345,B,2013-12-13 23:55:01,2013-12-14 00:02:46,7.7500
1386978913620000481,20000481,B,2013-12-13 23:55:13,2013-12-14 00:00:43,5.5000
1386978942620000031,20000031,B,2013-12-13 23:55:42,2013-12-14 00:05:57,10.2500
1386978945620000588,20000588,B,2013-12-13 23:55:45,2013-12-14 00:05:00,9.2500
1386978955620000423,20000423,C,2013-12-13 23:55:55,2013-12-14 00:05:55,10.0000
1386978960620000450,20000450,B,2013-12-13 23:56:00,2013-12-14 00:07:15,11.2500
1386978966620000430,20000430,B,2013-12-13 23:56:06,2013-12-14 00:02:51,6.7500
1386978972620000030,20000030,B,2013-12-13 23:56:12,2013-12-14 00:02:27,6.2500
1386978979620000663,20000663,C,2013-12-13 23:56:19,2013-12-14 00:04:49,8.5000
1386978986620000473,20000473,B,2013-12-13 23:56:26,2013-12-14 00:03:26,7.0000
1386978991620000668,20000668,C,2013-12-13 23:56:31,2013-12-14 00:05:46,9.2500
1386978992620000245,20000245,B,2013-12-13 23:56:32,2013-12-14 00:06:02,9.5000
1386978997620000476,20000476,C,2013-12-13 23:56:37,2013-12-14 00:01:52,5.2500
1386979007620000589,20000589,B,2013-12-13 23:56:47,2013-12-14 00:08:02,11.2500
1386979039620000217,20000217,B,2013-12-13 23:57:19,2013-12-14 00:02:04,4.7500
1386979067620000601,20000601,B,2013-12-13 23:57:47,2013-12-14 00:03:47,6.0000
1386979082620000338,20000338,A,2013-12-13 23:58:02,2013-12-14 00:08:32,10.5000
1386979097620000362,20000362,B,2013-12-13 23:58:17,2013-12-14 00:16:47,18.5000
1386979108620000075,20000075,B,2013-12-13 23:58:28,2013-12-14 00:03:28,5.0000
1386979118620000309,20000309,B,2013-12-13 23:58:38,2013-12-14 00:04:08,5.5000
1386979185620000520,20000520,B,2013-12-13 23:59:45,2013-12-14 00:58:45,59.0000
1386979186620000109,20000109,A,2013-12-13 23:59:46,2013-12-14 00:18:16,18.5000
1386979195620000080,20000080,C,2013-12-13 23:59:55,2013-12-14 00:00:25,0.5000
1387060931620000196,20000196,C,2013-12-14 22:42:11,2013-12-15 00:01:26,79.2500
1387064656620000252,20000252,C,2013-12-14 23:44:16,2013-12-15 00:00:01,15.7500
1387064674620000337,20000337,C,2013-12-14 23:44:34,2013-12-15 00:20:34,36.0000
1387064683620000488,20000488,A,2013-12-14 23:44:43,2013-12-15 00:00:13,15.5000
1387064714620000901,20000901,A,2013-12-14 23:45:14,2013-12-15 00:01:44,16.5000
1387064839620000610,20000610,C,2013-12-14 23:47:19,2013-12-15 00:07:34,20.2500
1387064841620000006,20000006,B,2013-12-14 23:47:21,2013-12-15 00:00:36,13.2500
1387065088620000688,20000688,B,2013-12-14 23:51:28,2013-12-15 00:00:28,9.0000
1387065109620000589,20000589,B,2013-12-14 23:51:49,2013-12-15 00:01:49,10.0000
1387065120620000108,20000108,C,2013-12-14 23:52:00,2013-12-15 00:11:15,19.2500
1387065137620000529,20000529,B,2013-12-14 23:52:17,2013-12-15 00:03:17,11.0000
1387065137620000648,20000648,B,2013-12-14 23:52:17,2013-12-15 00:00:47,8.5000
1387065151620000251,20000251,C,2013-12-14 23:52:31,2013-12-15 00:02:16,9.7500
1387065169620000570,20000570,C,2013-12-14 23:52:49,2013-12-15 00:00:19,7.5000
1387065243620000903,20000903,B,2013-12-14 23:54:03,2013-12-15 00:03:33,9.5000
1387065260620000004,20000004,B,2013-12-14 23:54:20,2013-12-15 00:01:35,7.2500
1387065301620000345,20000345,B,2013-12-14 23:55:01,2013-12-15 00:02:46,7.7500
1387065306620000042,20000042,A,2013-12-14 23:55:06,2013-12-15 00:08:06,13.0000
1387065317620000328,20000328,A,2013-12-14 23:55:17,2013-12-15 00:02:32,7.2500
1387065322620000450,20000450,C,2013-12-14 23:55:22,2013-12-15 00:04:37,9.2500
1387065324620000557,20000557,B,2013-12-14 23:55:24,2013-12-15 00:06:09,10.7500
1387065332620000492,20000492,B,2013-12-14 23:55:32,2013-12-15 00:06:02,10.5000
1387065363620000595,20000595,A,2013-12-14 23:56:03,2013-12-15 00:10:33,14.5000
1387065372620000376,20000376,C,2013-12-14 23:56:12,2013-12-15 00:05:42,9.5000
1387065389620000516,20000516,B,2013-12-14 23:56:29,2013-12-15 00:10:14,13.7500
1387065402620000684,20000684,C,2013-12-14 23:56:42,2013-12-15 00:15:42,19.0000
1387065412620000254,20000254,A,2013-12-14 23:56:52,2013-12-15 00:07:22,10.5000
1387065426620000031,20000031,B,2013-12-14 23:57:06,2013-12-15 00:04:06,7.0000
1387065444620000574,20000574,C,2013-12-14 23:57:24,2013-12-15 00:08:54,11.5000
1387065457620000173,20000173,C,2013-12-14 23:57:37,2013-12-15 00:09:37,12.0000
1387065468620000904,20000904,B,2013-12-14 23:57:48,2013-12-15 00:11:03,13.2500
1387065481620000372,20000372,A,2013-12-14 23:58:01,2013-12-15 00:18:31,20.5000
1387065494620000389,20000389,B,2013-12-14 23:58:14,2013-12-15 00:09:14,11.0000
1387065508620000424,20000424,C,2013-12-14 23:58:28,2013-12-15 00:12:28,14.0000
1387065525620000308,20000308,A,2013-12-14 23:58:45,2013-12-15 00:30:15,31.5000
1387065540620000621,20000621,A,2013-12-14 23:59:00,2013-12-15 00:08:45,9.7500
1387065552620000179,20000179,B,2013-12-14 23:59:12,2013-12-15 00:05:42,6.5000
1387065553620000586,20000586,C,2013-12-14 23:59:13,2013-12-15 00:09:13,10.0000
1387065580620000398,20000398,B,2013-12-14 23:59:40,2013-12-15 00:10:25,10.7500
1387150989620000263,20000263,B,2013-12-15 23:43:09,2013-12-16 00:09:54,26.7500
1387151525620000042,20000042,C,2013-12-15 23:52:05,2013-12-16 00:19:05,27.0000
1387151616620000542,20000542,C,2013-12-15 23:53:36,2013-12-16 00:00:21,6.7500
1387151760620000473,20000473,B,2013-12-15 23:56:00,2013-12-16 00:04:30,8.5000
1387151798620000398,20000398,A,2013-12-15 23:56:38,2013-12-16 00:03:38,7.0000
1387151874620000101,20000101,A,2013-12-15 23:57:54,2013-12-16 00:08:54,11.0000
1387151944620000574,20000574,C,2013-12-15 23:59:04,2013-12-16 00:16:34,17.5000
1387151989620000472,20000472,C,2013-12-15 23:59:49,2013-12-16 00:12:34,12.7500
1387151992620000201,20000201,A,2013-12-15 23:59:52,2013-12-16 00:12:22,12.5000
1387237626620000621,20000621,B,2013-12-16 23:47:06,2013-12-17 00:03:06,16.0000
1387237833620000610,20000610,C,2013-12-16 23:50:33,2013-12-17 00:09:18,18.7500
1387237921620000372,20000372,B,2013-12-16 23:52:01,2013-12-17 00:06:01,14.0000
1387237946620000233,20000233,C,2013-12-16 23:52:26,2013-12-17 00:06:11,13.7500
1387238080620000684,20000684,B,2013-12-16 23:54:40,2013-12-17 00:02:40,8.0000
1387238207620000307,20000307,C,2013-12-16 23:56:47,2013-12-17 00:04:17,7.5000
1387238287620000015,20000015,C,2013-12-16 23:58:07,2013-12-17 00:15:07,17.0000
1387238381620000042,20000042,A,2013-12-16 23:59:41,2013-12-17 00:07:11,7.5000
1387320387620000561,20000561,B,2013-12-17 22:46:27,2013-12-18 00:04:12,77.7500
1387324066620000435,20000435,C,2013-12-17 23:47:46,2013-12-18 00:14:01,26.2500
1387324155620000589,20000589,B,2013-12-17 23:49:15,2013-12-18 00:01:45,12.5000
1387324262620000179,20000179,C,2013-12-17 23:51:02,2013-12-18 00:05:47,14.7500
1387324331620000392,20000392,A,2013-12-17 23:52:11,2013-12-18 00:00:56,8.7500
1387324551620000196,20000196,B,2013-12-17 23:55:51,2013-12-18 00:00:06,4.2500
1387324614620000569,20000569,C,2013-12-17 23:56:54,2013-12-18 00:01:24,4.5000
1387324628620000304,20000304,C,2013-12-17 23:57:08,2013-12-18 00:09:38,12.5000
1387324640620000570,20000570,A,2013-12-17 23:57:20,2013-12-18 00:13:20,16.0000
1387324641620000192,20000192,B,2013-12-17 23:57:21,2013-12-18 00:03:51,6.5000
1387324667620000105,20000105,B,2013-12-17 23:57:47,2013-12-18 00:05:32,7.7500
1387324692620000376,20000376,C,2013-12-17 23:58:12,2013-12-18 00:05:12,7.0000
1387324732620000325,20000325,C,2013-12-17 23:58:52,2013-12-18 00:02:22,3.5000
1387324737620000903,20000903,A,2013-12-17 23:58:57,2013-12-18 00:09:27,10.5000
1387324775620000151,20000151,B,2013-12-17 23:59:35,2013-12-18 00:05:35,6.0000
1387324799620000470,20000470,C,2013-12-17 23:59:59,2013-12-18 00:11:29,11.5000
1387403475620000376,20000376,C,2013-12-18 21:51:15,2013-12-19 00:16:00,144.7500
1387410126620000589,20000589,C,2013-12-18 23:42:06,2013-12-19 00:13:36,31.5000
1387410200620000167,20000167,C,2013-12-18 23:43:20,2013-12-19 00:02:20,19.0000
1387410262620000060,20000060,C,2013-12-18 23:44:22,2013-12-19 00:02:52,18.5000
1387410400620000483,20000483,B,2013-12-18 23:46:40,2013-12-19 00:02:10,15.5000
1387410442620000625,20000625,A,2013-12-18 23:47:22,2013-12-19 00:04:37,17.2500
1387410477620000520,20000520,C,2013-12-18 23:47:57,2013-12-19 00:11:12,23.2500
1387410583620000574,20000574,C,2013-12-18 23:49:43,2013-12-19 00:06:13,16.5000
1387410671620000364,20000364,B,2013-12-18 23:51:11,2013-12-19 00:00:41,9.5000
1387410682620000157,20000157,B,2013-12-18 23:51:22,2013-12-19 00:00:37,9.2500
1387410718620000089,20000089,B,2013-12-18 23:51:58,2013-12-19 00:00:58,9.0000
1387410782620000497,20000497,B,2013-12-18 23:53:02,2013-12-19 00:14:47,21.7500
1387410795620000387,20000387,A,2013-12-18 23:53:15,2013-12-19 00:01:30,8.2500
1387410825620000311,20000311,C,2013-12-18 23:53:45,2013-12-19 00:08:30,14.7500
1387410870620000010,20000010,C,2013-12-18 23:54:30,2013-12-19 00:04:45,10.2500
1387410894620000455,20000455,B,2013-12-18 23:54:54,2013-12-19 00:02:39,7.7500
1387410969620000011,20000011,C,2013-12-18 23:56:09,2013-12-19 00:05:54,9.7500
1387410969620000197,20000197,C,2013-12-18 23:56:09,2013-12-19 00:07:54,11.7500
1387410995620000327,20000327,B,2013-12-18 23:56:35,2013-12-19 00:01:05,4.5000
1387411060620000309,20000309,B,2013-12-18 23:57:40,2013-12-19 00:03:55,6.2500
1387411093620000359,20000359,A,2013-12-18 23:58:13,2013-12-19 00:03:13,5.0000
1387411099620000224,20000224,C,2013-12-18 23:58:19,2013-12-19 00:04:49,6.5000
1387411109620000610,20000610,C,2013-12-18 23:58:29,2013-12-19 00:16:29,18.0000
1387411165620000042,20000042,A,2013-12-18 23:59:25,2013-12-19 00:03:55,4.5000
1387411170620000304,20000304,C,2013-12-18 23:59:30,2013-12-19 00:16:15,16.7500
1387496578620000023,20000023,B,2013-12-19 23:42:58,2013-12-20 00:05:43,22.7500
1387496659620000610,20000610,C,2013-12-19 23:44:19,2013-12-20 00:13:04,28.7500
1387496727620000529,20000529,C,2013-12-19 23:45:27,2013-12-20 00:04:27,19.0000
1387496764620000598,20000598,C,2013-12-19 23:46:04,2013-12-20 00:08:04,22.0000
1387496958620000305,20000305,C,2013-12-19 23:49:18,2013-12-20 00:05:48,16.5000
1387497064620000307,20000307,C,2013-12-19 23:51:04,2013-12-20 01:07:04,76.0000
1387497108620000626,20000626,B,2013-12-19 23:51:48,2013-12-20 00:00:33,8.7500
1387497114620000403,20000403,A,2013-12-19 23:51:54,2013-12-20 00:10:09,18.2500
1387497123620000154,20000154,B,2013-12-19 23:52:03,2013-12-20 00:01:03,9.0000
1387497137620000520,20000520,C,2013-12-19 23:52:17,2013-12-20 00:01:02,8.7500
1387497273620000022,20000022,C,2013-12-19 23:54:33,2013-12-20 00:00:48,6.2500
1387497278620000541,20000541,A,2013-12-19 23:54:38,2013-12-20 00:04:53,10.2500
1387497310620000488,20000488,A,2013-12-19 23:55:10,2013-12-20 00:04:25,9.2500
1387497367620000235,20000235,C,2013-12-19 23:56:07,2013-12-20 00:00:22,4.2500
1387497371620000351,20000351,C,2013-12-19 23:56:11,2013-12-20 00:08:41,12.5000
1387497373620000129,20000129,C,2013-12-19 23:56:13,2013-12-20 00:02:43,6.5000
1387497389620000492,20000492,B,2013-12-19 23:56:29,2013-12-20 00:01:44,5.2500
1387497403620000387,20000387,A,2013-12-19 23:56:43,2013-12-20 00:06:28,9.7500
1387497456620000465,20000465,B,2013-12-19 23:57:36,2013-12-20 00:02:21,4.7500
1387497482620000338,20000338,A,2013-12-19 23:58:02,2013-12-20 00:16:17,18.2500
1387497495620000273,20000273,B,2013-12-19 23:58:15,2013-12-20 00:06:00,7.7500
1387579946620000648,20000648,B,2013-12-20 22:52:26,2013-12-21 00:02:26,70.0000
1387580718620000341,20000341,C,2013-12-20 23:05:18,2013-12-21 00:02:18,57.0000
1387582511620000304,20000304,B,2013-12-20 23:35:11,2013-12-21 00:02:26,27.2500
1387582604620000040,20000040,C,2013-12-20 23:36:44,2013-12-21 00:14:59,38.2500
1387582659620000486,20000486,C,2013-12-20 23:37:39,2013-12-21 00:11:24,33.7500
1387582982620000108,20000108,C,2013-12-20 23:43:02,2013-12-21 00:04:32,21.5000
1387583016620000624,20000624,B,2013-12-20 23:43:36,2013-12-21 00:06:36,23.0000
1387583017620000465,20000465,A,2013-12-20 23:43:37,2013-12-21 00:07:37,24.0000
1387583064620000450,20000450,B,2013-12-20 23:44:24,2013-12-21 00:01:54,17.5000
1387583141620000632,20000632,B,2013-12-20 23:45:41,2013-12-21 00:03:11,17.5000
1387583164620000395,20000395,C,2013-12-20 23:46:04,2013-12-21 00:11:19,25.2500
1387583190620000057,20000057,C,2013-12-20 23:46:30,2013-12-21 00:04:15,17.7500
1387583242620000653,20000653,C,2013-12-20 23:47:22,2013-12-21 00:12:07,24.7500
1387583303620000619,20000619,B,2013-12-20 23:48:23,2013-12-21 00:00:08,11.7500
1387583392620000473,20000473,B,2013-12-20 23:49:52,2013-12-21 00:02:37,12.7500
1387583398620000045,20000045,A,2013-12-20 23:49:58,2013-12-21 00:03:28,13.5000
1387583405620000031,20000031,A,2013-12-20 23:50:05,2013-12-21 00:10:35,20.5000
1387583458620000345,20000345,B,2013-12-20 23:50:58,2013-12-21 00:01:43,10.7500
1387583466620000453,20000453,B,2013-12-20 23:51:06,2013-12-21 00:06:51,15.7500
1387583506620000470,20000470,B,2013-12-20 23:51:46,2013-12-21 00:03:46,12.0000
1387583512620000325,20000325,A,2013-12-20 23:51:52,2013-12-21 00:09:07,17.2500
1387583531620000577,20000577,A,2013-12-20 23:52:11,2013-12-21 00:06:11,14.0000
1387583596620000687,20000687,A,2013-12-20 23:53:16,2013-12-21 00:14:31,21.2500
1387583663620000686,20000686,C,2013-12-20 23:54:23,2013-12-21 00:03:53,9.5000
1387583678620000430,20000430,B,2013-12-20 23:54:38,2013-12-21 00:11:53,17.2500
1387583714620000351,20000351,B,2013-12-20 23:55:14,2013-12-21 00:05:59,10.7500
1387583749620000216,20000216,A,2013-12-20 23:55:49,2013-12-21 00:10:19,14.5000
1387583814620000524,20000524,B,2013-12-20 23:56:54,2013-12-21 00:02:54,6.0000
1387583826620000356,20000356,C,2013-12-20 23:57:06,2013-12-21 00:03:06,6.0000
1387583894620000488,20000488,A,2013-12-20 23:58:14,2013-12-21 00:03:44,5.5000
1387583927620000446,20000446,B,2013-12-20 23:58:47,2013-12-21 00:14:32,15.7500
1387583939620000517,20000517,B,2013-12-20 23:58:59,2013-12-21 00:10:14,11.2500
1387583972620000675,20000675,B,2013-12-20 23:59:32,2013-12-21 00:13:32,14.0000
1387583977620000621,20000621,A,2013-12-20 23:59:37,2013-12-21 00:08:37,9.0000
1387583989620000129,20000129,B,2013-12-20 23:59:49,2013-12-21 00:13:49,14.0000
1387583990620000081,20000081,B,2013-12-20 23:59:50,2013-12-21 00:06:50,7.0000
1387666100620000542,20000542,B,2013-12-21 22:48:20,2013-12-22 00:43:35,115.2500
1387668034620000101,20000101,B,2013-12-21 23:20:34,2013-12-22 00:08:04,47.5000
1387668433620000435,20000435,C,2013-12-21 23:27:13,2013-12-22 00:19:13,52.0000
1387668790620000022,20000022,A,2013-12-21 23:33:10,2013-12-22 00:10:10,37.0000
1387669138620000419,20000419,B,2013-12-21 23:38:58,2013-12-22 00:01:13,22.2500
1387669218620000173,20000173,A,2013-12-21 23:40:18,2013-12-22 00:00:33,20.2500
1387669483620000030,20000030,A,2013-12-21 23:44:43,2013-12-22 00:02:13,17.5000
1387669590620000075,20000075,B,2013-12-21 23:46:30,2013-12-22 00:00:45,14.2500
1387669633620000251,20000251,B,2013-12-21 23:47:13,2013-12-22 00:03:43,16.5000
1387669654620000297,20000297,B,2013-12-21 23:47:34,2013-12-22 00:07:49,20.2500
1387669682620000377,20000377,B,2013-12-21 23:48:02,2013-12-22 00:02:02,14.0000
1387669721620000632,20000632,B,2013-12-21 23:48:41,2013-12-22 00:05:41,17.0000
1387669728620000616,20000616,A,2013-12-21 23:48:48,2013-12-22 00:13:18,24.5000
1387669736620000516,20000516,B,2013-12-21 23:48:56,2013-12-22 00:10:41,21.7500
1387669772620000901,20000901,B,2013-12-21 23:49:32,2013-12-22 00:00:17,10.7500
1387669779620000376,20000376,C,2013-12-21 23:49:39,2013-12-22 00:23:39,34.0000
1387669834620000598,20000598,B,2013-12-21 23:50:34,2013-12-22 00:01:19,10.7500
1387669867620000235,20000235,C,2013-12-21 23:51:07,2013-12-22 00:03:37,12.5000
1387669872620000356,20000356,A,2013-12-21 23:51:12,2013-12-22 00:02:57,11.7500
1387669879620000668,20000668,A,2013-12-21 23:51:19,2013-12-22 00:12:49,21.5000
1387669880620000624,20000624,C,2013-12-21 23:51:20,2013-12-22 00:00:50,9.5000
1387669913620000483,20000483,A,2013-12-21 23:51:53,2013-12-22 00:04:08,12.2500
1387669946620000332,20000332,C,2013-12-21 23:52:26,2013-12-22 00:01:11,8.7500
1387669956620000309,20000309,B,2013-12-21 23:52:36,2013-12-22 00:02:06,9.5000
1387669977620000142,20000142,B,2013-12-21 23:52:57,2013-12-22 00:01:12,8.2500
1387670047620000497,20000497,C,2013-12-21 23:54:07,2013-12-22 00:13:52,19.7500
1387670049620000904,20000904,B,2013-12-21 23:54:09,2013-12-22 00:02:54,8.7500
1387670059620000398,20000398,C,2013-12-21 23:54:19,2013-12-22 00:14:19,20.0000
1387670061620000153,20000153,A,2013-12-21 23:54:21,2013-12-22 00:04:21,10.0000
1387670077620000525,20000525,A,2013-12-21 23:54:37,2013-12-22 00:01:37,7.0000
1387670077620000617,20000617,C,2013-12-21 23:54:37,2013-12-22 00:12:07,17.5000
1387670151620000473,20000473,C,2013-12-21 23:55:51,2013-12-22 00:03:06,7.2500
1387670196620000254,20000254,B,2013-12-21 23:56:36,2013-12-22 00:05:51,9.2500
1387670217620000359,20000359,B,2013-12-21 23:56:57,2013-12-22 00:09:57,13.0000
1387670242620000305,20000305,C,2013-12-21 23:57:22,2013-12-22 00:12:07,14.7500
1387670243620000600,20000600,A,2013-12-21 23:57:23,2013-12-22 00:07:53,10.5000
1387670287620000488,20000488,B,2013-12-21 23:58:07,2013-12-22 00:07:22,9.2500
1387670315620000389,20000389,A,2013-12-21 23:58:35,2013-12-22 00:05:20,6.7500
1387670344620000119,20000119,B,2013-12-21 23:59:04,2013-12-22 00:08:04,9.0000
1387755573620000497,20000497,C,2013-12-22 23:39:33,2013-12-23 00:07:48,28.2500
1387755656620000009,20000009,A,2013-12-22 23:40:56,2013-12-23 00:40:41,59.7500
1387755759620000657,20000657,A,2013-12-22 23:42:39,2013-12-23 00:09:09,26.5000
1387756157620000231,20000231,C,2013-12-22 23:49:17,2013-12-23 00:02:02,12.7500
1387756248620000574,20000574,C,2013-12-22 23:50:48,2013-12-23 00:16:03,25.2500
1387756257620000481,20000481,B,2013-12-22 23:50:57,2013-12-23 00:05:12,14.2500
1387756412620000569,20000569,C,2013-12-22 23:53:32,2013-12-23 00:01:32,8.0000
1387756524620000251,20000251,A,2013-12-22 23:55:24,2013-12-23 00:17:39,22.2500
1387756595620000473,20000473,A,2013-12-22 23:56:35,2013-12-23 00:01:35,5.0000
1387756643620000303,20000303,C,2013-12-22 23:57:23,2013-12-23 00:01:23,4.0000
1387756721620000042,20000042,B,2013-12-22 23:58:41,2013-12-23 00:05:11,6.5000
1387756776620000341,20000341,B,2013-12-22 23:59:36,2013-12-23 00:04:51,5.2500
1387756783620000398,20000398,C,2013-12-22 23:59:43,2013-12-23 00:03:58,4.2500
1387840559620000199,20000199,B,2013-12-23 23:15:59,2013-12-24 00:14:59,59.0000
1387842013620000616,20000616,A,2013-12-23 23:40:13,2013-12-24 00:10:43,30.5000
1387842472620000136,20000136,B,2013-12-23 23:47:52,2013-12-24 00:04:07,16.2500
1387842532620000304,20000304,B,2013-12-23 23:48:52,2013-12-24 00:16:37,27.7500
1387842676620000372,20000372,A,2013-12-23 23:51:16,2013-12-24 00:39:16,48.0000
1387842755620000518,20000518,B,2013-12-23 23:52:35,2013-12-24 00:01:35,9.0000
1387842781620000325,20000325,B,2013-12-23 23:53:01,2013-12-24 00:05:31,12.5000
1387842797620000529,20000529,C,2013-12-23 23:53:17,2013-12-24 00:14:02,20.7500
1387842903620000045,20000045,A,2013-12-23 23:55:03,2013-12-24 00:02:48,7.7500
1387842906620000376,20000376,C,2013-12-23 23:55:06,2013-12-24 00:44:21,49.2500
1387842957620000337,20000337,C,2013-12-23 23:55:57,2013-12-24 00:04:42,8.7500
1387842998620000268,20000268,A,2013-12-23 23:56:38,2013-12-24 00:02:53,6.2500
1387843048620000362,20000362,B,2013-12-23 23:57:28,2013-12-24 00:02:58,5.5000
1387843050620000640,20000640,C,2013-12-23 23:57:30,2013-12-24 00:00:45,3.2500
1387843065620000031,20000031,C,2013-12-23 23:57:45,2013-12-24 00:23:15,25.5000
1387843081620000067,20000067,B,2013-12-23 23:58:01,2013-12-24 00:07:31,9.5000
1387843108620000192,20000192,B,2013-12-23 23:58:28,2013-12-24 00:07:28,9.0000
1387843111620000454,20000454,A,2013-12-23 23:58:31,2013-12-24 00:05:46,7.2500
1387843130620000577,20000577,C,2013-12-23 23:58:50,2013-12-24 00:07:05,8.2500
1387843183620000688,20000688,A,2013-12-23 23:59:43,2013-12-24 00:10:13,10.5000
1387927733620000610,20000610,A,2013-12-24 23:28:53,2013-12-25 00:02:53,34.0000
1387927928620000325,20000325,C,2013-12-24 23:32:08,2013-12-25 00:50:53,78.7500
1387927986620000574,20000574,B,2013-12-24 23:33:06,2013-12-25 00:03:21,30.2500
1387928596620000324,20000324,A,2013-12-24 23:43:16,2013-12-25 00:02:46,19.5000
1387928684620000015,20000015,A,2013-12-24 23:44:44,2013-12-25 00:02:59,18.2500
1387928842620000483,20000483,A,2013-12-24 23:47:22,2013-12-25 00:00:52,13.5000
1387928919620000006,20000006,A,2013-12-24 23:48:39,2013-12-25 00:02:54,14.2500
1387928931620000020,20000020,A,2013-12-24 23:48:51,2013-12-25 00:03:21,14.5000
1387929014620000256,20000256,A,2013-12-24 23:50:14,2013-12-25 00:02:59,12.7500
1387929061620000542,20000542,A,2013-12-24 23:51:01,2013-12-25 00:00:31,9.5000
1387929175620000618,20000618,A,2013-12-24 23:52:55,2013-12-25 00:04:40,11.7500
1387929177620000481,20000481,B,2013-12-24 23:52:57,2013-12-25 00:00:27,7.5000
1387929240620000435,20000435,A,2013-12-24 23:54:00,2013-12-25 00:11:30,17.5000
1387929268620000520,20000520,C,2013-12-24 23:54:28,2013-12-25 00:10:13,15.7500
1387929289620000651,20000651,C,2013-12-24 23:54:49,2013-12-25 00:05:34,10.7500
1387929414620000010,20000010,A,2013-12-24 23:56:54,2013-12-25 00:05:09,8.2500
1387929451620000140,20000140,A,2013-12-24 23:57:31,2013-12-25 00:04:16,6.7500
1387929463620000453,20000453,B,2013-12-24 23:57:43,2013-12-25 00:05:58,8.2500
1387929522620000395,20000395,A,2013-12-24 23:58:42,2013-12-25 00:14:27,15.7500
1387929565620000119,20000119,A,2013-12-24 23:59:25,2013-12-25 00:08:25,9.0000
1388014519620000455,20000455,B,2013-12-25 23:35:19,2013-12-26 00:20:49,45.5000
1388014879620000332,20000332,A,2013-12-25 23:41:19,2013-12-26 00:06:49,25.5000
1388015010620000435,20000435,B,2013-12-25 23:43:30,2013-12-26 00:03:15,19.7500
1388015119620000450,20000450,A,2013-12-25 23:45:19,2013-12-26 00:02:04,16.7500
1388015441620000324,20000324,A,2013-12-25 23:50:41,2013-12-26 00:11:41,21.0000
1388015560620000057,20000057,A,2013-12-25 23:52:40,2013-12-26 00:00:40,8.0000
1388015713620000406,20000406,B,2013-12-25 23:55:13,2013-12-26 00:05:13,10.0000
1388015770620000370,20000370,C,2013-12-25 23:56:10,2013-12-26 00:04:40,8.5000
1388015788620000011,20000011,B,2013-12-25 23:56:28,2013-12-26 00:02:58,6.5000
1388015812620000280,20000280,C,2013-12-25 23:56:52,2013-12-26 00:06:22,9.5000
1388015851620000486,20000486,A,2013-12-25 23:57:31,2013-12-26 00:08:01,10.5000
1388015852620000367,20000367,A,2013-12-25 23:57:32,2013-12-26 00:08:02,10.5000
1388015902620000249,20000249,B,2013-12-25 23:58:22,2013-12-26 00:09:07,10.7500
1388101538620000216,20000216,B,2013-12-26 23:45:38,2013-12-27 00:17:23,31.7500
1388101669620000589,20000589,B,2013-12-26 23:47:49,2013-12-27 00:12:19,24.5000
1388101987620000067,20000067,B,2013-12-26 23:53:07,2013-12-27 00:06:07,13.0000
1388102009620000280,20000280,B,2013-12-26 23:53:29,2013-12-27 00:01:29,8.0000
1388102122620000042,20000042,B,2013-12-26 23:55:22,2013-12-27 00:02:22,7.0000
1388102137620000233,20000233,B,2013-12-26 23:55:37,2013-12-27 00:23:52,28.2500
1388102138620000651,20000651,C,2013-12-26 23:55:38,2013-12-27 00:06:38,11.0000
1388102157620000013,20000013,B,2013-12-26 23:55:57,2013-12-27 00:01:27,5.5000
1388102293620000577,20000577,B,2013-12-26 23:58:13,2013-12-27 00:02:43,4.5000
1388102311620000338,20000338,B,2013-12-26 23:58:31,2013-12-27 00:02:46,4.2500
1388102363620000488,20000488,C,2013-12-26 23:59:23,2013-12-27 00:09:23,10.0000
1388102397620000285,20000285,C,2013-12-26 23:59:57,2013-12-27 00:09:57,10.0000
1388102399620000509,20000509,C,2013-12-26 23:59:59,2013-12-27 00:09:44,9.7500
1388184277620000179,20000179,C,2013-12-27 22:44:37,2013-12-28 00:59:07,134.5000
1388187801620000309,20000309,B,2013-12-27 23:43:21,2013-12-28 00:10:06,26.7500
1388187919620000249,20000249,C,2013-12-27 23:45:19,2013-12-28 00:03:19,18.0000
1388188121620000235,20000235,C,2013-12-27 23:48:41,2013-12-28 00:06:11,17.5000
1388188224620000688,20000688,A,2013-12-27 23:50:24,2013-12-28 00:05:39,15.2500
1388188286620000042,20000042,A,2013-12-27 23:51:26,2013-12-28 00:01:26,10.0000
1388188373620000662,20000662,B,2013-12-27 23:52:53,2013-12-28 00:03:23,10.5000
1388188376620000201,20000201,A,2013-12-27 23:52:56,2013-12-28 00:06:26,13.5000
1388188423620000067,20000067,A,2013-12-27 23:53:43,2013-12-28 00:05:28,11.7500
1388188534620000311,20000311,A,2013-12-27 23:55:34,2013-12-28 00:05:19,9.7500
1388188539620000142,20000142,B,2013-12-27 23:55:39,2013-12-28 00:04:24,8.7500
1388188571620000004,20000004,C,2013-12-27 23:56:11,2013-12-28 00:05:41,9.5000
1388188593620000454,20000454,C,2013-12-27 23:56:33,2013-12-28 00:04:48,8.2500
1388188655620000430,20000430,B,2013-12-27 23:57:35,2013-12-28 00:19:35,22.0000
1388188661620000616,20000616,B,2013-12-27 23:57:41,2013-12-28 00:03:11,5.5000
1388188677620000547,20000547,B,2013-12-27 23:57:57,2013-12-28 00:04:42,6.7500
1388188680620000005,20000005,C,2013-12-27 23:58:00,2013-12-28 00:04:00,6.0000
1388188747620000658,20000658,B,2013-12-27 23:59:07,2013-12-28 00:10:07,11.0000
1388188774620000307,20000307,B,2013-12-27 23:59:34,2013-12-28 00:09:49,10.2500
1388188777620000395,20000395,C,2013-12-27 23:59:37,2013-12-28 00:09:22,9.7500
1388188785620000280,20000280,B,2013-12-27 23:59:45,2013-12-28 00:07:30,7.7500
1388188796620000347,20000347,C,2013-12-27 23:59:56,2013-12-28 00:09:11,9.2500
1388273904620000525,20000525,C,2013-12-28 23:38:24,2013-12-29 00:01:24,23.0000
1388274070620000651,20000651,C,2013-12-28 23:41:10,2013-12-29 00:17:10,36.0000
1388274101620000179,20000179,A,2013-12-28 23:41:41,2013-12-29 00:01:11,19.5000
1388274472620000685,20000685,A,2013-12-28 23:47:52,2013-12-29 00:01:07,13.2500
1388274610620000625,20000625,A,2013-12-28 23:50:10,2013-12-29 00:06:40,16.5000
1388274632620000012,20000012,A,2013-12-28 23:50:32,2013-12-29 00:16:02,25.5000
1388274641620000610,20000610,C,2013-12-28 23:50:41,2013-12-29 00:15:26,24.7500
1388274675620000483,20000483,C,2013-12-28 23:51:15,2013-12-29 00:05:00,13.7500
1388274680620000089,20000089,B,2013-12-28 23:51:20,2013-12-29 00:00:50,9.5000
1388274709620000569,20000569,C,2013-12-28 23:51:49,2013-12-29 00:14:19,22.5000
1388274734620000129,20000129,B,2013-12-28 23:52:14,2013-12-29 00:00:44,8.5000
1388274797620000086,20000086,B,2013-12-28 23:53:17,2013-12-29 00:02:32,9.2500
1388274814620000618,20000618,B,2013-12-28 23:53:34,2013-12-29 00:03:19,9.7500
1388274829620000488,20000488,B,2013-12-28 23:53:49,2013-12-29 00:02:19,8.5000
1388274866620000074,20000074,C,2013-12-28 23:54:26,2013-12-29 00:07:41,13.2500
1388274867620000356,20000356,A,2013-12-28 23:54:27,2013-12-29 00:18:27,24.0000
1388274868620000067,20000067,A,2013-12-28 23:54:28,2013-12-29 00:12:13,17.7500
1388274883620000196,20000196,A,2013-12-28 23:54:43,2013-12-29 00:07:28,12.7500
1388274928620000540,20000540,B,2013-12-28 23:55:28,2013-12-29 00:04:28,9.0000
1388274981620000657,20000657,C,2013-12-28 23:56:21,2013-12-29 00:07:51,11.5000
1388275036620000680,20000680,B,2013-12-28 23:57:16,2013-12-29 00:11:16,14.0000
1388275075620000435,20000435,B,2013-12-28 23:57:55,2013-12-29 00:11:10,13.2500
1388275140620000410,20000410,A,2013-12-28 23:59:00,2013-12-29 00:05:45,6.7500
1388275155620000432,20000432,B,2013-12-28 23:59:15,2013-12-29 00:03:45,4.5000
1388360155620000395,20000395,C,2013-12-29 23:35:55,2013-12-30 00:05:40,29.7500
1388360496620000529,20000529,C,2013-12-29 23:41:36,2013-12-30 00:00:51,19.2500
1388360548620000337,20000337,C,2013-12-29 23:42:28,2013-12-30 00:11:43,29.2500
1388360881620000569,20000569,C,2013-12-29 23:48:01,2013-12-30 00:05:46,17.7500
1388361005620000173,20000173,B,2013-12-29 23:50:05,2013-12-30 00:01:05,11.0000
1388361172620000057,20000057,B,2013-12-29 23:52:52,2013-12-30 00:06:22,13.5000
1388361257620000688,20000688,C,2013-12-29 23:54:17,2013-12-30 00:01:32,7.2500
1388361359620000101,20000101,C,2013-12-29 23:55:59,2013-12-30 00:33:14,37.2500
1388361412620000231,20000231,B,2013-12-29 23:56:52,2013-12-30 00:05:07,8.2500
1388434092620000160,20000160,B,2013-12-30 20:08:12,2013-12-31 00:11:42,243.5000
1388443505620000520,20000520,C,2013-12-30 22:45:05,2013-12-31 02:44:20,239.2500
1388447007620000054,20000054,A,2013-12-30 23:43:27,2013-12-31 00:23:27,40.0000
1388447008620000307,20000307,C,2013-12-30 23:43:28,2013-12-31 00:09:43,26.2500
1388447154620000167,20000167,C,2013-12-30 23:45:54,2013-12-31 00:04:24,18.5000
1388447259620000901,20000901,A,2013-12-30 23:47:39,2013-12-31 00:04:09,16.5000
1388447364620000288,20000288,A,2013-12-30 23:49:24,2013-12-31 00:00:09,10.7500
1388447539620000633,20000633,B,2013-12-30 23:52:19,2013-12-31 00:08:34,16.2500
1388447593620000362,20000362,A,2013-12-30 23:53:13,2013-12-31 00:02:13,9.0000
1388447624620000678,20000678,C,2013-12-30 23:53:44,2013-12-31 00:05:29,11.7500
1388447690620000004,20000004,B,2013-12-30 23:54:50,2013-12-31 00:05:50,11.0000
1388447701620000612,20000612,B,2013-12-30 23:55:01,2013-12-31 00:02:31,7.5000
1388447730620000030,20000030,B,2013-12-30 23:55:30,2013-12-31 00:08:30,13.0000
1388447829620000598,20000598,C,2013-12-30 23:57:09,2013-12-31 00:12:54,15.7500
1388447830620000688,20000688,C,2013-12-30 23:57:10,2013-12-31 00:17:55,20.7500
1388447851620000171,20000171,B,2013-12-30 23:57:31,2013-12-31 00:01:46,4.2500
1388447852620000285,20000285,A,2013-12-30 23:57:32,2013-12-31 00:06:32,9.0000
1388447895620000057,20000057,A,2013-12-30 23:58:15,2013-12-31 00:04:30,6.2500
1388447896620000384,20000384,C,2013-12-30 23:58:16,2013-12-31 00:03:46,5.5000
1388447936620000626,20000626,B,2013-12-30 23:58:56,2013-12-31 00:11:26,12.5000
1388447971620000154,20000154,B,2013-12-30 23:59:31,2013-12-31 00:19:01,19.5000
1388447978620000569,20000569,C,2013-12-30 23:59:38,2013-12-31 00:04:38,5.0000
1388447981620000424,20000424,C,2013-12-30 23:59:41,2013-12-31 00:09:11,9.5000
1388447984620000224,20000224,B,2013-12-30 23:59:44,2013-12-31 00:06:29,6.7500
1388525083620000224,20000224,B,2013-12-31 21:24:43,2014-01-01 02:13:58,289.2500
1388529844620000571,20000571,C,2013-12-31 22:44:04,2014-01-01 00:00:04,76.0000
1388532707620000252,20000252,B,2013-12-31 23:31:47,2014-01-01 00:04:32,32.7500
1388533117620000681,20000681,A,2013-12-31 23:38:37,2014-01-01 00:04:37,26.0000
1388533188620000311,20000311,C,2013-12-31 23:39:48,2014-01-01 00:05:33,25.7500
1388533523620000332,20000332,C,2013-12-31 23:45:23,2014-01-01 00:30:53,45.5000
1388533595620000105,20000105,C,2013-12-31 23:46:35,2014-01-01 00:00:05,13.5000
1388533782620000435,20000435,C,2013-12-31 23:49:42,2014-01-01 00:18:57,29.2500
1388533841620000057,20000057,A,2013-12-31 23:50:41,2014-01-01 00:07:56,17.2500
1388533849620000901,20000901,C,2013-12-31 23:50:49,2014-01-01 00:01:19,10.5000
1388533897620000513,20000513,B,2013-12-31 23:51:37,2014-01-01 00:00:52,9.2500
1388533909620000518,20000518,C,2013-12-31 23:51:49,2014-01-01 00:19:19,27.5000
1388533923620000453,20000453,C,2013-12-31 23:52:03,2014-01-01 00:01:33,9.5000
1388533958620000074,20000074,A,2013-12-31 23:52:38,2014-01-01 00:13:38,21.0000
1388533963620000108,20000108,C,2013-12-31 23:52:43,2014-01-01 00:02:43,10.0000
1388533970620000327,20000327,B,2013-12-31 23:52:50,2014-01-01 00:06:35,13.7500
1388533987620000256,20000256,A,2013-12-31 23:53:07,2014-01-01 00:05:22,12.2500
1388534038620000372,20000372,C,2013-12-31 23:53:58,2014-01-01 00:01:43,7.7500
1388534057620000201,20000201,C,2013-12-31 23:54:17,2014-01-01 00:02:32,8.2500
1388534057620000430,20000430,C,2013-12-31 23:54:17,2014-01-01 00:14:47,20.5000
1388534059620000171,20000171,C,2013-12-31 23:54:19,2014-01-01 00:03:49,9.5000
1388534071620000217,20000217,C,2013-12-31 23:54:31,2014-01-01 00:02:16,7.7500
1388534075620000686,20000686,B,2013-12-31 23:54:35,2014-01-01 00:05:50,11.2500
1388534112620000020,20000020,C,2013-12-31 23:55:12,2014-01-01 00:03:12,8.0000
1388534140620000341,20000341,C,2013-12-31 23:55:40,2014-01-01 00:01:55,6.2500
1388534157620000307,20000307,C,2013-12-31 23:55:57,2014-01-01 00:08:12,12.2500
1388534199620000285,20000285,A,2013-12-31 23:56:39,2014-01-01 00:18:09,21.5000
1388534206620000280,20000280,A,2013-12-31 23:56:46,2014-01-01 00:06:46,10.0000
1388534226620000392,20000392,B,2013-12-31 23:57:06,2014-01-01 00:02:51,5.7500
1388534289620000012,20000012,B,2013-12-31 23:58:09,2014-01-01 00:01:09,3.0000
1388534290620000570,20000570,A,2013-12-31 23:58:10,2014-01-01 00:04:55,6.7500
1388534337620000632,20000632,A,2013-12-31 23:58:57,2014-01-01 00:08:27,9.5000
1388534345620000255,20000255,B,2013-12-31 23:59:05,2014-01-01 00:08:50,9.7500
1388534363620000216,20000216,A,2013-12-31 23:59:23,2014-01-01 00:07:38,8.2500
1388617783620000201,20000201,A,2014-01-01 23:09:43,2014-01-02 00:07:58,58.2500
1388618416620000395,20000395,C,2014-01-01 23:20:16,2014-01-02 00:04:46,44.5000
1388619265620000005,20000005,A,2014-01-01 23:34:25,2014-01-02 00:03:55,29.5000
1388619947620000632,20000632,A,2014-01-01 23:45:47,2014-01-02 00:03:17,17.5000
1388620328620000497,20000497,B,2014-01-01 23:52:08,2014-01-02 00:21:23,29.2500
1388620340620000235,20000235,A,2014-01-01 23:52:20,2014-01-02 00:12:50,20.5000
1388620345620000680,20000680,C,2014-01-01 23:52:25,2014-01-02 00:02:55,10.5000
1388620454620000057,20000057,A,2014-01-01 23:54:14,2014-01-02 00:03:59,9.7500
1388620471620000657,20000657,B,2014-01-01 23:54:31,2014-01-02 00:04:31,10.0000
1388620544620000589,20000589,C,2014-01-01 23:55:44,2014-01-02 00:06:29,10.7500
1388620650620000101,20000101,A,2014-01-01 23:57:30,2014-01-02 00:02:30,5.0000
1388620652620000450,20000450,B,2014-01-01 23:57:32,2014-01-02 00:05:02,7.5000
1388620697620000307,20000307,A,2014-01-01 23:58:17,2014-01-02 00:14:32,16.2500
1388620706620000476,20000476,B,2014-01-01 23:58:26,2014-01-02 00:02:41,4.2500
1388620761620000492,20000492,B,2014-01-01 23:59:21,2014-01-02 00:05:21,6.0000
1388620762620000324,20000324,B,2014-01-01 23:59:22,2014-01-02 00:05:22,6.0000
1388705726620000486,20000486,C,2014-01-02 23:35:26,2014-01-03 00:08:56,33.5000
1388705910620000364,20000364,B,2014-01-02 23:38:30,2014-01-03 00:06:15,27.7500
1388706229620000154,20000154,A,2014-01-02 23:43:49,2014-01-03 00:12:49,29.0000
1388706615620000197,20000197,B,2014-01-02 23:50:15,2014-01-03 00:11:15,21.0000
1388706729620000363,20000363,A,2014-01-02 23:52:09,2014-01-03 00:04:24,12.2500
1388706787620000089,20000089,A,2014-01-02 23:53:07,2014-01-03 00:01:52,8.7500
1388706853620000476,20000476,C,2014-01-02 23:54:13,2014-01-03 00:06:43,12.5000
1388706888620000196,20000196,B,2014-01-02 23:54:48,2014-01-03 00:30:48,36.0000
1388706920620000903,20000903,B,2014-01-02 23:55:20,2014-01-03 00:03:20,8.0000
1388706959620000057,20000057,A,2014-01-02 23:55:59,2014-01-03 00:13:59,18.0000
1388706983620000395,20000395,C,2014-01-02 23:56:23,2014-01-03 00:02:23,6.0000
1388707000620000455,20000455,C,2014-01-02 23:56:40,2014-01-03 00:01:10,4.5000
1388707013620000514,20000514,B,2014-01-02 23:56:53,2014-01-03 00:09:23,12.5000
1388707032620000612,20000612,B,2014-01-02 23:57:12,2014-01-03 00:02:12,5.0000
1388707061620000011,20000011,B,2014-01-02 23:57:41,2014-01-03 00:01:56,4.2500
1388707076620000625,20000625,C,2014-01-02 23:57:56,2014-01-03 00:06:56,9.0000
1388707159620000610,20000610,A,2014-01-02 23:59:19,2014-01-03 00:04:04,4.7500
1388792593620000488,20000488,A,2014-01-03 23:43:13,2014-01-04 00:05:28,22.2500
1388792868620000297,20000297,A,2014-01-03 23:47:48,2014-01-04 00:03:33,15.7500
1388792898620000157,20000157,A,2014-01-03 23:48:18,2014-01-04 00:07:18,19.0000
1388792912620000686,20000686,C,2014-01-03 23:48:32,2014-01-04 00:00:17,11.7500
1388792951620000129,20000129,B,2014-01-03 23:49:11,2014-01-04 00:02:11,13.0000
1388792973620000304,20000304,C,2014-01-03 23:49:33,2014-01-04 00:09:03,19.5000
1388793065620000486,20000486,C,2014-01-03 23:51:05,2014-01-04 00:02:35,11.5000
1388793176620000004,20000004,A,2014-01-03 23:52:56,2014-01-04 00:05:11,12.2500
1388793194620000574,20000574,C,2014-01-03 23:53:14,2014-01-04 00:08:59,15.7500
1388793233620000423,20000423,B,2014-01-03 23:53:53,2014-01-04 00:07:23,13.5000
1388793254620000549,20000549,A,2014-01-03 23:54:14,2014-01-04 00:13:44,19.5000
1388793317620000251,20000251,B,2014-01-03 23:55:17,2014-01-04 00:04:17,9.0000
1388793353620000307,20000307,C,2014-01-03 23:55:53,2014-01-04 00:07:53,12.0000
1388793388620000120,20000120,C,2014-01-03 23:56:28,2014-01-04 00:08:28,12.0000
1388793410620000653,20000653,C,2014-01-03 23:56:50,2014-01-04 00:10:35,13.7500
1388793458620000671,20000671,B,2014-01-03 23:57:38,2014-01-04 00:01:38,4.0000
1388793478620000031,20000031,B,2014-01-03 23:57:58,2014-01-04 00:10:13,12.2500
1388793527620000142,20000142,B,2014-01-03 23:58:47,2014-01-04 00:07:02,8.2500
1388793557620000009,20000009,A,2014-01-03 23:59:17,2014-01-04 00:12:02,12.7500
1388793557620000353,20000353,C,2014-01-03 23:59:17,2014-01-04 00:14:17,15.0000
1388874505620000520,20000520,B,2014-01-04 22:28:25,2014-01-05 05:55:10,446.7500
1388876966620000486,20000486,C,2014-01-04 23:09:26,2014-01-05 00:01:26,52.0000
1388878915620000662,20000662,A,2014-01-04 23:41:55,2014-01-05 00:01:25,19.5000
1388879086620000387,20000387,A,2014-01-04 23:44:46,2014-01-05 00:00:46,16.0000
1388879310620000010,20000010,B,2014-01-04 23:48:30,2014-01-05 00:09:30,21.0000
1388879357620000901,20000901,C,2014-01-04 23:49:17,2014-01-05 00:06:47,17.5000
1388879379620000224,20000224,A,2014-01-04 23:49:39,2014-01-05 00:09:24,19.7500
1388879413620000255,20000255,A,2014-01-04 23:50:13,2014-01-05 00:02:43,12.5000
1388879456620000304,20000304,B,2014-01-04 23:50:56,2014-01-05 00:33:26,42.5000
1388879503620000328,20000328,B,2014-01-04 23:51:43,2014-01-05 00:06:13,14.5000
1388879558620000672,20000672,C,2014-01-04 23:52:38,2014-01-05 00:29:08,36.5000
1388879587620000216,20000216,B,2014-01-04 23:53:07,2014-01-05 00:00:07,7.0000
1388879623620000612,20000612,C,2014-01-04 23:53:43,2014-01-05 00:10:43,17.0000
1388879628620000269,20000269,B,2014-01-04 23:53:48,2014-01-05 00:00:48,7.0000
1388879631620000675,20000675,B,2014-01-04 23:53:51,2014-01-05 00:13:51,20.0000
1388879639620000081,20000081,B,2014-01-04 23:53:59,2014-01-05 00:02:59,9.0000
1388879649620000119,20000119,C,2014-01-04 23:54:09,2014-01-05 00:00:39,6.5000
1388879659620000045,20000045,A,2014-01-04 23:54:19,2014-01-05 00:01:49,7.5000
1388879659620000664,20000664,C,2014-01-04 23:54:19,2014-01-05 00:01:49,7.5000
1388879660620000488,20000488,B,2014-01-04 23:54:20,2014-01-05 00:06:50,12.5000
1388879690620000554,20000554,C,2014-01-04 23:54:50,2014-01-05 00:04:05,9.2500
1388879717620000600,20000600,A,2014-01-04 23:55:17,2014-01-05 00:02:02,6.7500
1388879729620000136,20000136,B,2014-01-04 23:55:29,2014-01-05 00:05:29,10.0000
1388879736620000343,20000343,B,2014-01-04 23:55:36,2014-01-05 00:09:06,13.5000
1388879791620000101,20000101,B,2014-01-04 23:56:31,2014-01-05 00:03:46,7.2500
1388879800620000476,20000476,C,2014-01-04 23:56:40,2014-01-05 00:03:25,6.7500
1388879809620000372,20000372,A,2014-01-04 23:56:49,2014-01-05 00:11:04,14.2500
1388879818620000482,20000482,C,2014-01-04 23:56:58,2014-01-05 00:04:43,7.7500
1388879862620000013,20000013,B,2014-01-04 23:57:42,2014-01-05 00:19:12,21.5000
1388879875620000129,20000129,B,2014-01-04 23:57:55,2014-01-05 00:20:25,22.5000
1388879902620000231,20000231,B,2014-01-04 23:58:22,2014-01-05 00:03:52,5.5000
1388879956620000529,20000529,C,2014-01-04 23:59:16,2014-01-05 00:09:46,10.5000
1388879999620000395,20000395,C,2014-01-04 23:59:59,2014-01-05 00:18:59,19.0000
1388961675620000904,20000904,C,2014-01-05 22:41:15,2014-01-06 00:04:15,83.0000
1388965252620000042,20000042,C,2014-01-05 23:40:52,2014-01-06 00:01:37,20.7500
1388965439620000570,20000570,C,2014-01-05 23:43:59,2014-01-06 00:01:59,18.0000
1388965691620000333,20000333,C,2014-01-05 23:48:11,2014-01-06 00:00:26,12.2500
1388965855620000325,20000325,A,2014-01-05 23:50:55,2014-01-06 00:03:40,12.7500
1388965909620000009,20000009,A,2014-01-05 23:51:49,2014-01-06 00:05:34,13.7500
1388966047620000473,20000473,C,2014-01-05 23:54:07,2014-01-06 00:00:22,6.2500
1388966057620000626,20000626,B,2014-01-05 23:54:17,2014-01-06 00:04:17,10.0000
1388966158620000303,20000303,A,2014-01-05 23:55:58,2014-01-06 00:06:28,10.5000
1388966280620000657,20000657,C,2014-01-05 23:58:00,2014-01-06 00:13:30,15.5000
1388966382620000503,20000503,B,2014-01-05 23:59:42,2014-01-06 00:10:42,11.0000
1389051876620000140,20000140,C,2014-01-06 23:44:36,2014-01-07 00:00:51,16.2500
1389052298620000307,20000307,B,2014-01-06 23:51:38,2014-01-07 00:04:08,12.5000
1389052423620000610,20000610,C,2014-01-06 23:53:43,2014-01-07 00:26:28,32.7500
1389052572620000167,20000167,A,2014-01-06 23:56:12,2014-01-07 00:02:42,6.5000
1389052622620000446,20000446,A,2014-01-06 23:57:02,2014-01-07 00:01:47,4.7500
1389052657620000632,20000632,B,2014-01-06 23:57:37,2014-01-07 00:04:07,6.5000
1389052669620000333,20000333,B,2014-01-06 23:57:49,2014-01-07 00:05:04,7.2500
1389052709620000305,20000305,A,2014-01-06 23:58:29,2014-01-07 00:10:29,12.0000
1389052729620000518,20000518,A,2014-01-06 23:58:49,2014-01-07 00:07:04,8.2500
1389136893620000338,20000338,A,2014-01-07 23:21:33,2014-01-08 00:04:33,43.0000
1389137143620000233,20000233,A,2014-01-07 23:25:43,2014-01-08 00:21:58,56.2500
1389137149620000129,20000129,A,2014-01-07 23:25:49,2014-01-08 00:08:49,43.0000
1389137691620000486,20000486,C,2014-01-07 23:34:51,2014-01-08 00:00:06,25.2500
1389138676620000688,20000688,C,2014-01-07 23:51:16,2014-01-08 00:07:01,15.7500
1389138732620000167,20000167,C,2014-01-07 23:52:12,2014-01-08 00:11:27,19.2500
1389138744620000697,20000697,C,2014-01-07 23:52:24,2014-01-08 00:06:24,14.0000
1389138756620000589,20000589,B,2014-01-07 23:52:36,2014-01-08 00:01:06,8.5000
1389138780620000616,20000616,C,2014-01-07 23:53:00,2014-01-08 00:02:00,9.0000
1389138801620000216,20000216,B,2014-01-07 23:53:21,2014-01-08 00:01:06,7.7500
1389138806620000304,20000304,C,2014-01-07 23:53:26,2014-01-08 00:07:11,13.7500
1389138851620000325,20000325,B,2014-01-07 23:54:11,2014-01-08 00:03:26,9.2500
1389138876620000089,20000089,B,2014-01-07 23:54:36,2014-01-08 00:13:36,19.0000
1389139088620000157,20000157,B,2014-01-07 23:58:08,2014-01-08 00:04:08,6.0000
1389139110620000483,20000483,B,2014-01-07 23:58:30,2014-01-08 00:04:45,6.2500
1389139172620000472,20000472,C,2014-01-07 23:59:32,2014-01-08 00:06:02,6.5000
1389211136620000250,20000250,B,2014-01-08 19:58:56,2014-01-09 03:19:56,441.0000
1389224019620000518,20000518,A,2014-01-08 23:33:39,2014-01-09 00:34:24,60.7500
1389224107620000008,20000008,C,2014-01-08 23:35:07,2014-01-09 00:06:37,31.5000
1389224566620000288,20000288,C,2014-01-08 23:42:46,2014-01-09 00:00:31,17.7500
1389225043620000362,20000362,B,2014-01-08 23:50:43,2014-01-09 00:00:13,9.5000
1389225158620000216,20000216,B,2014-01-08 23:52:38,2014-01-09 00:00:08,7.5000
1389225160620000395,20000395,C,2014-01-08 23:52:40,2014-01-09 00:00:55,8.2500
1389225264620000657,20000657,A,2014-01-08 23:54:24,2014-01-09 00:02:09,7.7500
1389225265620000423,20000423,B,2014-01-08 23:54:25,2014-01-09 00:12:55,18.5000
1389225281620000151,20000151,B,2014-01-08 23:54:41,2014-01-09 00:06:41,12.0000
1389225349620000364,20000364,C,2014-01-08 23:55:49,2014-01-09 00:04:49,9.0000
1389225450620000338,20000338,B,2014-01-08 23:57:30,2014-01-09 00:02:45,5.2500
1389225458620000387,20000387,B,2014-01-08 23:57:38,2014-01-09 00:01:38,4.0000
1389225475620000453,20000453,C,2014-01-08 23:57:55,2014-01-09 00:03:55,6.0000
1389225483620000067,20000067,B,2014-01-08 23:58:03,2014-01-09 00:03:48,5.7500
1389225566620000675,20000675,B,2014-01-08 23:59:26,2014-01-09 00:07:41,8.2500
1389225597620000252,20000252,C,2014-01-08 23:59:57,2014-01-09 00:32:27,32.5000
1389309921620000598,20000598,C,2014-01-09 23:25:21,2014-01-10 00:07:36,42.2500
1389310094620000665,20000665,C,2014-01-09 23:28:14,2014-01-10 00:08:59,40.7500
1389311014620000901,20000901,C,2014-01-09 23:43:34,2014-01-10 00:00:19,16.7500
1389311353620000688,20000688,A,2014-01-09 23:49:13,2014-01-10 00:00:28,11.2500
1389311600620000591,20000591,B,2014-01-09 23:53:20,2014-01-10 00:03:35,10.2500
1389311650620000303,20000303,B,2014-01-09 23:54:10,2014-01-10 00:13:55,19.7500
1389311656620000542,20000542,C,2014-01-09 23:54:16,2014-01-10 00:02:46,8.5000
1389311709620000054,20000054,A,2014-01-09 23:55:09,2014-01-10 00:04:09,9.0000
1389311741620000305,20000305,B,2014-01-09 23:55:41,2014-01-10 00:01:11,5.5000
1389311742620000574,20000574,B,2014-01-09 23:55:42,2014-01-10 00:19:27,23.7500
1389311754620000387,20000387,A,2014-01-09 23:55:54,2014-01-10 00:05:39,9.7500
1389311807620000120,20000120,B,2014-01-09 23:56:47,2014-01-10 00:06:17,9.5000
1389311905620000569,20000569,C,2014-01-09 23:58:25,2014-01-10 00:01:40,3.2500
1389311961620000233,20000233,B,2014-01-09 23:59:21,2014-01-10 00:13:06,13.7500
1389394000620000243,20000243,B,2014-01-10 22:46:40,2014-01-11 00:45:55,119.2500
1389394530620000105,20000105,B,2014-01-10 22:55:30,2014-01-11 00:47:45,112.2500
1389395838620000045,20000045,A,2014-01-10 23:17:18,2014-01-11 00:31:33,74.2500
1389397267620000497,20000497,B,2014-01-10 23:41:07,2014-01-11 00:06:07,25.0000
1389397474620000199,20000199,C,2014-01-10 23:44:34,2014-01-11 00:06:34,22.0000
1389397554620000529,20000529,C,2014-01-10 23:45:54,2014-01-11 00:36:39,50.7500
1389397581620000554,20000554,B,2014-01-10 23:46:21,2014-01-11 00:08:21,22.0000
1389397593620000304,20000304,C,2014-01-10 23:46:33,2014-01-11 00:32:03,45.5000
1389397595620000603,20000603,C,2014-01-10 23:46:35,2014-01-11 00:24:20,37.7500
1389397714620000233,20000233,B,2014-01-10 23:48:34,2014-01-11 00:01:04,12.5000
1389397741620000012,20000012,B,2014-01-10 23:49:01,2014-01-11 00:03:16,14.2500
1389397866620000020,20000020,B,2014-01-10 23:51:06,2014-01-11 00:07:21,16.2500
1389397915620000263,20000263,A,2014-01-10 23:51:55,2014-01-11 00:06:10,14.2500
1389397944620000688,20000688,C,2014-01-10 23:52:24,2014-01-11 00:01:24,9.0000
1389397956620000446,20000446,B,2014-01-10 23:52:36,2014-01-11 00:08:21,15.7500
1389397971620000392,20000392,C,2014-01-10 23:52:51,2014-01-11 00:01:51,9.0000
1389397982620000542,20000542,B,2014-01-10 23:53:02,2014-01-11 00:02:32,9.5000
1389397991620000119,20000119,B,2014-01-10 23:53:11,2014-01-11 00:03:56,10.7500
1389397993620000116,20000116,C,2014-01-10 23:53:13,2014-01-11 00:03:43,10.5000
1389398019620000217,20000217,B,2014-01-10 23:53:39,2014-01-11 00:03:39,10.0000
1389398021620000617,20000617,B,2014-01-10 23:53:41,2014-01-11 00:07:26,13.7500
1389398066620000612,20000612,C,2014-01-10 23:54:26,2014-01-11 00:10:26,16.0000
1389398117620000295,20000295,A,2014-01-10 23:55:17,2014-01-11 00:16:32,21.2500
1389398160620000089,20000089,C,2014-01-10 23:56:00,2014-01-11 00:00:30,4.5000
1389398190620000473,20000473,B,2014-01-10 23:56:30,2014-01-11 00:08:00,11.5000
1389398199620000624,20000624,B,2014-01-10 23:56:39,2014-01-11 00:09:24,12.7500
1389398238620000024,20000024,B,2014-01-10 23:57:18,2014-01-11 00:09:03,11.7500
1389398244620000372,20000372,B,2014-01-10 23:57:24,2014-01-11 00:09:09,11.7500
1389398250620000362,20000362,A,2014-01-10 23:57:30,2014-01-11 00:06:15,8.7500
1389398279620000192,20000192,B,2014-01-10 23:57:59,2014-01-11 00:05:14,7.2500
1389398303620000686,20000686,B,2014-01-10 23:58:23,2014-01-11 00:00:08,1.7500
1389398315620000245,20000245,B,2014-01-10 23:58:35,2014-01-11 00:22:05,23.5000
1389398324620000600,20000600,C,2014-01-10 23:58:44,2014-01-11 00:12:14,13.5000
1389398328620000492,20000492,B,2014-01-10 23:58:48,2014-01-11 00:09:33,10.7500
1389398381620000254,20000254,A,2014-01-10 23:59:41,2014-01-11 00:06:41,7.0000
1389398399620000167,20000167,B,2014-01-10 23:59:59,2014-01-11 00:07:29,7.5000
1389481149620000435,20000435,C,2014-01-11 22:59:09,2014-01-12 00:01:09,62.0000
1389483261620000574,20000574,C,2014-01-11 23:34:21,2014-01-12 01:01:21,87.0000
1389483967620000171,20000171,C,2014-01-11 23:46:07,2014-01-12 00:09:07,23.0000
1389483989620000101,20000101,A,2014-01-11 23:46:29,2014-01-12 00:03:14,16.7500
1389484108620000542,20000542,A,2014-01-11 23:48:28,2014-01-12 00:03:58,15.5000
1389484116620000403,20000403,B,2014-01-11 23:48:36,2014-01-12 00:03:21,14.7500
1389484227620000024,20000024,C,2014-01-11 23:50:27,2014-01-12 00:01:12,10.7500
1389484238620000470,20000470,B,2014-01-11 23:50:38,2014-01-12 00:01:08,10.5000
1389484241620000424,20000424,C,2014-01-11 23:50:41,2014-01-12 00:00:56,10.2500
1389484252620000617,20000617,C,2014-01-11 23:50:52,2014-01-12 00:01:07,10.2500
1389484337620000904,20000904,B,2014-01-11 23:52:17,2014-01-12 00:05:32,13.2500
1389484358620000665,20000665,C,2014-01-11 23:52:38,2014-01-12 00:14:23,21.7500
1389484373620000305,20000305,B,2014-01-11 23:52:53,2014-01-12 00:07:23,14.5000
1389484467620000684,20000684,C,2014-01-11 23:54:27,2014-01-12 00:01:57,7.5000
1389484490620000179,20000179,B,2014-01-11 23:54:50,2014-01-12 00:22:35,27.7500
1389484533620000010,20000010,B,2014-01-11 23:55:33,2014-01-12 00:07:18,11.7500
1389484564620000658,20000658,C,2014-01-11 23:56:04,2014-01-12 00:04:49,8.7500
1389484592620000529,20000529,C,2014-01-11 23:56:32,2014-01-12 00:06:47,10.2500
1389484604620000022,20000022,C,2014-01-11 23:56:44,2014-01-12 00:07:44,11.0000
1389484664620000328,20000328,B,2014-01-11 23:57:44,2014-01-12 00:15:29,17.7500
1389484678620000235,20000235,B,2014-01-11 23:57:58,2014-01-12 00:08:28,10.5000
1389484701620000569,20000569,C,2014-01-11 23:58:21,2014-01-12 00:03:36,5.2500
1389484749620000430,20000430,A,2014-01-11 23:59:09,2014-01-12 00:19:09,20.0000
1389484756620000337,20000337,B,2014-01-11 23:59:16,2014-01-12 00:08:46,9.5000
1389484793620000577,20000577,B,2014-01-11 23:59:53,2014-01-12 00:14:23,14.5000
1389569968620000367,20000367,C,2014-01-12 23:39:28,2014-01-13 00:17:28,38.0000
1389570286620000129,20000129,B,2014-01-12 23:44:46,2014-01-13 00:08:16,23.5000
1389570287620000179,20000179,C,2014-01-12 23:44:47,2014-01-13 00:05:17,20.5000
1389570640620000657,20000657,A,2014-01-12 23:50:40,2014-01-13 00:00:40,10.0000
1389570647620000295,20000295,A,2014-01-12 23:50:47,2014-01-13 00:11:32,20.7500
1389570733620000670,20000670,B,2014-01-12 23:52:13,2014-01-13 00:08:28,16.2500
1389570744620000481,20000481,A,2014-01-12 23:52:24,2014-01-13 00:17:24,25.0000
1389570890620000372,20000372,A,2014-01-12 23:54:50,2014-01-13 00:02:50,8.0000
1389570914620000171,20000171,B,2014-01-12 23:55:14,2014-01-13 00:00:44,5.5000
1389570946620000288,20000288,C,2014-01-12 23:55:46,2014-01-13 00:21:16,25.5000
1389570951620000333,20000333,C,2014-01-12 23:55:51,2014-01-13 00:03:51,8.0000
1389571031620000688,20000688,C,2014-01-12 23:57:11,2014-01-13 00:06:26,9.2500
1389571078620000233,20000233,A,2014-01-12 23:57:58,2014-01-13 00:02:28,4.5000
1389571116620000012,20000012,B,2014-01-12 23:58:36,2014-01-13 00:08:06,9.5000
1389571117620000235,20000235,C,2014-01-12 23:58:37,2014-01-13 00:10:07,11.5000
1389571118620000403,20000403,C,2014-01-12 23:58:38,2014-01-13 00:04:23,5.7500
1389571153620000196,20000196,C,2014-01-12 23:59:13,2014-01-13 00:00:58,1.7500
1389655957620000020,20000020,B,2014-01-13 23:32:37,2014-01-14 00:13:37,41.0000
1389656903620000011,20000011,C,2014-01-13 23:48:23,2014-01-14 00:08:53,20.5000
1389656920620000179,20000179,A,2014-01-13 23:48:40,2014-01-14 00:05:55,17.2500
1389657323620000151,20000151,B,2014-01-13 23:55:23,2014-01-14 00:06:23,11.0000
1389657345620000066,20000066,C,2014-01-13 23:55:45,2014-01-14 00:06:00,10.2500
1389657387620000570,20000570,C,2014-01-13 23:56:27,2014-01-14 00:24:57,28.5000
1389657412620000395,20000395,B,2014-01-13 23:56:52,2014-01-14 00:02:37,5.7500
1389657486620000610,20000610,C,2014-01-13 23:58:06,2014-01-14 00:17:36,19.5000
1389657576620000569,20000569,C,2014-01-13 23:59:36,2014-01-14 00:03:36,4.0000
1389657597620000618,20000618,B,2014-01-13 23:59:57,2014-01-14 00:09:27,9.5000
1389742686620000598,20000598,C,2014-01-14 23:38:06,2014-01-15 00:20:51,42.7500
1389743106620000594,20000594,A,2014-01-14 23:45:06,2014-01-15 00:07:21,22.2500
1389743117620000435,20000435,C,2014-01-14 23:45:17,2014-01-15 00:05:32,20.2500
1389743504620000179,20000179,C,2014-01-14 23:51:44,2014-01-15 00:00:44,9.0000
1389743708620000030,20000030,B,2014-01-14 23:55:08,2014-01-15 00:07:23,12.2500
1389743721620000610,20000610,C,2014-01-14 23:55:21,2014-01-15 00:12:51,17.5000
1389743749620000672,20000672,C,2014-01-14 23:55:49,2014-01-15 00:11:19,15.5000
1389743795620000233,20000233,C,2014-01-14 23:56:35,2014-01-15 00:08:50,12.2500
1389743841620000688,20000688,C,2014-01-14 23:57:21,2014-01-15 00:05:51,8.5000
1389743878620000197,20000197,A,2014-01-14 23:57:58,2014-01-15 00:14:13,16.2500
1389743925620000392,20000392,B,2014-01-14 23:58:45,2014-01-15 00:04:45,6.0000
1389743957620000624,20000624,B,2014-01-14 23:59:17,2014-01-15 00:01:02,1.7500
1389743985620000360,20000360,B,2014-01-14 23:59:45,2014-01-15 00:11:00,11.2500
1389816324620000179,20000179,C,2014-01-15 20:05:24,2014-01-16 02:48:24,403.0000
1389829558620000304,20000304,B,2014-01-15 23:45:58,2014-01-16 00:01:58,16.0000
1389829900620000610,20000610,A,2014-01-15 23:51:40,2014-01-16 00:06:10,14.5000
1389829974620000684,20000684,C,2014-01-15 23:52:54,2014-01-16 00:06:54,14.0000
1389829976620000011,20000011,C,2014-01-15 23:52:56,2014-01-16 00:09:41,16.7500
1389830007620000392,20000392,B,2014-01-15 23:53:27,2014-01-16 00:00:42,7.2500
1389830052620000216,20000216,C,2014-01-15 23:54:12,2014-01-16 00:19:42,25.5000
1389830108620000395,20000395,C,2014-01-15 23:55:08,2014-01-16 00:04:38,9.5000
1389830113620000129,20000129,B,2014-01-15 23:55:13,2014-01-16 00:12:43,17.5000
1389830137620000173,20000173,A,2014-01-15 23:55:37,2014-01-16 00:01:22,5.7500
1389830172620000688,20000688,C,2014-01-15 23:56:12,2014-01-16 00:00:57,4.7500
1389830211620000012,20000012,C,2014-01-15 23:56:51,2014-01-16 00:02:06,5.2500
1389830220620000569,20000569,C,2014-01-15 23:57:00,2014-01-16 00:02:45,5.7500
1389830234620000030,20000030,A,2014-01-15 23:57:14,2014-01-16 00:02:14,5.0000
1389830289620000360,20000360,B,2014-01-15 23:58:09,2014-01-16 00:05:24,7.2500
1389830351620000387,20000387,A,2014-01-15 23:59:11,2014-01-16 00:04:26,5.2500
1389906667620000305,20000305,B,2014-01-16 21:11:07,2014-01-17 00:02:22,171.2500
1389908215620000509,20000509,B,2014-01-16 21:36:55,2014-01-17 00:30:10,173.2500
1389914691620000007,20000007,C,2014-01-16 23:24:51,2014-01-17 00:00:36,35.7500
1389915683620000595,20000595,A,2014-01-16 23:41:23,2014-01-17 00:03:08,21.7500
1389916080620000598,20000598,C,2014-01-16 23:48:00,2014-01-17 00:00:30,12.5000
1389916200620000157,20000157,A,2014-01-16 23:50:00,2014-01-17 00:03:00,13.0000
1389916247620000012,20000012,A,2014-01-16 23:50:47,2014-01-17 00:02:32,11.7500
1389916427620000670,20000670,C,2014-01-16 23:53:47,2014-01-17 00:03:47,10.0000
1389916492620000307,20000307,C,2014-01-16 23:54:52,2014-01-17 00:15:07,20.2500
1389916535620000664,20000664,C,2014-01-16 23:55:35,2014-01-17 00:14:05,18.5000
1389916569620000569,20000569,C,2014-01-16 23:56:09,2014-01-17 00:00:24,4.2500
1389916605620000173,20000173,A,2014-01-16 23:56:45,2014-01-17 00:09:15,12.5000
1389916608620000406,20000406,A,2014-01-16 23:56:48,2014-01-17 00:05:03,8.2500
1389916634620000633,20000633,B,2014-01-16 23:57:14,2014-01-17 00:01:44,4.5000
1389916674620000160,20000160,A,2014-01-16 23:57:54,2014-01-17 00:12:09,14.2500
1389916708620000492,20000492,A,2014-01-16 23:58:28,2014-01-17 00:03:58,5.5000
1389916732620000140,20000140,B,2014-01-16 23:58:52,2014-01-17 00:08:22,9.5000
1389916747620000617,20000617,C,2014-01-16 23:59:07,2014-01-17 00:09:37,10.5000
1389916747620000657,20000657,C,2014-01-16 23:59:07,2014-01-17 00:11:37,12.5000
1389916754620000446,20000446,A,2014-01-16 23:59:14,2014-01-17 00:14:44,15.5000
1390002549620000251,20000251,B,2014-01-17 23:49:09,2014-01-18 00:03:54,14.7500
1390002660620000333,20000333,C,2014-01-17 23:51:00,2014-01-18 00:13:15,22.2500
1390002711620000612,20000612,A,2014-01-17 23:51:51,2014-01-18 00:03:36,11.7500
1390002807620000901,20000901,A,2014-01-17 23:53:27,2014-01-18 00:01:12,7.7500
1390002818620000649,20000649,B,2014-01-17 23:53:38,2014-01-18 00:04:08,10.5000
1390002853620000472,20000472,C,2014-01-17 23:54:13,2014-01-18 00:01:28,7.2500
1390002860620000254,20000254,A,2014-01-17 23:54:20,2014-01-18 00:04:20,10.0000
1390002872620000089,20000089,A,2014-01-17 23:54:32,2014-01-18 00:05:47,11.2500
1390002953620000450,20000450,A,2014-01-17 23:55:53,2014-01-18 00:08:23,12.5000
1390002996620000338,20000338,B,2014-01-17 23:56:36,2014-01-18 00:08:51,12.2500
1390003028620000178,20000178,C,2014-01-17 23:57:08,2014-01-18 00:10:38,13.5000
1390003044620000297,20000297,B,2014-01-17 23:57:24,2014-01-18 00:02:24,5.0000
1390003091620000398,20000398,A,2014-01-17 23:58:11,2014-01-18 00:01:26,3.2500
1390003177620000041,20000041,B,2014-01-17 23:59:37,2014-01-18 00:09:37,10.0000
1390088108620000570,20000570,C,2014-01-18 23:35:08,2014-01-19 00:00:53,25.7500
1390088821620000517,20000517,A,2014-01-18 23:47:01,2014-01-19 00:09:16,22.2500
1390088975620000483,20000483,C,2014-01-18 23:49:35,2014-01-19 00:05:20,15.7500
1390088983620000360,20000360,B,2014-01-18 23:49:43,2014-01-19 00:06:43,17.0000
1390089052620000157,20000157,C,2014-01-18 23:50:52,2014-01-19 02:37:07,166.2500
1390089067620000554,20000554,B,2014-01-18 23:51:07,2014-01-19 00:15:52,24.7500
1390089116620000651,20000651,B,2014-01-18 23:51:56,2014-01-19 00:19:41,27.7500
1390089118620000589,20000589,B,2014-01-18 23:51:58,2014-01-19 00:01:58,10.0000
1390089119620000136,20000136,C,2014-01-18 23:51:59,2014-01-19 00:00:44,8.7500
1390089122620000440,20000440,B,2014-01-18 23:52:02,2014-01-19 00:08:47,16.7500
1390089134620000625,20000625,A,2014-01-18 23:52:14,2014-01-19 00:00:29,8.2500
1390089156620000314,20000314,A,2014-01-18 23:52:36,2014-01-19 00:03:06,10.5000
1390089198620000345,20000345,B,2014-01-18 23:53:18,2014-01-19 00:02:18,9.0000
1390089206620000309,20000309,B,2014-01-18 23:53:26,2014-01-19 00:06:26,13.0000
1390089247620000624,20000624,C,2014-01-18 23:54:07,2014-01-19 00:22:22,28.2500
1390089267620000901,20000901,A,2014-01-18 23:54:27,2014-01-19 00:08:57,14.5000
1390089268620000054,20000054,B,2014-01-18 23:54:28,2014-01-19 00:05:28,11.0000
1390089274620000089,20000089,A,2014-01-18 23:54:34,2014-01-19 00:02:04,7.5000
1390089278620000435,20000435,B,2014-01-18 23:54:38,2014-01-19 00:03:23,8.7500
1390089281620000341,20000341,C,2014-01-18 23:54:41,2014-01-19 00:00:11,5.5000
1390089302620000598,20000598,A,2014-01-18 23:55:02,2014-01-19 00:08:17,13.2500
1390089381620000667,20000667,B,2014-01-18 23:56:21,2014-01-19 00:00:36,4.2500
1390089416620000199,20000199,C,2014-01-18 23:56:56,2014-01-19 00:14:26,17.5000
1390089494620000067,20000067,A,2014-01-18 23:58:14,2014-01-19 00:06:29,8.2500
1390089506620000269,20000269,C,2014-01-18 23:58:26,2014-01-19 00:12:11,13.7500
1390089513620000370,20000370,A,2014-01-18 23:58:33,2014-01-19 00:06:03,7.5000
1390089521620000140,20000140,C,2014-01-18 23:58:41,2014-01-19 00:07:56,9.2500
1390089525620000359,20000359,A,2014-01-18 23:58:45,2014-01-19 00:05:30,6.7500
1390089541620000009,20000009,A,2014-01-18 23:59:01,2014-01-19 00:11:31,12.5000
1390089584620000129,20000129,A,2014-01-18 23:59:44,2014-01-19 00:11:44,12.0000
1390175395620000687,20000687,C,2014-01-19 23:49:55,2014-01-20 00:01:10,11.2500
1390175483620000653,20000653,C,2014-01-19 23:51:23,2014-01-20 00:23:23,32.0000
1390175706620000423,20000423,B,2014-01-19 23:55:06,2014-01-20 00:01:36,6.5000
1390175731620000167,20000167,A,2014-01-19 23:55:31,2014-01-20 00:06:16,10.7500
1390175755620000617,20000617,C,2014-01-19 23:55:55,2014-01-20 00:01:25,5.5000
1390175891620000518,20000518,B,2014-01-19 23:58:11,2014-01-20 00:05:26,7.2500
1390175916620000004,20000004,A,2014-01-19 23:58:36,2014-01-20 00:07:51,9.2500
1390175951620000670,20000670,C,2014-01-19 23:59:11,2014-01-20 00:22:41,23.5000
1390261694620000624,20000624,B,2014-01-20 23:48:14,2014-01-21 00:00:44,12.5000
1390262153620000569,20000569,C,2014-01-20 23:55:53,2014-01-21 00:00:23,4.5000
1390262174620000577,20000577,A,2014-01-20 23:56:14,2014-01-21 00:16:59,20.7500
1390262175620000436,20000436,B,2014-01-20 23:56:15,2014-01-21 00:00:15,4.0000
1390262207620000617,20000617,C,2014-01-20 23:56:47,2014-01-21 00:02:02,5.2500
1390262232620000529,20000529,C,2014-01-20 23:57:12,2014-01-21 00:03:42,6.5000
1390262353620000680,20000680,B,2014-01-20 23:59:13,2014-01-21 00:04:58,5.7500
1390262395620000280,20000280,A,2014-01-20 23:59:55,2014-01-21 00:08:10,8.2500
1390346815620000903,20000903,A,2014-01-21 23:26:55,2014-01-22 00:15:40,48.7500
1390348071620000503,20000503,A,2014-01-21 23:47:51,2014-01-22 00:02:21,14.5000
1390348108620000625,20000625,A,2014-01-21 23:48:28,2014-01-22 00:10:28,22.0000
1390348112620000233,20000233,C,2014-01-21 23:48:32,2014-01-22 00:01:32,13.0000
1390348212620000451,20000451,B,2014-01-21 23:50:12,2014-01-22 00:00:57,10.7500
1390348246620000406,20000406,C,2014-01-21 23:50:46,2014-01-22 00:00:01,9.2500
1390348287620000345,20000345,B,2014-01-21 23:51:27,2014-01-22 00:07:57,16.5000
1390348297620000483,20000483,A,2014-01-21 23:51:37,2014-01-22 00:01:07,9.5000
1390348325620000570,20000570,B,2014-01-21 23:52:05,2014-01-22 00:12:05,20.0000
1390348326620000453,20000453,B,2014-01-21 23:52:06,2014-01-22 00:15:36,23.5000
1390348401620000640,20000640,A,2014-01-21 23:53:21,2014-01-22 00:02:51,9.5000
1390348491620000476,20000476,B,2014-01-21 23:54:51,2014-01-22 00:12:21,17.5000
1390348550620000904,20000904,C,2014-01-21 23:55:50,2014-01-22 00:06:50,11.0000
1390348613620000004,20000004,B,2014-01-21 23:56:53,2014-01-22 00:18:38,21.7500
1390348622620000569,20000569,C,2014-01-21 23:57:02,2014-01-22 00:02:47,5.7500
1390348745620000687,20000687,A,2014-01-21 23:59:05,2014-01-22 00:10:50,11.7500
1390433952620000129,20000129,C,2014-01-22 23:39:12,2014-01-23 00:08:57,29.7500
1390434600620000903,20000903,B,2014-01-22 23:50:00,2014-01-23 00:07:45,17.7500
1390434626620000448,20000448,C,2014-01-22 23:50:26,2014-01-23 00:05:26,15.0000
1390434634620000435,20000435,C,2014-01-22 23:50:34,2014-01-23 00:02:04,11.5000
1390434658620000242,20000242,A,2014-01-22 23:50:58,2014-01-23 00:00:58,10.0000
1390434696620000157,20000157,A,2014-01-22 23:51:36,2014-01-23 00:05:36,14.0000
1390434787620000611,20000611,B,2014-01-22 23:53:07,2014-01-23 00:20:22,27.2500
1390434817620000392,20000392,A,2014-01-22 23:53:37,2014-01-23 00:02:07,8.5000
1390434851620000423,20000423,B,2014-01-22 23:54:11,2014-01-23 00:00:56,6.7500
1390435046620000325,20000325,B,2014-01-22 23:57:26,2014-01-23 00:06:56,9.5000
1390435069620000626,20000626,C,2014-01-22 23:57:49,2014-01-23 00:03:04,5.2500
1390435190620000171,20000171,C,2014-01-22 23:59:50,2014-01-23 00:35:50,36.0000
1390520157620000497,20000497,C,2014-01-23 23:35:57,2014-01-24 00:15:42,39.7500
1390520681620000030,20000030,B,2014-01-23 23:44:41,2014-01-24 00:00:56,16.2500
1390520863620000380,20000380,C,2014-01-23 23:47:43,2014-01-24 00:00:43,13.0000
1390520901620000338,20000338,B,2014-01-23 23:48:21,2014-01-24 00:00:06,11.7500
1390520963620000406,20000406,B,2014-01-23 23:49:23,2014-01-24 00:06:38,17.2500
1390521050620000395,20000395,B,2014-01-23 23:50:50,2014-01-24 00:01:05,10.2500
1390521078620000518,20000518,A,2014-01-23 23:51:18,2014-01-24 00:00:18,9.0000
1390521084620000304,20000304,B,2014-01-23 23:51:24,2014-01-24 00:00:54,9.5000
1390521089620000409,20000409,B,2014-01-23 23:51:29,2014-01-24 00:00:14,8.7500
1390521254620000004,20000004,B,2014-01-23 23:54:14,2014-01-24 00:04:14,10.0000
1390521292620000671,20000671,B,2014-01-23 23:54:52,2014-01-24 00:02:52,8.0000
1390521348620000161,20000161,C,2014-01-23 23:55:48,2014-01-24 00:01:18,5.5000
1390521356620000303,20000303,B,2014-01-23 23:55:56,2014-01-24 00:04:11,8.2500
1390521424620000520,20000520,B,2014-01-23 23:57:04,2014-01-24 00:06:04,9.0000
1390521542620000570,20000570,B,2014-01-23 23:59:02,2014-01-24 00:17:32,18.5000
1390606728620000235,20000235,C,2014-01-24 23:38:48,2014-01-25 00:17:48,39.0000
1390606788620000611,20000611,C,2014-01-24 23:39:48,2014-01-25 00:02:48,23.0000
1390606793620000678,20000678,C,2014-01-24 23:39:53,2014-01-25 00:00:08,20.2500
1390607297620000610,20000610,A,2014-01-24 23:48:17,2014-01-25 00:01:17,13.0000
1390607334620000024,20000024,A,2014-01-24 23:48:54,2014-01-25 00:02:54,14.0000
1390607363620000612,20000612,B,2014-01-24 23:49:23,2014-01-25 00:00:53,11.5000
1390607487620000497,20000497,C,2014-01-24 23:51:27,2014-01-25 00:10:57,19.5000
1390607585620000161,20000161,B,2014-01-24 23:53:05,2014-01-25 00:00:35,7.5000
1390607625620000351,20000351,B,2014-01-24 23:53:45,2014-01-25 00:05:00,11.2500
1390607633620000233,20000233,B,2014-01-24 23:53:53,2014-01-25 00:07:38,13.7500
1390607665620000624,20000624,B,2014-01-24 23:54:25,2014-01-25 00:06:10,11.7500
1390607668620000184,20000184,C,2014-01-24 23:54:28,2014-01-25 00:23:58,29.5000
1390607672620000356,20000356,A,2014-01-24 23:54:32,2014-01-25 00:08:17,13.7500
1390607721620000570,20000570,B,2014-01-24 23:55:21,2014-01-25 00:05:51,10.5000
1390607730620000688,20000688,A,2014-01-24 23:55:30,2014-01-25 00:09:00,13.5000
1390607760620000269,20000269,B,2014-01-24 23:56:00,2014-01-25 00:02:30,6.5000
1390607763620000398,20000398,B,2014-01-24 23:56:03,2014-01-25 00:13:48,17.7500
1390607803620000171,20000171,B,2014-01-24 23:56:43,2014-01-25 00:12:58,16.2500
1390607806620000243,20000243,B,2014-01-24 23:56:46,2014-01-25 00:06:46,10.0000
1390607812620000333,20000333,C,2014-01-24 23:56:52,2014-01-25 00:09:37,12.7500
1390607813620000698,20000698,B,2014-01-24 23:56:53,2014-01-25 00:09:08,12.2500
1390607826620000453,20000453,B,2014-01-24 23:57:06,2014-01-25 00:02:06,5.0000
1390607844620000554,20000554,B,2014-01-24 23:57:24,2014-01-25 00:04:54,7.5000
1390607870620000154,20000154,B,2014-01-24 23:57:50,2014-01-25 00:08:05,10.2500
1390607883620000195,20000195,B,2014-01-24 23:58:03,2014-01-25 00:06:33,8.5000
1390607899620000201,20000201,B,2014-01-24 23:58:19,2014-01-25 00:06:49,8.5000
1390607911620000075,20000075,B,2014-01-24 23:58:31,2014-01-25 00:03:31,5.0000
1390607935620000011,20000011,C,2014-01-24 23:58:55,2014-01-25 00:11:25,12.5000
1390692955620000245,20000245,A,2014-01-25 23:35:55,2014-01-26 00:11:10,35.2500
1390693421620000136,20000136,A,2014-01-25 23:43:41,2014-01-26 00:03:11,19.5000
1390693692620000616,20000616,A,2014-01-25 23:48:12,2014-01-26 00:01:27,13.2500
1390693785620000495,20000495,B,2014-01-25 23:49:45,2014-01-26 00:01:15,11.5000
1390693867620000101,20000101,B,2014-01-25 23:51:07,2014-01-26 00:04:52,13.7500
1390693907620000303,20000303,B,2014-01-25 23:51:47,2014-01-26 00:04:17,12.5000
1390693929620000508,20000508,B,2014-01-25 23:52:09,2014-01-26 00:01:24,9.2500
1390694042620000649,20000649,B,2014-01-25 23:54:02,2014-01-26 00:01:32,7.5000
1390694044620000529,20000529,C,2014-01-25 23:54:04,2014-01-26 00:06:04,12.0000
1390694075620000362,20000362,B,2014-01-25 23:54:35,2014-01-26 00:09:20,14.7500
1390694123620000333,20000333,A,2014-01-25 23:55:23,2014-01-26 00:09:53,14.5000
1390694134620000279,20000279,C,2014-01-25 23:55:34,2014-01-26 00:23:49,28.2500
1390694138620000387,20000387,C,2014-01-25 23:55:38,2014-01-26 00:03:53,8.2500
1390694141620000235,20000235,A,2014-01-25 23:55:41,2014-01-26 00:02:26,6.7500
1390694153620000157,20000157,B,2014-01-25 23:55:53,2014-01-26 00:08:08,12.2500
1390694159620000020,20000020,B,2014-01-25 23:55:59,2014-01-26 00:06:14,10.2500
1390694192620000160,20000160,B,2014-01-25 23:56:32,2014-01-26 00:16:32,20.0000
1390694213620000419,20000419,B,2014-01-25 23:56:53,2014-01-26 00:09:53,13.0000
1390694269620000005,20000005,B,2014-01-25 23:57:49,2014-01-26 00:05:19,7.5000
1390694272620000338,20000338,B,2014-01-25 23:57:52,2014-01-26 00:14:52,17.0000
1390694289620000542,20000542,A,2014-01-25 23:58:09,2014-01-26 00:03:24,5.2500
1390694294620000031,20000031,B,2014-01-25 23:58:14,2014-01-26 00:07:44,9.5000
1390694301620000199,20000199,B,2014-01-25 23:58:21,2014-01-26 00:10:21,12.0000
1390694301620000658,20000658,A,2014-01-25 23:58:21,2014-01-26 00:03:21,5.0000
1390694324620000423,20000423,B,2014-01-25 23:58:44,2014-01-26 00:06:14,7.5000
1390694331620000403,20000403,B,2014-01-25 23:58:51,2014-01-26 00:10:36,11.7500
1390694353620000520,20000520,B,2014-01-25 23:59:13,2014-01-26 00:00:13,1.0000
1390694370620000153,20000153,B,2014-01-25 23:59:30,2014-01-26 00:10:30,11.0000
1390779399620000435,20000435,C,2014-01-26 23:36:39,2014-01-27 00:03:24,26.7500
1390779503620000529,20000529,C,2014-01-26 23:38:23,2014-01-27 00:02:08,23.7500
1390780255620000325,20000325,C,2014-01-26 23:50:55,2014-01-27 00:04:25,13.5000
1390780304620000574,20000574,C,2014-01-26 23:51:44,2014-01-27 00:04:14,12.5000
1390780561620000520,20000520,B,2014-01-26 23:56:01,2014-01-27 00:06:16,10.2500
1390780744620000571,20000571,B,2014-01-26 23:59:04,2014-01-27 00:11:49,12.7500
1390865550620000617,20000617,C,2014-01-27 23:32:30,2014-01-28 00:33:45,61.2500
1390865845620000509,20000509,A,2014-01-27 23:37:25,2014-01-28 00:01:55,24.5000
1390866024620000307,20000307,C,2014-01-27 23:40:24,2014-01-28 00:07:09,26.7500
1390866194620000473,20000473,A,2014-01-27 23:43:14,2014-01-28 00:01:14,18.0000
1390866364620000448,20000448,B,2014-01-27 23:46:04,2014-01-28 00:04:34,18.5000
1390866667620000610,20000610,C,2014-01-27 23:51:07,2014-01-28 00:04:37,13.5000
1390866705620000304,20000304,C,2014-01-27 23:51:45,2014-01-28 00:14:00,22.2500
1390866747620000395,20000395,B,2014-01-27 23:52:27,2014-01-28 00:08:12,15.7500
1390866971620000570,20000570,A,2014-01-27 23:56:11,2014-01-28 00:01:11,5.0000
1390867035620000453,20000453,B,2014-01-27 23:57:15,2014-01-28 00:06:00,8.7500
1390867117620000651,20000651,C,2014-01-27 23:58:37,2014-01-28 00:06:37,8.0000
1390951283620000617,20000617,C,2014-01-28 23:21:23,2014-01-29 00:08:23,47.0000
1390952349620000598,20000598,C,2014-01-28 23:39:09,2014-01-29 00:00:09,21.0000
1390952820620000341,20000341,B,2014-01-28 23:47:00,2014-01-29 00:07:00,20.0000
1390952824620000486,20000486,C,2014-01-28 23:47:04,2014-01-29 00:16:49,29.7500
1390952830620000668,20000668,A,2014-01-28 23:47:10,2014-01-29 00:00:25,13.2500
1390952922620000688,20000688,A,2014-01-28 23:48:42,2014-01-29 00:15:42,27.0000
1390952941620000288,20000288,B,2014-01-28 23:49:01,2014-01-29 00:01:16,12.2500
1390953052620000651,20000651,C,2014-01-28 23:50:52,2014-01-29 00:01:52,11.0000
1390953060620000525,20000525,B,2014-01-28 23:51:00,2014-01-29 00:01:45,10.7500
1390953142620000129,20000129,C,2014-01-28 23:52:22,2014-01-29 00:01:07,8.7500
1390953149620000022,20000022,A,2014-01-28 23:52:29,2014-01-29 00:04:59,12.5000
1390953176620000574,20000574,C,2014-01-28 23:52:56,2014-01-29 00:20:56,28.0000
1390953186620000045,20000045,C,2014-01-28 23:53:06,2014-01-29 00:02:06,9.0000
1390953296620000345,20000345,B,2014-01-28 23:54:56,2014-01-29 00:04:41,9.7500
1390953360620000231,20000231,B,2014-01-28 23:56:00,2014-01-29 00:00:15,4.2500
1390953410620000476,20000476,B,2014-01-28 23:56:50,2014-01-29 00:15:35,18.7500
1390953448620000454,20000454,C,2014-01-28 23:57:28,2014-01-29 00:04:28,7.0000
1390953498620000610,20000610,A,2014-01-28 23:58:18,2014-01-29 00:02:48,4.5000
1391038395620000617,20000617,C,2014-01-29 23:33:15,2014-01-30 00:03:00,29.7500
1391038507620000561,20000561,A,2014-01-29 23:35:07,2014-01-30 00:08:22,33.2500
1391038783620000254,20000254,A,2014-01-29 23:39:43,2014-01-30 00:00:28,20.7500
1391038805620000529,20000529,B,2014-01-29 23:40:05,2014-01-30 00:01:50,21.7500
1391039109620000351,20000351,B,2014-01-29 23:45:09,2014-01-30 00:10:09,25.0000
1391039182620000514,20000514,B,2014-01-29 23:46:22,2014-01-30 00:03:22,17.0000
1391039390620000006,20000006,B,2014-01-29 23:49:50,2014-01-30 00:08:20,18.5000
1391039581620000651,20000651,B,2014-01-29 23:53:01,2014-01-30 00:15:31,22.5000
1391039606620000015,20000015,B,2014-01-29 23:53:26,2014-01-30 00:06:26,13.0000
1391039606620000359,20000359,B,2014-01-29 23:53:26,2014-01-30 00:04:56,11.5000
1391039615620000235,20000235,C,2014-01-29 23:53:35,2014-01-30 00:06:20,12.7500
1391039664620000360,20000360,B,2014-01-29 23:54:24,2014-01-30 00:01:09,6.7500
1391039691620000611,20000611,B,2014-01-29 23:54:51,2014-01-30 00:04:36,9.7500
1391039845620000297,20000297,C,2014-01-29 23:57:25,2014-01-30 00:07:55,10.5000
1391039941620000424,20000424,B,2014-01-29 23:59:01,2014-01-30 00:05:16,6.2500
1391039946620000338,20000338,C,2014-01-29 23:59:06,2014-01-30 00:02:36,3.5000
1391039954620000621,20000621,C,2014-01-29 23:59:14,2014-01-30 00:03:29,4.2500
1391039969620000455,20000455,A,2014-01-29 23:59:29,2014-01-30 00:10:44,11.2500
1391122280620000517,20000517,A,2014-01-30 22:51:20,2014-01-31 00:06:20,75.0000
1391125166620000235,20000235,C,2014-01-30 23:39:26,2014-01-31 00:05:41,26.2500
1391125404620000617,20000617,C,2014-01-30 23:43:24,2014-01-31 00:20:24,37.0000
1391125619620000167,20000167,C,2014-01-30 23:46:59,2014-01-31 00:03:44,16.7500
1391125668620000304,20000304,C,2014-01-30 23:47:48,2014-01-31 00:19:18,31.5000
1391125720620000406,20000406,B,2014-01-30 23:48:40,2014-01-31 00:05:40,17.0000
1391125737620000403,20000403,C,2014-01-30 23:48:57,2014-01-31 00:12:42,23.7500
1391125847620000361,20000361,B,2014-01-30 23:50:47,2014-01-31 00:00:02,9.2500
1391125942620000624,20000624,B,2014-01-30 23:52:22,2014-01-31 00:03:07,10.7500
1391125989620000492,20000492,B,2014-01-30 23:53:09,2014-01-31 00:05:09,12.0000
1391126080620000140,20000140,B,2014-01-30 23:54:40,2014-01-31 00:02:40,8.0000
1391126103620000307,20000307,C,2014-01-30 23:55:03,2014-01-31 00:06:03,11.0000
1391126135620000436,20000436,A,2014-01-30 23:55:35,2014-01-31 00:00:20,4.7500
1391126182620000245,20000245,B,2014-01-30 23:56:22,2014-01-31 00:05:37,9.2500
1391126350620000004,20000004,B,2014-01-30 23:59:10,2014-01-31 00:10:40,11.5000
1391211833620000618,20000618,A,2014-01-31 23:43:53,2014-02-01 00:16:08,32.2500
1391212003620000670,20000670,C,2014-01-31 23:46:43,2014-02-01 00:00:43,14.0000
1391212126620000529,20000529,C,2014-01-31 23:48:46,2014-02-01 00:00:01,11.2500
1391212274620000324,20000324,C,2014-01-31 23:51:14,2014-02-01 00:15:29,24.2500
1391212318620000004,20000004,B,2014-01-31 23:51:58,2014-02-01 00:06:28,14.5000
1391212402620000013,20000013,A,2014-01-31 23:53:22,2014-02-01 00:00:22,7.0000
1391212418620000574,20000574,C,2014-01-31 23:53:38,2014-02-01 00:01:53,8.2500
1391212450620000524,20000524,C,2014-01-31 23:54:10,2014-02-01 00:06:25,12.2500
1391212457620000007,20000007,C,2014-01-31 23:54:17,2014-02-01 00:09:17,15.0000
1391212475620000586,20000586,A,2014-01-31 23:54:35,2014-02-01 00:13:35,19.0000
1391212483620000276,20000276,C,2014-01-31 23:54:43,2014-02-01 00:01:13,6.5000
1391212509620000321,20000321,A,2014-01-31 23:55:09,2014-02-01 00:09:54,14.7500
1391212512620000256,20000256,C,2014-01-31 23:55:12,2014-02-01 00:03:42,8.5000
1391212582620000249,20000249,C,2014-01-31 23:56:22,2014-02-01 00:09:37,13.2500
1391212608620000436,20000436,C,2014-01-31 23:56:48,2014-02-01 00:33:18,36.5000
1391212632620000395,20000395,A,2014-01-31 23:57:12,2014-02-01 00:05:12,8.0000
1391212647620000542,20000542,B,2014-01-31 23:57:27,2014-02-01 00:06:12,8.7500
1391212668620000157,20000157,A,2014-01-31 23:57:48,2014-02-01 00:07:03,9.2500
1391212706620000514,20000514,B,2014-01-31 23:58:26,2014-02-01 00:04:56,6.5000
1391212709620000363,20000363,B,2014-01-31 23:58:29,2014-02-01 00:05:44,7.2500
1391212763620000598,20000598,C,2014-01-31 23:59:23,2014-02-01 00:02:23,3.0000
1391297125620000288,20000288,C,2014-02-01 23:25:25,2014-02-02 00:07:55,42.5000
1391298092620000337,20000337,C,2014-02-01 23:41:32,2014-02-02 00:09:32,28.0000
1391298464620000572,20000572,B,2014-02-01 23:47:44,2014-02-02 00:01:59,14.2500
1391298611620000279,20000279,A,2014-02-01 23:50:11,2014-02-02 00:00:41,10.5000
1391298629620000495,20000495,B,2014-02-01 23:50:29,2014-02-02 00:00:14,9.7500
1391298689620000560,20000560,B,2014-02-01 23:51:29,2014-02-02 00:07:14,15.7500
1391298758620000436,20000436,A,2014-02-01 23:52:38,2014-02-02 00:00:53,8.2500
1391298764620000624,20000624,B,2014-02-01 23:52:44,2014-02-02 00:05:44,13.0000
1391298782620000351,20000351,B,2014-02-01 23:53:02,2014-02-02 00:01:02,8.0000
1391298791620000662,20000662,B,2014-02-01 23:53:11,2014-02-02 00:07:26,14.2500
1391298805620000334,20000334,B,2014-02-01 23:53:25,2014-02-02 00:00:10,6.7500
1391298879620000362,20000362,C,2014-02-01 23:54:39,2014-02-02 00:04:54,10.2500
1391298956620000588,20000588,C,2014-02-01 23:55:56,2014-02-02 00:03:56,8.0000
1391298973620000075,20000075,B,2014-02-01 23:56:13,2014-02-02 00:00:13,4.0000
1391298986620000547,20000547,B,2014-02-01 23:56:26,2014-02-02 00:02:11,5.7500
1391298998620000621,20000621,B,2014-02-01 23:56:38,2014-02-02 00:04:38,8.0000
1391299000620000057,20000057,B,2014-02-01 23:56:40,2014-02-02 00:03:40,7.0000
1391299009620000625,20000625,C,2014-02-01 23:56:49,2014-02-02 00:15:49,19.0000
1391299032620000101,20000101,B,2014-02-01 23:57:12,2014-02-02 00:03:42,6.5000
1391299039620000136,20000136,C,2014-02-01 23:57:19,2014-02-02 00:04:04,6.7500
1391299074620000260,20000260,B,2014-02-01 23:57:54,2014-02-02 00:10:54,13.0000
1391299092620000667,20000667,B,2014-02-01 23:58:12,2014-02-02 00:04:57,6.7500
1391299118620000657,20000657,C,2014-02-01 23:58:38,2014-02-02 00:06:38,8.0000
1391299128620000904,20000904,B,2014-02-01 23:58:48,2014-02-02 00:02:48,4.0000
1391299135620000006,20000006,B,2014-02-01 23:58:55,2014-02-02 00:06:10,7.2500
1391299140620000171,20000171,B,2014-02-01 23:59:00,2014-02-02 00:05:30,6.5000
1391299143620000574,20000574,C,2014-02-01 23:59:03,2014-02-02 00:11:33,12.5000
1391385085620000387,20000387,A,2014-02-02 23:51:25,2014-02-03 00:09:25,18.0000
1391385262620000359,20000359,B,2014-02-02 23:54:22,2014-02-03 00:15:07,20.7500
1391385292620000129,20000129,B,2014-02-02 23:54:52,2014-02-03 00:13:37,18.7500
1391385345620000325,20000325,B,2014-02-02 23:55:45,2014-02-03 00:05:00,9.2500
1391385461620000254,20000254,B,2014-02-02 23:57:41,2014-02-03 00:15:26,17.7500
1391385588620000657,20000657,C,2014-02-02 23:59:48,2014-02-03 00:07:03,7.2500
1391385590620000370,20000370,A,2014-02-02 23:59:50,2014-02-03 00:04:20,4.5000
1391442237620000902,20000902,C,2014-02-03 15:43:57,2014-02-04 02:53:27,669.5000
1391466042620000576,20000576,C,2014-02-03 22:20:42,2014-02-04 00:00:57,100.2500
1391467788620000577,20000577,C,2014-02-03 22:49:48,2014-02-04 00:08:18,78.5000
1391470965620000595,20000595,A,2014-02-03 23:42:45,2014-02-04 00:04:30,21.7500
1391471385620000307,20000307,C,2014-02-03 23:49:45,2014-02-04 00:18:15,28.5000
1391471507620000067,20000067,A,2014-02-03 23:51:47,2014-02-04 00:02:47,11.0000
1391471521620000242,20000242,A,2014-02-03 23:52:01,2014-02-04 00:01:01,9.0000
1391471650620000525,20000525,A,2014-02-03 23:54:10,2014-02-04 00:04:10,10.0000
1391471676620000435,20000435,C,2014-02-03 23:54:36,2014-02-04 00:04:21,9.7500
1391471811620000603,20000603,B,2014-02-03 23:56:51,2014-02-04 00:04:06,7.2500
1391471815620000066,20000066,C,2014-02-03 23:56:55,2014-02-04 00:26:25,29.5000
1391471931620000254,20000254,A,2014-02-03 23:58:51,2014-02-04 00:04:21,5.5000
1391471959620000492,20000492,C,2014-02-03 23:59:19,2014-02-04 00:08:04,8.7500
1391554018620000009,20000009,C,2014-02-04 22:46:58,2014-02-05 00:00:58,74.0000
1391557684620000435,20000435,C,2014-02-04 23:48:04,2014-02-05 00:03:34,15.5000
1391557709620000598,20000598,C,2014-02-04 23:48:29,2014-02-05 00:03:44,15.2500
1391557844620000038,20000038,A,2014-02-04 23:50:44,2014-02-05 00:02:14,11.5000
1391557963620000013,20000013,B,2014-02-04 23:52:43,2014-02-05 00:00:43,8.0000
1391557989620000269,20000269,B,2014-02-04 23:53:09,2014-02-05 00:03:54,10.7500
1391558009620000356,20000356,B,2014-02-04 23:53:29,2014-02-05 00:04:44,11.2500
1391558101620000626,20000626,C,2014-02-04 23:55:01,2014-02-05 00:00:46,5.7500
1391558135620000216,20000216,A,2014-02-04 23:55:35,2014-02-05 00:03:20,7.7500
1391558178620000010,20000010,B,2014-02-04 23:56:18,2014-02-05 00:08:33,12.2500
1391558293620000470,20000470,C,2014-02-04 23:58:13,2014-02-05 00:13:13,15.0000
1391643141620000617,20000617,C,2014-02-05 23:32:21,2014-02-06 00:08:06,35.7500
1391643621620000288,20000288,B,2014-02-05 23:40:21,2014-02-06 00:00:51,20.5000
1391644102620000304,20000304,C,2014-02-05 23:48:22,2014-02-06 00:03:07,14.7500
1391644184620000235,20000235,C,2014-02-05 23:49:44,2014-02-06 00:04:59,15.2500
1391644219620000305,20000305,B,2014-02-05 23:50:19,2014-02-06 00:03:19,13.0000
1391644277620000610,20000610,C,2014-02-05 23:51:17,2014-02-06 00:10:47,19.5000
1391644279620000435,20000435,C,2014-02-05 23:51:19,2014-02-06 00:02:49,11.5000
1391644398620000303,20000303,B,2014-02-05 23:53:18,2014-02-06 00:01:18,8.0000
1391644435620000067,20000067,B,2014-02-05 23:53:55,2014-02-06 00:02:25,8.5000
1391644543620000161,20000161,A,2014-02-05 23:55:43,2014-02-06 00:03:58,8.2500
1391644546620000398,20000398,B,2014-02-05 23:55:46,2014-02-06 00:04:01,8.2500
1391644638620000338,20000338,B,2014-02-05 23:57:18,2014-02-06 00:04:33,7.2500
1391644645620000057,20000057,A,2014-02-05 23:57:25,2014-02-06 00:06:10,8.7500
1391644653620000307,20000307,B,2014-02-05 23:57:33,2014-02-06 00:07:48,10.2500
1391644742620000042,20000042,A,2014-02-05 23:59:02,2014-02-06 00:06:17,7.2500
1391644792620000333,20000333,B,2014-02-05 23:59:52,2014-02-06 00:03:22,3.5000
1391730709620000038,20000038,A,2014-02-06 23:51:49,2014-02-07 00:01:34,9.7500
1391730751620000007,20000007,C,2014-02-06 23:52:31,2014-02-07 00:01:01,8.5000
1391730853620000101,20000101,B,2014-02-06 23:54:13,2014-02-07 00:12:28,18.2500
1391730869620000304,20000304,C,2014-02-06 23:54:29,2014-02-07 00:19:29,25.0000
1391730923620000610,20000610,C,2014-02-06 23:55:23,2014-02-07 00:09:53,14.5000
1391730942620000517,20000517,A,2014-02-06 23:55:42,2014-02-07 00:09:42,14.0000
1391730947620000626,20000626,B,2014-02-06 23:55:47,2014-02-07 00:01:17,5.5000
1391731023620000254,20000254,B,2014-02-06 23:57:03,2014-02-07 00:00:48,3.7500
1391731071620000066,20000066,B,2014-02-06 23:57:51,2014-02-07 00:10:21,12.5000
1391731132620000570,20000570,A,2014-02-06 23:58:52,2014-02-07 00:08:22,9.5000
1391731182620000392,20000392,B,2014-02-06 23:59:42,2014-02-07 00:07:42,8.0000
1391731191620000370,20000370,A,2014-02-06 23:59:51,2014-02-07 00:10:51,11.0000
1391816356620000311,20000311,A,2014-02-07 23:39:16,2014-02-08 00:03:16,24.0000
1391816403620000081,20000081,B,2014-02-07 23:40:03,2014-02-08 00:18:03,38.0000
1391816698620000653,20000653,A,2014-02-07 23:44:58,2014-02-08 00:02:28,17.5000
1391816715620000233,20000233,A,2014-02-07 23:45:15,2014-02-08 00:03:15,18.0000
1391816814620000617,20000617,C,2014-02-07 23:46:54,2014-02-08 01:01:24,74.5000
1391816934620000022,20000022,C,2014-02-07 23:48:54,2014-02-08 00:00:24,11.5000
1391816948620000686,20000686,B,2014-02-07 23:49:08,2014-02-08 00:00:23,11.2500
1391816949620000199,20000199,C,2014-02-07 23:49:09,2014-02-08 00:00:09,11.0000
1391817028620000497,20000497,C,2014-02-07 23:50:28,2014-02-08 00:03:28,13.0000
1391817038620000435,20000435,A,2014-02-07 23:50:38,2014-02-08 00:08:23,17.7500
1391817044620000171,20000171,C,2014-02-07 23:50:44,2014-02-08 00:01:44,11.0000
1391817057620000167,20000167,C,2014-02-07 23:50:57,2014-02-08 00:01:27,10.5000
1391817084620000662,20000662,B,2014-02-07 23:51:24,2014-02-08 00:06:54,15.5000
1391817112620000504,20000504,B,2014-02-07 23:51:52,2014-02-08 00:00:37,8.7500
1391817118620000101,20000101,A,2014-02-07 23:51:58,2014-02-08 00:04:28,12.5000
1391817125620000547,20000547,A,2014-02-07 23:52:05,2014-02-08 00:02:05,10.0000
1391817126620000481,20000481,B,2014-02-07 23:52:06,2014-02-08 00:08:51,16.7500
1391817197620000011,20000011,B,2014-02-07 23:53:17,2014-02-08 00:01:02,7.7500
1391817231620000612,20000612,B,2014-02-07 23:53:51,2014-02-08 00:03:21,9.5000
1391817297620000321,20000321,A,2014-02-07 23:54:57,2014-02-08 00:21:27,26.5000
1391817333620000670,20000670,A,2014-02-07 23:55:33,2014-02-08 00:02:48,7.2500
1391817336620000436,20000436,B,2014-02-07 23:55:36,2014-02-08 00:01:21,5.7500
1391817366620000574,20000574,A,2014-02-07 23:56:06,2014-02-08 00:04:21,8.2500
1391817395620000303,20000303,A,2014-02-07 23:56:35,2014-02-08 00:10:20,13.7500
1391817407620000626,20000626,A,2014-02-07 23:56:47,2014-02-08 00:01:47,5.0000
1391817409620000076,20000076,C,2014-02-07 23:56:49,2014-02-08 00:00:19,3.5000
1391817440620000009,20000009,B,2014-02-07 23:57:20,2014-02-08 00:07:20,10.0000
1391817451620000625,20000625,C,2014-02-07 23:57:31,2014-02-08 00:18:16,20.7500
1391817471620000245,20000245,B,2014-02-07 23:57:51,2014-02-08 00:10:51,13.0000
1391817475620000333,20000333,C,2014-02-07 23:57:55,2014-02-08 00:10:40,12.7500
1391817498620000304,20000304,C,2014-02-07 23:58:18,2014-02-08 00:15:18,17.0000
1391817516620000542,20000542,C,2014-02-07 23:58:36,2014-02-08 00:01:51,3.2500
1391817555620000012,20000012,C,2014-02-07 23:59:15,2014-02-08 00:18:00,18.7500
1391817571620000243,20000243,B,2014-02-07 23:59:31,2014-02-08 00:04:46,5.2500
1391903395620000129,20000129,B,2014-02-08 23:49:55,2014-02-09 00:02:10,12.2500
1391903439620000280,20000280,A,2014-02-08 23:50:39,2014-02-09 00:07:09,16.5000
1391903533620000671,20000671,C,2014-02-08 23:52:13,2014-02-09 00:01:13,9.0000
1391903572620000288,20000288,C,2014-02-08 23:52:52,2014-02-09 00:04:37,11.7500
1391903643620000472,20000472,A,2014-02-08 23:54:03,2014-02-09 00:05:18,11.2500
1391903657620000649,20000649,B,2014-02-08 23:54:17,2014-02-09 00:01:32,7.2500
1391903678620000273,20000273,B,2014-02-08 23:54:38,2014-02-09 00:01:08,6.5000
1391903692620000625,20000625,A,2014-02-08 23:54:52,2014-02-09 00:01:07,6.2500
1391903693620000012,20000012,B,2014-02-08 23:54:53,2014-02-09 00:00:23,5.5000
1391903707620000308,20000308,A,2014-02-08 23:55:07,2014-02-09 00:05:52,10.7500
1391903747620000662,20000662,B,2014-02-08 23:55:47,2014-02-09 00:08:17,12.5000
1391903785620000483,20000483,A,2014-02-08 23:56:25,2014-02-09 00:06:10,9.7500
1391903791620000520,20000520,B,2014-02-08 23:56:31,2014-02-09 00:01:31,5.0000
1391903804620000345,20000345,B,2014-02-08 23:56:44,2014-02-09 00:02:14,5.5000
1391903810620000529,20000529,C,2014-02-08 23:56:50,2014-02-09 00:12:20,15.5000
1391903846620000395,20000395,C,2014-02-08 23:57:26,2014-02-09 00:04:11,6.7500
1391903863620000157,20000157,A,2014-02-08 23:57:43,2014-02-09 00:06:28,8.7500
1391903873620000574,20000574,B,2014-02-08 23:57:53,2014-02-09 00:12:23,14.5000
1391903894620000196,20000196,A,2014-02-08 23:58:14,2014-02-09 00:05:44,7.5000
1391903896620000440,20000440,B,2014-02-08 23:58:16,2014-02-09 00:04:01,5.7500
1391903905620000481,20000481,C,2014-02-08 23:58:25,2014-02-09 00:24:40,26.2500
1391903917620000434,20000434,C,2014-02-08 23:58:37,2014-02-09 00:03:22,4.7500
1391989899620000167,20000167,B,2014-02-09 23:51:39,2014-02-10 00:04:24,12.7500
1391989974620000672,20000672,B,2014-02-09 23:52:54,2014-02-10 00:00:39,7.7500
1391990040620000199,20000199,B,2014-02-09 23:54:00,2014-02-10 00:06:45,12.7500
1391990066620000007,20000007,C,2014-02-09 23:54:26,2014-02-10 00:02:11,7.7500
1391990109620000003,20000003,B,2014-02-09 23:55:09,2014-02-10 00:00:54,5.7500
1391990221620000473,20000473,C,2014-02-09 23:57:01,2014-02-10 00:02:01,5.0000
1391990251620000621,20000621,A,2014-02-09 23:57:31,2014-02-10 00:02:16,4.7500
1391990312620000600,20000600,C,2014-02-09 23:58:32,2014-02-10 00:02:32,4.0000
1391990371620000101,20000101,C,2014-02-09 23:59:31,2014-02-10 00:03:31,4.0000
1391990398620000197,20000197,B,2014-02-09 23:59:58,2014-02-10 00:11:13,11.2500
1392076270620000066,20000066,C,2014-02-10 23:51:10,2014-02-11 00:05:40,14.5000
1392076593620000308,20000308,A,2014-02-10 23:56:33,2014-02-11 00:04:18,7.7500
1392076689620000356,20000356,B,2014-02-10 23:58:09,2014-02-11 00:01:24,3.2500
1392076721620000005,20000005,C,2014-02-10 23:58:41,2014-02-11 00:10:41,12.0000
1392076722620000008,20000008,A,2014-02-10 23:58:42,2014-02-11 00:02:57,4.2500
1392076748620000678,20000678,C,2014-02-10 23:59:08,2014-02-11 00:02:38,3.5000
1392161992620000304,20000304,C,2014-02-11 23:39:52,2014-02-12 00:08:52,29.0000
1392162135620000435,20000435,C,2014-02-11 23:42:15,2014-02-12 00:01:30,19.2500
1392162518620000406,20000406,B,2014-02-11 23:48:38,2014-02-12 00:02:08,13.5000
1392162806620000589,20000589,B,2014-02-11 23:53:26,2014-02-12 00:00:26,7.0000
1392162839620000387,20000387,A,2014-02-11 23:53:59,2014-02-12 00:01:29,7.5000
1392162881620000569,20000569,C,2014-02-11 23:54:41,2014-02-12 00:06:41,12.0000
1392162975620000045,20000045,B,2014-02-11 23:56:15,2014-02-12 00:03:15,7.0000
1392163020620000476,20000476,B,2014-02-11 23:57:00,2014-02-12 00:06:30,9.5000
1392163155620000455,20000455,B,2014-02-11 23:59:15,2014-02-12 00:03:30,4.2500
1392227681620000902,20000902,C,2014-02-12 17:54:41,2014-02-13 01:52:56,478.2500
1392245086620000009,20000009,C,2014-02-12 22:44:46,2014-02-13 00:21:16,96.5000
1392248918620000529,20000529,C,2014-02-12 23:48:38,2014-02-13 00:03:53,15.2500
1392248989620000252,20000252,B,2014-02-12 23:49:49,2014-02-13 00:02:49,13.0000
1392249356620000197,20000197,C,2014-02-12 23:55:56,2014-02-13 00:11:26,15.5000
1392249424620000273,20000273,B,2014-02-12 23:57:04,2014-02-13 00:04:19,7.2500
1392249498620000303,20000303,C,2014-02-12 23:58:18,2014-02-13 00:06:03,7.7500
1392249526620000569,20000569,C,2014-02-12 23:58:46,2014-02-13 00:00:31,1.7500
1392249543620000362,20000362,B,2014-02-12 23:59:03,2014-02-13 00:03:03,4.0000
1392334509620000108,20000108,C,2014-02-13 23:35:09,2014-02-14 00:52:54,77.7500
1392335146620000497,20000497,A,2014-02-13 23:45:46,2014-02-14 00:00:31,14.7500
1392335215620000476,20000476,C,2014-02-13 23:46:55,2014-02-14 00:03:40,16.7500
1392335578620000589,20000589,B,2014-02-13 23:52:58,2014-02-14 00:02:13,9.2500
1392335612620000007,20000007,C,2014-02-13 23:53:32,2014-02-14 00:02:02,8.5000
1392335664620000151,20000151,A,2014-02-13 23:54:24,2014-02-14 00:05:24,11.0000
1392335914620000325,20000325,B,2014-02-13 23:58:34,2014-02-14 00:03:04,4.5000
1392335936620000651,20000651,C,2014-02-13 23:58:56,2014-02-14 00:08:11,9.2500
1392421222620000235,20000235,A,2014-02-14 23:40:22,2014-02-15 00:00:22,20.0000
1392421834620000004,20000004,A,2014-02-14 23:50:34,2014-02-15 00:05:04,14.5000
1392421862620000255,20000255,B,2014-02-14 23:51:02,2014-02-15 00:01:02,10.0000
1392421880620000129,20000129,A,2014-02-14 23:51:20,2014-02-15 00:06:50,15.5000
1392421900620000680,20000680,A,2014-02-14 23:51:40,2014-02-15 00:03:55,12.2500
1392421992620000594,20000594,A,2014-02-14 23:53:12,2014-02-15 00:02:27,9.2500
1392422010620000216,20000216,A,2014-02-14 23:53:30,2014-02-15 00:10:45,17.2500
1392422034620000161,20000161,C,2014-02-14 23:53:54,2014-02-15 00:02:09,8.2500
1392422104620000570,20000570,B,2014-02-14 23:55:04,2014-02-15 00:05:04,10.0000
1392422162620000586,20000586,C,2014-02-14 23:56:02,2014-02-15 00:06:17,10.2500
1392422178620000456,20000456,B,2014-02-14 23:56:18,2014-02-15 00:05:33,9.2500
1392422221620000395,20000395,C,2014-02-14 23:57:01,2014-02-15 00:16:01,19.0000
1392422255620000179,20000179,C,2014-02-14 23:57:35,2014-02-15 00:47:50,50.2500
1392422323620000337,20000337,B,2014-02-14 23:58:43,2014-02-15 00:02:13,3.5000
1392422360620000547,20000547,C,2014-02-14 23:59:20,2014-02-15 00:12:50,13.5000
1392422390620000005,20000005,B,2014-02-14 23:59:50,2014-02-15 00:04:50,5.0000
1392507852620000547,20000547,A,2014-02-15 23:44:12,2014-02-16 00:00:57,16.7500
1392508094620000041,20000041,B,2014-02-15 23:48:14,2014-02-16 00:06:59,18.7500
1392508136620000051,20000051,C,2014-02-15 23:48:56,2014-02-16 00:03:26,14.5000
1392508205620000465,20000465,A,2014-02-15 23:50:05,2014-02-16 00:06:50,16.7500
1392508223620000129,20000129,A,2014-02-15 23:50:23,2014-02-16 00:04:53,14.5000
1392508384620000594,20000594,B,2014-02-15 23:53:04,2014-02-16 00:02:34,9.5000
1392508449620000450,20000450,B,2014-02-15 23:54:09,2014-02-16 00:06:24,12.2500
1392508479620000495,20000495,A,2014-02-15 23:54:39,2014-02-16 00:08:39,14.0000
1392508492620000314,20000314,B,2014-02-15 23:54:52,2014-02-16 00:00:07,5.2500
1392508533620000015,20000015,A,2014-02-15 23:55:33,2014-02-16 00:01:33,6.0000
1392508566620000011,20000011,C,2014-02-15 23:56:06,2014-02-16 00:34:06,38.0000
1392508614620000231,20000231,B,2014-02-15 23:56:54,2014-02-16 00:13:39,16.7500
1392508639620000216,20000216,B,2014-02-15 23:57:19,2014-02-16 00:08:49,11.5000
1392508660620000675,20000675,C,2014-02-15 23:57:40,2014-02-16 00:05:25,7.7500
1392508701620000591,20000591,B,2014-02-15 23:58:21,2014-02-16 00:11:21,13.0000
1392508703620000569,20000569,C,2014-02-15 23:58:23,2014-02-16 00:09:38,11.2500
1392508710620000328,20000328,B,2014-02-15 23:58:30,2014-02-16 00:06:45,8.2500
1392508717620000664,20000664,B,2014-02-15 23:58:37,2014-02-16 00:03:07,4.5000
1392508731620000010,20000010,C,2014-02-15 23:58:51,2014-02-16 00:01:21,2.5000
1392508736620000105,20000105,B,2014-02-15 23:58:56,2014-02-16 00:01:56,3.0000
1392508777620000572,20000572,A,2014-02-15 23:59:37,2014-02-16 00:07:52,8.2500
1392508788620000472,20000472,C,2014-02-15 23:59:48,2014-02-16 00:07:48,8.0000
1392594960620000307,20000307,B,2014-02-16 23:56:00,2014-02-17 00:02:00,6.0000
1392595108620000387,20000387,B,2014-02-16 23:58:28,2014-02-17 00:02:58,4.5000
1392595114620000529,20000529,C,2014-02-16 23:58:34,2014-02-17 00:00:49,2.2500
1392595139620000520,20000520,B,2014-02-16 23:58:59,2014-02-17 00:17:14,18.2500
1392680810620000529,20000529,C,2014-02-17 23:46:50,2014-02-18 00:08:35,21.7500
1392680924620000446,20000446,C,2014-02-17 23:48:44,2014-02-18 00:16:29,27.7500
1392681117620000633,20000633,A,2014-02-17 23:51:57,2014-02-18 00:03:12,11.2500
1392681181620000045,20000045,A,2014-02-17 23:53:01,2014-02-18 00:06:46,13.7500
1392681210620000492,20000492,B,2014-02-17 23:53:30,2014-02-18 00:01:30,8.0000
1392681284620000216,20000216,A,2014-02-17 23:54:44,2014-02-18 00:07:59,13.2500
1392681310620000570,20000570,C,2014-02-17 23:55:10,2014-02-18 00:16:25,21.2500
1392681383620000403,20000403,C,2014-02-17 23:56:23,2014-02-18 00:44:08,47.7500
1392681446620000269,20000269,C,2014-02-17 23:57:26,2014-02-18 00:32:41,35.2500
1392681484620000197,20000197,B,2014-02-17 23:58:04,2014-02-18 00:00:49,2.7500
1392681516620000450,20000450,B,2014-02-17 23:58:36,2014-02-18 00:07:36,9.0000
1392766972620000542,20000542,C,2014-02-18 23:42:52,2014-02-19 00:08:37,25.7500
1392767165620000235,20000235,C,2014-02-18 23:46:05,2014-02-19 00:14:20,28.2500
1392767417620000129,20000129,B,2014-02-18 23:50:17,2014-02-19 00:00:02,9.7500
1392767594620000345,20000345,C,2014-02-18 23:53:14,2014-02-19 00:15:59,22.7500
1392767622620000196,20000196,A,2014-02-18 23:53:42,2014-02-19 00:03:12,9.5000
1392767639620000467,20000467,C,2014-02-18 23:53:59,2014-02-19 00:12:44,18.7500
1392767820620000023,20000023,C,2014-02-18 23:57:00,2014-02-19 00:07:45,10.7500
1392767856620000653,20000653,C,2014-02-18 23:57:36,2014-02-19 00:09:21,11.7500
1392767868620000022,20000022,C,2014-02-18 23:57:48,2014-02-19 00:01:48,4.0000
1392767922620000903,20000903,A,2014-02-18 23:58:42,2014-02-19 00:03:57,5.2500
1392767933620000569,20000569,C,2014-02-18 23:58:53,2014-02-19 00:02:38,3.7500
1392839283620000902,20000902,C,2014-02-19 19:48:03,2014-02-20 00:09:48,261.7500
1392853654620000651,20000651,C,2014-02-19 23:47:34,2014-02-20 00:15:19,27.7500
1392853735620000671,20000671,C,2014-02-19 23:48:55,2014-02-20 00:01:40,12.7500
1392853920620000431,20000431,B,2014-02-19 23:52:00,2014-02-20 00:02:15,10.2500
1392853983620000625,20000625,A,2014-02-19 23:53:03,2014-02-20 00:00:48,7.7500
1392854017620000597,20000597,B,2014-02-19 23:53:37,2014-02-20 00:01:52,8.2500
1392854106620000157,20000157,A,2014-02-19 23:55:06,2014-02-20 00:04:51,9.7500
1392854131620000621,20000621,C,2014-02-19 23:55:31,2014-02-20 00:08:01,12.5000
1392854168620000233,20000233,C,2014-02-19 23:56:08,2014-02-20 00:02:08,6.0000
1392854186620000571,20000571,A,2014-02-19 23:56:26,2014-02-20 00:05:41,9.2500
1392854190620000467,20000467,C,2014-02-19 23:56:30,2014-02-20 00:02:30,6.0000
1392854206620000529,20000529,C,2014-02-19 23:56:46,2014-02-20 00:13:16,16.5000
1392854213620000472,20000472,C,2014-02-19 23:56:53,2014-02-20 00:08:08,11.2500
1392854255620000356,20000356,B,2014-02-19 23:57:35,2014-02-20 00:03:20,5.7500
1392854289620000140,20000140,C,2014-02-19 23:58:09,2014-02-20 00:02:54,4.7500
1392854307620000392,20000392,B,2014-02-19 23:58:27,2014-02-20 00:03:42,5.2500
1392854309620000173,20000173,A,2014-02-19 23:58:29,2014-02-20 00:03:14,4.7500
1392854362620000345,20000345,A,2014-02-19 23:59:22,2014-02-20 00:03:22,4.0000
1392854379620000360,20000360,C,2014-02-19 23:59:39,2014-02-20 00:04:09,4.5000
1392854394620000297,20000297,B,2014-02-19 23:59:54,2014-02-20 00:03:39,3.7500
1392854399620000456,20000456,C,2014-02-19 23:59:59,2014-02-20 00:18:29,18.5000
1392939595620000184,20000184,B,2014-02-20 23:39:55,2014-02-21 00:00:10,20.2500
1392939684620000610,20000610,C,2014-02-20 23:41:24,2014-02-21 00:14:24,33.0000
1392939707620000616,20000616,C,2014-02-20 23:41:47,2014-02-21 00:01:47,20.0000
1392939799620000276,20000276,A,2014-02-20 23:43:19,2014-02-21 00:10:34,27.2500
1392939858620000406,20000406,A,2014-02-20 23:44:18,2014-02-21 00:09:18,25.0000
1392939934620000129,20000129,C,2014-02-20 23:45:34,2014-02-21 00:01:34,16.0000
1392940173620000488,20000488,C,2014-02-20 23:49:33,2014-02-21 00:01:33,12.0000
1392940283620000359,20000359,A,2014-02-20 23:51:23,2014-02-21 00:02:53,11.5000
1392940296620000633,20000633,B,2014-02-20 23:51:36,2014-02-21 00:02:51,11.2500
1392940302620000548,20000548,C,2014-02-20 23:51:42,2014-02-21 00:23:42,32.0000
1392940365620000030,20000030,A,2014-02-20 23:52:45,2014-02-21 00:04:30,11.7500
1392940381620000577,20000577,B,2014-02-20 23:53:01,2014-02-21 00:03:16,10.2500
1392940391620000012,20000012,C,2014-02-20 23:53:11,2014-02-21 00:00:26,7.2500
1392940461620000658,20000658,C,2014-02-20 23:54:21,2014-02-21 00:02:06,7.7500
1392940464620000395,20000395,C,2014-02-20 23:54:24,2014-02-21 00:04:09,9.7500
1392940492620000360,20000360,C,2014-02-20 23:54:52,2014-02-21 00:02:22,7.5000
1392940523620000525,20000525,C,2014-02-20 23:55:23,2014-02-21 00:01:08,5.7500
1392940544620000492,20000492,C,2014-02-20 23:55:44,2014-02-21 00:01:29,5.7500
1392940562620000333,20000333,C,2014-02-20 23:56:02,2014-02-21 00:03:32,7.5000
1392940588620000243,20000243,C,2014-02-20 23:56:28,2014-02-21 00:03:28,7.0000
1392940602620000667,20000667,C,2014-02-20 23:56:42,2014-02-21 00:02:12,5.5000
1392940645620000020,20000020,A,2014-02-20 23:57:25,2014-02-21 00:28:25,31.0000
1392940664620000403,20000403,A,2014-02-20 23:57:44,2014-02-21 00:04:29,6.7500
1392940669620000304,20000304,B,2014-02-20 23:57:49,2014-02-21 00:05:49,8.0000
1392940678620000367,20000367,A,2014-02-20 23:57:58,2014-02-21 00:09:58,12.0000
1392940689620000013,20000013,B,2014-02-20 23:58:09,2014-02-21 00:06:09,8.0000
1392940690620000067,20000067,B,2014-02-20 23:58:10,2014-02-21 00:04:10,6.0000
1392940703620000680,20000680,B,2014-02-20 23:58:23,2014-02-21 00:03:23,5.0000
1392940730620000042,20000042,C,2014-02-20 23:58:50,2014-02-21 00:08:05,9.2500
1392940730620000310,20000310,C,2014-02-20 23:58:50,2014-02-21 00:00:50,2.0000
1392940730620000601,20000601,B,2014-02-20 23:58:50,2014-02-21 00:00:50,2.0000
1392940735620000337,20000337,C,2014-02-20 23:58:55,2014-02-21 00:10:55,12.0000
1392940745620000015,20000015,C,2014-02-20 23:59:05,2014-02-21 00:04:35,5.5000
1392940749620000520,20000520,B,2014-02-20 23:59:09,2014-02-21 00:02:39,3.5000
1393025819620000031,20000031,A,2014-02-21 23:36:59,2014-02-22 00:02:29,25.5000
1393025980620000288,20000288,C,2014-02-21 23:39:40,2014-02-22 00:05:25,25.7500
1393026147620000058,20000058,B,2014-02-21 23:42:27,2014-02-22 00:14:42,32.2500
1393026372620000129,20000129,B,2014-02-21 23:46:12,2014-02-22 00:03:12,17.0000
1393026483620000616,20000616,B,2014-02-21 23:48:03,2014-02-22 00:00:33,12.5000
1393026499620000216,20000216,A,2014-02-21 23:48:19,2014-02-22 00:06:34,18.2500
1393026567620000303,20000303,A,2014-02-21 23:49:27,2014-02-22 00:05:57,16.5000
1393026572620000042,20000042,C,2014-02-21 23:49:32,2014-02-22 00:05:17,15.7500
1393026646620000561,20000561,C,2014-02-21 23:50:46,2014-02-22 00:02:31,11.7500
1393026681620000680,20000680,C,2014-02-21 23:51:21,2014-02-22 00:05:36,14.2500
1393026698620000024,20000024,B,2014-02-21 23:51:38,2014-02-22 00:00:38,9.0000
1393026807620000067,20000067,A,2014-02-21 23:53:27,2014-02-22 00:04:12,10.7500
1393026816620000370,20000370,B,2014-02-21 23:53:36,2014-02-22 00:00:51,7.2500
1393026822620000600,20000600,C,2014-02-21 23:53:42,2014-02-22 00:02:42,9.0000
1393026855620000351,20000351,B,2014-02-21 23:54:15,2014-02-22 00:01:45,7.5000
1393026865620000387,20000387,B,2014-02-21 23:54:25,2014-02-22 00:02:40,8.2500
1393026894620000903,20000903,C,2014-02-21 23:54:54,2014-02-22 00:02:39,7.7500
1393026899620000455,20000455,C,2014-02-21 23:54:59,2014-02-22 00:03:29,8.5000
1393026903620000119,20000119,A,2014-02-21 23:55:03,2014-02-22 00:05:48,10.7500
1393026919620000178,20000178,B,2014-02-21 23:55:19,2014-02-22 00:04:04,8.7500
1393026938620000280,20000280,B,2014-02-21 23:55:38,2014-02-22 00:01:23,5.7500
1393026995620000392,20000392,B,2014-02-21 23:56:35,2014-02-22 00:07:05,10.5000
1393027021620000446,20000446,B,2014-02-21 23:57:01,2014-02-22 00:01:16,4.2500
1393027046620000686,20000686,C,2014-02-21 23:57:26,2014-02-22 00:02:11,4.7500
1393027080620000503,20000503,C,2014-02-21 23:58:00,2014-02-22 00:07:30,9.5000
1393027089620000624,20000624,B,2014-02-21 23:58:09,2014-02-22 00:02:39,4.5000
1393027096620000260,20000260,B,2014-02-21 23:58:16,2014-02-22 00:09:31,11.2500
1393027098620000591,20000591,C,2014-02-21 23:58:18,2014-02-22 00:12:33,14.2500
1393027098620000620,20000620,C,2014-02-21 23:58:18,2014-02-22 00:01:48,3.5000
1393027143620000320,20000320,C,2014-02-21 23:59:03,2014-02-22 00:04:03,5.0000
1393027177620000192,20000192,B,2014-02-21 23:59:37,2014-02-22 00:10:07,10.5000
1393027187620000569,20000569,C,2014-02-21 23:59:47,2014-02-22 00:04:47,5.0000
1393027199620000662,20000662,B,2014-02-21 23:59:59,2014-02-22 00:08:44,8.7500
1393061275620000681,20000681,C,2014-02-22 09:27:55,2014-02-23 01:37:55,970.0000
1393112610620000688,20000688,C,2014-02-22 23:43:30,2014-02-23 00:00:15,16.7500
1393112645620000140,20000140,B,2014-02-22 23:44:05,2014-02-23 00:01:05,17.0000
1393112652620000529,20000529,C,2014-02-22 23:44:12,2014-02-23 00:14:42,30.5000
1393112838620000387,20000387,A,2014-02-22 23:47:18,2014-02-23 00:06:33,19.2500
1393112843620000423,20000423,A,2014-02-22 23:47:23,2014-02-23 00:05:53,18.5000
1393112948620000184,20000184,B,2014-02-22 23:49:08,2014-02-23 00:01:08,12.0000
1393112988620000610,20000610,B,2014-02-22 23:49:48,2014-02-23 00:00:33,10.7500
1393113173620000279,20000279,B,2014-02-22 23:52:53,2014-02-23 00:05:53,13.0000
1393113274620000621,20000621,C,2014-02-22 23:54:34,2014-02-23 00:02:49,8.2500
1393113296620000389,20000389,B,2014-02-22 23:54:56,2014-02-23 00:03:56,9.0000
1393113306620000517,20000517,C,2014-02-22 23:55:06,2014-02-23 00:03:21,8.2500
1393113319620000675,20000675,C,2014-02-22 23:55:19,2014-02-23 00:02:04,6.7500
1393113323620000632,20000632,B,2014-02-22 23:55:23,2014-02-23 00:04:53,9.5000
1393113411620000288,20000288,B,2014-02-22 23:56:51,2014-02-23 00:01:51,5.0000
1393113415620000473,20000473,B,2014-02-22 23:56:55,2014-02-23 00:03:55,7.0000
1393113449620000454,20000454,B,2014-02-22 23:57:29,2014-02-23 00:00:14,2.7500
1393113455620000455,20000455,B,2014-02-22 23:57:35,2014-02-23 00:10:50,13.2500
1393113464620000260,20000260,A,2014-02-22 23:57:44,2014-02-23 00:01:44,4.0000
1393113486620000066,20000066,A,2014-02-22 23:58:06,2014-02-23 00:02:21,4.2500
1393113493620000006,20000006,B,2014-02-22 23:58:13,2014-02-23 00:03:58,5.7500
1393113505620000598,20000598,C,2014-02-22 23:58:25,2014-02-23 00:07:55,9.5000
1393113518620000509,20000509,A,2014-02-22 23:58:38,2014-02-23 00:09:53,11.2500
1393113521620000569,20000569,C,2014-02-22 23:58:41,2014-02-23 00:03:41,5.0000
1393113566620000453,20000453,B,2014-02-22 23:59:26,2014-02-23 00:04:41,5.2500
1393113581620000024,20000024,C,2014-02-22 23:59:41,2014-02-23 00:17:41,18.0000
1393196877620000004,20000004,A,2014-02-23 23:07:57,2014-02-24 00:17:27,69.5000
1393198382620000651,20000651,C,2014-02-23 23:33:02,2014-02-24 00:05:32,32.5000
1393198538620000624,20000624,B,2014-02-23 23:35:38,2014-02-24 00:06:08,30.5000
1393199122620000307,20000307,C,2014-02-23 23:45:22,2014-02-24 00:03:22,18.0000
1393199565620000680,20000680,B,2014-02-23 23:52:45,2014-02-24 00:03:15,10.5000
1393199595620000589,20000589,B,2014-02-23 23:53:15,2014-02-24 00:06:15,13.0000
1393199602620000242,20000242,B,2014-02-23 23:53:22,2014-02-24 00:01:52,8.5000
1393199685620000492,20000492,A,2014-02-23 23:54:45,2014-02-24 00:07:15,12.5000
1393199799620000600,20000600,A,2014-02-23 23:56:39,2014-02-24 00:04:09,7.5000
1393199862620000179,20000179,C,2014-02-23 23:57:42,2014-02-24 00:22:57,25.2500
1393199915620000173,20000173,C,2014-02-23 23:58:35,2014-02-24 00:05:05,6.5000
1393199971620000569,20000569,B,2014-02-23 23:59:31,2014-02-24 00:03:31,4.0000
1393284048620000497,20000497,C,2014-02-24 23:20:48,2014-02-25 00:09:33,48.7500
1393285249620000435,20000435,C,2014-02-24 23:40:49,2014-02-25 00:03:19,22.5000
1393285693620000620,20000620,B,2014-02-24 23:48:13,2014-02-25 00:14:13,26.0000
1393285845620000648,20000648,B,2014-02-24 23:50:45,2014-02-25 00:00:15,9.5000
1393285981620000672,20000672,B,2014-02-24 23:53:01,2014-02-25 00:01:31,8.5000
1393286145620000577,20000577,B,2014-02-24 23:55:45,2014-02-25 00:08:15,12.5000
1393286295620000305,20000305,B,2014-02-24 23:58:15,2014-02-25 00:06:30,8.2500
1393286314620000503,20000503,C,2014-02-24 23:58:34,2014-02-25 00:08:19,9.7500
1393286384620000333,20000333,C,2014-02-24 23:59:44,2014-02-25 00:02:44,3.0000
1393286390620000101,20000101,B,2014-02-24 23:59:50,2014-02-25 00:08:20,8.5000
1393369788620000020,20000020,A,2014-02-25 23:09:48,2014-02-26 00:07:48,58.0000
1393370960620000529,20000529,C,2014-02-25 23:29:20,2014-02-26 00:56:35,87.2500
1393371830620000363,20000363,B,2014-02-25 23:43:50,2014-02-26 00:06:50,23.0000
1393372024620000688,20000688,C,2014-02-25 23:47:04,2014-02-26 00:02:19,15.2500
1393372144620000359,20000359,B,2014-02-25 23:49:04,2014-02-26 00:06:04,17.0000
1393372160620000525,20000525,C,2014-02-25 23:49:20,2014-02-26 00:01:20,12.0000
1393372186620000325,20000325,B,2014-02-25 23:49:46,2014-02-26 00:03:31,13.7500
1393372223620000492,20000492,A,2014-02-25 23:50:23,2014-02-26 00:02:08,11.7500
1393372284620000160,20000160,B,2014-02-25 23:51:24,2014-02-26 00:01:24,10.0000
1393372289620000610,20000610,A,2014-02-25 23:51:29,2014-02-26 00:12:44,21.2500
1393372294620000167,20000167,A,2014-02-25 23:51:34,2014-02-26 00:07:19,15.7500
1393372295620000621,20000621,A,2014-02-25 23:51:35,2014-02-26 00:08:50,17.2500
1393372297620000297,20000297,A,2014-02-25 23:51:37,2014-02-26 00:11:37,20.0000
1393372327620000488,20000488,A,2014-02-25 23:52:07,2014-02-26 00:11:07,19.0000
1393372382620000321,20000321,C,2014-02-25 23:53:02,2014-02-26 00:16:32,23.5000
1393372393620000616,20000616,B,2014-02-25 23:53:13,2014-02-26 00:03:58,10.7500
1393372433620000600,20000600,A,2014-02-25 23:53:53,2014-02-26 00:12:38,18.7500
1393372541620000517,20000517,B,2014-02-25 23:55:41,2014-02-26 00:02:56,7.2500
1393372557620000030,20000030,B,2014-02-25 23:55:57,2014-02-26 00:05:42,9.7500
1393372707620000380,20000380,A,2014-02-25 23:58:27,2014-02-26 00:02:42,4.2500
1393453677620000233,20000233,C,2014-02-26 22:27:57,2014-02-27 00:22:57,115.0000
1393457623620000288,20000288,C,2014-02-26 23:33:43,2014-02-27 00:01:28,27.7500
1393457860620000337,20000337,C,2014-02-26 23:37:40,2014-02-27 00:58:25,80.7500
1393458386620000057,20000057,A,2014-02-26 23:46:26,2014-02-27 00:01:56,15.5000
1393458387620000089,20000089,A,2014-02-26 23:46:27,2014-02-27 00:02:27,16.0000
1393458646620000403,20000403,C,2014-02-26 23:50:46,2014-02-27 00:35:31,44.7500
1393458848620000678,20000678,C,2014-02-26 23:54:08,2014-02-27 00:11:38,17.5000
1393458855620000529,20000529,C,2014-02-26 23:54:15,2014-02-27 00:18:30,24.2500
1393458871620000285,20000285,A,2014-02-26 23:54:31,2014-02-27 00:01:16,6.7500
1393458906620000363,20000363,B,2014-02-26 23:55:06,2014-02-27 00:05:36,10.5000
1393458929620000520,20000520,B,2014-02-26 23:55:29,2014-02-27 00:02:59,7.5000
1393458958620000269,20000269,C,2014-02-26 23:55:58,2014-02-27 00:12:13,16.2500
1393459160620000030,20000030,B,2014-02-26 23:59:20,2014-02-27 00:10:20,11.0000
1393544719620000304,20000304,C,2014-02-27 23:45:19,2014-02-28 00:14:19,29.0000
1393544765620000472,20000472,C,2014-02-27 23:46:05,2014-02-28 00:14:05,28.0000
1393544776620000653,20000653,C,2014-02-27 23:46:16,2014-02-28 00:12:16,26.0000
1393544815620000651,20000651,C,2014-02-27 23:46:55,2014-02-28 00:09:40,22.7500
1393544892620000013,20000013,A,2014-02-27 23:48:12,2014-02-28 00:04:27,16.2500
1393544967620000305,20000305,A,2014-02-27 23:49:27,2014-02-28 00:00:42,11.2500
1393545019620000233,20000233,C,2014-02-27 23:50:19,2014-02-28 00:02:34,12.2500
1393545174620000395,20000395,C,2014-02-27 23:52:54,2014-02-28 00:09:54,17.0000
1393545220620000473,20000473,B,2014-02-27 23:53:40,2014-02-28 00:01:55,8.2500
1393545224620000467,20000467,C,2014-02-27 23:53:44,2014-02-28 00:03:14,9.5000
1393545235620000663,20000663,C,2014-02-27 23:53:55,2014-02-28 00:02:25,8.5000
1393545270620000625,20000625,B,2014-02-27 23:54:30,2014-02-28 00:02:15,7.7500
1393545371620000171,20000171,B,2014-02-27 23:56:11,2014-02-28 00:03:56,7.7500
1393545439620000190,20000190,B,2014-02-27 23:57:19,2014-02-28 00:03:19,6.0000
1393545473620000009,20000009,B,2014-02-27 23:57:53,2014-02-28 00:04:38,6.7500
1393545543620000328,20000328,A,2014-02-27 23:59:03,2014-02-28 00:09:33,10.5000
1393630655620000311,20000311,B,2014-02-28 23:37:35,2014-03-01 00:24:35,47.0000
1393630915620000454,20000454,C,2014-02-28 23:41:55,2014-03-01 00:00:55,19.0000
1393631021620000591,20000591,C,2014-02-28 23:43:41,2014-03-01 00:01:41,18.0000
1393631192620000216,20000216,B,2014-02-28 23:46:32,2014-03-01 00:05:02,18.5000
1393631252620000116,20000116,B,2014-02-28 23:47:32,2014-03-01 00:07:47,20.2500
1393631283620000570,20000570,A,2014-02-28 23:48:03,2014-03-01 00:11:18,23.2500
1393631393620000310,20000310,B,2014-02-28 23:49:53,2014-03-01 00:00:23,10.5000
1393631466620000179,20000179,A,2014-02-28 23:51:06,2014-03-01 00:10:51,19.7500
1393631585620000333,20000333,C,2014-02-28 23:53:05,2014-03-01 00:11:35,18.5000
1393631593620000624,20000624,B,2014-02-28 23:53:13,2014-03-01 00:02:58,9.7500
1393631600620000067,20000067,B,2014-02-28 23:53:20,2014-03-01 00:09:05,15.7500
1393631616620000129,20000129,C,2014-02-28 23:53:36,2014-03-01 00:04:36,11.0000
1393631627620000031,20000031,B,2014-02-28 23:53:47,2014-03-01 00:04:32,10.7500
1393631647620000108,20000108,B,2014-02-28 23:54:07,2014-03-01 00:03:22,9.2500
1393631678620000011,20000011,B,2014-02-28 23:54:38,2014-03-01 00:04:38,10.0000
1393631690620000598,20000598,C,2014-02-28 23:54:50,2014-03-01 00:19:35,24.7500
1393631713620000005,20000005,A,2014-02-28 23:55:13,2014-03-01 00:06:43,11.5000
1393631743620000657,20000657,C,2014-02-28 23:55:43,2014-03-01 00:07:28,11.7500
1393631764620000472,20000472,B,2014-02-28 23:56:04,2014-03-01 00:01:34,5.5000
1393631770620000509,20000509,C,2014-02-28 23:56:10,2014-03-01 00:00:40,4.5000
1393631796620000450,20000450,B,2014-02-28 23:56:36,2014-03-01 00:05:06,8.5000
1393631797620000188,20000188,B,2014-02-28 23:56:37,2014-03-01 00:02:52,6.2500
1393631847620000561,20000561,C,2014-02-28 23:57:27,2014-03-01 00:10:12,12.7500
1393631865620000085,20000085,B,2014-02-28 23:57:45,2014-03-01 00:20:00,22.2500
1393631890620000004,20000004,B,2014-02-28 23:58:10,2014-03-01 00:04:40,6.5000
1393631897620000022,20000022,B,2014-02-28 23:58:17,2014-03-01 00:22:02,23.7500
1393631916620000540,20000540,B,2014-02-28 23:58:36,2014-03-01 00:07:21,8.7500
1393631919620000328,20000328,B,2014-02-28 23:58:39,2014-03-01 00:04:39,6.0000
1393631943620000012,20000012,C,2014-02-28 23:59:03,2014-03-01 00:10:03,11.0000
1393631995620000620,20000620,B,2014-02-28 23:59:55,2014-03-01 00:18:40,18.7500
1393716453620000395,20000395,C,2014-03-01 23:27:33,2014-03-02 00:42:03,74.5000
1393716751620000074,20000074,C,2014-03-01 23:32:31,2014-03-02 00:03:16,30.7500
1393717304620000190,20000190,B,2014-03-01 23:41:44,2014-03-02 01:05:29,83.7500
1393717624620000620,20000620,C,2014-03-01 23:47:04,2014-03-02 00:00:19,13.2500
1393717751620000333,20000333,C,2014-03-01 23:49:11,2014-03-02 00:01:11,12.0000
1393717802620000081,20000081,A,2014-03-01 23:50:02,2014-03-02 00:06:47,16.7500
1393717816620000591,20000591,C,2014-03-01 23:50:16,2014-03-02 00:24:31,34.2500
1393717844620000337,20000337,C,2014-03-01 23:50:44,2014-03-02 00:00:14,9.5000
1393717852620000356,20000356,C,2014-03-01 23:50:52,2014-03-02 00:02:22,11.5000
1393717887620000105,20000105,A,2014-03-01 23:51:27,2014-03-02 00:01:42,10.2500
1393717964620000618,20000618,C,2014-03-01 23:52:44,2014-03-02 00:00:14,7.5000
1393717986620000251,20000251,A,2014-03-01 23:53:06,2014-03-02 00:01:51,8.7500
1393717996620000004,20000004,B,2014-03-01 23:53:16,2014-03-02 00:04:01,10.7500
1393717999620000542,20000542,A,2014-03-01 23:53:19,2014-03-02 00:01:49,8.5000
1393718036620000597,20000597,C,2014-03-01 23:53:56,2014-03-02 00:30:11,36.2500
1393718050620000157,20000157,C,2014-03-01 23:54:10,2014-03-02 00:08:25,14.2500
1393718070620000192,20000192,C,2014-03-01 23:54:30,2014-03-02 00:12:30,18.0000
1393718081620000051,20000051,A,2014-03-01 23:54:41,2014-03-02 00:03:56,9.2500
1393718088620000453,20000453,C,2014-03-01 23:54:48,2014-03-02 00:19:33,24.7500
1393718156620000554,20000554,C,2014-03-01 23:55:56,2014-03-02 00:05:11,9.2500
1393718162620000045,20000045,B,2014-03-01 23:56:02,2014-03-02 00:02:32,6.5000
1393718162620000546,20000546,B,2014-03-01 23:56:02,2014-03-02 00:11:32,15.5000
1393718170620000904,20000904,B,2014-03-01 23:56:10,2014-03-02 00:01:55,5.7500
1393718214620000359,20000359,C,2014-03-01 23:56:54,2014-03-02 00:03:39,6.7500
1393718220620000695,20000695,C,2014-03-01 23:57:00,2014-03-02 00:05:15,8.2500
1393718233620000067,20000067,C,2014-03-01 23:57:13,2014-03-02 00:03:13,6.0000
1393718273620000488,20000488,A,2014-03-01 23:57:53,2014-03-02 00:00:53,3.0000
1393718291620000370,20000370,B,2014-03-01 23:58:11,2014-03-02 00:07:11,9.0000
1393718313620000624,20000624,C,2014-03-01 23:58:33,2014-03-02 00:07:03,8.5000
1393718317620000321,20000321,B,2014-03-01 23:58:37,2014-03-02 00:04:52,6.2500
1393718335620000372,20000372,A,2014-03-01 23:58:55,2014-03-02 00:13:10,14.2500
1393718343620000520,20000520,A,2014-03-01 23:59:03,2014-03-02 00:14:18,15.2500
1393718351620000196,20000196,A,2014-03-01 23:59:11,2014-03-02 00:06:26,7.2500
1393718351620000260,20000260,A,2014-03-01 23:59:11,2014-03-02 00:02:11,3.0000
1393718377620000108,20000108,C,2014-03-01 23:59:37,2014-03-02 00:07:07,7.5000
1393718389620000403,20000403,B,2014-03-01 23:59:49,2014-03-02 00:07:34,7.7500
1393718395620000309,20000309,A,2014-03-01 23:59:55,2014-03-02 00:03:40,3.7500
1393802626620000621,20000621,C,2014-03-02 23:23:46,2014-03-03 00:44:31,80.7500
1393802985620000129,20000129,B,2014-03-02 23:29:45,2014-03-03 00:02:45,33.0000
1393803620620000057,20000057,A,2014-03-02 23:40:20,2014-03-03 00:03:20,23.0000
1393803868620000570,20000570,C,2014-03-02 23:44:28,2014-03-03 00:03:13,18.7500
1393804204620000154,20000154,A,2014-03-02 23:50:04,2014-03-03 00:01:34,11.5000
1393804654620000007,20000007,B,2014-03-02 23:57:34,2014-03-03 00:10:04,12.5000
1393804666620000119,20000119,A,2014-03-02 23:57:46,2014-03-03 00:04:01,6.2500
1393804672620000525,20000525,C,2014-03-02 23:57:52,2014-03-03 00:05:22,7.5000
1393804680620000008,20000008,B,2014-03-02 23:58:00,2014-03-03 00:11:45,13.7500
1393804701620000610,20000610,C,2014-03-02 23:58:21,2014-03-03 00:15:06,16.7500
1393804788620000473,20000473,B,2014-03-02 23:59:48,2014-03-03 00:50:48,51.0000
1393888710620000446,20000446,B,2014-03-03 23:18:30,2014-03-04 00:20:45,62.2500
1393890318620000497,20000497,A,2014-03-03 23:45:18,2014-03-04 00:18:03,32.7500
1393890377620000167,20000167,C,2014-03-03 23:46:17,2014-03-04 00:03:17,17.0000
1393890726620000120,20000120,B,2014-03-03 23:52:06,2014-03-04 00:06:51,14.7500
1393890727620000184,20000184,A,2014-03-03 23:52:07,2014-03-04 00:01:07,9.0000
1393890767620000178,20000178,B,2014-03-03 23:52:47,2014-03-04 00:04:32,11.7500
1393890831620000239,20000239,C,2014-03-03 23:53:51,2014-03-04 00:07:51,14.0000
1393890880620000451,20000451,C,2014-03-03 23:54:40,2014-03-04 00:09:10,14.5000
1393890922620000067,20000067,A,2014-03-03 23:55:22,2014-03-04 00:06:52,11.5000
1393891011620000269,20000269,C,2014-03-03 23:56:51,2014-03-04 00:08:21,11.5000
1393891047620000173,20000173,B,2014-03-03 23:57:27,2014-03-04 00:04:12,6.7500
1393891071620000610,20000610,C,2014-03-03 23:57:51,2014-03-04 00:14:51,17.0000
1393891081620000619,20000619,A,2014-03-03 23:58:01,2014-03-04 00:11:16,13.2500
1393891113620000649,20000649,A,2014-03-03 23:58:33,2014-03-04 00:06:03,7.5000
1393891182620000268,20000268,B,2014-03-03 23:59:42,2014-03-04 00:10:42,11.0000
1393891196620000119,20000119,B,2014-03-03 23:59:56,2014-03-04 00:13:56,14.0000
1393976402620000598,20000598,C,2014-03-04 23:40:02,2014-03-05 00:07:47,27.7500
1393977307620000303,20000303,C,2014-03-04 23:55:07,2014-03-05 00:04:07,9.0000
1393977318620000403,20000403,B,2014-03-04 23:55:18,2014-03-05 00:00:03,4.7500
1393977363620000454,20000454,B,2014-03-04 23:56:03,2014-03-05 00:02:18,6.2500
1393977384620000570,20000570,B,2014-03-04 23:56:24,2014-03-05 00:03:09,6.7500
1393977401620000171,20000171,C,2014-03-04 23:56:41,2014-03-05 00:06:41,10.0000
1393977403620000345,20000345,B,2014-03-04 23:56:43,2014-03-05 00:23:13,26.5000
1393977408620000003,20000003,A,2014-03-04 23:56:48,2014-03-05 00:16:33,19.7500
1393977456620000446,20000446,B,2014-03-04 23:57:36,2014-03-05 00:09:36,12.0000
1393977576620000045,20000045,B,2014-03-04 23:59:36,2014-03-05 00:03:51,4.2500
1393977583620000066,20000066,B,2014-03-04 23:59:43,2014-03-05 00:01:58,2.2500
1394058938620000009,20000009,C,2014-03-05 22:35:38,2014-03-06 00:01:38,86.0000
1394061113620000904,20000904,B,2014-03-05 23:11:53,2014-03-06 00:11:38,59.7500
1394061247620000574,20000574,B,2014-03-05 23:14:07,2014-03-06 00:04:07,50.0000
1394062653620000662,20000662,A,2014-03-05 23:37:33,2014-03-06 00:00:03,22.5000
1394062978620000598,20000598,C,2014-03-05 23:42:58,2014-03-06 00:05:28,22.5000
1394063021620000304,20000304,C,2014-03-05 23:43:41,2014-03-06 00:01:11,17.5000
1394063514620000363,20000363,A,2014-03-05 23:51:54,2014-03-06 00:00:39,8.7500
1394063629620000161,20000161,B,2014-03-05 23:53:49,2014-03-06 00:04:19,10.5000
1394063633620000424,20000424,A,2014-03-05 23:53:53,2014-03-06 00:04:53,11.0000
1394063717620000430,20000430,A,2014-03-05 23:55:17,2014-03-06 00:08:17,13.0000
1394063786620000610,20000610,C,2014-03-05 23:56:26,2014-03-06 00:13:41,17.2500
1394063818620000008,20000008,B,2014-03-05 23:56:58,2014-03-06 00:03:58,7.0000
1394063836620000435,20000435,C,2014-03-05 23:57:16,2014-03-06 00:25:01,27.7500
1394063850620000333,20000333,A,2014-03-05 23:57:30,2014-03-06 00:10:00,12.5000
1394063930620000233,20000233,B,2014-03-05 23:58:50,2014-03-06 00:01:05,2.2500
1394063956620000529,20000529,C,2014-03-05 23:59:16,2014-03-06 00:13:31,14.2500
1394063962620000179,20000179,B,2014-03-05 23:59:22,2014-03-06 00:14:37,15.2500
1394063983620000657,20000657,B,2014-03-05 23:59:43,2014-03-06 00:10:13,10.5000
1394063989620000436,20000436,B,2014-03-05 23:59:49,2014-03-06 00:08:34,8.7500
1394144132620000305,20000305,C,2014-03-06 22:15:32,2014-03-07 00:02:47,107.2500
1394145837620000692,20000692,C,2014-03-06 22:43:57,2014-03-07 01:17:27,153.5000
1394147640620000446,20000446,B,2014-03-06 23:14:00,2014-03-07 00:08:45,54.7500
1394149713620000626,20000626,B,2014-03-06 23:48:33,2014-03-07 00:02:03,13.5000
1394149917620000337,20000337,C,2014-03-06 23:51:57,2014-03-07 00:01:57,10.0000
1394149989620000600,20000600,A,2014-03-06 23:53:09,2014-03-07 00:10:39,17.5000
1394150034620000356,20000356,B,2014-03-06 23:53:54,2014-03-07 00:01:24,7.5000
1394150035620000574,20000574,C,2014-03-06 23:53:55,2014-03-07 00:11:25,17.5000
1394150068620000006,20000006,B,2014-03-06 23:54:28,2014-03-07 00:05:58,11.5000
1394150095620000487,20000487,B,2014-03-06 23:54:55,2014-03-07 00:00:10,5.2500
1394150252620000486,20000486,B,2014-03-06 23:57:32,2014-03-07 00:07:47,10.2500
1394150269620000364,20000364,C,2014-03-06 23:57:49,2014-03-07 00:02:49,5.0000
1394150288620000308,20000308,B,2014-03-06 23:58:08,2014-03-07 00:00:23,2.2500
1394232261620000009,20000009,C,2014-03-07 22:44:21,2014-03-08 00:06:06,81.7500
1394236037620000004,20000004,B,2014-03-07 23:47:17,2014-03-08 00:07:47,20.5000
1394236084620000351,20000351,C,2014-03-07 23:48:04,2014-03-08 00:03:19,15.2500
1394236108620000233,20000233,B,2014-03-07 23:48:28,2014-03-08 00:02:13,13.7500
1394236275620000010,20000010,A,2014-03-07 23:51:15,2014-03-08 00:01:45,10.5000
1394236278620000904,20000904,B,2014-03-07 23:51:18,2014-03-08 00:00:18,9.0000
1394236300620000363,20000363,A,2014-03-07 23:51:40,2014-03-08 00:03:25,11.7500
1394236383620000188,20000188,A,2014-03-07 23:53:03,2014-03-08 00:03:48,10.7500
1394236396620000307,20000307,B,2014-03-07 23:53:16,2014-03-08 00:04:01,10.7500
1394236410620000343,20000343,A,2014-03-07 23:53:30,2014-03-08 00:06:15,12.7500
1394236441620000651,20000651,A,2014-03-07 23:54:01,2014-03-08 00:10:31,16.5000
1394236450620000419,20000419,A,2014-03-07 23:54:10,2014-03-08 00:02:40,8.5000
1394236464620000588,20000588,A,2014-03-07 23:54:24,2014-03-08 00:06:39,12.2500
1394236473620000231,20000231,C,2014-03-07 23:54:33,2014-03-08 00:09:48,15.2500
1394236473620000901,20000901,C,2014-03-07 23:54:33,2014-03-08 00:09:48,15.2500
1394236486620000054,20000054,B,2014-03-07 23:54:46,2014-03-08 00:02:01,7.2500
1394236494620000116,20000116,B,2014-03-07 23:54:54,2014-03-08 00:03:39,8.7500
1394236496620000285,20000285,B,2014-03-07 23:54:56,2014-03-08 00:02:26,7.5000
1394236620620000482,20000482,B,2014-03-07 23:57:00,2014-03-08 00:01:15,4.2500
1394236635620000620,20000620,B,2014-03-07 23:57:15,2014-03-08 00:17:30,20.2500
1394236693620000309,20000309,B,2014-03-07 23:58:13,2014-03-08 00:06:43,8.5000
1394236791620000108,20000108,B,2014-03-07 23:59:51,2014-03-08 00:08:36,8.7500
1394321709620000119,20000119,A,2014-03-08 23:35:09,2014-03-09 00:02:39,27.5000
1394322037620000450,20000450,A,2014-03-08 23:40:37,2014-03-09 00:10:37,30.0000
1394322313620000345,20000345,C,2014-03-08 23:45:13,2014-03-09 00:18:13,33.0000
1394322335620000554,20000554,C,2014-03-08 23:45:35,2014-03-09 00:01:05,15.5000
1394322341620000058,20000058,B,2014-03-08 23:45:41,2014-03-09 00:10:11,24.5000
1394322360620000057,20000057,A,2014-03-08 23:46:00,2014-03-09 00:12:15,26.2500
1394322475620000239,20000239,C,2014-03-08 23:47:55,2014-03-09 00:00:40,12.7500
1394322478620000160,20000160,A,2014-03-08 23:47:58,2014-03-09 00:05:58,18.0000
1394322638620000280,20000280,B,2014-03-08 23:50:38,2014-03-09 00:00:08,9.5000
1394322658620000455,20000455,A,2014-03-08 23:50:58,2014-03-09 00:01:28,10.5000
1394322660620000514,20000514,B,2014-03-08 23:51:00,2014-03-09 00:02:45,11.7500
1394322734620000015,20000015,B,2014-03-08 23:52:14,2014-03-09 00:03:14,11.0000
1394322792620000288,20000288,C,2014-03-08 23:53:12,2014-03-09 00:25:12,32.0000
1394322820620000653,20000653,C,2014-03-08 23:53:40,2014-03-09 00:08:40,15.0000
1394322829620000161,20000161,A,2014-03-08 23:53:49,2014-03-09 00:04:49,11.0000
1394322838620000625,20000625,A,2014-03-08 23:53:58,2014-03-09 00:00:13,6.2500
1394322877620000576,20000576,B,2014-03-08 23:54:37,2014-03-09 00:04:22,9.7500
1394322884620000436,20000436,B,2014-03-08 23:54:44,2014-03-09 00:16:29,21.7500
1394322888620000561,20000561,A,2014-03-08 23:54:48,2014-03-09 00:07:03,12.2500
1394322891620000662,20000662,B,2014-03-08 23:54:51,2014-03-09 00:04:36,9.7500
1394322899620000503,20000503,C,2014-03-08 23:54:59,2014-03-09 00:10:29,15.5000
1394322949620000482,20000482,C,2014-03-08 23:55:49,2014-03-09 00:03:49,8.0000
1394322957620000089,20000089,C,2014-03-08 23:55:57,2014-03-09 00:01:27,5.5000
1394323018620000403,20000403,C,2014-03-08 23:56:58,2014-03-09 00:08:58,12.0000
1394323024620000353,20000353,A,2014-03-08 23:57:04,2014-03-09 00:08:49,11.7500
1394323046620000054,20000054,B,2014-03-08 23:57:26,2014-03-09 00:05:26,8.0000
1394323049620000591,20000591,B,2014-03-08 23:57:29,2014-03-09 00:01:29,4.0000
1394323052620000333,20000333,A,2014-03-08 23:57:32,2014-03-09 00:17:32,20.0000
1394323066620000105,20000105,B,2014-03-08 23:57:46,2014-03-09 00:07:16,9.5000
1394323102620000031,20000031,B,2014-03-08 23:58:22,2014-03-09 00:11:37,13.2500
1394323104620000589,20000589,B,2014-03-08 23:58:24,2014-03-09 00:04:24,6.0000
1394323118620000423,20000423,A,2014-03-08 23:58:38,2014-03-09 00:12:53,14.2500
1394323122620000467,20000467,C,2014-03-08 23:58:42,2014-03-09 00:09:42,11.0000
1394323151620000518,20000518,B,2014-03-08 23:59:11,2014-03-09 00:10:11,11.0000
1394323155620000612,20000612,B,2014-03-08 23:59:15,2014-03-09 00:10:00,10.7500
1394323159620000640,20000640,C,2014-03-08 23:59:19,2014-03-09 00:00:19,1.0000
1394323189620000304,20000304,C,2014-03-08 23:59:49,2014-03-09 00:21:49,22.0000
1394404926620000009,20000009,C,2014-03-09 22:42:06,2014-03-10 00:51:06,129.0000
1394409070620000653,20000653,C,2014-03-09 23:51:10,2014-03-10 00:02:25,11.2500
1394409102620000574,20000574,C,2014-03-09 23:51:42,2014-03-10 00:42:42,51.0000
1394409164620000196,20000196,B,2014-03-09 23:52:44,2014-03-10 00:00:29,7.7500
1394409166620000617,20000617,B,2014-03-09 23:52:46,2014-03-10 00:05:01,12.2500
1394409190620000688,20000688,C,2014-03-09 23:53:10,2014-03-10 00:01:25,8.2500
1394409242620000554,20000554,B,2014-03-09 23:54:02,2014-03-10 00:12:02,18.0000
1394409406620000476,20000476,B,2014-03-09 23:56:46,2014-03-10 00:02:16,5.5000
1394409410620000589,20000589,C,2014-03-09 23:56:50,2014-03-10 00:05:35,8.7500
1394493799620000252,20000252,C,2014-03-10 23:23:19,2014-03-11 00:24:34,61.2500
1394495450620000612,20000612,B,2014-03-10 23:50:50,2014-03-11 00:00:50,10.0000
1394495521620000488,20000488,A,2014-03-10 23:52:01,2014-03-11 00:02:31,10.5000
1394495673620000648,20000648,B,2014-03-10 23:54:33,2014-03-11 00:06:33,12.0000
1394495695620000672,20000672,B,2014-03-10 23:54:55,2014-03-11 00:07:55,13.0000
1394495783620000359,20000359,A,2014-03-10 23:56:23,2014-03-11 00:03:53,7.5000
1394495794620000529,20000529,C,2014-03-10 23:56:34,2014-03-11 00:14:04,17.5000
1394495795620000012,20000012,C,2014-03-10 23:56:35,2014-03-11 00:10:35,14.0000
1394495804620000509,20000509,C,2014-03-10 23:56:44,2014-03-11 00:00:44,4.0000
1394495807620000574,20000574,C,2014-03-10 23:56:47,2014-03-11 00:13:47,17.0000
1394495824620000197,20000197,A,2014-03-10 23:57:04,2014-03-11 00:01:19,4.2500
1394578156620000009,20000009,C,2014-03-11 22:49:16,2014-03-12 00:15:16,86.0000
1394580173620000360,20000360,C,2014-03-11 23:22:53,2014-03-12 00:01:38,38.7500
1394581069620000497,20000497,A,2014-03-11 23:37:49,2014-03-12 00:21:04,43.2500
1394581583620000387,20000387,A,2014-03-11 23:46:23,2014-03-12 00:01:08,14.7500
1394581683620000486,20000486,C,2014-03-11 23:48:03,2014-03-12 00:28:33,40.5000
1394581753620000216,20000216,A,2014-03-11 23:49:13,2014-03-12 00:01:58,12.7500
1394581755620000372,20000372,A,2014-03-11 23:49:15,2014-03-12 00:04:45,15.5000
1394581774620000031,20000031,A,2014-03-11 23:49:34,2014-03-12 00:01:34,12.0000
1394581847620000268,20000268,B,2014-03-11 23:50:47,2014-03-12 00:00:02,9.2500
1394581954620000332,20000332,A,2014-03-11 23:52:34,2014-03-12 00:19:34,27.0000
1394581989620000066,20000066,C,2014-03-11 23:53:09,2014-03-12 00:12:09,19.0000
1394582048620000304,20000304,C,2014-03-11 23:54:08,2014-03-12 00:08:53,14.7500
1394582062620000192,20000192,A,2014-03-11 23:54:22,2014-03-12 00:00:37,6.2500
1394582064620000610,20000610,A,2014-03-11 23:54:24,2014-03-12 00:01:54,7.5000
1394582078620000621,20000621,A,2014-03-11 23:54:38,2014-03-12 00:03:08,8.5000
1394582192620000004,20000004,B,2014-03-11 23:56:32,2014-03-12 00:02:47,6.2500
1394582199620000345,20000345,B,2014-03-11 23:56:39,2014-03-12 00:01:54,5.2500
1394582227620000632,20000632,A,2014-03-11 23:57:07,2014-03-12 00:03:37,6.5000
1394582249620000653,20000653,C,2014-03-11 23:57:29,2014-03-12 00:24:29,27.0000
1394582304620000467,20000467,C,2014-03-11 23:58:24,2014-03-12 00:06:39,8.2500
1394582323620000010,20000010,A,2014-03-11 23:58:43,2014-03-12 00:06:43,8.0000
1394582345620000525,20000525,A,2014-03-11 23:59:05,2014-03-12 00:02:50,3.7500
1394664387620000009,20000009,C,2014-03-12 22:46:27,2014-03-13 00:00:27,74.0000
1394667442620000574,20000574,C,2014-03-12 23:37:22,2014-03-13 00:02:07,24.7500
1394667594620000042,20000042,B,2014-03-12 23:39:54,2014-03-13 00:18:54,39.0000
1394667598620000423,20000423,B,2014-03-12 23:39:58,2014-03-13 00:17:28,37.5000
1394667926620000688,20000688,C,2014-03-12 23:45:26,2014-03-13 00:02:11,16.7500
1394668087620000309,20000309,B,2014-03-12 23:48:07,2014-03-13 00:01:37,13.5000
1394668088620000297,20000297,C,2014-03-12 23:48:08,2014-03-13 00:04:08,16.0000
1394668181620000345,20000345,B,2014-03-12 23:49:41,2014-03-13 00:01:11,11.5000
1394668259620000233,20000233,C,2014-03-12 23:50:59,2014-03-13 00:03:44,12.7500
1394668394620000007,20000007,B,2014-03-12 23:53:14,2014-03-13 00:02:44,9.5000
1394668466620000586,20000586,B,2014-03-12 23:54:26,2014-03-13 00:00:56,6.5000
1394668472620000307,20000307,C,2014-03-12 23:54:32,2014-03-13 00:07:32,13.0000
1394668491620000529,20000529,C,2014-03-12 23:54:51,2014-03-13 00:03:21,8.5000
1394668498620000409,20000409,C,2014-03-12 23:54:58,2014-03-13 00:03:58,9.0000
1394668552620000112,20000112,A,2014-03-12 23:55:52,2014-03-13 00:06:22,10.5000
1394668694620000472,20000472,C,2014-03-12 23:58:14,2014-03-13 00:08:29,10.2500
1394668703620000621,20000621,B,2014-03-12 23:58:23,2014-03-13 00:04:23,6.0000
1394668707620000648,20000648,B,2014-03-12 23:58:27,2014-03-13 00:02:12,3.7500
1394668709620000388,20000388,B,2014-03-12 23:58:29,2014-03-13 00:03:44,5.2500
1394668731620000120,20000120,B,2014-03-12 23:58:51,2014-03-13 00:09:36,10.7500
1394668737620000101,20000101,B,2014-03-12 23:58:57,2014-03-13 00:09:12,10.2500
1394668789620000324,20000324,C,2014-03-12 23:59:49,2014-03-13 00:35:49,36.0000
1394753912620000472,20000472,B,2014-03-13 23:38:32,2014-03-14 00:09:47,31.2500
1394754306620000171,20000171,C,2014-03-13 23:45:06,2014-03-14 00:12:21,27.2500
1394754809620000347,20000347,C,2014-03-13 23:53:29,2014-03-14 00:04:29,11.0000
1394754863620000364,20000364,B,2014-03-13 23:54:23,2014-03-14 00:03:08,8.7500
1394754881620000015,20000015,A,2014-03-13 23:54:41,2014-03-14 00:16:41,22.0000
1394754900620000625,20000625,B,2014-03-13 23:55:00,2014-03-14 00:01:30,6.5000
1394754923620000101,20000101,B,2014-03-13 23:55:23,2014-03-14 00:01:23,6.0000
1394754927620000542,20000542,B,2014-03-13 23:55:27,2014-03-14 00:05:27,10.0000
1394754935620000662,20000662,C,2014-03-13 23:55:35,2014-03-14 00:09:05,13.5000
1394754945620000179,20000179,C,2014-03-13 23:55:45,2014-03-14 00:18:45,23.0000
1394755047620000307,20000307,C,2014-03-13 23:57:27,2014-03-14 00:04:57,7.5000
1394755049620000006,20000006,A,2014-03-13 23:57:29,2014-03-14 00:11:44,14.2500
1394755173620000252,20000252,C,2014-03-13 23:59:33,2014-03-14 00:14:33,15.0000
1394837271620000338,20000338,C,2014-03-14 22:47:51,2014-03-15 00:08:36,80.7500
1394840387620000129,20000129,C,2014-03-14 23:39:47,2014-03-15 00:04:47,25.0000
1394840662620000233,20000233,B,2014-03-14 23:44:22,2014-03-15 00:14:22,30.0000
1394840690620000111,20000111,B,2014-03-14 23:44:50,2014-03-15 00:30:35,45.7500
1394840850620000529,20000529,C,2014-03-14 23:47:30,2014-03-15 00:04:30,17.0000
1394840967620000105,20000105,C,2014-03-14 23:49:27,2014-03-15 00:08:42,19.2500
1394841003620000321,20000321,A,2014-03-14 23:50:03,2014-03-15 00:05:03,15.0000
1394841080620000178,20000178,B,2014-03-14 23:51:20,2014-03-15 00:00:05,8.7500
1394841080620000692,20000692,C,2014-03-14 23:51:20,2014-03-15 00:04:20,13.0000
1394841111620000190,20000190,B,2014-03-14 23:51:51,2014-03-15 00:25:21,33.5000
1394841122620000356,20000356,A,2014-03-14 23:52:02,2014-03-15 00:02:32,10.5000
1394841155620000372,20000372,A,2014-03-14 23:52:35,2014-03-15 00:03:20,10.7500
1394841188620000520,20000520,A,2014-03-14 23:53:08,2014-03-15 00:02:23,9.2500
1394841226620000588,20000588,A,2014-03-14 23:53:46,2014-03-15 00:02:16,8.5000
1394841307620000260,20000260,A,2014-03-14 23:55:07,2014-03-15 00:08:52,13.7500
1394841308620000092,20000092,B,2014-03-14 23:55:08,2014-03-15 00:03:53,8.7500
1394841315620000574,20000574,C,2014-03-14 23:55:15,2014-03-15 00:02:45,7.5000
1394841352620000042,20000042,B,2014-03-14 23:55:52,2014-03-15 00:06:07,10.2500
1394841395620000554,20000554,A,2014-03-14 23:56:35,2014-03-15 00:07:05,10.5000
1394841420620000333,20000333,A,2014-03-14 23:57:00,2014-03-15 00:03:30,6.5000
1394841456620000488,20000488,B,2014-03-14 23:57:36,2014-03-15 00:04:51,7.2500
1394841488620000030,20000030,B,2014-03-14 23:58:08,2014-03-15 00:08:53,10.7500
1394841511620000364,20000364,A,2014-03-14 23:58:31,2014-03-15 00:22:46,24.2500
1394841528620000904,20000904,B,2014-03-14 23:58:48,2014-03-15 00:08:18,9.5000
1394841534620000154,20000154,B,2014-03-14 23:58:54,2014-03-15 00:09:39,10.7500
1394841549620000011,20000011,C,2014-03-14 23:59:09,2014-03-15 00:34:24,35.2500
1394841563620000435,20000435,B,2014-03-14 23:59:23,2014-03-15 00:02:23,3.0000
1394841583620000476,20000476,C,2014-03-14 23:59:43,2014-03-15 00:05:28,5.7500
1394841598620000160,20000160,A,2014-03-14 23:59:58,2014-03-15 00:11:58,12.0000
1394923527620000009,20000009,C,2014-03-15 22:45:27,2014-03-16 00:47:27,122.0000
1394926208620000617,20000617,C,2014-03-15 23:30:08,2014-03-16 00:03:23,33.2500
1394926926620000601,20000601,C,2014-03-15 23:42:06,2014-03-16 00:11:21,29.2500
1394927243620000434,20000434,B,2014-03-15 23:47:23,2014-03-16 00:04:08,16.7500
1394927327620000004,20000004,B,2014-03-15 23:48:47,2014-03-16 00:01:02,12.2500
1394927346620000453,20000453,B,2014-03-15 23:49:06,2014-03-16 00:00:21,11.2500
1394927470620000467,20000467,C,2014-03-15 23:51:10,2014-03-16 00:01:55,10.7500
1394927514620000473,20000473,B,2014-03-15 23:51:54,2014-03-16 00:00:39,8.7500
1394927575620000554,20000554,C,2014-03-15 23:52:55,2014-03-16 00:07:40,14.7500
1394927591620000231,20000231,B,2014-03-15 23:53:11,2014-03-16 00:00:26,7.2500
1394927593620000337,20000337,C,2014-03-15 23:53:13,2014-03-16 00:20:43,27.5000
1394927630620000370,20000370,A,2014-03-15 23:53:50,2014-03-16 00:03:50,10.0000
1394927641620000518,20000518,A,2014-03-15 23:54:01,2014-03-16 00:03:16,9.2500
1394927684620000269,20000269,A,2014-03-15 23:54:44,2014-03-16 00:06:29,11.7500
1394927724620000216,20000216,A,2014-03-15 23:55:24,2014-03-16 00:00:24,5.0000
1394927742620000435,20000435,A,2014-03-15 23:55:42,2014-03-16 00:09:12,13.5000
1394927751620000653,20000653,C,2014-03-15 23:55:51,2014-03-16 00:02:51,7.0000
1394927793620000450,20000450,C,2014-03-15 23:56:33,2014-03-16 00:06:48,10.2500
1394927837620000424,20000424,C,2014-03-15 23:57:17,2014-03-16 00:07:17,10.0000
1394927914620000621,20000621,C,2014-03-15 23:58:34,2014-03-16 00:09:49,11.2500
1394927925620000042,20000042,B,2014-03-15 23:58:45,2014-03-16 00:07:00,8.2500
1394927954620000092,20000092,B,2014-03-15 23:59:14,2014-03-16 00:04:14,5.0000
1394927979620000288,20000288,C,2014-03-15 23:59:39,2014-03-16 00:26:09,26.5000
1394927984620000540,20000540,B,2014-03-15 23:59:44,2014-03-16 00:07:59,8.2500
1395012663620000574,20000574,B,2014-03-16 23:31:03,2014-03-17 00:55:18,84.2500
1395013855620000456,20000456,C,2014-03-16 23:50:55,2014-03-17 00:02:25,11.5000
1395014058620000004,20000004,B,2014-03-16 23:54:18,2014-03-17 00:07:03,12.7500
1395014118620000621,20000621,B,2014-03-16 23:55:18,2014-03-17 00:00:18,5.0000
1395014130620000672,20000672,B,2014-03-16 23:55:30,2014-03-17 00:06:30,11.0000
1395014169620000129,20000129,B,2014-03-16 23:56:09,2014-03-17 00:06:09,10.0000
1395014173620000195,20000195,B,2014-03-16 23:56:13,2014-03-17 00:09:43,13.5000
1395014303620000662,20000662,C,2014-03-16 23:58:23,2014-03-17 00:13:08,14.7500
1395014326620000201,20000201,C,2014-03-16 23:58:46,2014-03-17 00:10:46,12.0000
1395014366620000197,20000197,B,2014-03-16 23:59:26,2014-03-17 00:13:11,13.7500
1395014393620000640,20000640,C,2014-03-16 23:59:53,2014-03-17 00:19:23,19.5000
1395081407620000904,20000904,C,2014-03-17 18:36:47,2014-03-18 06:01:17,684.5000
1395100012620000263,20000263,C,2014-03-17 23:46:52,2014-03-18 00:01:07,14.2500
1395100379620000434,20000434,C,2014-03-17 23:52:59,2014-03-18 00:02:59,10.0000
1395100419620000626,20000626,B,2014-03-17 23:53:39,2014-03-18 00:02:09,8.5000
1395100428620000367,20000367,A,2014-03-17 23:53:48,2014-03-18 00:02:03,8.2500
1395100617620000529,20000529,C,2014-03-17 23:56:57,2014-03-18 00:00:57,4.0000
1395100620620000424,20000424,B,2014-03-17 23:57:00,2014-03-18 00:11:30,14.5000
1395100671620000640,20000640,B,2014-03-17 23:57:51,2014-03-18 00:01:51,4.0000
1395100726620000540,20000540,A,2014-03-17 23:58:46,2014-03-18 00:04:46,6.0000
1395184515620000036,20000036,C,2014-03-18 23:15:15,2014-03-19 00:23:15,68.0000
1395185215620000338,20000338,C,2014-03-18 23:26:55,2014-03-19 01:06:55,100.0000
1395186362620000321,20000321,A,2014-03-18 23:46:02,2014-03-19 00:01:32,15.5000
1395186372620000263,20000263,C,2014-03-18 23:46:12,2014-03-19 00:02:27,16.2500
1395186548620000577,20000577,C,2014-03-18 23:49:08,2014-03-19 00:08:23,19.2500
1395186693620000455,20000455,C,2014-03-18 23:51:33,2014-03-19 00:03:18,11.7500
1395186705620000671,20000671,C,2014-03-18 23:51:45,2014-03-19 00:21:45,30.0000
1395186719620000472,20000472,B,2014-03-18 23:51:59,2014-03-19 00:02:44,10.7500
1395186720620000540,20000540,C,2014-03-18 23:52:00,2014-03-19 00:03:15,11.2500
1395186722620000360,20000360,C,2014-03-18 23:52:02,2014-03-19 00:17:32,25.5000
1395186920620000392,20000392,B,2014-03-18 23:55:20,2014-03-19 00:06:35,11.2500
1395186926620000328,20000328,B,2014-03-18 23:55:26,2014-03-19 00:00:41,5.2500
1395186961620000351,20000351,B,2014-03-18 23:56:01,2014-03-19 00:03:16,7.2500
1395186999620000060,20000060,C,2014-03-18 23:56:39,2014-03-19 00:11:24,14.7500
1395187015620000467,20000467,C,2014-03-18 23:56:55,2014-03-19 00:10:10,13.2500
1395187046620000600,20000600,C,2014-03-18 23:57:26,2014-03-19 00:01:41,4.2500
1395187068620000520,20000520,A,2014-03-18 23:57:48,2014-03-19 00:04:48,7.0000
1395187189620000395,20000395,C,2014-03-18 23:59:49,2014-03-19 00:11:49,12.0000
1395269471620000009,20000009,C,2014-03-19 22:51:11,2014-03-20 00:20:26,89.2500
1395272899620000089,20000089,B,2014-03-19 23:48:19,2014-03-20 00:01:34,13.2500
1395273243620000338,20000338,B,2014-03-19 23:54:03,2014-03-20 00:00:18,6.2500
1395273302620000006,20000006,B,2014-03-19 23:55:02,2014-03-20 00:05:47,10.7500
1395273332620000625,20000625,B,2014-03-19 23:55:32,2014-03-20 00:03:02,7.5000
1395273350620000192,20000192,B,2014-03-19 23:55:50,2014-03-20 00:04:20,8.5000
1395273439620000295,20000295,B,2014-03-19 23:57:19,2014-03-20 00:02:34,5.2500
1395273457620000446,20000446,B,2014-03-19 23:57:37,2014-03-20 00:10:22,12.7500
1395273464620000370,20000370,B,2014-03-19 23:57:44,2014-03-20 00:06:14,8.5000
1395273477620000012,20000012,B,2014-03-19 23:57:57,2014-03-20 00:06:57,9.0000
1395273490620000304,20000304,C,2014-03-19 23:58:10,2014-03-20 00:15:25,17.2500
1395273509620000057,20000057,A,2014-03-19 23:58:29,2014-03-20 00:16:44,18.2500
1395357969620000305,20000305,C,2014-03-20 23:26:09,2014-03-21 00:05:09,39.0000
1395359108620000334,20000334,C,2014-03-20 23:45:08,2014-03-21 00:03:08,18.0000
1395359143620000007,20000007,B,2014-03-20 23:45:43,2014-03-21 01:15:43,90.0000
1395359250620000409,20000409,B,2014-03-20 23:47:30,2014-03-21 00:06:30,19.0000
1395359299620000004,20000004,B,2014-03-20 23:48:19,2014-03-21 00:00:19,12.0000
1395359610620000649,20000649,B,2014-03-20 23:53:30,2014-03-21 00:03:15,9.7500
1395359618620000010,20000010,A,2014-03-20 23:53:38,2014-03-21 00:01:08,7.5000
1395359619620000011,20000011,B,2014-03-20 23:53:39,2014-03-21 00:00:09,6.5000
1395359649620000249,20000249,B,2014-03-20 23:54:09,2014-03-21 00:10:24,16.2500
1395359721620000574,20000574,C,2014-03-20 23:55:21,2014-03-21 00:03:36,8.2500
1395359738620000066,20000066,B,2014-03-20 23:55:38,2014-03-21 00:04:08,8.5000
1395359755620000662,20000662,B,2014-03-20 23:55:55,2014-03-21 00:01:55,6.0000
1395359774620000617,20000617,A,2014-03-20 23:56:14,2014-03-21 00:10:59,14.7500
1395359792620000216,20000216,A,2014-03-20 23:56:32,2014-03-21 00:00:17,3.7500
1395359809620000488,20000488,A,2014-03-20 23:56:49,2014-03-21 00:03:04,6.2500
1395359851620000548,20000548,B,2014-03-20 23:57:31,2014-03-21 00:02:16,4.7500
1395359856620000672,20000672,B,2014-03-20 23:57:36,2014-03-21 00:05:51,8.2500
1395359975620000324,20000324,C,2014-03-20 23:59:35,2014-03-21 00:11:35,12.0000
1395441923620000009,20000009,C,2014-03-21 22:45:23,2014-03-22 00:34:53,109.5000
1395441973620000179,20000179,C,2014-03-21 22:46:13,2014-03-22 00:08:28,82.2500
1395444071620000074,20000074,C,2014-03-21 23:21:11,2014-03-22 00:01:56,40.7500
1395445257620000011,20000011,C,2014-03-21 23:40:57,2014-03-22 00:00:12,19.2500
1395445519620000199,20000199,B,2014-03-21 23:45:19,2014-03-22 00:31:34,46.2500
1395445660620000129,20000129,C,2014-03-21 23:47:40,2014-03-22 00:01:25,13.7500
1395445795620000540,20000540,A,2014-03-21 23:49:55,2014-03-22 00:02:10,12.2500
1395445836620000395,20000395,C,2014-03-21 23:50:36,2014-03-22 00:11:51,21.2500
1395445878620000260,20000260,A,2014-03-21 23:51:18,2014-03-22 00:00:03,8.7500
1395445945620000370,20000370,A,2014-03-21 23:52:25,2014-03-22 00:00:40,8.2500
1395445955620000233,20000233,B,2014-03-21 23:52:35,2014-03-22 00:01:20,8.7500
1395445971620000325,20000325,C,2014-03-21 23:52:51,2014-03-22 00:00:06,7.2500
1395445980620000142,20000142,B,2014-03-21 23:53:00,2014-03-22 00:03:00,10.0000
1395446022620000251,20000251,A,2014-03-21 23:53:42,2014-03-22 00:07:27,13.7500
1395446060620000435,20000435,C,2014-03-21 23:54:20,2014-03-22 00:03:50,9.5000
1395446106620000421,20000421,A,2014-03-21 23:55:06,2014-03-22 00:02:21,7.2500
1395446185620000196,20000196,B,2014-03-21 23:56:25,2014-03-22 00:02:10,5.7500
1395446205620000307,20000307,C,2014-03-21 23:56:45,2014-03-22 00:04:45,8.0000
1395446210620000456,20000456,C,2014-03-21 23:56:50,2014-03-22 00:12:35,15.7500
1395446211620000403,20000403,C,2014-03-21 23:56:51,2014-03-22 00:10:51,14.0000
1395446237620000625,20000625,B,2014-03-21 23:57:17,2014-03-22 00:08:47,11.5000
1395446265620000271,20000271,B,2014-03-21 23:57:45,2014-03-22 00:07:15,9.5000
1395446273620000662,20000662,B,2014-03-21 23:57:53,2014-03-22 00:07:38,9.7500
1395446291620000473,20000473,B,2014-03-21 23:58:11,2014-03-22 00:07:11,9.0000
1395446294620000060,20000060,C,2014-03-21 23:58:14,2014-03-22 00:21:44,23.5000
1395446298620000509,20000509,A,2014-03-21 23:58:18,2014-03-22 00:10:48,12.5000
1395446382620000031,20000031,A,2014-03-21 23:59:42,2014-03-22 00:08:12,8.5000
1395528229620000009,20000009,C,2014-03-22 22:43:49,2014-03-23 00:11:04,87.2500
1395530876620000252,20000252,C,2014-03-22 23:27:56,2014-03-23 00:06:41,38.7500
1395530950620000129,20000129,C,2014-03-22 23:29:10,2014-03-23 00:20:25,51.2500
1395531952620000591,20000591,C,2014-03-22 23:45:52,2014-03-23 00:01:37,15.7500
1395532143620000012,20000012,A,2014-03-22 23:49:03,2014-03-23 00:00:48,11.7500
1395532187620000649,20000649,A,2014-03-22 23:49:47,2014-03-23 00:16:17,26.5000
1395532225620000279,20000279,B,2014-03-22 23:50:25,2014-03-23 00:00:10,9.7500
1395532241620000060,20000060,A,2014-03-22 23:50:41,2014-03-23 00:06:56,16.2500
1395532246620000216,20000216,A,2014-03-22 23:50:46,2014-03-23 00:10:46,20.0000
1395532266620000120,20000120,A,2014-03-22 23:51:06,2014-03-23 00:06:06,15.0000
1395532274620000540,20000540,C,2014-03-22 23:51:14,2014-03-23 00:13:59,22.7500
1395532280620000255,20000255,A,2014-03-22 23:51:20,2014-03-23 00:10:35,19.2500
1395532282620000688,20000688,A,2014-03-22 23:51:22,2014-03-23 00:08:22,17.0000
1395532490620000362,20000362,B,2014-03-22 23:54:50,2014-03-23 00:04:05,9.2500
1395532562620000509,20000509,B,2014-03-22 23:56:02,2014-03-23 00:07:02,11.0000
1395532565620000353,20000353,A,2014-03-22 23:56:05,2014-03-23 00:05:05,9.0000
1395532577620000488,20000488,B,2014-03-22 23:56:17,2014-03-23 00:08:32,12.2500
1395532585620000432,20000432,A,2014-03-22 23:56:25,2014-03-23 00:13:55,17.5000
1395532630620000450,20000450,B,2014-03-22 23:57:10,2014-03-23 00:10:10,13.0000
1395532651620000360,20000360,B,2014-03-22 23:57:31,2014-03-23 00:10:16,12.7500
1395532655620000260,20000260,B,2014-03-22 23:57:35,2014-03-23 00:17:35,20.0000
1395532659620000455,20000455,B,2014-03-22 23:57:39,2014-03-23 00:08:54,11.2500
1395532688620000254,20000254,C,2014-03-22 23:58:08,2014-03-23 00:02:08,4.0000
1395532699620000242,20000242,A,2014-03-22 23:58:19,2014-03-23 00:06:04,7.7500
1395532731620000620,20000620,C,2014-03-22 23:58:51,2014-03-23 00:03:21,4.5000
1395532732620000576,20000576,C,2014-03-22 23:58:52,2014-03-23 00:04:37,5.7500
1395532759620000268,20000268,B,2014-03-22 23:59:19,2014-03-23 00:04:19,5.0000
1395614632620000009,20000009,C,2014-03-23 22:43:52,2014-03-24 00:36:37,112.7500
1395616950620000250,20000250,C,2014-03-23 23:22:30,2014-03-24 00:16:45,54.2500
1395618172620000527,20000527,A,2014-03-23 23:42:52,2014-03-24 00:04:52,22.0000
1395618426620000160,20000160,A,2014-03-23 23:47:06,2014-03-24 00:12:51,25.7500
1395618517620000657,20000657,A,2014-03-23 23:48:37,2014-03-24 00:06:07,17.5000
1395618560620000483,20000483,A,2014-03-23 23:49:20,2014-03-24 00:03:05,13.7500
1395618657620000076,20000076,C,2014-03-23 23:50:57,2014-03-24 00:03:57,13.0000
1395618908620000309,20000309,A,2014-03-23 23:55:08,2014-03-24 00:03:23,8.2500
1395619005620000453,20000453,A,2014-03-23 23:56:45,2014-03-24 00:04:00,7.2500
1395619028620000574,20000574,C,2014-03-23 23:57:08,2014-03-24 00:02:08,5.0000
1395619029620000197,20000197,A,2014-03-23 23:57:09,2014-03-24 00:05:39,8.5000
1395619065620000518,20000518,B,2014-03-23 23:57:45,2014-03-24 00:04:00,6.2500
1395619088620000620,20000620,C,2014-03-23 23:58:08,2014-03-24 00:13:53,15.7500
1395619097620000231,20000231,B,2014-03-23 23:58:17,2014-03-24 00:01:47,3.5000
1395619151620000008,20000008,C,2014-03-23 23:59:11,2014-03-24 00:01:41,2.5000
1395700997620000009,20000009,C,2014-03-24 22:43:17,2014-03-25 01:03:02,139.7500
1395704502620000066,20000066,B,2014-03-24 23:41:42,2014-03-25 00:01:42,20.0000
1395704720620000023,20000023,B,2014-03-24 23:45:20,2014-03-25 00:02:35,17.2500
1395704746620000011,20000011,C,2014-03-24 23:45:46,2014-03-25 00:03:31,17.7500
1395705072620000007,20000007,B,2014-03-24 23:51:12,2014-03-25 00:04:42,13.5000
1395705082620000903,20000903,A,2014-03-24 23:51:22,2014-03-25 00:22:07,30.7500
1395705276620000005,20000005,C,2014-03-24 23:54:36,2014-03-25 00:15:06,20.5000
1395705283620000598,20000598,C,2014-03-24 23:54:43,2014-03-25 00:08:28,13.7500
1395705293620000657,20000657,C,2014-03-24 23:54:53,2014-03-25 00:01:23,6.5000
1395705322620000252,20000252,B,2014-03-24 23:55:22,2014-03-25 00:12:07,16.7500
1395705380620000184,20000184,B,2014-03-24 23:56:20,2014-03-25 00:08:35,12.2500
1395705425620000254,20000254,B,2014-03-24 23:57:05,2014-03-25 00:02:05,5.0000
1395705485620000678,20000678,B,2014-03-24 23:58:05,2014-03-25 00:01:50,3.7500
1395705543620000409,20000409,A,2014-03-24 23:59:03,2014-03-25 00:09:03,10.0000
1395705575620000242,20000242,B,2014-03-24 23:59:35,2014-03-25 00:03:35,4.0000
1395790423620000610,20000610,C,2014-03-25 23:33:43,2014-03-26 00:00:13,26.5000
1395790751620000548,20000548,B,2014-03-25 23:39:11,2014-03-26 00:01:26,22.2500
1395790989620000031,20000031,A,2014-03-25 23:43:09,2014-03-26 00:00:24,17.2500
1395791176620000492,20000492,C,2014-03-25 23:46:16,2014-03-26 00:28:46,42.5000
1395791178620000334,20000334,C,2014-03-25 23:46:18,2014-03-26 00:02:03,15.7500
1395791633620000196,20000196,B,2014-03-25 23:53:53,2014-03-26 00:02:38,8.7500
1395791742620000497,20000497,B,2014-03-25 23:55:42,2014-03-26 00:04:57,9.2500
1395791814620000561,20000561,C,2014-03-25 23:56:54,2014-03-26 00:05:54,9.0000
1395791818620000042,20000042,B,2014-03-25 23:56:58,2014-03-26 00:03:28,6.5000
1395791845620000285,20000285,A,2014-03-25 23:57:25,2014-03-26 00:08:25,11.0000
1395791899620000173,20000173,A,2014-03-25 23:58:19,2014-03-26 00:14:34,16.2500
1395791911620000409,20000409,B,2014-03-25 23:58:31,2014-03-26 00:19:31,21.0000
1395874238620000009,20000009,C,2014-03-26 22:50:38,2014-03-27 00:20:53,90.2500
1395875534620000338,20000338,B,2014-03-26 23:12:14,2014-03-27 00:01:44,49.5000
1395877377620000360,20000360,B,2014-03-26 23:42:57,2014-03-27 00:06:42,23.7500
1395877548620000045,20000045,B,2014-03-26 23:45:48,2014-03-27 00:19:48,34.0000
1395877569620000120,20000120,B,2014-03-26 23:46:09,2014-03-27 00:01:39,15.5000
1395877620620000423,20000423,B,2014-03-26 23:47:00,2014-03-27 00:03:45,16.7500
1395877703620000503,20000503,C,2014-03-26 23:48:23,2014-03-27 00:04:38,16.2500
1395877884620000053,20000053,B,2014-03-26 23:51:24,2014-03-27 00:02:39,11.2500
1395877929620000076,20000076,B,2014-03-26 23:52:09,2014-03-27 00:01:09,9.0000
1395877946620000089,20000089,B,2014-03-26 23:52:26,2014-03-27 00:03:26,11.0000
1395877947620000320,20000320,C,2014-03-26 23:52:27,2014-03-27 00:05:57,13.5000
1395877999620000618,20000618,B,2014-03-26 23:53:19,2014-03-27 00:02:49,9.5000
1395878019620000904,20000904,B,2014-03-26 23:53:39,2014-03-27 00:03:54,10.2500
1395878042620000129,20000129,C,2014-03-26 23:54:02,2014-03-27 00:09:32,15.5000
1395878204620000688,20000688,A,2014-03-26 23:56:44,2014-03-27 00:06:14,9.5000
1395878208620000341,20000341,B,2014-03-26 23:56:48,2014-03-27 00:04:33,7.7500
1395878224620000304,20000304,C,2014-03-26 23:57:04,2014-03-27 00:11:04,14.0000
1395878310620000105,20000105,B,2014-03-26 23:58:30,2014-03-27 00:01:30,3.0000
1395878337620000370,20000370,A,2014-03-26 23:58:57,2014-03-27 00:08:57,10.0000
1395878340620000280,20000280,B,2014-03-26 23:59:00,2014-03-27 00:10:15,11.2500
1395963597620000529,20000529,C,2014-03-27 23:39:57,2014-03-28 00:02:12,22.2500
1395963756620000328,20000328,B,2014-03-27 23:42:36,2014-03-28 00:15:51,33.2500
1395963898620000403,20000403,B,2014-03-27 23:44:58,2014-03-28 00:01:13,16.2500
1395963899620000603,20000603,B,2014-03-27 23:44:59,2014-03-28 00:00:29,15.5000
1395963956620000305,20000305,C,2014-03-27 23:45:56,2014-03-28 00:00:41,14.7500
1395964113620000392,20000392,B,2014-03-27 23:48:33,2014-03-28 00:03:48,15.2500
1395964304620000346,20000346,A,2014-03-27 23:51:44,2014-03-28 00:00:29,8.7500
1395964305620000688,20000688,A,2014-03-27 23:51:45,2014-03-28 00:00:00,8.2500
1395964326620000076,20000076,C,2014-03-27 23:52:06,2014-03-28 00:03:21,11.2500
1395964381620000508,20000508,C,2014-03-27 23:53:01,2014-03-28 00:14:16,21.2500
1395964424620000003,20000003,B,2014-03-27 23:53:44,2014-03-28 00:00:14,6.5000
1395964446620000332,20000332,B,2014-03-27 23:54:06,2014-03-28 00:05:06,11.0000
1395964479620000663,20000663,B,2014-03-27 23:54:39,2014-03-28 00:01:39,7.0000
1395964527620000598,20000598,C,2014-03-27 23:55:27,2014-03-28 00:08:57,13.5000
1395964552620000012,20000012,A,2014-03-27 23:55:52,2014-03-28 00:08:07,12.2500
1395964570620000488,20000488,B,2014-03-27 23:56:10,2014-03-28 00:05:40,9.5000
1395964593620000621,20000621,B,2014-03-27 23:56:33,2014-03-28 00:01:18,4.7500
1395964625620000434,20000434,B,2014-03-27 23:57:05,2014-03-28 00:05:50,8.7500
1395964739620000171,20000171,C,2014-03-27 23:58:59,2014-03-28 00:11:59,13.0000
1395964797620000624,20000624,C,2014-03-27 23:59:57,2014-03-28 00:07:57,8.0000
1396046273620000009,20000009,C,2014-03-28 22:37:53,2014-03-29 00:02:08,84.2500
1396050129620000269,20000269,B,2014-03-28 23:42:09,2014-03-29 00:06:24,24.2500
1396050296620000624,20000624,B,2014-03-28 23:44:56,2014-03-29 00:01:11,16.2500
1396050393620000066,20000066,B,2014-03-28 23:46:33,2014-03-29 00:00:18,13.7500
1396050506620000011,20000011,A,2014-03-28 23:48:26,2014-03-29 00:05:56,17.5000
1396050599620000672,20000672,B,2014-03-28 23:49:59,2014-03-29 00:02:14,12.2500
1396050611620000157,20000157,A,2014-03-28 23:50:11,2014-03-29 00:02:56,12.7500
1396050635620000577,20000577,A,2014-03-28 23:50:35,2014-03-29 00:03:05,12.5000
1396050662620000426,20000426,A,2014-03-28 23:51:02,2014-03-29 00:04:47,13.7500
1396050663620000338,20000338,B,2014-03-28 23:51:03,2014-03-29 00:12:33,21.5000
1396050766620000190,20000190,B,2014-03-28 23:52:46,2014-03-29 00:08:16,15.5000
1396050841620000620,20000620,C,2014-03-28 23:54:01,2014-03-29 00:00:31,6.5000
1396050847620000101,20000101,B,2014-03-28 23:54:07,2014-03-29 00:05:52,11.7500
1396050850620000572,20000572,C,2014-03-28 23:54:10,2014-03-29 00:00:10,6.0000
1396050868620000321,20000321,B,2014-03-28 23:54:28,2014-03-29 00:08:43,14.2500
1396050870620000492,20000492,A,2014-03-28 23:54:30,2014-03-29 00:01:45,7.2500
1396050889620000648,20000648,B,2014-03-28 23:54:49,2014-03-29 00:02:34,7.7500
1396050896620000216,20000216,B,2014-03-28 23:54:56,2014-03-29 00:07:41,12.7500
1396050930620000436,20000436,A,2014-03-28 23:55:30,2014-03-29 00:05:15,9.7500
1396050931620000161,20000161,A,2014-03-28 23:55:31,2014-03-29 00:09:01,13.5000
1396050940620000481,20000481,B,2014-03-28 23:55:40,2014-03-29 00:02:55,7.2500
1396050960620000041,20000041,A,2014-03-28 23:56:00,2014-03-29 00:13:00,17.0000
1396050968620000657,20000657,C,2014-03-28 23:56:08,2014-03-29 00:09:23,13.2500
1396050984620000904,20000904,B,2014-03-28 23:56:24,2014-03-29 00:13:24,17.0000
1396051067620000067,20000067,B,2014-03-28 23:57:47,2014-03-29 00:16:02,18.2500
1396051099620000233,20000233,C,2014-03-28 23:58:19,2014-03-29 00:14:34,16.2500
1396051123620000092,20000092,B,2014-03-28 23:58:43,2014-03-29 00:09:13,10.5000
1396051173620000497,20000497,B,2014-03-28 23:59:33,2014-03-29 00:05:18,5.7500
1396051175620000010,20000010,A,2014-03-28 23:59:35,2014-03-29 00:15:20,15.7500
1396051181620000901,20000901,B,2014-03-28 23:59:41,2014-03-29 00:11:11,11.5000
1396051186620000640,20000640,A,2014-03-28 23:59:46,2014-03-29 00:21:31,21.7500
1396133159620000525,20000525,B,2014-03-29 22:45:59,2014-03-30 00:38:44,112.7500
1396136166620000561,20000561,C,2014-03-29 23:36:06,2014-03-30 00:32:51,56.7500
1396136447620000309,20000309,B,2014-03-29 23:40:47,2014-03-30 00:02:32,21.7500
1396136685620000031,20000031,A,2014-03-29 23:44:45,2014-03-30 00:12:00,27.2500
1396136931620000598,20000598,C,2014-03-29 23:48:51,2014-03-30 00:06:21,17.5000
1396136948620000554,20000554,B,2014-03-29 23:49:08,2014-03-30 00:00:23,11.2500
1396136986620000503,20000503,C,2014-03-29 23:49:46,2014-03-30 00:07:31,17.7500
1396137000620000066,20000066,A,2014-03-29 23:50:00,2014-03-30 00:10:45,20.7500
1396137028620000157,20000157,A,2014-03-29 23:50:28,2014-03-30 00:00:58,10.5000
1396137173620000542,20000542,C,2014-03-29 23:52:53,2014-03-30 00:17:08,24.2500
1396137178620000389,20000389,A,2014-03-29 23:52:58,2014-03-30 00:05:58,13.0000
1396137187620000178,20000178,B,2014-03-29 23:53:07,2014-03-30 00:04:52,11.7500
1396137199620000520,20000520,A,2014-03-29 23:53:19,2014-03-30 00:01:34,8.2500
1396137203620000334,20000334,B,2014-03-29 23:53:23,2014-03-30 00:03:23,10.0000
1396137238620000251,20000251,B,2014-03-29 23:53:58,2014-03-30 00:03:13,9.2500
1396137276620000060,20000060,A,2014-03-29 23:54:36,2014-03-30 00:02:36,8.0000
1396137284620000179,20000179,C,2014-03-29 23:54:44,2014-03-30 00:05:59,11.2500
1396137343620000136,20000136,C,2014-03-29 23:55:43,2014-03-30 00:08:13,12.5000
1396137364620000171,20000171,B,2014-03-29 23:56:04,2014-03-30 00:09:04,13.0000
1396137387620000279,20000279,B,2014-03-29 23:56:27,2014-03-30 00:07:57,11.5000
1396137401620000252,20000252,A,2014-03-29 23:56:41,2014-03-30 00:04:41,8.0000
1396137408620000423,20000423,B,2014-03-29 23:56:48,2014-03-30 00:05:03,8.2500
1396137417620000574,20000574,A,2014-03-29 23:56:57,2014-03-30 00:03:42,6.7500
1396137449620000529,20000529,C,2014-03-29 23:57:29,2014-03-30 00:05:14,7.7500
1396137514620000297,20000297,C,2014-03-29 23:58:34,2014-03-30 00:03:04,4.5000
1396137530620000492,20000492,B,2014-03-29 23:58:50,2014-03-30 00:24:05,25.2500
1396137570620000101,20000101,B,2014-03-29 23:59:30,2014-03-30 00:08:30,9.0000
1396137582620000381,20000381,A,2014-03-29 23:59:42,2014-03-30 00:12:12,12.5000
1396137584620000075,20000075,B,2014-03-29 23:59:44,2014-03-30 00:13:44,14.0000
1396220640620000303,20000303,B,2014-03-30 23:04:00,2014-03-31 00:16:45,72.7500
1396222511620000651,20000651,C,2014-03-30 23:35:11,2014-03-31 00:26:56,51.7500
1396223416620000332,20000332,B,2014-03-30 23:50:16,2014-03-31 00:15:01,24.7500
1396223434620000015,20000015,C,2014-03-30 23:50:34,2014-03-31 00:01:04,10.5000
1396223461620000273,20000273,B,2014-03-30 23:51:01,2014-03-31 00:04:31,13.5000
1396223477620000327,20000327,B,2014-03-30 23:51:17,2014-03-31 00:06:32,15.2500
1396223480620000012,20000012,C,2014-03-30 23:51:20,2014-03-31 00:05:20,14.0000
1396223487620000003,20000003,C,2014-03-30 23:51:27,2014-03-31 00:00:12,8.7500
1396223501620000307,20000307,B,2014-03-30 23:51:41,2014-03-31 00:12:41,21.0000
1396223518620000517,20000517,B,2014-03-30 23:51:58,2014-03-31 00:08:58,17.0000
1396223539620000678,20000678,C,2014-03-30 23:52:19,2014-03-31 00:00:04,7.7500
1396223615620000136,20000136,C,2014-03-30 23:53:35,2014-03-31 00:04:35,11.0000
1396223721620000020,20000020,B,2014-03-30 23:55:21,2014-03-31 00:12:06,16.7500
1396223731620000506,20000506,C,2014-03-30 23:55:31,2014-03-31 00:05:01,9.5000
1396309031620000199,20000199,A,2014-03-31 23:37:11,2014-04-01 00:01:41,24.5000
1396309655620000560,20000560,C,2014-03-31 23:47:35,2014-04-01 00:02:05,14.5000
1396309767620000004,20000004,A,2014-03-31 23:49:27,2014-04-01 00:22:27,33.0000
1396310126620000101,20000101,B,2014-03-31 23:55:26,2014-04-01 00:02:11,6.7500
1396310314620000263,20000263,C,2014-03-31 23:58:34,2014-04-01 00:05:34,7.0000
1396310382620000392,20000392,A,2014-03-31 23:59:42,2014-04-01 00:04:57,5.2500
1396310393620000351,20000351,C,2014-03-31 23:59:53,2014-04-01 00:05:38,5.7500
1396394607620000688,20000688,C,2014-04-01 23:23:27,2014-04-02 00:01:12,37.7500
1396395120620000546,20000546,C,2014-04-01 23:32:00,2014-04-02 00:00:30,28.5000
1396395791620000338,20000338,A,2014-04-01 23:43:11,2014-04-02 00:26:41,43.5000
1396396041620000672,20000672,A,2014-04-01 23:47:21,2014-04-02 00:01:51,14.5000
1396396071620000472,20000472,C,2014-04-01 23:47:51,2014-04-02 00:02:06,14.2500
1396396090620000649,20000649,C,2014-04-01 23:48:10,2014-04-02 00:00:55,12.7500
1396396107620000450,20000450,B,2014-04-01 23:48:27,2014-04-02 00:08:57,20.5000
1396396484620000529,20000529,C,2014-04-01 23:54:44,2014-04-02 00:12:44,18.0000
1396396490620000307,20000307,C,2014-04-01 23:54:50,2014-04-02 00:10:05,15.2500
1396396533620000042,20000042,B,2014-04-01 23:55:33,2014-04-02 00:05:48,10.2500
1396396578620000361,20000361,C,2014-04-01 23:56:18,2014-04-02 00:09:03,12.7500
1396396646620000325,20000325,B,2014-04-01 23:57:26,2014-04-02 00:05:11,7.7500
1396396759620000199,20000199,C,2014-04-01 23:59:19,2014-04-02 00:05:19,6.0000
1396396774620000066,20000066,C,2014-04-01 23:59:34,2014-04-02 00:00:49,1.2500
1396482193620000311,20000311,A,2014-04-02 23:43:13,2014-04-03 00:05:28,22.2500
1396482580620000435,20000435,C,2014-04-02 23:49:40,2014-04-03 00:01:10,11.5000
1396482643620000546,20000546,C,2014-04-02 23:50:43,2014-04-03 00:00:28,9.7500
1396482718620000307,20000307,B,2014-04-02 23:51:58,2014-04-03 00:06:43,14.7500
1396482773620000520,20000520,A,2014-04-02 23:52:53,2014-04-03 00:02:23,9.5000
1396482890620000364,20000364,B,2014-04-02 23:54:50,2014-04-03 00:01:05,6.2500
1396482945620000698,20000698,B,2014-04-02 23:55:45,2014-04-03 00:05:45,10.0000
1396483044620000276,20000276,A,2014-04-02 23:57:24,2014-04-03 00:04:09,6.7500
1396483068620000423,20000423,B,2014-04-02 23:57:48,2014-04-03 00:04:03,6.2500
1396483078620000129,20000129,C,2014-04-02 23:57:58,2014-04-03 00:07:58,10.0000
1396483080620000670,20000670,C,2014-04-02 23:58:00,2014-04-03 00:06:15,8.2500
1396483081620000288,20000288,C,2014-04-02 23:58:01,2014-04-03 00:01:46,3.7500
1396483086620000434,20000434,B,2014-04-02 23:58:06,2014-04-03 00:05:51,7.7500
1396483105620000370,20000370,C,2014-04-02 23:58:25,2014-04-03 00:10:10,11.7500
1396483186620000273,20000273,B,2014-04-02 23:59:46,2014-04-03 00:13:01,13.2500
1396568124620000620,20000620,C,2014-04-03 23:35:24,2014-04-04 00:02:24,27.0000
1396568639620000269,20000269,B,2014-04-03 23:43:59,2014-04-04 00:05:44,21.7500
1396568912620000328,20000328,B,2014-04-03 23:48:32,2014-04-04 00:01:32,13.0000
1396569035620000633,20000633,B,2014-04-03 23:50:35,2014-04-04 00:06:05,15.5000
1396569060620000406,20000406,B,2014-04-03 23:51:00,2014-04-04 00:07:45,16.7500
1396569080620000688,20000688,A,2014-04-03 23:51:20,2014-04-04 00:18:20,27.0000
1396569086620000129,20000129,C,2014-04-03 23:51:26,2014-04-04 00:03:26,12.0000
1396569182620000686,20000686,B,2014-04-03 23:53:02,2014-04-04 00:04:17,11.2500
1396569245620000649,20000649,C,2014-04-03 23:54:05,2014-04-04 00:07:05,13.0000
1396569273620000665,20000665,C,2014-04-03 23:54:33,2014-04-04 00:01:33,7.0000
1396569277620000520,20000520,B,2014-04-03 23:54:37,2014-04-04 00:07:07,12.5000
1396569278620000473,20000473,A,2014-04-03 23:54:38,2014-04-04 00:01:53,7.2500
1396569387620000338,20000338,A,2014-04-03 23:56:27,2014-04-04 00:04:27,8.0000
1396569414620000395,20000395,A,2014-04-03 23:56:54,2014-04-04 00:06:54,10.0000
1396569502620000004,20000004,B,2014-04-03 23:58:22,2014-04-04 00:09:52,11.5000
1396569543620000321,20000321,B,2014-04-03 23:59:03,2014-04-04 00:11:33,12.5000
1396569580620000496,20000496,B,2014-04-03 23:59:40,2014-04-04 00:07:10,7.5000
1396650359620000502,20000502,C,2014-04-04 22:25:59,2014-04-05 00:05:29,99.5000
1396654843620000672,20000672,A,2014-04-04 23:40:43,2014-04-05 00:04:43,24.0000
1396654948620000671,20000671,C,2014-04-04 23:42:28,2014-04-05 00:11:13,28.7500
1396655012620000324,20000324,C,2014-04-04 23:43:32,2014-04-05 00:26:32,43.0000
1396655098620000561,20000561,C,2014-04-04 23:44:58,2014-04-05 00:04:43,19.7500
1396655147620000297,20000297,B,2014-04-04 23:45:47,2014-04-05 00:06:47,21.0000
1396655212620000304,20000304,C,2014-04-04 23:46:52,2014-04-05 00:01:37,14.7500
1396655305620000159,20000159,A,2014-04-04 23:48:25,2014-04-05 00:00:10,11.7500
1396655481620000321,20000321,B,2014-04-04 23:51:21,2014-04-05 00:00:51,9.5000
1396655514620000157,20000157,A,2014-04-04 23:51:54,2014-04-05 00:02:39,10.7500
1396655525620000154,20000154,A,2014-04-04 23:52:05,2014-04-05 00:06:20,14.2500
1396655527620000101,20000101,C,2014-04-04 23:52:07,2014-04-05 00:08:22,16.2500
1396655598620000308,20000308,B,2014-04-04 23:53:18,2014-04-05 00:03:18,10.0000
1396655642620000598,20000598,A,2014-04-04 23:54:02,2014-04-05 00:18:02,24.0000
1396655647620000620,20000620,C,2014-04-04 23:54:07,2014-04-05 00:02:07,8.0000
1396655717620000311,20000311,B,2014-04-04 23:55:17,2014-04-05 00:04:32,9.2500
1396655731620000011,20000011,A,2014-04-04 23:55:31,2014-04-05 00:01:16,5.7500
1396655735620000589,20000589,C,2014-04-04 23:55:35,2014-04-05 00:04:35,9.0000
1396655767620000192,20000192,B,2014-04-04 23:56:07,2014-04-05 00:05:37,9.5000
1396655793620000195,20000195,C,2014-04-04 23:56:33,2014-04-05 00:23:48,27.2500
1396655815620000081,20000081,B,2014-04-04 23:56:55,2014-04-05 00:03:10,6.2500
1396655835620000388,20000388,A,2014-04-04 23:57:15,2014-04-05 00:04:45,7.5000
1396655839620000031,20000031,B,2014-04-04 23:57:19,2014-04-05 00:02:19,5.0000
1396655858620000529,20000529,C,2014-04-04 23:57:38,2014-04-05 00:26:38,29.0000
1396655879620000456,20000456,C,2014-04-04 23:57:59,2014-04-05 00:07:44,9.7500
1396655912620000621,20000621,B,2014-04-04 23:58:32,2014-04-05 00:13:17,14.7500
1396655923620000430,20000430,A,2014-04-04 23:58:43,2014-04-05 00:13:58,15.2500
1396655952620000406,20000406,B,2014-04-04 23:59:12,2014-04-05 00:27:27,28.2500
1396655956620000612,20000612,A,2014-04-04 23:59:16,2014-04-05 00:09:01,9.7500
1396741584620000105,20000105,B,2014-04-05 23:46:24,2014-04-06 00:00:39,14.2500
1396741642620000239,20000239,C,2014-04-05 23:47:22,2014-04-06 00:00:52,13.5000
1396741708620000161,20000161,A,2014-04-05 23:48:28,2014-04-06 00:00:13,11.7500
1396741714620000667,20000667,C,2014-04-05 23:48:34,2014-04-06 00:03:04,14.5000
1396741754620000245,20000245,B,2014-04-05 23:49:14,2014-04-06 00:11:59,22.7500
1396741819620000058,20000058,B,2014-04-05 23:50:19,2014-04-06 00:01:34,11.2500
1396741842620000662,20000662,B,2014-04-05 23:50:42,2014-04-06 00:12:12,21.5000
1396741877620000632,20000632,C,2014-04-05 23:51:17,2014-04-06 00:02:32,11.2500
1396741879620000360,20000360,B,2014-04-05 23:51:19,2014-04-06 00:11:34,20.2500
1396741922620000167,20000167,A,2014-04-05 23:52:02,2014-04-06 00:11:47,19.7500
1396741940620000045,20000045,A,2014-04-05 23:52:20,2014-04-06 00:01:20,9.0000
1396741999620000488,20000488,B,2014-04-05 23:53:19,2014-04-06 00:10:19,17.0000
1396742014620000279,20000279,A,2014-04-05 23:53:34,2014-04-06 00:01:49,8.2500
1396742022620000243,20000243,A,2014-04-05 23:53:42,2014-04-06 00:00:12,6.5000
1396742046620000680,20000680,C,2014-04-05 23:54:06,2014-04-06 00:12:06,18.0000
1396742073620000503,20000503,B,2014-04-05 23:54:33,2014-04-06 00:04:03,9.5000
1396742091620000430,20000430,B,2014-04-05 23:54:51,2014-04-06 00:05:36,10.7500
1396742128620000216,20000216,A,2014-04-05 23:55:28,2014-04-06 00:00:28,5.0000
1396742135620000108,20000108,C,2014-04-05 23:55:35,2014-04-06 00:06:20,10.7500
1396742142620000231,20000231,A,2014-04-05 23:55:42,2014-04-06 00:03:12,7.5000
1396742153620000600,20000600,B,2014-04-05 23:55:53,2014-04-06 00:04:38,8.7500
1396742211620000483,20000483,C,2014-04-05 23:56:51,2014-04-06 00:02:36,5.7500
1396742217620000514,20000514,B,2014-04-05 23:56:57,2014-04-06 00:08:42,11.7500
1396742260620000353,20000353,B,2014-04-05 23:57:40,2014-04-06 00:01:40,4.0000
1396742270620000602,20000602,A,2014-04-05 23:57:50,2014-04-06 00:12:35,14.7500
1396742285620000431,20000431,B,2014-04-05 23:58:05,2014-04-06 00:12:20,14.2500
1396742294620000370,20000370,A,2014-04-05 23:58:14,2014-04-06 00:06:44,8.5000
1396742320620000333,20000333,B,2014-04-05 23:58:40,2014-04-06 00:02:55,4.2500
1396742348620000570,20000570,C,2014-04-05 23:59:08,2014-04-06 00:12:08,13.0000
1396742352620000574,20000574,C,2014-04-05 23:59:12,2014-04-06 00:04:57,5.7500
1396742361620000015,20000015,B,2014-04-05 23:59:21,2014-04-06 00:09:06,9.7500
1396742369620000304,20000304,C,2014-04-05 23:59:29,2014-04-06 00:06:14,6.7500
1396742371620000249,20000249,B,2014-04-05 23:59:31,2014-04-06 00:13:46,14.2500
1396742374620000305,20000305,C,2014-04-05 23:59:34,2014-04-06 00:20:04,20.5000
1396742379620000341,20000341,C,2014-04-05 23:59:39,2014-04-06 00:08:39,9.0000
1396827470620000492,20000492,C,2014-04-06 23:37:50,2014-04-07 00:00:05,22.2500
1396827557620000101,20000101,C,2014-04-06 23:39:17,2014-04-07 00:07:17,28.0000
1396828131620000320,20000320,A,2014-04-06 23:48:51,2014-04-07 00:03:51,15.0000
1396828436620000273,20000273,B,2014-04-06 23:53:56,2014-04-07 00:04:11,10.2500
1396828492620000529,20000529,C,2014-04-06 23:54:52,2014-04-07 00:11:37,16.7500
1396828586620000687,20000687,A,2014-04-06 23:56:26,2014-04-07 00:02:56,6.5000
1396828608620000129,20000129,B,2014-04-06 23:56:48,2014-04-07 00:10:48,14.0000
1396828665620000058,20000058,B,2014-04-06 23:57:45,2014-04-07 00:04:15,6.5000
1396828675620000662,20000662,B,2014-04-06 23:57:55,2014-04-07 00:12:55,15.0000
1396828694620000003,20000003,C,2014-04-06 23:58:14,2014-04-07 00:03:44,5.5000
1396828704620000560,20000560,B,2014-04-06 23:58:24,2014-04-07 00:05:54,7.5000
1396828727620000678,20000678,B,2014-04-06 23:58:47,2014-04-07 00:10:47,12.0000
1396828734620000617,20000617,C,2014-04-06 23:58:54,2014-04-07 00:07:24,8.5000
1396828766620000517,20000517,B,2014-04-06 23:59:26,2014-04-07 00:07:26,8.0000
1396828792620000332,20000332,B,2014-04-06 23:59:52,2014-04-07 00:09:07,9.2500
1396913846620000492,20000492,B,2014-04-07 23:37:26,2014-04-08 00:03:11,25.7500
1396913969620000436,20000436,A,2014-04-07 23:39:29,2014-04-08 00:01:14,21.7500
1396914182620000324,20000324,C,2014-04-07 23:43:02,2014-04-08 00:04:32,21.5000
1396914309620000060,20000060,C,2014-04-07 23:45:09,2014-04-08 00:15:09,30.0000
1396914396620000648,20000648,B,2014-04-07 23:46:36,2014-04-08 00:02:51,16.2500
1396914633620000015,20000015,B,2014-04-07 23:50:33,2014-04-08 00:07:48,17.2500
1396914695620000624,20000624,B,2014-04-07 23:51:35,2014-04-08 00:00:35,9.0000
1396914832620000199,20000199,B,2014-04-07 23:53:52,2014-04-08 00:11:37,17.7500
1396914911620000560,20000560,B,2014-04-07 23:55:11,2014-04-08 00:01:56,6.7500
1396914917620000305,20000305,B,2014-04-07 23:55:17,2014-04-08 00:05:17,10.0000
1396914941620000403,20000403,B,2014-04-07 23:55:41,2014-04-08 00:01:11,5.5000
1396915061620000600,20000600,B,2014-04-07 23:57:41,2014-04-08 00:11:41,14.0000
1396915073620000171,20000171,B,2014-04-07 23:57:53,2014-04-08 00:04:08,6.2500
1396915078620000263,20000263,B,2014-04-07 23:57:58,2014-04-08 00:06:43,8.7500
1396915085620000424,20000424,A,2014-04-07 23:58:05,2014-04-08 00:13:05,15.0000
1396915089620000612,20000612,B,2014-04-07 23:58:09,2014-04-08 00:15:09,17.0000
1396915194620000467,20000467,B,2014-04-07 23:59:54,2014-04-08 00:09:39,9.7500
1396993625620000009,20000009,C,2014-04-08 21:47:05,2014-04-09 00:08:05,141.0000
1397000118620000363,20000363,A,2014-04-08 23:35:18,2014-04-09 00:32:03,56.7500
1397001104620000688,20000688,C,2014-04-08 23:51:44,2014-04-09 00:06:59,15.2500
1397001117620000610,20000610,C,2014-04-08 23:51:57,2014-04-09 00:04:42,12.7500
1397001207620000409,20000409,A,2014-04-08 23:53:27,2014-04-09 00:03:27,10.0000
1397001322620000640,20000640,C,2014-04-08 23:55:22,2014-04-09 00:08:37,13.2500
1397001336620000307,20000307,C,2014-04-08 23:55:36,2014-04-09 00:15:06,19.5000
1397001484620000571,20000571,B,2014-04-08 23:58:04,2014-04-09 00:05:19,7.2500
1397001585620000171,20000171,B,2014-04-08 23:59:45,2014-04-09 00:12:30,12.7500
1397086747620000395,20000395,A,2014-04-09 23:39:07,2014-04-10 00:02:37,23.5000
1397087262620000506,20000506,C,2014-04-09 23:47:42,2014-04-10 00:09:42,22.0000
1397087393620000651,20000651,B,2014-04-09 23:49:53,2014-04-10 00:05:23,15.5000
1397087452620000529,20000529,C,2014-04-09 23:50:52,2014-04-10 00:02:37,11.7500
1397087515620000517,20000517,C,2014-04-09 23:51:55,2014-04-10 00:01:55,10.0000
1397087559620000678,20000678,B,2014-04-09 23:52:39,2014-04-10 00:01:39,9.0000
1397087630620000514,20000514,B,2014-04-09 23:53:50,2014-04-10 00:07:20,13.5000
1397087764620000423,20000423,C,2014-04-09 23:56:04,2014-04-10 00:17:04,21.0000
1397087766620000303,20000303,A,2014-04-09 23:56:06,2014-04-10 00:07:36,11.5000
1397087823620000626,20000626,B,2014-04-09 23:57:03,2014-04-10 00:09:18,12.2500
1397087897620000472,20000472,B,2014-04-09 23:58:17,2014-04-10 00:02:47,4.5000
1397087944620000640,20000640,B,2014-04-09 23:59:04,2014-04-10 00:08:49,9.7500
1397087969620000363,20000363,B,2014-04-09 23:59:29,2014-04-10 00:57:14,57.7500
1397171571620000190,20000190,B,2014-04-10 23:12:51,2014-04-11 00:12:51,60.0000
1397173585620000337,20000337,B,2014-04-10 23:46:25,2014-04-11 00:00:40,14.2500
1397173611620000101,20000101,C,2014-04-10 23:46:51,2014-04-11 00:04:06,17.2500
1397173846620000060,20000060,C,2014-04-10 23:50:46,2014-04-11 00:01:16,10.5000
1397173912620000136,20000136,A,2014-04-10 23:51:52,2014-04-11 00:00:52,9.0000
1397173918620000456,20000456,C,2014-04-10 23:51:58,2014-04-11 00:01:13,9.2500
1397173921620000011,20000011,C,2014-04-10 23:52:01,2014-04-11 00:07:16,15.2500
1397174053620000347,20000347,C,2014-04-10 23:54:13,2014-04-11 00:06:58,12.7500
1397174054620000540,20000540,B,2014-04-10 23:54:14,2014-04-11 00:07:44,13.5000
1397174054620000598,20000598,B,2014-04-10 23:54:14,2014-04-11 00:03:14,9.0000
1397174165620000245,20000245,B,2014-04-10 23:56:05,2014-04-11 00:01:35,5.5000
1397174186620000005,20000005,C,2014-04-10 23:56:26,2014-04-11 00:11:26,15.0000
1397174213620000008,20000008,B,2014-04-10 23:56:53,2014-04-11 00:03:53,7.0000
1397174236620000327,20000327,B,2014-04-10 23:57:16,2014-04-11 00:07:01,9.7500
1397174241620000698,20000698,B,2014-04-10 23:57:21,2014-04-11 00:03:36,6.2500
1397174275620000465,20000465,C,2014-04-10 23:57:55,2014-04-11 00:06:55,9.0000
1397174301620000140,20000140,B,2014-04-10 23:58:21,2014-04-11 00:04:51,6.5000
1397174349620000304,20000304,B,2014-04-10 23:59:09,2014-04-11 00:02:39,3.5000
1397174349620000518,20000518,A,2014-04-10 23:59:09,2014-04-11 00:10:24,11.2500
1397174393620000473,20000473,B,2014-04-10 23:59:53,2014-04-11 00:04:38,4.7500
1397252598620000009,20000009,C,2014-04-11 21:43:18,2014-04-12 00:17:33,154.2500
1397259161620000621,20000621,A,2014-04-11 23:32:41,2014-04-12 00:01:41,29.0000
1397259384620000092,20000092,B,2014-04-11 23:36:24,2014-04-12 00:03:09,26.7500
1397259686620000345,20000345,B,2014-04-11 23:41:26,2014-04-12 00:02:56,21.5000
1397259767620000201,20000201,C,2014-04-11 23:42:47,2014-04-12 00:08:32,25.7500
1397259931620000252,20000252,C,2014-04-11 23:45:31,2014-04-12 00:12:01,26.5000
1397259932620000327,20000327,B,2014-04-11 23:45:32,2014-04-12 00:02:47,17.2500
1397259962620000546,20000546,B,2014-04-11 23:46:02,2014-04-12 00:00:47,14.7500
1397260122620000483,20000483,C,2014-04-11 23:48:42,2014-04-12 00:03:42,15.0000
1397260252620000195,20000195,B,2014-04-11 23:50:52,2014-04-12 00:00:22,9.5000
1397260270620000662,20000662,C,2014-04-11 23:51:10,2014-04-12 00:04:40,13.5000
1397260282620000542,20000542,B,2014-04-11 23:51:22,2014-04-12 00:03:37,12.2500
1397260305620000154,20000154,C,2014-04-11 23:51:45,2014-04-12 00:00:30,8.7500
1397260371620000688,20000688,C,2014-04-11 23:52:51,2014-04-12 00:02:06,9.2500
1397260403620000359,20000359,C,2014-04-11 23:53:23,2014-04-12 00:11:23,18.0000
1397260435620000171,20000171,B,2014-04-11 23:53:55,2014-04-12 00:10:10,16.2500
1397260436620000114,20000114,B,2014-04-11 23:53:56,2014-04-12 00:04:11,10.2500
1397260466620000057,20000057,A,2014-04-11 23:54:26,2014-04-12 00:12:11,17.7500
1397260468620000455,20000455,C,2014-04-11 23:54:28,2014-04-12 00:10:28,16.0000
1397260488620000467,20000467,A,2014-04-11 23:54:48,2014-04-12 00:07:48,13.0000
1397260499620000008,20000008,B,2014-04-11 23:54:59,2014-04-12 00:09:44,14.7500
1397260500620000465,20000465,A,2014-04-11 23:55:00,2014-04-12 00:07:30,12.5000
1397260529620000668,20000668,A,2014-04-11 23:55:29,2014-04-12 00:03:14,7.7500
1397260532620000324,20000324,C,2014-04-11 23:55:32,2014-04-12 00:29:47,34.2500
1397260543620000325,20000325,A,2014-04-11 23:55:43,2014-04-12 00:08:58,13.2500
1397260565620000456,20000456,B,2014-04-11 23:56:05,2014-04-12 00:08:20,12.2500
1397260574620000004,20000004,A,2014-04-11 23:56:14,2014-04-12 00:02:14,6.0000
1397260586620000160,20000160,C,2014-04-11 23:56:26,2014-04-12 00:03:41,7.2500
1397260591620000347,20000347,A,2014-04-11 23:56:31,2014-04-12 00:10:46,14.2500
1397260619620000540,20000540,B,2014-04-11 23:56:59,2014-04-12 00:11:14,14.2500
1397260653620000632,20000632,B,2014-04-11 23:57:33,2014-04-12 00:04:33,7.0000
1397260700620000360,20000360,B,2014-04-11 23:58:20,2014-04-12 00:05:20,7.0000
1397260701620000481,20000481,A,2014-04-11 23:58:21,2014-04-12 00:13:51,15.5000
1397260705620000362,20000362,A,2014-04-11 23:58:25,2014-04-12 00:05:40,7.2500
1397260713620000142,20000142,B,2014-04-11 23:58:33,2014-04-12 00:02:33,4.0000
1397260720620000249,20000249,B,2014-04-11 23:58:40,2014-04-12 00:04:55,6.2500
1397260723620000081,20000081,B,2014-04-11 23:58:43,2014-04-12 00:10:43,12.0000
1397260751620000633,20000633,A,2014-04-11 23:59:11,2014-04-12 00:07:56,8.7500
1397260791620000370,20000370,B,2014-04-11 23:59:51,2014-04-12 00:03:36,3.7500
1397345863620000454,20000454,A,2014-04-12 23:37:43,2014-04-13 00:04:43,27.0000
1397346413620000129,20000129,B,2014-04-12 23:46:53,2014-04-13 00:03:53,17.0000
1397346418620000020,20000020,C,2014-04-12 23:46:58,2014-04-13 00:10:58,24.0000
1397346420620000178,20000178,B,2014-04-12 23:47:00,2014-04-13 00:00:45,13.7500
1397346445620000216,20000216,A,2014-04-12 23:47:25,2014-04-13 00:05:25,18.0000
1397346484620000013,20000013,C,2014-04-12 23:48:04,2014-04-13 00:00:49,12.7500
1397346595620000621,20000621,B,2014-04-12 23:49:55,2014-04-13 00:03:10,13.2500
1397346618620000600,20000600,B,2014-04-12 23:50:18,2014-04-13 00:01:03,10.7500
1397346633620000179,20000179,C,2014-04-12 23:50:33,2014-04-13 00:11:48,21.2500
1397346638620000640,20000640,B,2014-04-12 23:50:38,2014-04-13 00:06:38,16.0000
1397346651620000482,20000482,B,2014-04-12 23:50:51,2014-04-13 00:02:36,11.7500
1397346678620000136,20000136,B,2014-04-12 23:51:18,2014-04-13 00:04:33,13.2500
1397346736620000589,20000589,A,2014-04-12 23:52:16,2014-04-13 00:02:31,10.2500
1397346768620000518,20000518,C,2014-04-12 23:52:48,2014-04-13 00:04:33,11.7500
1397346782620000249,20000249,C,2014-04-12 23:53:02,2014-04-13 00:06:32,13.5000
1397346789620000601,20000601,B,2014-04-12 23:53:09,2014-04-13 00:02:24,9.2500
1397346802620000419,20000419,B,2014-04-12 23:53:22,2014-04-13 00:11:07,17.7500
1397346812620000546,20000546,C,2014-04-12 23:53:32,2014-04-13 00:11:47,18.2500
1397346830620000370,20000370,C,2014-04-12 23:53:50,2014-04-13 00:05:50,12.0000
1397346845620000010,20000010,A,2014-04-12 23:54:05,2014-04-13 00:03:50,9.7500
1397346872620000353,20000353,B,2014-04-12 23:54:32,2014-04-13 00:05:32,11.0000
1397346878620000041,20000041,B,2014-04-12 23:54:38,2014-04-13 00:00:23,5.7500
1397346955620000114,20000114,A,2014-04-12 23:55:55,2014-04-13 00:06:25,10.5000
1397346974620000105,20000105,C,2014-04-12 23:56:14,2014-04-13 00:06:44,10.5000
1397346998620000675,20000675,C,2014-04-12 23:56:38,2014-04-13 00:14:53,18.2500
1397347011620000548,20000548,C,2014-04-12 23:56:51,2014-04-13 00:06:21,9.5000
1397347014620000167,20000167,B,2014-04-12 23:56:54,2014-04-13 00:05:09,8.2500
1397347076620000649,20000649,A,2014-04-12 23:57:56,2014-04-13 00:20:41,22.7500
1397347079620000570,20000570,C,2014-04-12 23:57:59,2014-04-13 00:21:59,24.0000
1397347088620000333,20000333,B,2014-04-12 23:58:08,2014-04-13 00:06:53,8.7500
1397347089620000667,20000667,B,2014-04-12 23:58:09,2014-04-13 00:10:09,12.0000
1397347102620000406,20000406,A,2014-04-12 23:58:22,2014-04-13 00:05:07,6.7500
1397347119620000574,20000574,B,2014-04-12 23:58:39,2014-04-13 00:08:54,10.2500
1397347121620000245,20000245,C,2014-04-12 23:58:41,2014-04-13 00:02:26,3.7500
1397347153620000625,20000625,A,2014-04-12 23:59:13,2014-04-13 00:11:28,12.2500
1397347155620000160,20000160,C,2014-04-12 23:59:15,2014-04-13 00:03:45,4.5000
1397347156620000305,20000305,A,2014-04-12 23:59:16,2014-04-13 00:08:46,9.5000
1397347191620000486,20000486,C,2014-04-12 23:59:51,2014-04-13 00:11:36,11.7500
1397425651620000009,20000009,C,2014-04-13 21:47:31,2014-04-14 00:04:31,137.0000
1397430187620000548,20000548,C,2014-04-13 23:03:07,2014-04-14 00:12:37,69.5000
1397432579620000160,20000160,C,2014-04-13 23:42:59,2014-04-14 00:08:59,26.0000
1397432721620000662,20000662,A,2014-04-13 23:45:21,2014-04-14 00:01:21,16.0000
1397432971620000154,20000154,A,2014-04-13 23:49:31,2014-04-14 00:00:01,10.5000
1397433202620000129,20000129,C,2014-04-13 23:53:22,2014-04-14 00:04:52,11.5000
1397433263620000060,20000060,B,2014-04-13 23:54:23,2014-04-14 00:00:53,6.5000
1397433445620000089,20000089,A,2014-04-13 23:57:25,2014-04-14 00:02:40,5.2500
1397433510620000657,20000657,C,2014-04-13 23:58:30,2014-04-14 00:12:45,14.2500
1397433539620000010,20000010,B,2014-04-13 23:58:59,2014-04-14 00:14:14,15.2500
1397433549620000624,20000624,C,2014-04-13 23:59:09,2014-04-14 00:05:24,6.2500
1397433565620000626,20000626,B,2014-04-13 23:59:25,2014-04-14 00:02:55,3.5000
1397518757620000698,20000698,B,2014-04-14 23:39:17,2014-04-15 00:10:47,31.5000
1397519135620000450,20000450,B,2014-04-14 23:45:35,2014-04-15 00:00:20,14.7500
1397519209620000598,20000598,C,2014-04-14 23:46:49,2014-04-15 00:14:04,27.2500
1397519553620000014,20000014,A,2014-04-14 23:52:33,2014-04-15 00:04:03,11.5000
1397519556620000488,20000488,C,2014-04-14 23:52:36,2014-04-15 00:04:21,11.7500
1397519593620000392,20000392,B,2014-04-14 23:53:13,2014-04-15 00:04:13,11.0000
1397519758620000364,20000364,C,2014-04-14 23:55:58,2014-04-15 00:02:43,6.7500
1397519777620000273,20000273,B,2014-04-14 23:56:17,2014-04-15 00:08:32,12.2500
1397519854620000260,20000260,C,2014-04-14 23:57:34,2014-04-15 00:06:49,9.2500
1397519859620000561,20000561,C,2014-04-14 23:57:39,2014-04-15 00:06:39,9.0000
1397519917620000467,20000467,C,2014-04-14 23:58:37,2014-04-15 00:01:22,2.7500
1397519953620000171,20000171,B,2014-04-14 23:59:13,2014-04-15 00:03:13,4.0000
1397519960620000454,20000454,A,2014-04-14 23:59:20,2014-04-15 00:01:50,2.5000
1397519979620000031,20000031,C,2014-04-14 23:59:39,2014-04-15 00:14:24,14.7500
1397603488620000392,20000392,B,2014-04-15 23:11:28,2014-04-16 00:11:28,60.0000
1397605434620000680,20000680,B,2014-04-15 23:43:54,2014-04-16 00:01:39,17.7500
1397605440620000620,20000620,C,2014-04-15 23:44:00,2014-04-16 00:14:45,30.7500
1397605600620000307,20000307,C,2014-04-15 23:46:40,2014-04-16 00:13:10,26.5000
1397605608620000488,20000488,C,2014-04-15 23:46:48,2014-04-16 00:00:33,13.7500
1397605646620000233,20000233,C,2014-04-15 23:47:26,2014-04-16 00:03:11,15.7500
1397605654620000013,20000013,B,2014-04-15 23:47:34,2014-04-16 00:00:19,12.7500
1397605664620000004,20000004,B,2014-04-15 23:47:44,2014-04-16 00:04:29,16.7500
1397605667620000199,20000199,B,2014-04-15 23:47:47,2014-04-16 00:04:02,16.2500
1397605989620000514,20000514,C,2014-04-15 23:53:09,2014-04-16 00:06:09,13.0000
1397606068620000304,20000304,B,2014-04-15 23:54:28,2014-04-16 00:00:28,6.0000
1397606225620000395,20000395,C,2014-04-15 23:57:05,2014-04-16 00:14:50,17.7500
1397606238620000280,20000280,B,2014-04-15 23:57:18,2014-04-16 00:10:48,13.5000
1397680184620000011,20000011,B,2014-04-16 20:29:44,2014-04-17 00:07:29,217.7500
1397686605620000013,20000013,C,2014-04-16 22:16:45,2014-04-17 01:02:45,166.0000
1397692055620000503,20000503,C,2014-04-16 23:47:35,2014-04-17 00:12:35,25.0000
1397692159620000332,20000332,A,2014-04-16 23:49:19,2014-04-17 00:03:19,14.0000
1397692187620000201,20000201,A,2014-04-16 23:49:47,2014-04-17 00:02:47,13.0000
1397692240620000233,20000233,B,2014-04-16 23:50:40,2014-04-17 00:02:25,11.7500
1397692253620000338,20000338,B,2014-04-16 23:50:53,2014-04-17 01:05:23,74.5000
1397692262620000015,20000015,A,2014-04-16 23:51:02,2014-04-17 00:07:47,16.7500
1397692280620000446,20000446,B,2014-04-16 23:51:20,2014-04-17 00:01:50,10.5000
1397692291620000542,20000542,B,2014-04-16 23:51:31,2014-04-17 00:03:31,12.0000
1397692326620000008,20000008,C,2014-04-16 23:52:06,2014-04-17 00:06:06,14.0000
1397692327620000612,20000612,C,2014-04-16 23:52:07,2014-04-17 00:06:52,14.7500
1397692500620000665,20000665,C,2014-04-16 23:55:00,2014-04-17 00:02:15,7.2500
1397692522620000456,20000456,B,2014-04-16 23:55:22,2014-04-17 00:04:37,9.2500
1397692567620000308,20000308,B,2014-04-16 23:56:07,2014-04-17 00:03:07,7.0000
1397692596620000303,20000303,C,2014-04-16 23:56:36,2014-04-17 00:01:51,5.2500
1397692604620000250,20000250,B,2014-04-16 23:56:44,2014-04-17 00:06:29,9.7500
1397692610620000320,20000320,C,2014-04-16 23:56:50,2014-04-17 00:11:05,14.2500
1397692766620000529,20000529,C,2014-04-16 23:59:26,2014-04-17 00:17:41,18.2500
1397777054620000060,20000060,B,2014-04-17 23:24:14,2014-04-18 00:02:29,38.2500
1397777871620000542,20000542,B,2014-04-17 23:37:51,2014-04-18 00:00:51,23.0000
1397777902620000084,20000084,B,2014-04-17 23:38:22,2014-04-18 00:00:07,21.7500
1397777967620000455,20000455,A,2014-04-17 23:39:27,2014-04-18 00:12:57,33.5000
1397778097620000216,20000216,B,2014-04-17 23:41:37,2014-04-18 00:09:07,27.5000
1397778249620000367,20000367,A,2014-04-17 23:44:09,2014-04-18 00:16:09,32.0000
1397778349620000626,20000626,C,2014-04-17 23:45:49,2014-04-18 00:00:34,14.7500
1397778444620000304,20000304,B,2014-04-17 23:47:24,2014-04-18 00:01:24,14.0000
1397778448620000598,20000598,C,2014-04-17 23:47:28,2014-04-18 00:10:58,23.5000
1397778454620000154,20000154,B,2014-04-17 23:47:34,2014-04-18 00:09:04,21.5000
1397778594620000640,20000640,B,2014-04-17 23:49:54,2014-04-18 00:07:09,17.2500
1397778596620000540,20000540,C,2014-04-17 23:49:56,2014-04-18 00:05:11,15.2500
1397778613620000588,20000588,B,2014-04-17 23:50:13,2014-04-18 00:05:58,15.7500
1397778620620000680,20000680,A,2014-04-17 23:50:20,2014-04-18 00:00:20,10.0000
1397778630620000463,20000463,C,2014-04-17 23:50:30,2014-04-18 00:00:00,9.5000
1397778693620000662,20000662,B,2014-04-17 23:51:33,2014-04-18 00:02:03,10.5000
1397778734620000395,20000395,C,2014-04-17 23:52:14,2014-04-18 00:30:14,38.0000
1397778748620000506,20000506,A,2014-04-17 23:52:28,2014-04-18 00:17:13,24.7500
1397778749620000618,20000618,A,2014-04-17 23:52:29,2014-04-18 00:08:29,16.0000
1397778754620000351,20000351,B,2014-04-17 23:52:34,2014-04-18 00:06:34,14.0000
1397778765620000250,20000250,A,2014-04-17 23:52:45,2014-04-18 00:10:00,17.2500
1397778801620000303,20000303,B,2014-04-17 23:53:21,2014-04-18 00:11:21,18.0000
1397778872620000518,20000518,A,2014-04-17 23:54:32,2014-04-18 00:13:47,19.2500
1397778898620000075,20000075,C,2014-04-17 23:54:58,2014-04-18 00:04:13,9.2500
1397778907620000311,20000311,A,2014-04-17 23:55:07,2014-04-18 00:10:07,15.0000
1397778937620000431,20000431,B,2014-04-17 23:55:37,2014-04-18 00:07:52,12.2500
1397778939620000089,20000089,A,2014-04-17 23:55:39,2014-04-18 00:02:54,7.2500
1397778971620000307,20000307,A,2014-04-17 23:56:11,2014-04-18 00:01:26,5.2500
1397778974620000668,20000668,A,2014-04-17 23:56:14,2014-04-18 00:04:14,8.0000
1397778996620000190,20000190,A,2014-04-17 23:56:36,2014-04-18 00:03:21,6.7500
1397779006620000509,20000509,B,2014-04-17 23:56:46,2014-04-18 00:05:01,8.2500
1397779024620000904,20000904,B,2014-04-17 23:57:04,2014-04-18 00:05:04,8.0000
1397779027620000621,20000621,B,2014-04-17 23:57:07,2014-04-18 00:14:07,17.0000
1397779056620000387,20000387,B,2014-04-17 23:57:36,2014-04-18 00:25:21,27.7500
1397779096620000467,20000467,C,2014-04-17 23:58:16,2014-04-18 00:02:16,4.0000
1397779114620000054,20000054,B,2014-04-17 23:58:34,2014-04-18 00:13:04,14.5000
1397779166620000546,20000546,C,2014-04-17 23:59:26,2014-04-18 00:15:11,15.7500
1397779170620000184,20000184,A,2014-04-17 23:59:30,2014-04-18 00:15:45,16.2500
1397779174620000424,20000424,B,2014-04-17 23:59:34,2014-04-18 00:19:19,19.7500
1397857492620000009,20000009,C,2014-04-18 21:44:52,2014-04-19 00:18:37,153.7500
1397864105620000226,20000226,C,2014-04-18 23:35:05,2014-04-19 00:12:20,37.2500
1397864713620000514,20000514,B,2014-04-18 23:45:13,2014-04-19 00:01:43,16.5000
1397864740620000058,20000058,C,2014-04-18 23:45:40,2014-04-19 00:01:40,16.0000
1397864778620000171,20000171,C,2014-04-18 23:46:18,2014-04-19 00:06:03,19.7500
1397864847620000456,20000456,C,2014-04-18 23:47:27,2014-04-19 00:01:42,14.2500
1397864865620000529,20000529,C,2014-04-18 23:47:45,2014-04-19 00:02:45,15.0000
1397864913620000239,20000239,C,2014-04-18 23:48:33,2014-04-19 00:00:48,12.2500
1397864919620000273,20000273,B,2014-04-18 23:48:39,2014-04-19 00:03:09,14.5000
1397864930620000120,20000120,A,2014-04-18 23:48:50,2014-04-19 00:00:05,11.2500
1397864960620000561,20000561,A,2014-04-18 23:49:20,2014-04-19 00:09:50,20.5000
1397864985620000430,20000430,B,2014-04-18 23:49:45,2014-04-19 00:00:15,10.5000
1397865040620000002,20000002,A,2014-04-18 23:50:40,2014-04-19 00:01:10,10.5000
1397865093620000184,20000184,A,2014-04-18 23:51:33,2014-04-19 00:01:03,9.5000
1397865098620000279,20000279,A,2014-04-18 23:51:38,2014-04-19 00:04:38,13.0000
1397865160620000015,20000015,B,2014-04-18 23:52:40,2014-04-19 00:05:10,12.5000
1397865227620000395,20000395,B,2014-04-18 23:53:47,2014-04-19 00:15:17,21.5000
1397865250620000116,20000116,C,2014-04-18 23:54:10,2014-04-19 00:01:10,7.0000
1397865280620000345,20000345,B,2014-04-18 23:54:40,2014-04-19 00:08:10,13.5000
1397865365620000304,20000304,C,2014-04-18 23:56:05,2014-04-19 00:03:50,7.7500
1397865423620000231,20000231,B,2014-04-18 23:57:03,2014-04-19 00:04:03,7.0000
1397865430620000680,20000680,B,2014-04-18 23:57:10,2014-04-19 00:04:55,7.7500
1397865455620000321,20000321,C,2014-04-18 23:57:35,2014-04-19 00:10:05,12.5000
1397865478620000160,20000160,A,2014-04-18 23:57:58,2014-04-19 00:09:58,12.0000
1397865495620000207,20000207,B,2014-04-18 23:58:15,2014-04-19 00:01:15,3.0000
1397865523620000159,20000159,B,2014-04-18 23:58:43,2014-04-19 00:06:58,8.2500
1397865537620000353,20000353,B,2014-04-18 23:58:57,2014-04-19 00:04:42,5.7500
1397951074620000529,20000529,C,2014-04-19 23:44:34,2014-04-20 00:11:19,26.7500
1397951231620000190,20000190,B,2014-04-19 23:47:11,2014-04-20 00:00:11,13.0000
1397951270620000271,20000271,B,2014-04-19 23:47:50,2014-04-20 00:04:35,16.7500
1397951428620000243,20000243,B,2014-04-19 23:50:28,2014-04-20 00:02:13,11.7500
1397951430620000179,20000179,A,2014-04-19 23:50:30,2014-04-20 00:04:15,13.7500
1397951497620000057,20000057,B,2014-04-19 23:51:37,2014-04-20 00:01:52,10.2500
1397951519620000347,20000347,A,2014-04-19 23:51:59,2014-04-20 00:03:29,11.5000
1397951530620000249,20000249,B,2014-04-19 23:52:10,2014-04-20 00:06:40,14.5000
1397951538620000578,20000578,B,2014-04-19 23:52:18,2014-04-20 00:05:18,13.0000
1397951546620000005,20000005,B,2014-04-19 23:52:26,2014-04-20 00:00:56,8.5000
1397951573620000548,20000548,C,2014-04-19 23:52:53,2014-04-20 00:00:23,7.5000
1397951600620000618,20000618,B,2014-04-19 23:53:20,2014-04-20 00:01:05,7.7500
1397951601620000004,20000004,A,2014-04-19 23:53:21,2014-04-20 00:03:06,9.7500
1397951608620000303,20000303,B,2014-04-19 23:53:28,2014-04-20 00:00:43,7.2500
1397951630620000042,20000042,B,2014-04-19 23:53:50,2014-04-20 00:02:20,8.5000
1397951642620000574,20000574,B,2014-04-19 23:54:02,2014-04-20 00:06:47,12.7500
1397951650620000252,20000252,A,2014-04-19 23:54:10,2014-04-20 00:01:25,7.2500
1397951650620000495,20000495,C,2014-04-19 23:54:10,2014-04-20 00:09:55,15.7500
1397951681620000362,20000362,A,2014-04-19 23:54:41,2014-04-20 00:03:41,9.0000
1397951722620000692,20000692,C,2014-04-19 23:55:22,2014-04-20 00:11:07,15.7500
1397951736620000546,20000546,C,2014-04-19 23:55:36,2014-04-20 00:08:36,13.0000
1397951755620000557,20000557,B,2014-04-19 23:55:55,2014-04-20 00:03:55,8.0000
1397951756620000184,20000184,B,2014-04-19 23:55:56,2014-04-20 00:00:26,4.5000
1397951794620000680,20000680,A,2014-04-19 23:56:34,2014-04-20 00:20:34,24.0000
1397951824620000015,20000015,B,2014-04-19 23:57:04,2014-04-20 00:00:34,3.5000
1397951836620000624,20000624,B,2014-04-19 23:57:16,2014-04-20 00:02:46,5.5000
1397951850620000276,20000276,A,2014-04-19 23:57:30,2014-04-20 00:10:45,13.2500
1397951850620000325,20000325,A,2014-04-19 23:57:30,2014-04-20 00:03:00,5.5000
1397951864620000279,20000279,A,2014-04-19 23:57:44,2014-04-20 00:08:14,10.5000
1397951871620000688,20000688,B,2014-04-19 23:57:51,2014-04-20 00:12:51,15.0000
1397951874620000364,20000364,C,2014-04-19 23:57:54,2014-04-20 00:12:09,14.2500
1397951874620000380,20000380,C,2014-04-19 23:57:54,2014-04-20 00:07:09,9.2500
1397951880620000076,20000076,B,2014-04-19 23:58:00,2014-04-20 00:03:15,5.2500
1397951913620000160,20000160,C,2014-04-19 23:58:33,2014-04-20 00:04:33,6.0000
1397951929620000216,20000216,A,2014-04-19 23:58:49,2014-04-20 00:23:19,24.5000
1397951940620000157,20000157,B,2014-04-19 23:59:00,2014-04-20 00:07:45,8.7500
1397951947620000108,20000108,C,2014-04-19 23:59:07,2014-04-20 00:07:52,8.7500
1397951977620000640,20000640,B,2014-04-19 23:59:37,2014-04-20 00:10:07,10.5000
1398030529620000013,20000013,C,2014-04-20 21:48:49,2014-04-21 01:47:04,238.2500
1398037089620000472,20000472,B,2014-04-20 23:38:09,2014-04-21 00:22:39,44.5000
1398037660620000263,20000263,C,2014-04-20 23:47:40,2014-04-21 00:07:25,19.7500
1398037764620000529,20000529,C,2014-04-20 23:49:24,2014-04-21 00:08:54,19.5000
1398037775620000678,20000678,C,2014-04-20 23:49:35,2014-04-21 00:12:05,22.5000
1398037784620000307,20000307,C,2014-04-20 23:49:44,2014-04-21 00:10:29,20.7500
1398037872620000332,20000332,B,2014-04-20 23:51:12,2014-04-21 00:04:42,13.5000
1398037885620000015,20000015,B,2014-04-20 23:51:25,2014-04-21 00:04:10,12.7500
1398037898620000651,20000651,B,2014-04-20 23:51:38,2014-04-21 00:07:23,15.7500
1398037921620000561,20000561,B,2014-04-20 23:52:01,2014-04-21 00:00:46,8.7500
1398037941620000520,20000520,B,2014-04-20 23:52:21,2014-04-21 00:01:06,8.7500
1398037945620000684,20000684,B,2014-04-20 23:52:25,2014-04-21 00:06:10,13.7500
1398038054620000285,20000285,A,2014-04-20 23:54:14,2014-04-21 00:01:14,7.0000
1398038087620000653,20000653,C,2014-04-20 23:54:47,2014-04-21 00:05:47,11.0000
1398038095620000554,20000554,B,2014-04-20 23:54:55,2014-04-21 00:06:10,11.2500
1398038101620000596,20000596,B,2014-04-20 23:55:01,2014-04-21 00:07:16,12.2500
1398038109620000273,20000273,B,2014-04-20 23:55:09,2014-04-21 00:07:09,12.0000
1398038134620000612,20000612,B,2014-04-20 23:55:34,2014-04-21 00:05:34,10.0000
1398038188620000190,20000190,A,2014-04-20 23:56:28,2014-04-21 00:04:13,7.7500
1398038195620000624,20000624,B,2014-04-20 23:56:35,2014-04-21 00:10:05,13.5000
1398038334620000008,20000008,B,2014-04-20 23:58:54,2014-04-21 00:04:54,6.0000
1398038342620000324,20000324,C,2014-04-20 23:59:02,2014-04-21 00:29:17,30.2500
1398123537620000570,20000570,A,2014-04-21 23:38:57,2014-04-22 00:11:42,32.7500
1398124138620000648,20000648,B,2014-04-21 23:48:58,2014-04-22 00:04:13,15.2500
1398124156620000199,20000199,B,2014-04-21 23:49:16,2014-04-22 00:00:46,11.5000
1398124381620000640,20000640,B,2014-04-21 23:53:01,2014-04-22 00:04:31,11.5000
1398124392620000101,20000101,B,2014-04-21 23:53:12,2014-04-22 00:00:42,7.5000
1398124404620000288,20000288,B,2014-04-21 23:53:24,2014-04-22 00:04:39,11.2500
1398124408620000042,20000042,C,2014-04-21 23:53:28,2014-04-22 00:05:43,12.2500
1398124506620000332,20000332,C,2014-04-21 23:55:06,2014-04-22 00:16:51,21.7500
1398124552620000273,20000273,B,2014-04-21 23:55:52,2014-04-22 00:04:37,8.7500
1398124569620000361,20000361,B,2014-04-21 23:56:09,2014-04-22 00:01:09,5.0000
1398124601620000129,20000129,B,2014-04-21 23:56:41,2014-04-22 00:04:41,8.0000
1398124605620000577,20000577,A,2014-04-21 23:56:45,2014-04-22 00:05:30,8.7500
1398124647620000308,20000308,B,2014-04-21 23:57:27,2014-04-22 00:02:27,5.0000
1398124664620000525,20000525,A,2014-04-21 23:57:44,2014-04-22 00:08:59,11.2500
1398124722620000684,20000684,B,2014-04-21 23:58:42,2014-04-22 00:04:42,6.0000
1398124779620000455,20000455,B,2014-04-21 23:59:39,2014-04-22 00:10:39,11.0000
1398210411620000617,20000617,B,2014-04-22 23:46:51,2014-04-23 00:04:51,18.0000
1398210432620000648,20000648,B,2014-04-22 23:47:12,2014-04-23 00:07:27,20.2500
1398210446620000668,20000668,C,2014-04-22 23:47:26,2014-04-23 00:25:11,37.7500
1398210718620000436,20000436,A,2014-04-22 23:51:58,2014-04-23 00:11:58,20.0000
1398210764620000192,20000192,C,2014-04-22 23:52:44,2014-04-23 00:26:59,34.2500
1398210826620000688,20000688,C,2014-04-22 23:53:46,2014-04-23 00:06:31,12.7500
1398210831620000153,20000153,A,2014-04-22 23:53:51,2014-04-23 00:08:06,14.2500
1398210895620000005,20000005,A,2014-04-22 23:54:55,2014-04-23 00:01:25,6.5000
1398211057620000199,20000199,C,2014-04-22 23:57:37,2014-04-23 00:03:37,6.0000
1398211151620000370,20000370,B,2014-04-22 23:59:11,2014-04-23 00:00:56,1.7500
1398211172620000304,20000304,C,2014-04-22 23:59:32,2014-04-23 00:02:02,2.5000
1398211187620000333,20000333,B,2014-04-22 23:59:47,2014-04-23 00:09:17,9.5000
1398211196620000624,20000624,B,2014-04-22 23:59:56,2014-04-23 00:15:41,15.7500
1398296689620000224,20000224,A,2014-04-23 23:44:49,2014-04-24 00:03:19,18.5000
1398297069620000250,20000250,B,2014-04-23 23:51:09,2014-04-24 00:03:24,12.2500
1398297084620000327,20000327,B,2014-04-23 23:51:24,2014-04-24 00:01:09,9.7500
1398297086620000625,20000625,B,2014-04-23 23:51:26,2014-04-24 00:01:11,9.7500
1398297134620000273,20000273,B,2014-04-23 23:52:14,2014-04-24 00:04:14,12.0000
1398297181620000517,20000517,B,2014-04-23 23:53:01,2014-04-24 00:07:46,14.7500
1398297233620000197,20000197,B,2014-04-23 23:53:53,2014-04-24 00:01:08,7.2500
1398297267620000195,20000195,B,2014-04-23 23:54:27,2014-04-24 00:07:12,12.7500
1398297316620000324,20000324,C,2014-04-23 23:55:16,2014-04-24 00:42:31,47.2500
1398297336620000171,20000171,B,2014-04-23 23:55:36,2014-04-24 00:00:51,5.2500
1398297339620000112,20000112,B,2014-04-23 23:55:39,2014-04-24 00:07:54,12.2500
1398297376620000546,20000546,C,2014-04-23 23:56:16,2014-04-24 00:03:01,6.7500
1398297401620000256,20000256,C,2014-04-23 23:56:41,2014-04-24 00:08:11,11.5000
1398297461620000476,20000476,A,2014-04-23 23:57:41,2014-04-24 00:05:11,7.5000
1398297481620000067,20000067,C,2014-04-23 23:58:01,2014-04-24 00:02:16,4.2500
1398297509620000595,20000595,C,2014-04-23 23:58:29,2014-04-24 00:05:14,6.7500
1398297549620000473,20000473,B,2014-04-23 23:59:09,2014-04-24 00:05:09,6.0000
1398297570620000297,20000297,A,2014-04-23 23:59:30,2014-04-24 00:07:45,8.2500
1398377461620000009,20000009,C,2014-04-24 22:11:01,2014-04-25 00:34:16,143.2500
1398380805620000190,20000190,B,2014-04-24 23:06:45,2014-04-25 00:15:30,68.7500
1398383282620000653,20000653,C,2014-04-24 23:48:02,2014-04-25 00:04:47,16.7500
1398383302620000178,20000178,B,2014-04-24 23:48:22,2014-04-25 00:02:37,14.2500
1398383327620000254,20000254,A,2014-04-24 23:48:47,2014-04-25 00:01:32,12.7500
1398383392620000621,20000621,B,2014-04-24 23:49:52,2014-04-25 00:02:52,13.0000
1398383398620000598,20000598,C,2014-04-24 23:49:58,2014-04-25 00:13:43,23.7500
1398383415620000472,20000472,C,2014-04-24 23:50:15,2014-04-25 00:05:00,14.7500
1398383465620000548,20000548,C,2014-04-24 23:51:05,2014-04-25 00:07:35,16.5000
1398383544620000197,20000197,B,2014-04-24 23:52:24,2014-04-25 00:04:54,12.5000
1398383547620000514,20000514,B,2014-04-24 23:52:27,2014-04-25 00:09:57,17.5000
1398383547620000600,20000600,B,2014-04-24 23:52:27,2014-04-25 00:07:27,15.0000
1398383564620000338,20000338,C,2014-04-24 23:52:44,2014-04-25 00:08:29,15.7500
1398383574620000450,20000450,B,2014-04-24 23:52:54,2014-04-25 00:02:24,9.5000
1398383601620000129,20000129,B,2014-04-24 23:53:21,2014-04-25 00:08:21,15.0000
1398383610620000101,20000101,C,2014-04-24 23:53:30,2014-04-25 00:00:15,6.7500
1398383642620000076,20000076,C,2014-04-24 23:54:02,2014-04-25 00:00:47,6.7500
1398383650620000114,20000114,B,2014-04-24 23:54:10,2014-04-25 00:13:40,19.5000
1398383666620000328,20000328,B,2014-04-24 23:54:26,2014-04-25 00:01:26,7.0000
1398383671620000388,20000388,A,2014-04-24 23:54:31,2014-04-25 00:03:31,9.0000
1398383673620000067,20000067,A,2014-04-24 23:54:33,2014-04-25 00:07:18,12.7500
1398383685620000698,20000698,C,2014-04-24 23:54:45,2014-04-25 00:08:45,14.0000
1398383696620000423,20000423,B,2014-04-24 23:54:56,2014-04-25 00:04:41,9.7500
1398383717620000092,20000092,B,2014-04-24 23:55:17,2014-04-25 00:05:47,10.5000
1398383731620000473,20000473,C,2014-04-24 23:55:31,2014-04-25 00:06:31,11.0000
1398383759620000305,20000305,A,2014-04-24 23:55:59,2014-04-25 00:06:29,10.5000
1398383811620000140,20000140,B,2014-04-24 23:56:51,2014-04-25 00:08:36,11.7500
1398383820620000680,20000680,C,2014-04-24 23:57:00,2014-04-25 00:04:15,7.2500
1398383832620000529,20000529,B,2014-04-24 23:57:12,2014-04-25 00:02:42,5.5000
1398383838620000657,20000657,C,2014-04-24 23:57:18,2014-04-25 00:13:33,16.2500
1398383855620000370,20000370,B,2014-04-24 23:57:35,2014-04-25 00:02:20,4.7500
1398383880620000012,20000012,A,2014-04-24 23:58:00,2014-04-25 00:07:00,9.0000
1398383883620000051,20000051,B,2014-04-24 23:58:03,2014-04-25 00:05:33,7.5000
1398383885620000454,20000454,A,2014-04-24 23:58:05,2014-04-25 00:06:05,8.0000
1398383891620000060,20000060,B,2014-04-24 23:58:11,2014-04-25 00:07:56,9.7500
1398383919620000380,20000380,C,2014-04-24 23:58:39,2014-04-25 00:10:39,12.0000
1398383970620000011,20000011,B,2014-04-24 23:59:30,2014-04-25 00:10:30,11.0000
1398462902620000009,20000009,C,2014-04-25 21:55:02,2014-04-26 00:06:47,131.7500
1398468812620000054,20000054,B,2014-04-25 23:33:32,2014-04-26 00:03:47,30.2500
1398469032620000307,20000307,C,2014-04-25 23:37:12,2014-04-26 00:02:27,25.2500
1398469438620000337,20000337,A,2014-04-25 23:43:58,2014-04-26 00:02:13,18.2500
1398469450620000008,20000008,B,2014-04-25 23:44:10,2014-04-26 00:02:25,18.2500
1398469605620000324,20000324,A,2014-04-25 23:46:45,2014-04-26 00:07:00,20.2500
1398469662620000179,20000179,A,2014-04-25 23:47:42,2014-04-26 00:03:42,16.0000
1398469764620000311,20000311,C,2014-04-25 23:49:24,2014-04-26 00:07:24,18.0000
1398469851620000320,20000320,A,2014-04-25 23:50:51,2014-04-26 00:01:36,10.7500
1398469859620000423,20000423,B,2014-04-25 23:50:59,2014-04-26 00:01:44,10.7500
1398469980620000161,20000161,C,2014-04-25 23:53:00,2014-04-26 00:10:00,17.0000
1398469988620000561,20000561,C,2014-04-25 23:53:08,2014-04-26 00:02:53,9.7500
1398469994620000625,20000625,C,2014-04-25 23:53:14,2014-04-26 00:04:14,11.0000
1398469998620000304,20000304,C,2014-04-25 23:53:18,2014-04-26 00:34:48,41.5000
1398470009620000456,20000456,C,2014-04-25 23:53:29,2014-04-26 00:05:14,11.7500
1398470048620000451,20000451,B,2014-04-25 23:54:08,2014-04-26 00:02:53,8.7500
1398470118620000114,20000114,B,2014-04-25 23:55:18,2014-04-26 00:00:33,5.2500
1398470121620000542,20000542,B,2014-04-25 23:55:21,2014-04-26 00:04:36,9.2500
1398470130620000263,20000263,C,2014-04-25 23:55:30,2014-04-26 00:04:15,8.7500
1398470161620000002,20000002,B,2014-04-25 23:56:01,2014-04-26 00:05:16,9.2500
1398470164620000506,20000506,C,2014-04-25 23:56:04,2014-04-26 00:34:34,38.5000
1398470185620000045,20000045,A,2014-04-25 23:56:25,2014-04-26 00:03:40,7.2500
1398470226620000588,20000588,B,2014-04-25 23:57:06,2014-04-26 00:06:06,9.0000
1398470234620000648,20000648,B,2014-04-25 23:57:14,2014-04-26 00:09:14,12.0000
1398470247620000051,20000051,B,2014-04-25 23:57:27,2014-04-26 00:29:27,32.0000
1398470277620000421,20000421,A,2014-04-25 23:57:57,2014-04-26 00:02:42,4.7500
1398470294620000031,20000031,C,2014-04-25 23:58:14,2014-04-26 00:05:14,7.0000
1398470306620000297,20000297,C,2014-04-25 23:58:26,2014-04-26 00:08:41,10.2500
1398470307620000388,20000388,B,2014-04-25 23:58:27,2014-04-26 00:01:27,3.0000
1398470329620000140,20000140,B,2014-04-25 23:58:49,2014-04-26 00:04:04,5.2500
1398470330620000686,20000686,B,2014-04-25 23:58:50,2014-04-26 00:13:50,15.0000
1398470350620000904,20000904,C,2014-04-25 23:59:10,2014-04-26 00:03:55,4.7500
1398470371620000431,20000431,B,2014-04-25 23:59:31,2014-04-26 00:07:01,7.5000
1398470396620000626,20000626,A,2014-04-25 23:59:56,2014-04-26 00:12:11,12.2500
1398551292620000554,20000554,B,2014-04-26 22:28:12,2014-04-27 03:34:42,306.5000
1398555393620000276,20000276,A,2014-04-26 23:36:33,2014-04-27 00:14:33,38.0000
1398555458620000665,20000665,C,2014-04-26 23:37:38,2014-04-27 00:01:38,24.0000
1398555906620000364,20000364,B,2014-04-26 23:45:06,2014-04-27 00:13:36,28.5000
1398556017620000011,20000011,B,2014-04-26 23:46:57,2014-04-27 00:06:42,19.7500
1398556071620000426,20000426,A,2014-04-26 23:47:51,2014-04-27 00:00:51,13.0000
1398556079620000161,20000161,B,2014-04-26 23:47:59,2014-04-27 00:01:44,13.7500
1398556129620000217,20000217,B,2014-04-26 23:48:49,2014-04-27 00:00:34,11.7500
1398556161620000245,20000245,B,2014-04-26 23:49:21,2014-04-27 00:19:06,29.7500
1398556198620000380,20000380,C,2014-04-26 23:49:58,2014-04-27 00:03:43,13.7500
1398556203620000640,20000640,A,2014-04-26 23:50:03,2014-04-27 00:05:18,15.2500
1398556238620000105,20000105,B,2014-04-26 23:50:38,2014-04-27 00:00:23,9.7500
1398556280620000591,20000591,C,2014-04-26 23:51:20,2014-04-27 00:07:20,16.0000
1398556328620000472,20000472,C,2014-04-26 23:52:08,2014-04-27 00:02:38,10.5000
1398556338620000684,20000684,B,2014-04-26 23:52:18,2014-04-27 00:04:33,12.2500
1398556359620000251,20000251,B,2014-04-26 23:52:39,2014-04-27 00:05:39,13.0000
1398556389620000610,20000610,B,2014-04-26 23:53:09,2014-04-27 00:07:09,14.0000
1398556440620000503,20000503,B,2014-04-26 23:54:00,2014-04-27 00:02:30,8.5000
1398556447620000023,20000023,B,2014-04-26 23:54:07,2014-04-27 00:01:22,7.2500
1398556477620000548,20000548,C,2014-04-26 23:54:37,2014-04-27 00:06:07,11.5000
1398556512620000119,20000119,A,2014-04-26 23:55:12,2014-04-27 00:05:12,10.0000
1398556542620000196,20000196,B,2014-04-26 23:55:42,2014-04-27 00:05:27,9.7500
1398556553620000252,20000252,C,2014-04-26 23:55:53,2014-04-27 00:10:23,14.5000
1398556561620000570,20000570,C,2014-04-26 23:56:01,2014-04-27 00:11:31,15.5000
1398556569620000497,20000497,B,2014-04-26 23:56:09,2014-04-27 00:04:54,8.7500
1398556579620000045,20000045,A,2014-04-26 23:56:19,2014-04-27 00:06:34,10.2500
1398556590620000013,20000013,B,2014-04-26 23:56:30,2014-04-27 00:09:15,12.7500
1398556595620000081,20000081,B,2014-04-26 23:56:35,2014-04-27 00:09:35,13.0000
1398556606620000541,20000541,B,2014-04-26 23:56:46,2014-04-27 00:09:46,13.0000
1398556622620000506,20000506,B,2014-04-26 23:57:02,2014-04-27 00:04:32,7.5000
1398556634620000309,20000309,A,2014-04-26 23:57:14,2014-04-27 00:17:29,20.2500
1398556648620000486,20000486,B,2014-04-26 23:57:28,2014-04-27 00:06:13,8.7500
1398556718620000066,20000066,B,2014-04-26 23:58:38,2014-04-27 00:00:38,2.0000
1398556726620000578,20000578,A,2014-04-26 23:58:46,2014-04-27 00:09:16,10.5000
1398556749620000154,20000154,B,2014-04-26 23:59:09,2014-04-27 00:09:24,10.2500
1398556773620000434,20000434,B,2014-04-26 23:59:33,2014-04-27 00:12:33,13.0000
1398556784620000057,20000057,C,2014-04-26 23:59:44,2014-04-27 00:01:44,2.0000
1398642621620000089,20000089,C,2014-04-27 23:50:21,2014-04-28 00:03:21,13.0000
1398642652620000662,20000662,B,2014-04-27 23:50:52,2014-04-28 00:00:22,9.5000
1398642761620000171,20000171,B,2014-04-27 23:52:41,2014-04-28 00:06:26,13.7500
1398642969620000269,20000269,B,2014-04-27 23:56:09,2014-04-28 00:02:24,6.2500
1398642973620000616,20000616,A,2014-04-27 23:56:13,2014-04-28 00:18:43,22.5000
1398643003620000007,20000007,B,2014-04-27 23:56:43,2014-04-28 00:11:13,14.5000
1398643014620000013,20000013,B,2014-04-27 23:56:54,2014-04-28 00:10:39,13.7500
1398643026620000009,20000009,B,2014-04-27 23:57:06,2014-04-28 00:09:21,12.2500
1398643075620000003,20000003,B,2014-04-27 23:57:55,2014-04-28 00:02:10,4.2500
1398643099620000179,20000179,B,2014-04-27 23:58:19,2014-04-28 00:05:34,7.2500
1398643102620000600,20000600,B,2014-04-27 23:58:22,2014-04-28 00:14:07,15.7500
1398643122620000285,20000285,A,2014-04-27 23:58:42,2014-04-28 00:09:12,10.5000
1398727257620000395,20000395,B,2014-04-28 23:20:57,2014-04-29 01:00:12,99.2500
1398728589620000529,20000529,C,2014-04-28 23:43:09,2014-04-29 00:05:39,22.5000
1398728594620000664,20000664,C,2014-04-28 23:43:14,2014-04-29 00:04:44,21.5000
1398728908620000649,20000649,A,2014-04-28 23:48:28,2014-04-29 00:00:43,12.2500
1398728967620000561,20000561,B,2014-04-28 23:49:27,2014-04-29 00:00:12,10.7500
1398729126620000013,20000013,B,2014-04-28 23:52:06,2014-04-29 00:06:21,14.2500
1398729247620000435,20000435,C,2014-04-28 23:54:07,2014-04-29 00:08:37,14.5000
1398729405620000254,20000254,B,2014-04-28 23:56:45,2014-04-29 00:03:30,6.7500
1398729473620000184,20000184,A,2014-04-28 23:57:53,2014-04-29 00:04:53,7.0000
1398729475620000431,20000431,C,2014-04-28 23:57:55,2014-04-29 00:03:40,5.7500
1398729489620000273,20000273,B,2014-04-28 23:58:09,2014-04-29 00:11:54,13.7500
1398729489620000307,20000307,C,2014-04-28 23:58:09,2014-04-29 00:12:09,14.0000
1398729489620000364,20000364,B,2014-04-28 23:58:09,2014-04-29 00:04:09,6.0000
1398729588620000621,20000621,B,2014-04-28 23:59:48,2014-04-29 00:08:03,8.2500
1398814991620000359,20000359,B,2014-04-29 23:43:11,2014-04-30 00:02:26,19.2500
1398815003620000007,20000007,B,2014-04-29 23:43:23,2014-04-30 00:00:38,17.2500
1398815105620000406,20000406,C,2014-04-29 23:45:05,2014-04-30 00:01:05,16.0000
1398815286620000263,20000263,C,2014-04-29 23:48:06,2014-04-30 00:30:21,42.2500
1398815304620000233,20000233,C,2014-04-29 23:48:24,2014-04-30 00:02:24,14.0000
1398815357620000002,20000002,A,2014-04-29 23:49:17,2014-04-30 00:00:17,11.0000
1398815474620000157,20000157,A,2014-04-29 23:51:14,2014-04-30 00:02:59,11.7500
1398815602620000101,20000101,A,2014-04-29 23:53:22,2014-04-30 00:01:52,8.5000
1398815656620000651,20000651,B,2014-04-29 23:54:16,2014-04-30 00:01:16,7.0000
1398815666620000576,20000576,B,2014-04-29 23:54:26,2014-04-30 00:04:56,10.5000
1398815766620000395,20000395,B,2014-04-29 23:56:06,2014-04-30 00:05:06,9.0000
1398815861620000307,20000307,C,2014-04-29 23:57:41,2014-04-30 00:11:41,14.0000
1398815950620000171,20000171,B,2014-04-29 23:59:10,2014-04-30 00:04:55,5.7500
1398815982620000492,20000492,A,2014-04-29 23:59:42,2014-04-30 00:10:12,10.5000
1398900335620000472,20000472,C,2014-04-30 23:25:35,2014-05-01 00:28:50,63.2500
1398901505620000380,20000380,C,2014-04-30 23:45:05,2014-05-01 00:18:20,33.2500
1398901671620000601,20000601,C,2014-04-30 23:47:51,2014-05-01 00:06:36,18.7500
1398901739620000611,20000611,C,2014-04-30 23:48:59,2014-05-01 00:05:59,17.0000
1398901773620000057,20000057,C,2014-04-30 23:49:33,2014-05-01 00:02:33,13.0000
1398901792620000603,20000603,B,2014-04-30 23:49:52,2014-05-01 00:02:22,12.5000
1398901794620000548,20000548,C,2014-04-30 23:49:54,2014-05-01 00:12:39,22.7500
1398901825620000525,20000525,C,2014-04-30 23:50:25,2014-05-01 00:02:40,12.2500
1398901835620000576,20000576,B,2014-04-30 23:50:35,2014-05-01 00:01:05,10.5000
1398901899620000101,20000101,A,2014-04-30 23:51:39,2014-05-01 00:01:54,10.2500
1398901932620000686,20000686,B,2014-04-30 23:52:12,2014-05-01 00:00:57,8.7500
1398901951620000179,20000179,C,2014-04-30 23:52:31,2014-05-01 00:01:01,8.5000
1398901972620000904,20000904,B,2014-04-30 23:52:52,2014-05-01 00:00:52,8.0000
1398902016620000089,20000089,C,2014-04-30 23:53:36,2014-05-01 00:03:06,9.5000
1398902030620000337,20000337,A,2014-04-30 23:53:50,2014-05-01 00:02:20,8.5000
1398902042620000076,20000076,B,2014-04-30 23:54:02,2014-05-01 00:01:17,7.2500
1398902073620000324,20000324,C,2014-04-30 23:54:33,2014-05-01 00:03:33,9.0000
1398902076620000497,20000497,B,2014-04-30 23:54:36,2014-05-01 00:10:36,16.0000
1398902090620000520,20000520,B,2014-04-30 23:54:50,2014-05-01 00:35:20,40.5000
1398902112620000157,20000157,A,2014-04-30 23:55:12,2014-05-01 00:02:57,7.7500
1398902129620000359,20000359,A,2014-04-30 23:55:29,2014-05-01 00:06:29,11.0000
1398902139620000509,20000509,B,2014-04-30 23:55:39,2014-05-01 00:00:54,5.2500
1398902142620000009,20000009,B,2014-04-30 23:55:42,2014-05-01 00:13:27,17.7500
1398902155620000081,20000081,C,2014-04-30 23:55:55,2014-05-01 00:21:25,25.5000
1398902175620000588,20000588,C,2014-04-30 23:56:15,2014-05-01 00:13:15,17.0000
1398902177620000332,20000332,B,2014-04-30 23:56:17,2014-05-01 00:09:32,13.2500
1398902211620000231,20000231,C,2014-04-30 23:56:51,2014-05-01 00:09:21,12.5000
1398902220620000626,20000626,C,2014-04-30 23:57:00,2014-05-01 00:07:15,10.2500
1398902295620000353,20000353,B,2014-04-30 23:58:15,2014-05-01 00:09:30,11.2500
1398902315620000560,20000560,C,2014-04-30 23:58:35,2014-05-01 00:04:20,5.7500
1398902327620000252,20000252,A,2014-04-30 23:58:47,2014-05-01 00:24:47,26.0000
1398902331620000325,20000325,B,2014-04-30 23:58:51,2014-05-01 00:06:21,7.5000
1398902334620000476,20000476,C,2014-04-30 23:58:54,2014-05-01 00:01:09,2.2500
1398902348620000195,20000195,C,2014-04-30 23:59:08,2014-05-01 00:03:53,4.7500
1398902361620000136,20000136,B,2014-04-30 23:59:21,2014-05-01 00:06:21,7.0000
1398902364620000114,20000114,C,2014-04-30 23:59:24,2014-05-01 00:10:09,10.7500
1398902384620000649,20000649,B,2014-04-30 23:59:44,2014-05-01 00:02:29,2.7500
1398988034620000351,20000351,B,2014-05-01 23:47:14,2014-05-02 00:00:14,13.0000
1398988088620000269,20000269,C,2014-05-01 23:48:08,2014-05-02 00:05:23,17.2500
1398988247620000372,20000372,A,2014-05-01 23:50:47,2014-05-02 00:01:17,10.5000
1398988324620000680,20000680,C,2014-05-01 23:52:04,2014-05-02 00:03:49,11.7500
1398988346620000199,20000199,C,2014-05-01 23:52:26,2014-05-02 00:00:56,8.5000
1398988425620000101,20000101,B,2014-05-01 23:53:45,2014-05-02 00:00:15,6.5000
1398988477620000612,20000612,B,2014-05-01 23:54:37,2014-05-02 00:01:07,6.5000
1398988531620000031,20000031,B,2014-05-01 23:55:31,2014-05-02 00:04:01,8.5000
1398988602620000554,20000554,B,2014-05-01 23:56:42,2014-05-02 00:13:27,16.7500
1398988604620000341,20000341,B,2014-05-01 23:56:44,2014-05-02 00:02:14,5.5000
1398988631620000597,20000597,C,2014-05-01 23:57:11,2014-05-02 00:13:11,16.0000
1398988720620000574,20000574,B,2014-05-01 23:58:40,2014-05-02 00:05:10,6.5000
1399072944620000004,20000004,B,2014-05-02 23:22:24,2014-05-03 00:36:09,73.7500
1399073728620000081,20000081,A,2014-05-02 23:35:28,2014-05-03 00:02:13,26.7500
1399073993620000395,20000395,C,2014-05-02 23:39:53,2014-05-03 00:22:23,42.5000
1399074356620000280,20000280,B,2014-05-02 23:45:56,2014-05-03 00:09:56,24.0000
1399074411620000453,20000453,A,2014-05-02 23:46:51,2014-05-03 00:01:36,14.7500
1399074508620000114,20000114,B,2014-05-02 23:48:28,2014-05-03 00:07:58,19.5000
1399074537620000481,20000481,B,2014-05-02 23:48:57,2014-05-03 00:02:27,13.5000
1399074580620000297,20000297,C,2014-05-02 23:49:40,2014-05-03 00:02:40,13.0000
1399074587620000304,20000304,B,2014-05-02 23:49:47,2014-05-03 00:07:02,17.2500
1399074607620000351,20000351,B,2014-05-02 23:50:07,2014-05-03 00:01:07,11.0000
1399074666620000684,20000684,B,2014-05-02 23:51:06,2014-05-03 00:05:51,14.7500
1399074668620000455,20000455,C,2014-05-02 23:51:08,2014-05-03 00:00:08,9.0000
1399074708620000328,20000328,B,2014-05-02 23:51:48,2014-05-03 00:00:03,8.2500
1399074753620000288,20000288,C,2014-05-02 23:52:33,2014-05-03 00:05:48,13.2500
1399074759620000560,20000560,B,2014-05-02 23:52:39,2014-05-03 00:00:09,7.5000
1399074770620000320,20000320,B,2014-05-02 23:52:50,2014-05-03 00:01:50,9.0000
1399074788620000476,20000476,C,2014-05-02 23:53:08,2014-05-03 00:00:08,7.0000
1399074831620000392,20000392,B,2014-05-02 23:53:51,2014-05-03 00:00:06,6.2500
1399074837620000561,20000561,B,2014-05-02 23:53:57,2014-05-03 00:13:27,19.5000
1399074838620000327,20000327,B,2014-05-02 23:53:58,2014-05-03 00:00:28,6.5000
1399074873620000154,20000154,A,2014-05-02 23:54:33,2014-05-03 00:05:18,10.7500
1399074880620000337,20000337,C,2014-05-02 23:54:40,2014-05-03 00:07:40,13.0000
1399074890620000333,20000333,B,2014-05-02 23:54:50,2014-05-03 00:07:20,12.5000
1399074901620000015,20000015,B,2014-05-02 23:55:01,2014-05-03 00:08:01,13.0000
1399074907620000670,20000670,C,2014-05-02 23:55:07,2014-05-03 00:05:37,10.5000
1399074923620000119,20000119,A,2014-05-02 23:55:23,2014-05-03 00:01:38,6.2500
1399074943620000067,20000067,B,2014-05-02 23:55:43,2014-05-03 00:04:43,9.0000
1399074950620000617,20000617,B,2014-05-02 23:55:50,2014-05-03 00:06:35,10.7500
1399074967620000279,20000279,C,2014-05-02 23:56:07,2014-05-03 00:00:52,4.7500
1399074977620000649,20000649,B,2014-05-02 23:56:17,2014-05-03 00:01:02,4.7500
1399075029620000426,20000426,A,2014-05-02 23:57:09,2014-05-03 00:01:09,4.0000
1399075034620000403,20000403,C,2014-05-02 23:57:14,2014-05-03 00:06:14,9.0000
1399075092620000625,20000625,A,2014-05-02 23:58:12,2014-05-03 00:04:27,6.2500
1399075105620000256,20000256,B,2014-05-02 23:58:25,2014-05-03 00:02:55,4.5000
1399075152620000389,20000389,B,2014-05-02 23:59:12,2014-05-03 00:06:57,7.7500
1399075160620000467,20000467,C,2014-05-02 23:59:20,2014-05-03 00:06:50,7.5000
1399075165620000616,20000616,B,2014-05-02 23:59:25,2014-05-03 00:06:25,7.0000
1399075172620000675,20000675,C,2014-05-02 23:59:32,2014-05-03 00:09:17,9.7500
1399075187620000321,20000321,B,2014-05-02 23:59:47,2014-05-03 00:04:47,5.0000
1399075190620000456,20000456,C,2014-05-02 23:59:50,2014-05-03 00:16:05,16.2500
1399075195620000546,20000546,C,2014-05-02 23:59:55,2014-05-03 00:10:55,11.0000
1399159185620000403,20000403,C,2014-05-03 23:19:45,2014-05-04 02:58:00,218.2500
1399160026620000076,20000076,B,2014-05-03 23:33:46,2014-05-04 00:01:01,27.2500
1399160188620000395,20000395,C,2014-05-03 23:36:28,2014-05-04 00:05:28,29.0000
1399160537620000297,20000297,B,2014-05-03 23:42:17,2014-05-04 00:06:17,24.0000
1399160586620000129,20000129,C,2014-05-03 23:43:06,2014-05-04 00:05:21,22.2500
1399160648620000454,20000454,A,2014-05-03 23:44:08,2014-05-04 00:02:53,18.7500
1399160669620000686,20000686,B,2014-05-03 23:44:29,2014-05-04 00:16:29,32.0000
1399160672620000239,20000239,B,2014-05-03 23:44:32,2014-05-04 00:02:32,18.0000
1399160787620000041,20000041,B,2014-05-03 23:46:27,2014-05-04 00:00:27,14.0000
1399160787620000263,20000263,B,2014-05-03 23:46:27,2014-05-04 00:04:12,17.7500
1399160864620000430,20000430,C,2014-05-03 23:47:44,2014-05-04 00:11:29,23.7500
1399160899620000697,20000697,B,2014-05-03 23:48:19,2014-05-04 00:01:04,12.7500
1399160903620000546,20000546,B,2014-05-03 23:48:23,2014-05-04 00:09:23,21.0000
1399160924620000114,20000114,B,2014-05-03 23:48:44,2014-05-04 00:10:14,21.5000
1399160975620000060,20000060,C,2014-05-03 23:49:35,2014-05-04 00:00:35,11.0000
1399160987620000651,20000651,C,2014-05-03 23:49:47,2014-05-04 00:01:47,12.0000
1399161020620000332,20000332,B,2014-05-03 23:50:20,2014-05-04 00:04:50,14.5000
1399161059620000388,20000388,B,2014-05-03 23:50:59,2014-05-04 00:00:29,9.5000
1399161074620000571,20000571,A,2014-05-03 23:51:14,2014-05-04 00:05:29,14.2500
1399161122620000901,20000901,A,2014-05-03 23:52:02,2014-05-04 00:00:32,8.5000
1399161127620000591,20000591,A,2014-05-03 23:52:07,2014-05-04 00:00:52,8.7500
1399161155620000617,20000617,A,2014-05-03 23:52:35,2014-05-04 00:23:05,30.5000
1399161156620000160,20000160,A,2014-05-03 23:52:36,2014-05-04 00:03:21,10.7500
1399161170620000903,20000903,A,2014-05-03 23:52:50,2014-05-04 00:01:05,8.2500
1399161179620000010,20000010,B,2014-05-03 23:52:59,2014-05-04 00:07:59,15.0000
1399161207620000195,20000195,C,2014-05-03 23:53:27,2014-05-04 00:04:27,11.0000
1399161219620000225,20000225,C,2014-05-03 23:53:39,2014-05-04 00:00:39,7.0000
1399161222620000649,20000649,C,2014-05-03 23:53:42,2014-05-04 00:06:12,12.5000
1399161232620000621,20000621,B,2014-05-03 23:53:52,2014-05-04 00:08:22,14.5000
1399161236620000081,20000081,C,2014-05-03 23:53:56,2014-05-04 00:03:56,10.0000
1399161243620000384,20000384,B,2014-05-03 23:54:03,2014-05-04 00:02:03,8.0000
1399161250620000042,20000042,A,2014-05-03 23:54:10,2014-05-04 00:09:55,15.7500
1399161278620000684,20000684,C,2014-05-03 23:54:38,2014-05-04 00:03:08,8.5000
1399161283620000105,20000105,B,2014-05-03 23:54:43,2014-05-04 00:04:58,10.2500
1399161305620000215,20000215,C,2014-05-03 23:55:05,2014-05-04 00:04:35,9.5000
1399161317620000012,20000012,C,2014-05-03 23:55:17,2014-05-04 00:07:02,11.7500
1399161317620000681,20000681,B,2014-05-03 23:55:17,2014-05-04 00:08:17,13.0000
1399161325620000520,20000520,B,2014-05-03 23:55:25,2014-05-04 00:04:25,9.0000
1399161327620000161,20000161,A,2014-05-03 23:55:27,2014-05-04 00:06:12,10.7500
1399161329620000513,20000513,B,2014-05-03 23:55:29,2014-05-04 00:03:29,8.0000
1399161331620000249,20000249,B,2014-05-03 23:55:31,2014-05-04 00:08:31,13.0000
1399161331620000255,20000255,A,2014-05-03 23:55:31,2014-05-04 00:09:16,13.7500
1399161344620000051,20000051,B,2014-05-03 23:55:44,2014-05-04 00:07:44,12.0000
1399161345620000364,20000364,B,2014-05-03 23:55:45,2014-05-04 00:05:45,10.0000
1399161386620000597,20000597,C,2014-05-03 23:56:26,2014-05-04 00:20:26,24.0000
1399161399620000243,20000243,C,2014-05-03 23:56:39,2014-05-04 00:24:09,27.5000
1399161404620000054,20000054,B,2014-05-03 23:56:44,2014-05-04 00:22:29,25.7500
1399161405620000483,20000483,C,2014-05-03 23:56:45,2014-05-04 00:27:00,30.2500
1399161406620000554,20000554,C,2014-05-03 23:56:46,2014-05-04 00:15:01,18.2500
1399161411620000046,20000046,C,2014-05-03 23:56:51,2014-05-04 00:05:36,8.7500
1399161412620000196,20000196,B,2014-05-03 23:56:52,2014-05-04 00:04:37,7.7500
1399161420620000231,20000231,B,2014-05-03 23:57:00,2014-05-04 00:03:15,6.2500
1399161437620000421,20000421,B,2014-05-03 23:57:17,2014-05-04 00:10:47,13.5000
1399161441620000578,20000578,B,2014-05-03 23:57:21,2014-05-04 00:16:21,19.0000
1399161474620000309,20000309,C,2014-05-03 23:57:54,2014-05-04 00:08:09,10.2500
1399161483620000216,20000216,A,2014-05-03 23:58:03,2014-05-04 00:05:03,7.0000
1399161486620000465,20000465,C,2014-05-03 23:58:06,2014-05-04 00:12:21,14.2500
1399161496620000367,20000367,B,2014-05-03 23:58:16,2014-05-04 00:14:16,16.0000
1399161506620000625,20000625,B,2014-05-03 23:58:26,2014-05-04 00:04:56,6.5000
1399161517620000557,20000557,B,2014-05-03 23:58:37,2014-05-04 00:10:22,11.7500
1399161522620000670,20000670,C,2014-05-03 23:58:42,2014-05-04 00:14:57,16.2500
1399161529620000305,20000305,B,2014-05-03 23:58:49,2014-05-04 00:09:04,10.2500
1399161574620000307,20000307,A,2014-05-03 23:59:34,2014-05-04 00:07:04,7.5000
1399161578620000112,20000112,B,2014-05-03 23:59:38,2014-05-04 00:11:08,11.5000
1399161583620000574,20000574,C,2014-05-03 23:59:43,2014-05-04 00:09:13,9.5000
1399161585620000419,20000419,B,2014-05-03 23:59:45,2014-05-04 00:20:15,20.5000
1399161598620000157,20000157,C,2014-05-03 23:59:58,2014-05-04 00:16:13,16.2500
1399239732620000009,20000009,B,2014-05-04 21:42:12,2014-05-05 00:10:42,148.5000
1399244680620000424,20000424,C,2014-05-04 23:04:40,2014-05-05 00:17:40,73.0000
1399246498620000136,20000136,B,2014-05-04 23:34:58,2014-05-05 00:06:28,31.5000
1399247094620000492,20000492,C,2014-05-04 23:44:54,2014-05-05 00:07:39,22.7500
1399247104620000640,20000640,B,2014-05-04 23:45:04,2014-05-05 00:01:34,16.5000
1399247208620000514,20000514,B,2014-05-04 23:46:48,2014-05-05 00:01:33,14.7500
1399247278620000307,20000307,C,2014-05-04 23:47:58,2014-05-05 00:12:43,24.7500
1399247300620000395,20000395,C,2014-05-04 23:48:20,2014-05-05 00:15:50,27.5000
1399247317620000154,20000154,B,2014-05-04 23:48:37,2014-05-05 00:00:22,11.7500
1399247388620000235,20000235,C,2014-05-04 23:49:48,2014-05-05 00:06:18,16.5000
1399247466620000503,20000503,B,2014-05-04 23:51:06,2014-05-05 00:00:21,9.2500
1399247485620000341,20000341,A,2014-05-04 23:51:25,2014-05-05 00:01:10,9.7500
1399247549620000010,20000010,A,2014-05-04 23:52:29,2014-05-05 00:04:44,12.2500
1399247554620000465,20000465,A,2014-05-04 23:52:34,2014-05-05 00:00:04,7.5000
1399247570620000687,20000687,B,2014-05-04 23:52:50,2014-05-05 00:02:05,9.2500
1399247614620000197,20000197,C,2014-05-04 23:53:34,2014-05-05 00:00:04,6.5000
1399247653620000161,20000161,B,2014-05-04 23:54:13,2014-05-05 00:03:58,9.7500
1399247676620000325,20000325,B,2014-05-04 23:54:36,2014-05-05 00:01:51,7.2500
1399247692620000178,20000178,A,2014-05-04 23:54:52,2014-05-05 00:04:07,9.2500
1399247704620000672,20000672,C,2014-05-04 23:55:04,2014-05-05 00:00:04,5.0000
1399247713620000310,20000310,B,2014-05-04 23:55:13,2014-05-05 00:07:58,12.7500
1399247733620000387,20000387,A,2014-05-04 23:55:33,2014-05-05 00:05:18,9.7500
1399247738620000571,20000571,B,2014-05-04 23:55:38,2014-05-05 00:09:38,14.0000
1399247779620000327,20000327,B,2014-05-04 23:56:19,2014-05-05 00:04:49,8.5000
1399247788620000574,20000574,C,2014-05-04 23:56:28,2014-05-05 00:12:43,16.2500
1399247799620000005,20000005,C,2014-05-04 23:56:39,2014-05-05 00:05:54,9.2500
1399247801620000109,20000109,B,2014-05-04 23:56:41,2014-05-05 00:08:26,11.7500
1399247823620000112,20000112,C,2014-05-04 23:57:03,2014-05-05 00:11:48,14.7500
1399247827620000393,20000393,B,2014-05-04 23:57:07,2014-05-05 00:03:22,6.2500
1399247827620000697,20000697,B,2014-05-04 23:57:07,2014-05-05 00:02:37,5.5000
1399247832620000561,20000561,B,2014-05-04 23:57:12,2014-05-05 00:10:12,13.0000
1399247845620000190,20000190,B,2014-05-04 23:57:25,2014-05-05 00:09:55,12.5000
1399247857620000012,20000012,B,2014-05-04 23:57:37,2014-05-05 00:10:07,12.5000
1399247861620000381,20000381,A,2014-05-04 23:57:41,2014-05-05 00:13:41,16.0000
1399247863620000263,20000263,B,2014-05-04 23:57:43,2014-05-05 00:06:43,9.0000
1399247870620000066,20000066,B,2014-05-04 23:57:50,2014-05-05 00:12:50,15.0000
1399247872620000003,20000003,B,2014-05-04 23:57:52,2014-05-05 00:14:22,16.5000
1399247875620000334,20000334,B,2014-05-04 23:57:55,2014-05-05 00:24:55,27.0000
1399247877620000140,20000140,B,2014-05-04 23:57:57,2014-05-05 00:10:42,12.7500
1399247886620000166,20000166,A,2014-05-04 23:58:06,2014-05-05 00:20:06,22.0000
1399247908620000482,20000482,C,2014-05-04 23:58:28,2014-05-05 00:08:13,9.7500
1399247917620000648,20000648,B,2014-05-04 23:58:37,2014-05-05 00:08:22,9.7500
1399247936620000560,20000560,B,2014-05-04 23:58:56,2014-05-05 00:14:11,15.2500
1399247941620000199,20000199,B,2014-05-04 23:59:01,2014-05-05 00:10:46,11.7500
1399247948620000678,20000678,B,2014-05-04 23:59:08,2014-05-05 00:10:08,11.0000
1399247977620000473,20000473,B,2014-05-04 23:59:37,2014-05-05 00:11:07,11.5000
1399330769620000514,20000514,B,2014-05-05 22:59:29,2014-05-06 01:00:59,121.5000
1399333385620000288,20000288,C,2014-05-05 23:43:05,2014-05-06 00:02:35,19.5000
1399333566620000081,20000081,A,2014-05-05 23:46:06,2014-05-06 00:02:06,16.0000
1399333630620000101,20000101,A,2014-05-05 23:47:10,2014-05-06 00:00:10,13.0000
1399333766620000633,20000633,C,2014-05-05 23:49:26,2014-05-06 00:00:11,10.7500
1399333785620000419,20000419,A,2014-05-05 23:49:45,2014-05-06 00:05:15,15.5000
1399333790620000525,20000525,A,2014-05-05 23:49:50,2014-05-06 00:00:20,10.5000
1399333817620000255,20000255,B,2014-05-05 23:50:17,2014-05-06 00:01:32,11.2500
1399333832620000424,20000424,A,2014-05-05 23:50:32,2014-05-06 00:00:17,9.7500
1399333867620000686,20000686,B,2014-05-05 23:51:07,2014-05-06 00:01:22,10.2500
1399333870620000392,20000392,B,2014-05-05 23:51:10,2014-05-06 00:00:10,9.0000
1399333887620000338,20000338,B,2014-05-05 23:51:27,2014-05-06 00:00:57,9.5000
1399333916620000051,20000051,B,2014-05-05 23:51:56,2014-05-06 00:11:56,20.0000
1399333934620000249,20000249,B,2014-05-05 23:52:14,2014-05-06 00:00:29,8.2500
1399333945620000250,20000250,B,2014-05-05 23:52:25,2014-05-06 00:05:40,13.2500
1399333956620000341,20000341,B,2014-05-05 23:52:36,2014-05-06 00:02:21,9.7500
1399333960620000496,20000496,B,2014-05-05 23:52:40,2014-05-06 00:00:55,8.2500
1399334001620000472,20000472,C,2014-05-05 23:53:21,2014-05-06 00:03:06,9.7500
1399334002620000548,20000548,C,2014-05-05 23:53:22,2014-05-06 00:21:52,28.5000
1399334011620000616,20000616,C,2014-05-05 23:53:31,2014-05-06 00:02:16,8.7500
1399334034620000609,20000609,C,2014-05-05 23:53:54,2014-05-06 00:06:39,12.7500
1399334036620000304,20000304,C,2014-05-05 23:53:56,2014-05-06 00:07:56,14.0000
1399334037620000215,20000215,C,2014-05-05 23:53:57,2014-05-06 00:05:27,11.5000
1399334043620000546,20000546,A,2014-05-05 23:54:03,2014-05-06 00:04:03,10.0000
1399334045620000083,20000083,A,2014-05-05 23:54:05,2014-05-06 00:04:35,10.5000
1399334047620000454,20000454,A,2014-05-05 23:54:07,2014-05-06 00:02:07,8.0000
1399334049620000483,20000483,C,2014-05-05 23:54:09,2014-05-06 00:05:24,11.2500
1399334053620000142,20000142,B,2014-05-05 23:54:13,2014-05-06 00:05:43,11.5000
1399334071620000332,20000332,C,2014-05-05 23:54:31,2014-05-06 00:05:31,11.0000
1399334096620000670,20000670,C,2014-05-05 23:54:56,2014-05-06 00:03:41,8.7500
1399334108620000672,20000672,A,2014-05-05 23:55:08,2014-05-06 00:12:08,17.0000
1399334120620000618,20000618,B,2014-05-05 23:55:20,2014-05-06 00:11:50,16.5000
1399334122620000015,20000015,B,2014-05-05 23:55:22,2014-05-06 00:07:37,12.2500
1399334138620000662,20000662,B,2014-05-05 23:55:38,2014-05-06 00:08:08,12.5000
1399334193620000465,20000465,A,2014-05-05 23:56:33,2014-05-06 00:09:18,12.7500
1399334195620000010,20000010,C,2014-05-05 23:56:35,2014-05-06 00:04:35,8.0000
1399334204620000311,20000311,C,2014-05-05 23:56:44,2014-05-06 00:16:44,20.0000
1399334220620000217,20000217,C,2014-05-05 23:57:00,2014-05-06 00:12:00,15.0000
1399334233620000120,20000120,B,2014-05-05 23:57:13,2014-05-06 00:07:58,10.7500
1399334279620000260,20000260,A,2014-05-05 23:57:59,2014-05-06 00:08:14,10.2500
1399334305620000308,20000308,B,2014-05-05 23:58:25,2014-05-06 00:02:55,4.5000
1399334313620000345,20000345,B,2014-05-05 23:58:33,2014-05-06 00:50:03,51.5000
1399334315620000649,20000649,B,2014-05-05 23:58:35,2014-05-06 00:09:50,11.2500
1399334317620000067,20000067,B,2014-05-05 23:58:37,2014-05-06 00:06:52,8.2500
1399334341620000561,20000561,C,2014-05-05 23:59:01,2014-05-06 00:09:31,10.5000
1399334350620000013,20000013,B,2014-05-05 23:59:10,2014-05-06 00:09:55,10.7500
1399334385620000452,20000452,B,2014-05-05 23:59:45,2014-05-06 00:10:00,10.2500
1399334386620000376,20000376,A,2014-05-05 23:59:46,2014-05-06 00:11:01,11.2500
1399334393620000421,20000421,C,2014-05-05 23:59:53,2014-05-06 00:03:38,3.7500
1399334394620000324,20000324,C,2014-05-05 23:59:54,2014-05-06 00:06:39,6.7500
1399413250620000009,20000009,C,2014-05-06 21:54:10,2014-05-07 00:07:25,133.2500
1399417692620000192,20000192,A,2014-05-06 23:08:12,2014-05-07 00:35:12,87.0000
1399418414620000406,20000406,C,2014-05-06 23:20:14,2014-05-07 00:13:29,53.2500
1399419865620000195,20000195,B,2014-05-06 23:44:25,2014-05-07 00:01:25,17.0000
1399419976620000546,20000546,C,2014-05-06 23:46:16,2014-05-07 00:02:31,16.2500
1399419993620000324,20000324,B,2014-05-06 23:46:33,2014-05-07 00:00:48,14.2500
1399420060620000285,20000285,A,2014-05-06 23:47:40,2014-05-07 00:09:10,21.5000
1399420090620000435,20000435,C,2014-05-06 23:48:10,2014-05-07 00:06:10,18.0000
1399420137620000057,20000057,A,2014-05-06 23:48:57,2014-05-07 00:01:57,13.0000
1399420153620000518,20000518,B,2014-05-06 23:49:13,2014-05-07 00:04:58,15.7500
1399420161620000058,20000058,B,2014-05-06 23:49:21,2014-05-07 00:00:21,11.0000
1399420171620000364,20000364,B,2014-05-06 23:49:31,2014-05-07 00:37:31,48.0000
1399420207620000367,20000367,B,2014-05-06 23:50:07,2014-05-07 00:09:52,19.7500
1399420229620000671,20000671,C,2014-05-06 23:50:29,2014-05-07 00:03:14,12.7500
1399420244620000120,20000120,C,2014-05-06 23:50:44,2014-05-07 00:08:29,17.7500
1399420247620000591,20000591,B,2014-05-06 23:50:47,2014-05-07 00:01:17,10.5000
1399420248620000610,20000610,B,2014-05-06 23:50:48,2014-05-07 00:03:48,13.0000
1399420265620000662,20000662,B,2014-05-06 23:51:05,2014-05-07 00:02:50,11.7500
1399420307620000160,20000160,B,2014-05-06 23:51:47,2014-05-07 00:02:32,10.7500
1399420315620000112,20000112,C,2014-05-06 23:51:55,2014-05-07 00:02:10,10.2500
1399420330620000665,20000665,C,2014-05-06 23:52:10,2014-05-07 00:01:25,9.2500
1399420331620000486,20000486,B,2014-05-06 23:52:11,2014-05-07 00:05:41,13.5000
1399420343620000038,20000038,B,2014-05-06 23:52:23,2014-05-07 00:02:08,9.7500
1399420346620000651,20000651,B,2014-05-06 23:52:26,2014-05-07 00:04:56,12.5000
1399420348620000166,20000166,C,2014-05-06 23:52:28,2014-05-07 00:05:28,13.0000
1399420385620000184,20000184,B,2014-05-06 23:53:05,2014-05-07 00:01:20,8.2500
1399420389620000031,20000031,B,2014-05-06 23:53:09,2014-05-07 00:02:39,9.5000
1399420393620000008,20000008,C,2014-05-06 23:53:13,2014-05-07 00:02:13,9.0000
1399420412620000681,20000681,C,2014-05-06 23:53:32,2014-05-07 00:12:17,18.7500
1399420459620000161,20000161,B,2014-05-06 23:54:19,2014-05-07 00:08:04,13.7500
1399420459620000361,20000361,C,2014-05-06 23:54:19,2014-05-07 00:04:49,10.5000
1399420474620000054,20000054,C,2014-05-06 23:54:34,2014-05-07 00:05:04,10.5000
1399420489620000243,20000243,C,2014-05-06 23:54:49,2014-05-07 00:13:19,18.5000
1399420498620000542,20000542,B,2014-05-06 23:54:58,2014-05-07 00:08:13,13.2500
1399420507620000588,20000588,C,2014-05-06 23:55:07,2014-05-07 00:05:37,10.5000
1399420527620000245,20000245,C,2014-05-06 23:55:27,2014-05-07 00:02:57,7.5000
1399420537620000344,20000344,A,2014-05-06 23:55:37,2014-05-07 00:08:22,12.7500
1399420551620000465,20000465,C,2014-05-06 23:55:51,2014-05-07 00:12:21,16.5000
1399420552620000263,20000263,B,2014-05-06 23:55:52,2014-05-07 00:10:37,14.7500
1399420568620000012,20000012,C,2014-05-06 23:56:08,2014-05-07 00:07:08,11.0000
1399420586620000560,20000560,C,2014-05-06 23:56:26,2014-05-07 00:06:11,9.7500
1399420587620000667,20000667,B,2014-05-06 23:56:27,2014-05-07 00:08:27,12.0000
1399420601620000611,20000611,B,2014-05-06 23:56:41,2014-05-07 00:07:26,10.7500
1399420631620000279,20000279,A,2014-05-06 23:57:11,2014-05-07 00:03:41,6.5000
1399420634620000081,20000081,B,2014-05-06 23:57:14,2014-05-07 00:08:14,11.0000
1399420636620000076,20000076,C,2014-05-06 23:57:16,2014-05-07 00:04:01,6.7500
1399420650620000903,20000903,B,2014-05-06 23:57:30,2014-05-07 00:06:15,8.7500
1399420666620000678,20000678,B,2014-05-06 23:57:46,2014-05-07 00:09:16,11.5000
1399420690620000307,20000307,C,2014-05-06 23:58:10,2014-05-07 00:28:55,30.7500
1399420718620000014,20000014,B,2014-05-06 23:58:38,2014-05-07 00:08:38,10.0000
1399420731620000332,20000332,A,2014-05-06 23:58:51,2014-05-07 00:09:21,10.5000
1399420733620000252,20000252,C,2014-05-06 23:58:53,2014-05-07 00:10:08,11.2500
1399420775620000616,20000616,B,2014-05-06 23:59:35,2014-05-07 00:11:05,11.5000
1399420788620000359,20000359,B,2014-05-06 23:59:48,2014-05-07 00:08:48,9.0000
1399420796620000023,20000023,B,2014-05-06 23:59:56,2014-05-07 00:12:11,12.2500
1399498767620000688,20000688,C,2014-05-07 21:39:27,2014-05-08 00:04:27,145.0000
1399506302620000015,20000015,B,2014-05-07 23:45:02,2014-05-08 00:05:32,20.5000
1399506308620000406,20000406,C,2014-05-07 23:45:08,2014-05-08 00:03:23,18.2500
1399506484620000617,20000617,C,2014-05-07 23:48:04,2014-05-08 00:06:04,18.0000
1399506485620000576,20000576,A,2014-05-07 23:48:05,2014-05-08 00:05:05,17.0000
1399506522620000031,20000031,B,2014-05-07 23:48:42,2014-05-08 00:00:57,12.2500
1399506535620000297,20000297,B,2014-05-07 23:48:55,2014-05-08 00:02:40,13.7500
1399506535620000345,20000345,C,2014-05-07 23:48:55,2014-05-08 00:01:25,12.5000
1399506544620000542,20000542,A,2014-05-07 23:49:04,2014-05-08 00:00:19,11.2500
1399506564620000188,20000188,C,2014-05-07 23:49:24,2014-05-08 00:01:54,12.5000
1399506593620000288,20000288,C,2014-05-07 23:49:53,2014-05-08 00:09:38,19.7500
1399506609620000303,20000303,B,2014-05-07 23:50:09,2014-05-08 00:01:09,11.0000
1399506719620000014,20000014,B,2014-05-07 23:51:59,2014-05-08 00:11:29,19.5000
1399506724620000249,20000249,C,2014-05-07 23:52:04,2014-05-08 00:00:49,8.7500
1399506761620000338,20000338,B,2014-05-07 23:52:41,2014-05-08 00:01:56,9.2500
1399506781620000419,20000419,B,2014-05-07 23:53:01,2014-05-08 00:04:16,11.2500
1399506782620000273,20000273,B,2014-05-07 23:53:02,2014-05-08 00:09:47,16.7500
1399506800620000541,20000541,C,2014-05-07 23:53:20,2014-05-08 00:06:35,13.2500
1399506826620000392,20000392,B,2014-05-07 23:53:46,2014-05-08 00:04:31,10.7500
1399506827620000250,20000250,B,2014-05-07 23:53:47,2014-05-08 00:05:47,12.0000
1399506861620000245,20000245,B,2014-05-07 23:54:21,2014-05-08 00:02:06,7.7500
1399506870620000672,20000672,B,2014-05-07 23:54:30,2014-05-08 00:04:45,10.2500
1399506877620000101,20000101,B,2014-05-07 23:54:37,2014-05-08 00:00:52,6.2500
1399506879620000325,20000325,B,2014-05-07 23:54:39,2014-05-08 00:00:39,6.0000
1399506885620000609,20000609,C,2014-05-07 23:54:45,2014-05-08 00:00:00,5.2500
1399506916620000224,20000224,A,2014-05-07 23:55:16,2014-05-08 00:05:16,10.0000
1399506926620000190,20000190,B,2014-05-07 23:55:26,2014-05-08 00:18:11,22.7500
1399506932620000600,20000600,B,2014-05-07 23:55:32,2014-05-08 00:05:47,10.2500
1399506945620000364,20000364,C,2014-05-07 23:55:45,2014-05-08 00:08:45,13.0000
1399506949620000192,20000192,B,2014-05-07 23:55:49,2014-05-08 00:05:49,10.0000
1399506966620000089,20000089,A,2014-05-07 23:56:06,2014-05-08 00:02:51,6.7500
1399507020620000529,20000529,C,2014-05-07 23:57:00,2014-05-08 00:09:00,12.0000
1399507025620000658,20000658,A,2014-05-07 23:57:05,2014-05-08 00:11:05,14.0000
1399507044620000488,20000488,A,2014-05-07 23:57:24,2014-05-08 00:01:39,4.2500
1399507060620000119,20000119,B,2014-05-07 23:57:40,2014-05-08 00:05:55,8.2500
1399507129620000595,20000595,B,2014-05-07 23:58:49,2014-05-08 00:07:04,8.2500
1399507133620000618,20000618,A,2014-05-07 23:58:53,2014-05-08 00:03:23,4.5000
1399507136620000020,20000020,C,2014-05-07 23:58:56,2014-05-08 00:07:26,8.5000
1399507145620000540,20000540,C,2014-05-07 23:59:05,2014-05-08 00:03:05,4.0000
1399507166620000472,20000472,B,2014-05-07 23:59:26,2014-05-08 00:11:11,11.7500
1399507178620000670,20000670,C,2014-05-07 23:59:38,2014-05-08 00:13:23,13.7500
1399592663620000334,20000334,B,2014-05-08 23:44:23,2014-05-09 00:02:08,17.7500
1399592764620000166,20000166,A,2014-05-08 23:46:04,2014-05-09 00:00:19,14.2500
1399592767620000058,20000058,B,2014-05-08 23:46:07,2014-05-09 00:01:07,15.0000
1399592774620000421,20000421,A,2014-05-08 23:46:14,2014-05-09 00:02:59,16.7500
1399592811620000161,20000161,A,2014-05-08 23:46:51,2014-05-09 00:01:36,14.7500
1399592840620000004,20000004,C,2014-05-08 23:47:20,2014-05-09 00:04:05,16.7500
1399592873620000011,20000011,B,2014-05-08 23:47:53,2014-05-09 00:00:23,12.5000
1399592914620000688,20000688,C,2014-05-08 23:48:34,2014-05-09 00:09:49,21.2500
1399592915620000136,20000136,B,2014-05-08 23:48:35,2014-05-09 00:05:05,16.5000
1399592921620000451,20000451,B,2014-05-08 23:48:41,2014-05-09 00:07:11,18.5000
1399592927620000617,20000617,C,2014-05-08 23:48:47,2014-05-09 00:01:47,13.0000
1399592978620000154,20000154,B,2014-05-08 23:49:38,2014-05-09 00:01:23,11.7500
1399592984620000364,20000364,C,2014-05-08 23:49:44,2014-05-09 00:01:29,11.7500
1399592990620000066,20000066,C,2014-05-08 23:49:50,2014-05-09 00:02:50,13.0000
1399593010620000038,20000038,B,2014-05-08 23:50:10,2014-05-09 00:21:40,31.5000
1399593128620000031,20000031,B,2014-05-08 23:52:08,2014-05-09 00:00:53,8.7500
1399593136620000430,20000430,B,2014-05-08 23:52:16,2014-05-09 00:02:31,10.2500
1399593170620000116,20000116,B,2014-05-08 23:52:50,2014-05-09 00:03:05,10.2500
1399593171620000042,20000042,C,2014-05-08 23:52:51,2014-05-09 00:02:21,9.5000
1399593217620000153,20000153,B,2014-05-08 23:53:37,2014-05-09 00:07:52,14.2500
1399593249620000325,20000325,B,2014-05-08 23:54:09,2014-05-09 00:07:54,13.7500
1399593254620000518,20000518,B,2014-05-08 23:54:14,2014-05-09 00:07:59,13.7500
1399593297620000589,20000589,B,2014-05-08 23:54:57,2014-05-09 00:08:57,14.0000
1399593297620000598,20000598,C,2014-05-08 23:54:57,2014-05-09 00:03:12,8.2500
1399593301620000231,20000231,B,2014-05-08 23:55:01,2014-05-09 00:05:01,10.0000
1399593314620000343,20000343,B,2014-05-08 23:55:14,2014-05-09 00:06:29,11.2500
1399593320620000344,20000344,A,2014-05-08 23:55:20,2014-05-09 00:05:20,10.0000
1399593342620000657,20000657,C,2014-05-08 23:55:42,2014-05-09 00:01:42,6.0000
1399593348620000184,20000184,C,2014-05-08 23:55:48,2014-05-09 00:04:33,8.7500
1399593423620000406,20000406,B,2014-05-08 23:57:03,2014-05-09 00:10:18,13.2500
1399593487620000662,20000662,B,2014-05-08 23:58:07,2014-05-09 00:11:07,13.0000
1399593488620000670,20000670,C,2014-05-08 23:58:08,2014-05-09 00:24:38,26.5000
1399593520620000006,20000006,C,2014-05-08 23:58:40,2014-05-09 00:13:40,15.0000
1399593520620000482,20000482,B,2014-05-08 23:58:40,2014-05-09 00:08:55,10.2500
1399593536620000007,20000007,B,2014-05-08 23:58:56,2014-05-09 00:04:41,5.7500
1399593541620000252,20000252,C,2014-05-08 23:59:01,2014-05-09 00:07:01,8.0000
1399593556620000199,20000199,C,2014-05-08 23:59:16,2014-05-09 00:09:31,10.2500
1399593583620000367,20000367,B,2014-05-08 23:59:43,2014-05-09 00:05:13,5.5000
1399593591620000574,20000574,B,2014-05-08 23:59:51,2014-05-09 00:08:36,8.7500
1399678470620000011,20000011,C,2014-05-09 23:34:30,2014-05-10 00:00:00,25.5000
1399678553620000098,20000098,A,2014-05-09 23:35:53,2014-05-10 00:00:53,25.0000
1399678585620000561,20000561,B,2014-05-09 23:36:25,2014-05-10 00:00:40,24.2500
1399678710620000343,20000343,C,2014-05-09 23:38:30,2014-05-10 00:04:00,25.5000
1399678831620000307,20000307,C,2014-05-09 23:40:31,2014-05-10 00:08:46,28.2500
1399679031620000188,20000188,B,2014-05-09 23:43:51,2014-05-10 00:05:36,21.7500
1399679132620000351,20000351,B,2014-05-09 23:45:32,2014-05-10 00:00:47,15.2500
1399679152620000609,20000609,B,2014-05-09 23:45:52,2014-05-10 00:01:52,16.0000
1399679266620000045,20000045,A,2014-05-09 23:47:46,2014-05-10 00:05:01,17.2500
1399679316620000651,20000651,B,2014-05-09 23:48:36,2014-05-10 00:00:06,11.5000
1399679326620000235,20000235,C,2014-05-09 23:48:46,2014-05-10 00:04:01,15.2500
1399679339620000520,20000520,B,2014-05-09 23:48:59,2014-05-10 00:02:14,13.2500
1399679352620000304,20000304,B,2014-05-09 23:49:12,2014-05-10 00:02:57,13.7500
1399679356620000595,20000595,C,2014-05-09 23:49:16,2014-05-10 00:04:01,14.7500
1399679359620000308,20000308,C,2014-05-09 23:49:19,2014-05-10 00:04:19,15.0000
1399679398620000451,20000451,B,2014-05-09 23:49:58,2014-05-10 00:00:58,11.0000
1399679405620000252,20000252,A,2014-05-09 23:50:05,2014-05-10 00:00:35,10.5000
1399679410620000648,20000648,B,2014-05-09 23:50:10,2014-05-10 00:07:25,17.2500
1399679425620000681,20000681,A,2014-05-09 23:50:25,2014-05-10 00:02:25,12.0000
1399679432620000268,20000268,C,2014-05-09 23:50:32,2014-05-10 00:15:47,25.2500
1399679477620000005,20000005,B,2014-05-09 23:51:17,2014-05-10 00:01:32,10.2500
1399679480620000509,20000509,C,2014-05-09 23:51:20,2014-05-10 00:05:05,13.7500
1399679506620000684,20000684,B,2014-05-09 23:51:46,2014-05-10 00:02:46,11.0000
1399679511620000046,20000046,A,2014-05-09 23:51:51,2014-05-10 00:01:21,9.5000
1399679526620000140,20000140,B,2014-05-09 23:52:06,2014-05-10 00:05:36,13.5000
1399679538620000178,20000178,C,2014-05-09 23:52:18,2014-05-10 00:10:18,18.0000
1399679550620000076,20000076,C,2014-05-09 23:52:30,2014-05-10 00:00:45,8.2500
1399679587620000600,20000600,B,2014-05-09 23:53:07,2014-05-10 00:02:37,9.5000
1399679599620000481,20000481,B,2014-05-09 23:53:19,2014-05-10 00:07:34,14.2500
1399679610620000359,20000359,B,2014-05-09 23:53:30,2014-05-10 00:01:00,7.5000
1399679612620000658,20000658,B,2014-05-09 23:53:32,2014-05-10 00:18:47,25.2500
1399679617620000008,20000008,B,2014-05-09 23:53:37,2014-05-10 00:01:52,8.2500
1399679621620000664,20000664,C,2014-05-09 23:53:41,2014-05-10 00:04:26,10.7500
1399679624620000678,20000678,B,2014-05-09 23:53:44,2014-05-10 00:02:29,8.7500
1399679638620000256,20000256,B,2014-05-09 23:53:58,2014-05-10 00:17:43,23.7500
1399679651620000173,20000173,B,2014-05-09 23:54:11,2014-05-10 00:02:11,8.0000
1399679654620000633,20000633,B,2014-05-09 23:54:14,2014-05-10 00:07:59,13.7500
1399679690620000578,20000578,A,2014-05-09 23:54:50,2014-05-10 00:04:05,9.2500
1399679695620000303,20000303,A,2014-05-09 23:54:55,2014-05-10 00:04:25,9.5000
1399679698620000387,20000387,A,2014-05-09 23:54:58,2014-05-10 00:10:58,16.0000
1399679699620000297,20000297,C,2014-05-09 23:54:59,2014-05-10 00:08:59,14.0000
1399679715620000904,20000904,B,2014-05-09 23:55:15,2014-05-10 00:08:15,13.0000
1399679717620000263,20000263,B,2014-05-09 23:55:17,2014-05-10 00:14:32,19.2500
1399679767620000435,20000435,B,2014-05-09 23:56:07,2014-05-10 00:07:22,11.2500
1399679772620000129,20000129,B,2014-05-09 23:56:12,2014-05-10 00:10:27,14.2500
1399679778620000166,20000166,B,2014-05-09 23:56:18,2014-05-10 00:02:48,6.5000
1399679779620000576,20000576,C,2014-05-09 23:56:19,2014-05-10 00:10:19,14.0000
1399679782620000009,20000009,B,2014-05-09 23:56:22,2014-05-10 00:07:07,10.7500
1399679784620000384,20000384,A,2014-05-09 23:56:24,2014-05-10 00:03:24,7.0000
1399679791620000618,20000618,B,2014-05-09 23:56:31,2014-05-10 00:06:16,9.7500
1399679793620000108,20000108,B,2014-05-09 23:56:33,2014-05-10 00:06:03,9.5000
1399679834620000548,20000548,B,2014-05-09 23:57:14,2014-05-10 00:08:44,11.5000
1399679891620000591,20000591,A,2014-05-09 23:58:11,2014-05-10 00:06:56,8.7500
1399679894620000251,20000251,C,2014-05-09 23:58:14,2014-05-10 00:04:44,6.5000
1399679902620000038,20000038,B,2014-05-09 23:58:22,2014-05-10 00:13:22,15.0000
1399679911620000570,20000570,C,2014-05-09 23:58:31,2014-05-10 00:03:16,4.7500
1399679941620000345,20000345,C,2014-05-09 23:59:01,2014-05-10 00:10:16,11.2500
1399679955620000381,20000381,B,2014-05-09 23:59:15,2014-05-10 00:00:30,1.2500
1399679969620000473,20000473,B,2014-05-09 23:59:29,2014-05-10 00:05:59,6.5000
1399763525620000324,20000324,C,2014-05-10 23:12:05,2014-05-11 00:06:05,54.0000
1399765108620000004,20000004,A,2014-05-10 23:38:28,2014-05-11 00:04:13,25.7500
1399765108620000216,20000216,B,2014-05-10 23:38:28,2014-05-11 00:09:58,31.5000
1399765234620000621,20000621,C,2014-05-10 23:40:34,2014-05-11 00:04:19,23.7500
1399765334620000620,20000620,A,2014-05-10 23:42:14,2014-05-11 00:02:59,20.7500
1399765495620000199,20000199,C,2014-05-10 23:44:55,2014-05-11 00:00:10,15.2500
1399765571620000242,20000242,A,2014-05-10 23:46:11,2014-05-11 00:00:11,14.0000
1399765697620000574,20000574,B,2014-05-10 23:48:17,2014-05-11 00:05:17,17.0000
1399765720620000166,20000166,C,2014-05-10 23:48:40,2014-05-11 00:04:10,15.5000
1399765737620000041,20000041,B,2014-05-10 23:48:57,2014-05-11 00:00:42,11.7500
1399765748620000640,20000640,B,2014-05-10 23:49:08,2014-05-11 00:03:53,14.7500
1399765786620000263,20000263,B,2014-05-10 23:49:46,2014-05-11 00:04:46,15.0000
1399765786620000421,20000421,C,2014-05-10 23:49:46,2014-05-11 00:09:16,19.5000
1399765818620000328,20000328,B,2014-05-10 23:50:18,2014-05-11 00:00:03,9.7500
1399765843620000409,20000409,B,2014-05-10 23:50:43,2014-05-11 00:06:58,16.2500
1399765872620000904,20000904,B,2014-05-10 23:51:12,2014-05-11 00:03:42,12.5000
1399765880620000456,20000456,C,2014-05-10 23:51:20,2014-05-11 00:03:35,12.2500
1399765881620000688,20000688,C,2014-05-10 23:51:21,2014-05-11 00:03:51,12.5000
1399765913620000361,20000361,C,2014-05-10 23:51:53,2014-05-11 00:03:53,12.0000
1399765916620000051,20000051,C,2014-05-10 23:51:56,2014-05-11 00:04:41,12.7500
1399765916620000190,20000190,B,2014-05-10 23:51:56,2014-05-11 00:01:11,9.2500
1399765923620000595,20000595,C,2014-05-10 23:52:03,2014-05-11 00:01:18,9.2500
1399765942620000020,20000020,B,2014-05-10 23:52:22,2014-05-11 00:05:22,13.0000
1399765944620000451,20000451,C,2014-05-10 23:52:24,2014-05-11 00:11:39,19.2500
1399765947620000372,20000372,B,2014-05-10 23:52:27,2014-05-11 00:02:42,10.2500
1399765976620000436,20000436,B,2014-05-10 23:52:56,2014-05-11 00:01:41,8.7500
1399765996620000503,20000503,C,2014-05-10 23:53:16,2014-05-11 00:01:01,7.7500
1399766007620000624,20000624,C,2014-05-10 23:53:27,2014-05-11 00:03:27,10.0000
1399766023620000105,20000105,C,2014-05-10 23:53:43,2014-05-11 00:01:28,7.7500
1399766068620000406,20000406,B,2014-05-10 23:54:28,2014-05-11 00:08:43,14.2500
1399766117620000384,20000384,B,2014-05-10 23:55:17,2014-05-11 00:03:17,8.0000
1399766129620000465,20000465,C,2014-05-10 23:55:29,2014-05-11 00:01:59,6.5000
1399766130620000557,20000557,B,2014-05-10 23:55:30,2014-05-11 00:03:15,7.7500
1399766139620000577,20000577,B,2014-05-10 23:55:39,2014-05-11 00:09:39,14.0000
1399766167620000109,20000109,B,2014-05-10 23:56:07,2014-05-11 00:09:52,13.7500
1399766197620000392,20000392,B,2014-05-10 23:56:37,2014-05-11 00:04:22,7.7500
1399766234620000060,20000060,A,2014-05-10 23:57:14,2014-05-11 00:08:44,11.5000
1399766256620000356,20000356,A,2014-05-10 23:57:36,2014-05-11 00:15:06,17.5000
1399766258620000430,20000430,B,2014-05-10 23:57:38,2014-05-11 00:09:53,12.2500
1399766280620000260,20000260,B,2014-05-10 23:58:00,2014-05-11 00:04:15,6.2500
1399766330620000492,20000492,B,2014-05-10 23:58:50,2014-05-11 00:02:35,3.7500
1399766334620000297,20000297,C,2014-05-10 23:58:54,2014-05-11 00:11:09,12.2500
1399766350620000482,20000482,B,2014-05-10 23:59:10,2014-05-11 00:07:40,8.5000
1399766358620000252,20000252,B,2014-05-10 23:59:18,2014-05-11 00:08:18,9.0000
1399766361620000591,20000591,C,2014-05-10 23:59:21,2014-05-11 00:06:51,7.5000
1399766377620000285,20000285,A,2014-05-10 23:59:37,2014-05-11 00:14:22,14.7500
1399766387620000271,20000271,C,2014-05-10 23:59:47,2014-05-11 00:13:02,13.2500
1399851807620000140,20000140,B,2014-05-11 23:43:27,2014-05-12 00:04:42,21.2500
1399852123620000324,20000324,B,2014-05-11 23:48:43,2014-05-12 00:01:28,12.7500
1399852275620000011,20000011,B,2014-05-11 23:51:15,2014-05-12 00:13:15,22.0000
1399852498620000372,20000372,B,2014-05-11 23:54:58,2014-05-12 00:01:58,7.0000
1399852562620000670,20000670,B,2014-05-11 23:56:02,2014-05-12 00:03:17,7.2500
1399852567620000515,20000515,B,2014-05-11 23:56:07,2014-05-12 00:07:52,11.7500
1399852642620000648,20000648,C,2014-05-11 23:57:22,2014-05-12 00:06:07,8.7500
1399852685620000288,20000288,B,2014-05-11 23:58:05,2014-05-12 00:03:50,5.7500
1399852695620000009,20000009,B,2014-05-11 23:58:15,2014-05-12 00:09:30,11.2500
1399852726620000560,20000560,B,2014-05-11 23:58:46,2014-05-12 00:05:01,6.2500
1399852738620000309,20000309,A,2014-05-11 23:58:58,2014-05-12 00:21:58,23.0000
1399852750620000548,20000548,B,2014-05-11 23:59:10,2014-05-12 00:07:25,8.2500
1399852769620000517,20000517,B,2014-05-11 23:59:29,2014-05-12 00:09:44,10.2500
1399937609620000617,20000617,C,2014-05-12 23:33:29,2014-05-13 00:24:44,51.2500
1399938318620000688,20000688,B,2014-05-12 23:45:18,2014-05-13 00:10:18,25.0000
1399938484620000288,20000288,B,2014-05-12 23:48:04,2014-05-13 00:00:49,12.7500
1399938588620000005,20000005,B,2014-05-12 23:49:48,2014-05-13 00:04:03,14.2500
1399938649620000273,20000273,B,2014-05-12 23:50:49,2014-05-13 00:01:49,11.0000
1399938653620000015,20000015,B,2014-05-12 23:50:53,2014-05-13 00:17:53,27.0000
1399938726620000560,20000560,B,2014-05-12 23:52:06,2014-05-13 00:00:36,8.5000
1399938738620000008,20000008,B,2014-05-12 23:52:18,2014-05-13 00:01:33,9.2500
1399938752620000648,20000648,B,2014-05-12 23:52:32,2014-05-13 00:11:17,18.7500
1399938762620000483,20000483,C,2014-05-12 23:52:42,2014-05-13 00:00:27,7.7500
1399938845620000157,20000157,A,2014-05-12 23:54:05,2014-05-13 00:11:20,17.2500
1399938858620000672,20000672,A,2014-05-12 23:54:18,2014-05-13 00:05:18,11.0000
1399938999620000529,20000529,C,2014-05-12 23:56:39,2014-05-13 00:38:09,41.5000
1399939052620000067,20000067,B,2014-05-12 23:57:32,2014-05-13 00:03:32,6.0000
1399939086620000387,20000387,B,2014-05-12 23:58:06,2014-05-13 00:07:21,9.2500
1399939172620000392,20000392,B,2014-05-12 23:59:32,2014-05-13 00:04:17,4.7500
1399939188620000307,20000307,C,2014-05-12 23:59:48,2014-05-13 00:16:48,17.0000
1400022553620000179,20000179,C,2014-05-13 23:09:13,2014-05-14 03:38:43,269.5000
1400024512620000005,20000005,B,2014-05-13 23:41:52,2014-05-14 00:00:07,18.2500
1400024816620000337,20000337,C,2014-05-13 23:46:56,2014-05-14 00:10:26,23.5000
1400024971620000153,20000153,B,2014-05-13 23:49:31,2014-05-14 00:17:16,27.7500
1400025074620000007,20000007,B,2014-05-13 23:51:14,2014-05-14 00:03:14,12.0000
1400025109620000648,20000648,C,2014-05-13 23:51:49,2014-05-14 00:02:04,10.2500
1400025195620000233,20000233,C,2014-05-13 23:53:15,2014-05-14 00:05:30,12.2500
1400025288620000465,20000465,A,2014-05-13 23:54:48,2014-05-14 00:05:03,10.2500
1400025418620000481,20000481,B,2014-05-13 23:56:58,2014-05-14 00:05:13,8.2500
1400025500620000081,20000081,B,2014-05-13 23:58:20,2014-05-14 00:06:05,7.7500
1400025559620000561,20000561,B,2014-05-13 23:59:19,2014-05-14 00:10:34,11.2500
1400025561620000310,20000310,B,2014-05-13 23:59:21,2014-05-14 00:08:36,9.2500
1400110060620000497,20000497,B,2014-05-14 23:27:40,2014-05-15 00:38:55,71.2500
1400110339620000624,20000624,B,2014-05-14 23:32:19,2014-05-15 00:49:04,76.7500
1400110731620000311,20000311,B,2014-05-14 23:38:51,2014-05-15 00:04:06,25.2500
1400110777620000657,20000657,A,2014-05-14 23:39:37,2014-05-15 00:04:52,25.2500
1400111037620000662,20000662,B,2014-05-14 23:43:57,2014-05-15 00:02:42,18.7500
1400111046620000337,20000337,C,2014-05-14 23:44:06,2014-05-15 00:03:51,19.7500
1400111179620000303,20000303,B,2014-05-14 23:46:19,2014-05-15 00:01:04,14.7500
1400111194620000665,20000665,C,2014-05-14 23:46:34,2014-05-15 00:02:49,16.2500
1400111465620000514,20000514,B,2014-05-14 23:51:05,2014-05-15 00:01:05,10.0000
1400111506620000903,20000903,A,2014-05-14 23:51:46,2014-05-15 00:06:31,14.7500
1400111668620000129,20000129,C,2014-05-14 23:54:28,2014-05-15 00:01:13,6.7500
1400111760620000698,20000698,C,2014-05-14 23:56:00,2014-05-15 00:08:45,12.7500
1400111818620000473,20000473,B,2014-05-14 23:56:58,2014-05-15 00:18:28,21.5000
1400111864620000672,20000672,B,2014-05-14 23:57:44,2014-05-15 00:10:59,13.2500
1400111912620000482,20000482,B,2014-05-14 23:58:32,2014-05-15 00:07:47,9.2500
1400111938620000231,20000231,B,2014-05-14 23:58:58,2014-05-15 00:05:13,6.2500
1400111952620000651,20000651,C,2014-05-14 23:59:12,2014-05-15 00:08:27,9.2500
1400111985620000273,20000273,B,2014-05-14 23:59:45,2014-05-15 00:06:15,6.5000
1400111988620000395,20000395,B,2014-05-14 23:59:48,2014-05-15 00:09:33,9.7500
1400197603620000376,20000376,B,2014-05-15 23:46:43,2014-05-16 00:10:28,23.7500
1400197648620000520,20000520,C,2014-05-15 23:47:28,2014-05-16 00:20:28,33.0000
1400197655620000406,20000406,B,2014-05-15 23:47:35,2014-05-16 00:02:35,15.0000
1400197792620000005,20000005,B,2014-05-15 23:49:52,2014-05-16 00:02:37,12.7500
1400197904620000456,20000456,C,2014-05-15 23:51:44,2014-05-16 00:01:14,9.5000
1400198017620000031,20000031,C,2014-05-15 23:53:37,2014-05-16 00:06:52,13.2500
1400198034620000424,20000424,C,2014-05-15 23:53:54,2014-05-16 00:05:24,11.5000
1400198154620000140,20000140,B,2014-05-15 23:55:54,2014-05-16 00:12:54,17.0000
1400198156620000675,20000675,C,2014-05-15 23:55:56,2014-05-16 00:08:56,13.0000
1400198164620000648,20000648,B,2014-05-15 23:56:04,2014-05-16 00:03:04,7.0000
1400198166620000356,20000356,C,2014-05-15 23:56:06,2014-05-16 00:03:36,7.5000
1400198181620000332,20000332,B,2014-05-15 23:56:21,2014-05-16 00:06:51,10.5000
1400198195620000574,20000574,B,2014-05-15 23:56:35,2014-05-16 00:06:20,9.7500
1400198201620000481,20000481,B,2014-05-15 23:56:41,2014-05-16 00:04:56,8.2500
1400198225620000576,20000576,B,2014-05-15 23:57:05,2014-05-16 00:03:05,6.0000
1400198284620000633,20000633,B,2014-05-15 23:58:04,2014-05-16 00:00:04,2.0000
1400198295620000154,20000154,B,2014-05-15 23:58:15,2014-05-16 00:04:45,6.5000
1400198296620000307,20000307,B,2014-05-15 23:58:16,2014-05-16 00:04:16,6.0000
1400198301620000328,20000328,B,2014-05-15 23:58:21,2014-05-16 00:07:36,9.2500
1400198357620000561,20000561,B,2014-05-15 23:59:17,2014-05-16 00:06:17,7.0000
1400198360620000492,20000492,B,2014-05-15 23:59:20,2014-05-16 00:36:05,36.7500
1400198367620000199,20000199,B,2014-05-15 23:59:27,2014-05-16 00:06:57,7.5000
1400198369620000364,20000364,C,2014-05-15 23:59:29,2014-05-16 00:02:14,2.7500
1400198399620000015,20000015,B,2014-05-15 23:59:59,2014-05-16 00:13:29,13.5000
1400282698620000403,20000403,C,2014-05-16 23:24:58,2014-05-17 00:23:28,58.5000
1400283738620000095,20000095,C,2014-05-16 23:42:18,2014-05-17 01:02:18,80.0000
1400283860620000398,20000398,B,2014-05-16 23:44:20,2014-05-17 00:01:35,17.2500
1400283872620000520,20000520,C,2014-05-16 23:44:32,2014-05-17 00:00:17,15.7500
1400283948620000345,20000345,A,2014-05-16 23:45:48,2014-05-17 00:01:48,16.0000
1400283995620000529,20000529,C,2014-05-16 23:46:35,2014-05-17 00:01:05,14.5000
1400284014620000680,20000680,B,2014-05-16 23:46:54,2014-05-17 00:02:39,15.7500
1400284059620000007,20000007,A,2014-05-16 23:47:39,2014-05-17 00:00:39,13.0000
1400284113620000492,20000492,C,2014-05-16 23:48:33,2014-05-17 00:16:33,28.0000
1400284144620000670,20000670,B,2014-05-16 23:49:04,2014-05-17 00:00:34,11.5000
1400284170620000548,20000548,B,2014-05-16 23:49:30,2014-05-17 00:01:45,12.2500
1400284212620000603,20000603,A,2014-05-16 23:50:12,2014-05-17 00:03:12,13.0000
1400284224620000598,20000598,C,2014-05-16 23:50:24,2014-05-17 00:12:54,22.5000
1400284337620000157,20000157,A,2014-05-16 23:52:17,2014-05-17 00:08:47,16.5000
1400284339620000482,20000482,C,2014-05-16 23:52:19,2014-05-17 00:00:34,8.2500
1400284342620000013,20000013,B,2014-05-16 23:52:22,2014-05-17 00:03:07,10.7500
1400284374620000324,20000324,B,2014-05-16 23:52:54,2014-05-17 00:00:54,8.0000
1400284392620000351,20000351,C,2014-05-16 23:53:12,2014-05-17 00:08:27,15.2500
1400284411620000075,20000075,C,2014-05-16 23:53:31,2014-05-17 00:01:31,8.0000
1400284465620000633,20000633,A,2014-05-16 23:54:25,2014-05-17 00:17:25,23.0000
1400284478620000503,20000503,C,2014-05-16 23:54:38,2014-05-17 00:05:23,10.7500
1400284482620000173,20000173,A,2014-05-16 23:54:42,2014-05-17 00:07:12,12.5000
1400284498620000012,20000012,A,2014-05-16 23:54:58,2014-05-17 00:07:43,12.7500
1400284538620000525,20000525,B,2014-05-16 23:55:38,2014-05-17 00:05:08,9.5000
1400284539620000273,20000273,C,2014-05-16 23:55:39,2014-05-17 00:06:24,10.7500
1400284540620000419,20000419,B,2014-05-16 23:55:40,2014-05-17 00:07:55,12.2500
1400284548620000015,20000015,C,2014-05-16 23:55:48,2014-05-17 00:04:18,8.5000
1400284585620000362,20000362,B,2014-05-16 23:56:25,2014-05-17 00:00:10,3.7500
1400284595620000249,20000249,B,2014-05-16 23:56:35,2014-05-17 00:08:50,12.2500
1400284600620000671,20000671,C,2014-05-16 23:56:40,2014-05-17 00:03:25,6.7500
1400284626620000406,20000406,B,2014-05-16 23:57:06,2014-05-17 00:06:06,9.0000
1400284651620000678,20000678,C,2014-05-16 23:57:31,2014-05-17 00:08:01,10.5000
1400284665620000356,20000356,C,2014-05-16 23:57:45,2014-05-17 00:07:45,10.0000
1400284713620000167,20000167,A,2014-05-16 23:58:33,2014-05-17 00:02:48,4.2500
1400284738620000337,20000337,C,2014-05-16 23:58:58,2014-05-17 00:04:43,5.7500
1400284747620000195,20000195,B,2014-05-16 23:59:07,2014-05-17 00:04:07,5.0000
1400284751620000101,20000101,B,2014-05-16 23:59:11,2014-05-17 00:05:11,6.0000
1400284758620000199,20000199,B,2014-05-16 23:59:18,2014-05-17 00:12:33,13.2500
1400366099620000224,20000224,C,2014-05-17 22:34:59,2014-05-18 00:03:44,88.7500
1400366469620000456,20000456,B,2014-05-17 22:41:09,2014-05-18 00:01:24,80.2500
1400366469620000671,20000671,B,2014-05-17 22:41:09,2014-05-18 00:03:54,82.7500
1400368976620000334,20000334,C,2014-05-17 23:22:56,2014-05-18 02:45:41,202.7500
1400370059620000157,20000157,A,2014-05-17 23:40:59,2014-05-18 00:01:59,21.0000
1400370212620000076,20000076,A,2014-05-17 23:43:32,2014-05-18 00:01:32,18.0000
1400370446620000561,20000561,C,2014-05-17 23:47:26,2014-05-18 00:06:56,19.5000
1400370484620000540,20000540,B,2014-05-17 23:48:04,2014-05-18 00:02:04,14.0000
1400370541620000572,20000572,C,2014-05-17 23:49:01,2014-05-18 00:05:16,16.2500
1400370585620000011,20000011,C,2014-05-17 23:49:45,2014-05-18 00:03:30,13.7500
1400370618620000476,20000476,A,2014-05-17 23:50:18,2014-05-18 00:00:18,10.0000
1400370696620000167,20000167,A,2014-05-17 23:51:36,2014-05-18 00:03:51,12.2500
1400370728620000114,20000114,B,2014-05-17 23:52:08,2014-05-18 00:00:08,8.0000
1400370741620000166,20000166,C,2014-05-17 23:52:21,2014-05-18 00:05:21,13.0000
1400370754620000473,20000473,C,2014-05-17 23:52:34,2014-05-18 00:01:04,8.5000
1400370755620000388,20000388,B,2014-05-17 23:52:35,2014-05-18 00:06:05,13.5000
1400370760620000140,20000140,A,2014-05-17 23:52:40,2014-05-18 00:00:55,8.2500
1400370840620000506,20000506,A,2014-05-17 23:54:00,2014-05-18 00:05:15,11.2500
1400370853620000067,20000067,B,2014-05-17 23:54:13,2014-05-18 00:00:28,6.2500
1400370855620000518,20000518,A,2014-05-17 23:54:15,2014-05-18 00:02:30,8.2500
1400370885620000595,20000595,A,2014-05-17 23:54:45,2014-05-18 00:05:45,11.0000
1400370888620000332,20000332,B,2014-05-17 23:54:48,2014-05-18 00:09:03,14.2500
1400370900620000574,20000574,C,2014-05-17 23:55:00,2014-05-18 00:12:30,17.5000
1400370919620000353,20000353,B,2014-05-17 23:55:19,2014-05-18 00:12:19,17.0000
1400370929620000403,20000403,C,2014-05-17 23:55:29,2014-05-18 00:07:14,11.7500
1400370929620000406,20000406,A,2014-05-17 23:55:29,2014-05-18 00:09:44,14.2500
1400370931620000252,20000252,B,2014-05-17 23:55:31,2014-05-18 00:03:46,8.2500
1400370933620000463,20000463,C,2014-05-17 23:55:33,2014-05-18 00:04:03,8.5000
1400370934620000325,20000325,A,2014-05-17 23:55:34,2014-05-18 00:17:34,22.0000
1400370945620000309,20000309,A,2014-05-17 23:55:45,2014-05-18 00:03:30,7.7500
1400370951620000038,20000038,B,2014-05-17 23:55:51,2014-05-18 00:07:51,12.0000
1400370991620000589,20000589,B,2014-05-17 23:56:31,2014-05-18 00:03:46,7.2500
1400370995620000092,20000092,A,2014-05-17 23:56:35,2014-05-18 00:01:35,5.0000
1400370999620000392,20000392,B,2014-05-17 23:56:39,2014-05-18 00:07:54,11.2500
1400371022620000345,20000345,B,2014-05-17 23:57:02,2014-05-18 00:04:17,7.2500
1400371084620000216,20000216,A,2014-05-17 23:58:04,2014-05-18 00:11:04,13.0000
1400371091620000678,20000678,C,2014-05-17 23:58:11,2014-05-18 00:08:41,10.5000
1400371102620000161,20000161,B,2014-05-17 23:58:22,2014-05-18 00:14:07,15.7500
1400371110620000254,20000254,B,2014-05-17 23:58:30,2014-05-18 00:06:00,7.5000
1400371137620000239,20000239,B,2014-05-17 23:58:57,2014-05-18 00:10:12,11.2500
1400371176620000451,20000451,C,2014-05-17 23:59:36,2014-05-18 00:07:36,8.0000
1400456900620000395,20000395,C,2014-05-18 23:48:20,2014-05-19 00:08:05,19.7500
1400456956620000011,20000011,C,2014-05-18 23:49:16,2014-05-19 00:02:01,12.7500
1400456982620000160,20000160,A,2014-05-18 23:49:42,2014-05-19 00:01:27,11.7500
1400457204620000233,20000233,B,2014-05-18 23:53:24,2014-05-19 00:00:54,7.5000
1400457380620000012,20000012,B,2014-05-18 23:56:20,2014-05-19 00:01:50,5.5000
1400457417620000195,20000195,B,2014-05-18 23:56:57,2014-05-19 00:02:42,5.7500
1400457471620000616,20000616,A,2014-05-18 23:57:51,2014-05-19 00:05:36,7.7500
1400457523620000129,20000129,C,2014-05-18 23:58:43,2014-05-19 00:06:28,7.7500
1400457525620000621,20000621,A,2014-05-18 23:58:45,2014-05-19 00:02:15,3.5000
1400457548620000406,20000406,A,2014-05-18 23:59:08,2014-05-19 00:13:08,14.0000
1400457590620000307,20000307,C,2014-05-18 23:59:50,2014-05-19 00:11:50,12.0000
1400457593620000503,20000503,B,2014-05-18 23:59:53,2014-05-19 00:04:38,4.7500
1400543025620000517,20000517,B,2014-05-19 23:43:45,2014-05-20 00:03:00,19.2500
1400543376620000514,20000514,B,2014-05-19 23:49:36,2014-05-20 00:04:21,14.7500
1400543515620000304,20000304,A,2014-05-19 23:51:55,2014-05-20 00:01:55,10.0000
1400543654620000678,20000678,C,2014-05-19 23:54:14,2014-05-20 00:01:44,7.5000
1400543726620000297,20000297,B,2014-05-19 23:55:26,2014-05-20 00:03:26,8.0000
1400543826620000483,20000483,B,2014-05-19 23:57:06,2014-05-20 00:10:21,13.2500
1400543852620000031,20000031,B,2014-05-19 23:57:32,2014-05-20 00:04:02,6.5000
1400543956620000435,20000435,C,2014-05-19 23:59:16,2014-05-20 00:03:46,4.5000
1400626618620000337,20000337,C,2014-05-20 22:56:58,2014-05-21 00:00:13,63.2500
1400629343620000114,20000114,B,2014-05-20 23:42:23,2014-05-21 00:03:23,21.0000
1400629472620000611,20000611,B,2014-05-20 23:44:32,2014-05-21 00:12:02,27.5000
1400629747620000591,20000591,B,2014-05-20 23:49:07,2014-05-21 00:11:07,22.0000
1400629892620000192,20000192,A,2014-05-20 23:51:32,2014-05-21 00:02:32,11.0000
1400629986620000013,20000013,B,2014-05-20 23:53:06,2014-05-21 00:07:51,14.7500
1400629999620000233,20000233,C,2014-05-20 23:53:19,2014-05-21 00:05:49,12.5000
1400630015620000160,20000160,A,2014-05-20 23:53:35,2014-05-21 00:09:20,15.7500
1400630043620000129,20000129,B,2014-05-20 23:54:03,2014-05-21 00:07:18,13.2500
1400630047620000199,20000199,B,2014-05-20 23:54:07,2014-05-21 00:05:37,11.5000
1400630208620000042,20000042,C,2014-05-20 23:56:48,2014-05-21 00:00:03,3.2500
1400630232620000392,20000392,B,2014-05-20 23:57:12,2014-05-21 00:01:27,4.2500
1400630235620000406,20000406,B,2014-05-20 23:57:15,2014-05-21 00:10:45,13.5000
1400630328620000263,20000263,B,2014-05-20 23:58:48,2014-05-21 00:05:18,6.5000
1400630328620000577,20000577,C,2014-05-20 23:58:48,2014-05-21 00:04:48,6.0000
1400630329620000276,20000276,A,2014-05-20 23:58:49,2014-05-21 00:10:04,11.2500
1400630330620000184,20000184,B,2014-05-20 23:58:50,2014-05-21 00:05:05,6.2500
1400630350620000424,20000424,A,2014-05-20 23:59:10,2014-05-21 00:17:25,18.2500
1400630378620000325,20000325,C,2014-05-20 23:59:38,2014-05-21 00:07:23,7.7500
1400715582620000285,20000285,B,2014-05-21 23:39:42,2014-05-22 00:15:12,35.5000
1400715767620000066,20000066,C,2014-05-21 23:42:47,2014-05-22 00:04:02,21.2500
1400716105620000565,20000565,B,2014-05-21 23:48:25,2014-05-22 00:02:10,13.7500
1400716295620000337,20000337,C,2014-05-21 23:51:35,2014-05-22 00:14:50,23.2500
1400716296620000616,20000616,A,2014-05-21 23:51:36,2014-05-22 00:00:21,8.7500
1400716398620000199,20000199,B,2014-05-21 23:53:18,2014-05-22 00:10:18,17.0000
1400716461620000670,20000670,C,2014-05-21 23:54:21,2014-05-22 00:10:51,16.5000
1400716469620000120,20000120,A,2014-05-21 23:54:29,2014-05-22 00:12:59,18.5000
1400716515620000403,20000403,C,2014-05-21 23:55:15,2014-05-22 00:55:15,60.0000
1400716582620000333,20000333,A,2014-05-21 23:56:22,2014-05-22 00:00:22,4.0000
1400716632620000231,20000231,C,2014-05-21 23:57:12,2014-05-22 00:02:12,5.0000
1400716653620000042,20000042,A,2014-05-21 23:57:33,2014-05-22 00:06:18,8.7500
1400716665620000589,20000589,C,2014-05-21 23:57:45,2014-05-22 00:03:45,6.0000
1400716682620000297,20000297,C,2014-05-21 23:58:02,2014-05-22 00:08:47,10.7500
1400716693620000269,20000269,B,2014-05-21 23:58:13,2014-05-22 00:07:28,9.2500
1400716702620000101,20000101,A,2014-05-21 23:58:22,2014-05-22 00:09:07,10.7500
1400716706620000005,20000005,A,2014-05-21 23:58:26,2014-05-22 00:12:26,14.0000
1400716707620000304,20000304,A,2014-05-21 23:58:27,2014-05-22 00:12:42,14.2500
1400716778620000387,20000387,C,2014-05-21 23:59:38,2014-05-22 00:05:53,6.2500
1400801224620000395,20000395,C,2014-05-22 23:27:04,2014-05-23 00:06:49,39.7500
1400802322620000081,20000081,B,2014-05-22 23:45:22,2014-05-23 00:00:07,14.7500
1400802518620000450,20000450,A,2014-05-22 23:48:38,2014-05-23 00:00:38,12.0000
1400802677620000160,20000160,C,2014-05-22 23:51:17,2014-05-23 00:05:17,14.0000
1400802689620000497,20000497,A,2014-05-22 23:51:29,2014-05-23 00:01:14,9.7500
1400802789620000324,20000324,C,2014-05-22 23:53:09,2014-05-23 00:00:24,7.2500
1400802824620000398,20000398,B,2014-05-22 23:53:44,2014-05-23 00:03:44,10.0000
1400802881620000276,20000276,A,2014-05-22 23:54:41,2014-05-23 00:18:26,23.7500
1400802979620000129,20000129,C,2014-05-22 23:56:19,2014-05-23 00:13:19,17.0000
1400802985620000431,20000431,B,2014-05-22 23:56:25,2014-05-23 00:02:40,6.2500
1400803035620000356,20000356,C,2014-05-22 23:57:15,2014-05-23 00:04:00,6.7500
1400803071620000009,20000009,B,2014-05-22 23:57:51,2014-05-23 00:03:06,5.2500
1400803097620000574,20000574,C,2014-05-22 23:58:17,2014-05-23 00:07:02,8.7500
1400803103620000320,20000320,B,2014-05-22 23:58:23,2014-05-23 00:02:38,4.2500
1400803111620000101,20000101,C,2014-05-22 23:58:31,2014-05-23 00:13:46,15.2500
1400803167620000670,20000670,B,2014-05-22 23:59:27,2014-05-23 00:09:57,10.5000
1400803173620000178,20000178,B,2014-05-22 23:59:33,2014-05-23 00:02:33,3.0000
1400803191620000671,20000671,C,2014-05-22 23:59:51,2014-05-23 00:06:36,6.7500
1400884425620000250,20000250,C,2014-05-23 22:33:45,2014-05-24 00:00:30,86.7500
1400887181620000520,20000520,C,2014-05-23 23:19:41,2014-05-24 00:15:26,55.7500
1400887900620000288,20000288,A,2014-05-23 23:31:40,2014-05-24 00:07:40,36.0000
1400888652620000648,20000648,B,2014-05-23 23:44:12,2014-05-24 00:02:57,18.7500
1400888754620000297,20000297,C,2014-05-23 23:45:54,2014-05-24 00:03:24,17.5000
1400888865620000486,20000486,B,2014-05-23 23:47:45,2014-05-24 00:02:00,14.2500
1400888962620000332,20000332,A,2014-05-23 23:49:22,2014-05-24 00:01:22,12.0000
1400889034620000114,20000114,A,2014-05-23 23:50:34,2014-05-24 00:01:04,10.5000
1400889057620000431,20000431,B,2014-05-23 23:50:57,2014-05-24 00:01:57,11.0000
1400889109620000195,20000195,B,2014-05-23 23:51:49,2014-05-24 00:01:49,10.0000
1400889118620000308,20000308,B,2014-05-23 23:51:58,2014-05-24 00:07:13,15.2500
1400889120620000467,20000467,C,2014-05-23 23:52:00,2014-05-24 00:00:45,8.7500
1400889142620000060,20000060,C,2014-05-23 23:52:22,2014-05-24 00:13:37,21.2500
1400889185620000603,20000603,A,2014-05-23 23:53:05,2014-05-24 00:00:35,7.5000
1400889210620000588,20000588,B,2014-05-23 23:53:30,2014-05-24 00:02:15,8.7500
1400889234620000901,20000901,A,2014-05-23 23:53:54,2014-05-24 00:00:24,6.5000
1400889330620000454,20000454,B,2014-05-23 23:55:30,2014-05-24 00:02:45,7.2500
1400889360620000196,20000196,B,2014-05-23 23:56:00,2014-05-24 00:05:30,9.5000
1400889370620000320,20000320,B,2014-05-23 23:56:10,2014-05-24 00:00:10,4.0000
1400889408620000372,20000372,B,2014-05-23 23:56:48,2014-05-24 00:06:03,9.2500
1400889448620000499,20000499,B,2014-05-23 23:57:28,2014-05-24 00:02:28,5.0000
1400889456620000688,20000688,A,2014-05-23 23:57:36,2014-05-24 00:08:51,11.2500
1400889494620000344,20000344,C,2014-05-23 23:58:14,2014-05-24 00:07:14,9.0000
1400889501620000276,20000276,B,2014-05-23 23:58:21,2014-05-24 00:17:51,19.5000
1400889516620000518,20000518,A,2014-05-23 23:58:36,2014-05-24 00:12:21,13.7500
1400889532620000184,20000184,B,2014-05-23 23:58:52,2014-05-24 00:08:52,10.0000
1400974733620000325,20000325,A,2014-05-24 23:38:53,2014-05-25 00:04:53,26.0000
1400975163620000406,20000406,B,2014-05-24 23:46:03,2014-05-25 00:03:03,17.0000
1400975215620000337,20000337,C,2014-05-24 23:46:55,2014-05-25 00:09:10,22.2500
1400975336620000488,20000488,B,2014-05-24 23:48:56,2014-05-25 00:01:41,12.7500
1400975422620000288,20000288,C,2014-05-24 23:50:22,2014-05-25 00:01:22,11.0000
1400975460620000140,20000140,A,2014-05-24 23:51:00,2014-05-25 00:06:30,15.5000
1400975487620000467,20000467,B,2014-05-24 23:51:27,2014-05-25 00:02:57,11.5000
1400975506620000518,20000518,A,2014-05-24 23:51:46,2014-05-25 00:06:16,14.5000
1400975507620000419,20000419,C,2014-05-24 23:51:47,2014-05-25 00:19:17,27.5000
1400975514620000624,20000624,B,2014-05-24 23:51:54,2014-05-25 00:00:24,8.5000
1400975543620000060,20000060,C,2014-05-24 23:52:23,2014-05-25 00:01:08,8.7500
1400975546620000188,20000188,B,2014-05-24 23:52:26,2014-05-25 00:06:11,13.7500
1400975585620000398,20000398,C,2014-05-24 23:53:05,2014-05-25 00:17:05,24.0000
1400975586620000648,20000648,A,2014-05-24 23:53:06,2014-05-25 00:02:36,9.5000
1400975590620000473,20000473,B,2014-05-24 23:53:10,2014-05-25 00:03:55,10.7500
1400975599620000031,20000031,B,2014-05-24 23:53:19,2014-05-25 00:00:04,6.7500
1400975603620000589,20000589,C,2014-05-24 23:53:23,2014-05-25 00:16:23,23.0000
1400975607620000054,20000054,C,2014-05-24 23:53:27,2014-05-25 00:03:57,10.5000
1400975626620000364,20000364,C,2014-05-24 23:53:46,2014-05-25 00:04:16,10.5000
1400975634620000684,20000684,C,2014-05-24 23:53:54,2014-05-25 00:02:54,9.0000
1400975650620000388,20000388,C,2014-05-24 23:54:10,2014-05-25 00:06:55,12.7500
1400975673620000571,20000571,B,2014-05-24 23:54:33,2014-05-25 00:04:03,9.5000
1400975680620000105,20000105,A,2014-05-24 23:54:40,2014-05-25 00:04:25,9.7500
1400975705620000610,20000610,C,2014-05-24 23:55:05,2014-05-25 00:09:50,14.7500
1400975727620000381,20000381,B,2014-05-24 23:55:27,2014-05-25 00:02:42,7.2500
1400975731620000129,20000129,C,2014-05-24 23:55:31,2014-05-25 00:06:01,10.5000
1400975736620000005,20000005,C,2014-05-24 23:55:36,2014-05-25 00:01:21,5.7500
1400975766620000362,20000362,B,2014-05-24 23:56:06,2014-05-25 00:07:06,11.0000
1400975772620000114,20000114,B,2014-05-24 23:56:12,2014-05-25 00:01:42,5.5000
1400975773620000621,20000621,B,2014-05-24 23:56:13,2014-05-25 00:07:28,11.2500
1400975778620000314,20000314,B,2014-05-24 23:56:18,2014-05-25 00:05:03,8.7500
1400975798620000387,20000387,A,2014-05-24 23:56:38,2014-05-25 00:08:23,11.7500
1400975830620000012,20000012,B,2014-05-24 23:57:10,2014-05-25 00:12:25,15.2500
1400975866620000308,20000308,B,2014-05-24 23:57:46,2014-05-25 00:00:46,3.0000
1400975922620000591,20000591,B,2014-05-24 23:58:42,2014-05-25 00:12:12,13.5000
1400975960620000251,20000251,A,2014-05-24 23:59:20,2014-05-25 00:03:20,4.0000
1400975981620000011,20000011,B,2014-05-24 23:59:41,2014-05-25 00:08:56,9.2500
1401061414620000359,20000359,B,2014-05-25 23:43:34,2014-05-26 00:00:34,17.0000
1401061462620000332,20000332,B,2014-05-25 23:44:22,2014-05-26 00:01:22,17.0000
1401061534620000250,20000250,C,2014-05-25 23:45:34,2014-05-26 00:02:49,17.2500
1401061609620000546,20000546,C,2014-05-25 23:46:49,2014-05-26 00:04:04,17.2500
1401061617620000190,20000190,B,2014-05-25 23:46:57,2014-05-26 00:02:42,15.7500
1401061890620000561,20000561,B,2014-05-25 23:51:30,2014-05-26 00:07:45,16.2500
1401061891620000276,20000276,B,2014-05-25 23:51:31,2014-05-26 00:06:31,15.0000
1401061895620000525,20000525,B,2014-05-25 23:51:35,2014-05-26 00:07:35,16.0000
1401062029620000337,20000337,C,2014-05-25 23:53:49,2014-05-26 00:06:34,12.7500
1401062053620000011,20000011,C,2014-05-25 23:54:13,2014-05-26 00:14:28,20.2500
1401062076620000548,20000548,C,2014-05-25 23:54:36,2014-05-26 00:00:06,5.5000
1401062114620000451,20000451,C,2014-05-25 23:55:14,2014-05-26 00:13:29,18.2500
1401062183620000435,20000435,B,2014-05-25 23:56:23,2014-05-26 00:04:38,8.2500
1401062190620000520,20000520,B,2014-05-25 23:56:30,2014-05-26 00:04:30,8.0000
1401062197620000003,20000003,B,2014-05-25 23:56:37,2014-05-26 00:02:37,6.0000
1401062248620000173,20000173,B,2014-05-25 23:57:28,2014-05-26 00:04:58,7.5000
1401062315620000633,20000633,C,2014-05-25 23:58:35,2014-05-26 00:10:20,11.7500
1401062349620000005,20000005,A,2014-05-25 23:59:09,2014-05-26 00:08:39,9.5000
1401062360620000129,20000129,B,2014-05-25 23:59:20,2014-05-26 00:04:50,5.5000
1401147652620000105,20000105,C,2014-05-26 23:40:52,2014-05-27 00:02:52,22.0000
1401148099620000678,20000678,B,2014-05-26 23:48:19,2014-05-27 00:01:19,13.0000
1401148256620000337,20000337,C,2014-05-26 23:50:56,2014-05-27 00:01:41,10.7500
1401148386620000008,20000008,C,2014-05-26 23:53:06,2014-05-27 00:03:51,10.7500
1401148558620000154,20000154,B,2014-05-26 23:55:58,2014-05-27 00:01:58,6.0000
1401148578620000031,20000031,B,2014-05-26 23:56:18,2014-05-27 00:01:33,5.2500
1401148594620000670,20000670,B,2014-05-26 23:56:34,2014-05-27 00:01:49,5.2500
1401148650620000621,20000621,B,2014-05-26 23:57:30,2014-05-27 00:02:45,5.2500
1401233789620000524,20000524,C,2014-05-27 23:36:29,2014-05-28 00:05:59,29.5000
1401234428620000324,20000324,C,2014-05-27 23:47:08,2014-05-28 00:14:23,27.2500
1401234451620000574,20000574,B,2014-05-27 23:47:31,2014-05-28 00:00:46,13.2500
1401234569620000518,20000518,B,2014-05-27 23:49:29,2014-05-28 00:00:44,11.2500
1401234739620000430,20000430,B,2014-05-27 23:52:19,2014-05-28 00:06:19,14.0000
1401234748620000529,20000529,C,2014-05-27 23:52:28,2014-05-28 00:01:58,9.5000
1401234854620000633,20000633,B,2014-05-27 23:54:14,2014-05-28 00:06:44,12.5000
1401235022620000345,20000345,B,2014-05-27 23:57:02,2014-05-28 00:07:32,10.5000
1401235087620000171,20000171,B,2014-05-27 23:58:07,2014-05-28 00:10:22,12.2500
1401235112620000403,20000403,B,2014-05-27 23:58:32,2014-05-28 00:04:02,5.5000
1401319291620000576,20000576,B,2014-05-28 23:21:31,2014-05-29 00:00:31,39.0000
1401319364620000626,20000626,B,2014-05-28 23:22:44,2014-05-29 00:01:29,38.7500
1401320884620000011,20000011,B,2014-05-28 23:48:04,2014-05-29 00:08:04,20.0000
1401320991620000129,20000129,C,2014-05-28 23:49:51,2014-05-29 00:00:06,10.2500
1401321008620000548,20000548,C,2014-05-28 23:50:08,2014-05-29 00:00:23,10.2500
1401321019620000430,20000430,A,2014-05-28 23:50:19,2014-05-29 00:03:49,13.5000
1401321147620000648,20000648,B,2014-05-28 23:52:27,2014-05-29 00:02:12,9.7500
1401321240620000013,20000013,B,2014-05-28 23:54:00,2014-05-29 00:00:30,6.5000
1401321271620000224,20000224,A,2014-05-28 23:54:31,2014-05-29 00:04:16,9.7500
1401321279620000004,20000004,B,2014-05-28 23:54:39,2014-05-29 00:06:54,12.2500
1401321365620000337,20000337,C,2014-05-28 23:56:05,2014-05-29 00:07:35,11.5000
1401321371620000005,20000005,C,2014-05-28 23:56:11,2014-05-29 00:02:41,6.5000
1401321397620000360,20000360,B,2014-05-28 23:56:37,2014-05-29 00:14:07,17.5000
1401321411620000014,20000014,A,2014-05-28 23:56:51,2014-05-29 00:15:36,18.7500
1401321412620000233,20000233,B,2014-05-28 23:56:52,2014-05-29 00:05:22,8.5000
1401321440620000076,20000076,B,2014-05-28 23:57:20,2014-05-29 00:02:20,5.0000
1401321491620000603,20000603,B,2014-05-28 23:58:11,2014-05-29 00:06:41,8.5000
1401321528620000060,20000060,B,2014-05-28 23:58:48,2014-05-29 00:05:03,6.2500
1401321547620000651,20000651,B,2014-05-28 23:59:07,2014-05-29 00:22:37,23.5000
1401404350620000446,20000446,B,2014-05-29 22:59:10,2014-05-30 00:13:10,74.0000
1401406675620000216,20000216,A,2014-05-29 23:37:55,2014-05-30 00:03:55,26.0000
1401406872620000577,20000577,C,2014-05-29 23:41:12,2014-05-30 00:02:27,21.2500
1401406977620000482,20000482,C,2014-05-29 23:42:57,2014-05-30 00:03:27,20.5000
1401407129620000670,20000670,C,2014-05-29 23:45:29,2014-05-30 00:01:29,16.0000
1401407137620000057,20000057,A,2014-05-29 23:45:37,2014-05-30 00:03:52,18.2500
1401407149620000407,20000407,A,2014-05-29 23:45:49,2014-05-30 00:06:19,20.5000
1401407243620000601,20000601,C,2014-05-29 23:47:23,2014-05-30 00:02:38,15.2500
1401407362620000008,20000008,C,2014-05-29 23:49:22,2014-05-30 00:05:52,16.5000
1401407433620000392,20000392,B,2014-05-29 23:50:33,2014-05-30 00:27:48,37.2500
1401407451620000450,20000450,B,2014-05-29 23:50:51,2014-05-30 00:00:36,9.7500
1401407475620000196,20000196,B,2014-05-29 23:51:15,2014-05-30 00:00:30,9.2500
1401407480620000010,20000010,B,2014-05-29 23:51:20,2014-05-30 00:02:05,10.7500
1401407492620000136,20000136,B,2014-05-29 23:51:32,2014-05-30 00:07:17,15.7500
1401407534620000648,20000648,C,2014-05-29 23:52:14,2014-05-30 00:00:29,8.2500
1401407534620000684,20000684,B,2014-05-29 23:52:14,2014-05-30 00:02:44,10.5000
1401407538620000305,20000305,C,2014-05-29 23:52:18,2014-05-30 00:02:48,10.5000
1401407545620000678,20000678,B,2014-05-29 23:52:25,2014-05-30 00:02:40,10.2500
1401407551620000651,20000651,B,2014-05-29 23:52:31,2014-05-30 00:03:01,10.5000
1401407582620000518,20000518,C,2014-05-29 23:53:02,2014-05-30 00:10:32,17.5000
1401407597620000332,20000332,B,2014-05-29 23:53:17,2014-05-30 00:02:32,9.2500
1401407648620000423,20000423,C,2014-05-29 23:54:08,2014-05-30 00:06:08,12.0000
1401407653620000517,20000517,B,2014-05-29 23:54:13,2014-05-30 00:14:58,20.7500
1401407703620000351,20000351,B,2014-05-29 23:55:03,2014-05-30 00:01:33,6.5000
1401407724620000497,20000497,B,2014-05-29 23:55:24,2014-05-30 00:01:24,6.0000
1401407731620000192,20000192,A,2014-05-29 23:55:31,2014-05-30 00:10:46,15.2500
1401407737620000548,20000548,A,2014-05-29 23:55:37,2014-05-30 00:12:37,17.0000
1401407759620000334,20000334,B,2014-05-29 23:55:59,2014-05-30 00:09:29,13.5000
1401407782620000621,20000621,B,2014-05-29 23:56:22,2014-05-30 00:05:07,8.7500
1401407794620000370,20000370,B,2014-05-29 23:56:34,2014-05-30 00:08:49,12.2500
1401407806620000398,20000398,B,2014-05-29 23:56:46,2014-05-30 00:06:46,10.0000
1401407834620000009,20000009,A,2014-05-29 23:57:14,2014-05-30 00:00:44,3.5000
1401407850620000060,20000060,C,2014-05-29 23:57:30,2014-05-30 00:03:30,6.0000
1401407887620000015,20000015,B,2014-05-29 23:58:07,2014-05-30 00:05:52,7.7500
1401407954620000560,20000560,B,2014-05-29 23:59:14,2014-05-30 00:09:29,10.2500
1401407962620000081,20000081,C,2014-05-29 23:59:22,2014-05-30 00:04:07,4.7500
1401493320620000395,20000395,C,2014-05-30 23:42:00,2014-05-31 00:01:00,19.0000
1401493417620000196,20000196,A,2014-05-30 23:43:37,2014-05-31 00:08:37,25.0000
1401493478620000002,20000002,C,2014-05-30 23:44:38,2014-05-31 00:06:23,21.7500
1401493503620000527,20000527,A,2014-05-30 23:45:03,2014-05-31 00:04:33,19.5000
1401493580620000633,20000633,B,2014-05-30 23:46:20,2014-05-31 00:00:20,14.0000
1401493621620000332,20000332,B,2014-05-30 23:47:01,2014-05-31 00:01:46,14.7500
1401493624620000015,20000015,B,2014-05-30 23:47:04,2014-05-31 00:00:04,13.0000
1401493770620000574,20000574,C,2014-05-30 23:49:30,2014-05-31 00:04:00,14.5000
1401493826620000276,20000276,B,2014-05-30 23:50:26,2014-05-31 00:05:41,15.2500
1401493838620000136,20000136,C,2014-05-30 23:50:38,2014-05-31 00:03:53,13.2500
1401493840620000338,20000338,A,2014-05-30 23:50:40,2014-05-31 00:06:25,15.7500
1401493853620000012,20000012,A,2014-05-30 23:50:53,2014-05-31 00:06:38,15.7500
1401493863620000495,20000495,B,2014-05-30 23:51:03,2014-05-31 00:00:18,9.2500
1401493881620000020,20000020,A,2014-05-30 23:51:21,2014-05-31 00:09:06,17.7500
1401493881620000372,20000372,A,2014-05-30 23:51:21,2014-05-31 00:00:36,9.2500
1401493887620000497,20000497,A,2014-05-30 23:51:27,2014-05-31 00:13:57,22.5000
1401493887620000640,20000640,A,2014-05-30 23:51:27,2014-05-31 00:12:42,21.2500
1401493927620000285,20000285,B,2014-05-30 23:52:07,2014-05-31 00:10:52,18.7500
1401493927620000455,20000455,C,2014-05-30 23:52:07,2014-05-31 00:03:22,11.2500
1401493954620000514,20000514,B,2014-05-30 23:52:34,2014-05-31 00:10:34,18.0000
1401494011620000463,20000463,A,2014-05-30 23:53:31,2014-05-31 00:01:16,7.7500
1401494111620000142,20000142,B,2014-05-30 23:55:11,2014-05-31 00:13:56,18.7500
1401494142620000101,20000101,B,2014-05-30 23:55:42,2014-05-31 00:04:27,8.7500
1401494229620000233,20000233,A,2014-05-30 23:57:09,2014-05-31 00:01:39,4.5000
1401494268620000321,20000321,C,2014-05-30 23:57:48,2014-05-31 00:02:03,4.2500
1401494269620000483,20000483,C,2014-05-30 23:57:49,2014-05-31 00:07:34,9.7500
1401494282620000648,20000648,A,2014-05-30 23:58:02,2014-05-31 00:10:17,12.2500
1401494288620000616,20000616,A,2014-05-30 23:58:08,2014-05-31 00:03:08,5.0000
1401494307620000450,20000450,A,2014-05-30 23:58:27,2014-05-31 00:03:42,5.2500
1401494310620000621,20000621,B,2014-05-30 23:58:30,2014-05-31 00:05:00,6.5000
1401494316620000651,20000651,B,2014-05-30 23:58:36,2014-05-31 00:07:06,8.5000
1401494318620000430,20000430,B,2014-05-30 23:58:38,2014-05-31 00:04:23,5.7500
1401494349620000116,20000116,C,2014-05-30 23:59:09,2014-05-31 00:06:09,7.0000
1401494368620000658,20000658,C,2014-05-30 23:59:28,2014-05-31 00:08:58,9.5000
1401494371620000159,20000159,A,2014-05-30 23:59:31,2014-05-31 00:13:01,13.5000
1401494374620000251,20000251,B,2014-05-30 23:59:34,2014-05-31 00:09:49,10.2500
1401494390620000561,20000561,C,2014-05-30 23:59:50,2014-05-31 00:19:50,20.0000
1401578295620000285,20000285,C,2014-05-31 23:18:15,2014-06-01 00:02:00,43.7500
1401579562620000456,20000456,C,2014-05-31 23:39:22,2014-06-01 00:01:07,21.7500
1401579938620000224,20000224,C,2014-05-31 23:45:38,2014-06-01 00:01:53,16.2500
1401579978620000570,20000570,C,2014-05-31 23:46:18,2014-06-01 00:00:03,13.7500
1401580027620000546,20000546,C,2014-05-31 23:47:07,2014-06-01 00:00:07,13.0000
1401580099620000076,20000076,C,2014-05-31 23:48:19,2014-06-01 00:07:49,19.5000
1401580109620000625,20000625,B,2014-05-31 23:48:29,2014-06-01 00:04:44,16.2500
1401580186620000624,20000624,B,2014-05-31 23:49:46,2014-06-01 00:02:01,12.2500
1401580195620000196,20000196,A,2014-05-31 23:49:55,2014-06-01 00:03:40,13.7500
1401580234620000698,20000698,C,2014-05-31 23:50:34,2014-06-01 00:00:49,10.2500
1401580242620000308,20000308,B,2014-05-31 23:50:42,2014-06-01 00:12:27,21.7500
1401580317620000360,20000360,C,2014-05-31 23:51:57,2014-06-01 00:06:12,14.2500
1401580338620000173,20000173,C,2014-05-31 23:52:18,2014-06-01 00:03:33,11.2500
1401580340620000031,20000031,A,2014-05-31 23:52:20,2014-06-01 00:00:35,8.2500
1401580418620000190,20000190,B,2014-05-31 23:53:38,2014-06-01 00:04:23,10.7500
1401580423620000421,20000421,C,2014-05-31 23:53:43,2014-06-01 00:07:58,14.2500
1401580464620000060,20000060,C,2014-05-31 23:54:24,2014-06-01 00:04:09,9.7500
1401580475620000305,20000305,C,2014-05-31 23:54:35,2014-06-01 00:00:05,5.5000
1401580478620000488,20000488,B,2014-05-31 23:54:38,2014-06-01 00:02:23,7.7500
1401580479620000201,20000201,C,2014-05-31 23:54:39,2014-06-01 00:06:24,11.7500
1401580496620000159,20000159,C,2014-05-31 23:54:56,2014-06-01 00:01:56,7.0000
1401580501620000431,20000431,C,2014-05-31 23:55:01,2014-06-01 00:00:16,5.2500
1401580504620000518,20000518,A,2014-05-31 23:55:04,2014-06-01 00:04:04,9.0000
1401580509620000432,20000432,B,2014-05-31 23:55:09,2014-06-01 00:07:09,12.0000
1401580518620000328,20000328,B,2014-05-31 23:55:18,2014-06-01 00:08:03,12.7500
1401580521620000304,20000304,C,2014-05-31 23:55:21,2014-06-01 00:08:51,13.5000
1401580540620000105,20000105,B,2014-05-31 23:55:40,2014-06-01 00:05:40,10.0000
1401580568620000249,20000249,C,2014-05-31 23:56:08,2014-06-01 00:12:53,16.7500
1401580574620000320,20000320,B,2014-05-31 23:56:14,2014-06-01 00:04:29,8.2500
1401580586620000309,20000309,B,2014-05-31 23:56:26,2014-06-01 00:13:41,17.2500
1401580591620000612,20000612,B,2014-05-31 23:56:31,2014-06-01 00:06:46,10.2500
1401580594620000239,20000239,B,2014-05-31 23:56:34,2014-06-01 00:09:04,12.5000
1401580594620000398,20000398,C,2014-05-31 23:56:34,2014-06-01 00:03:19,6.7500
1401580598620000361,20000361,C,2014-05-31 23:56:38,2014-06-01 00:00:08,3.5000
1401580606620000233,20000233,B,2014-05-31 23:56:46,2014-06-01 00:07:31,10.7500
1401580630620000362,20000362,B,2014-05-31 23:57:10,2014-06-01 00:08:40,11.5000
1401580632620000009,20000009,B,2014-05-31 23:57:12,2014-06-01 00:08:42,11.5000
1401580636620000651,20000651,B,2014-05-31 23:57:16,2014-06-01 00:08:31,11.2500
1401580643620000140,20000140,B,2014-05-31 23:57:23,2014-06-01 00:03:38,6.2500
1401580657620000548,20000548,B,2014-05-31 23:57:37,2014-06-01 00:13:52,16.2500
1401580659620000338,20000338,B,2014-05-31 23:57:39,2014-06-01 00:04:39,7.0000
1401580669620000020,20000020,C,2014-05-31 23:57:49,2014-06-01 00:06:19,8.5000
1401580692620000687,20000687,A,2014-05-31 23:58:12,2014-06-01 00:11:57,13.7500
1401580701620000482,20000482,B,2014-05-31 23:58:21,2014-06-01 00:07:36,9.2500
1401580737620000067,20000067,B,2014-05-31 23:58:57,2014-06-01 00:07:42,8.7500
1401580737620000179,20000179,C,2014-05-31 23:58:57,2014-06-01 00:25:27,26.5000
1401580738620000024,20000024,A,2014-05-31 23:58:58,2014-06-01 00:09:58,11.0000
1401580749620000001,20000001,B,2014-05-31 23:59:09,2014-06-01 00:06:24,7.2500
1401580773620000450,20000450,B,2014-05-31 23:59:33,2014-06-01 00:07:33,8.0000
1401580778620000497,20000497,A,2014-05-31 23:59:38,2014-06-01 00:10:23,10.7500
1401580790620000672,20000672,A,2014-05-31 23:59:50,2014-06-01 00:17:05,17.2500
1401654572620000502,20000502,C,2014-06-01 20:29:32,2014-06-02 00:58:32,269.0000
1401654742620000009,20000009,A,2014-06-01 20:32:22,2014-06-02 00:01:37,209.2500
1401663476620000250,20000250,C,2014-06-01 22:57:56,2014-06-02 00:21:26,83.5000
1401665819620000101,20000101,C,2014-06-01 23:36:59,2014-06-02 00:09:14,32.2500
1401666291620000454,20000454,C,2014-06-01 23:44:51,2014-06-02 00:11:06,26.2500
1401666409620000520,20000520,C,2014-06-01 23:46:49,2014-06-02 00:04:04,17.2500
1401666447620000670,20000670,C,2014-06-01 23:47:27,2014-06-02 00:02:42,15.2500
1401666674620000529,20000529,C,2014-06-01 23:51:14,2014-06-02 00:10:29,19.2500
1401666675620000332,20000332,C,2014-06-01 23:51:15,2014-06-02 00:03:45,12.5000
1401666682620000327,20000327,B,2014-06-01 23:51:22,2014-06-02 00:00:37,9.2500
1401666768620000160,20000160,B,2014-06-01 23:52:48,2014-06-02 00:01:03,8.2500
1401666890620000195,20000195,B,2014-06-01 23:54:50,2014-06-02 00:00:20,5.5000
1401666932620000173,20000173,B,2014-06-01 23:55:32,2014-06-02 00:07:17,11.7500
1401666946620000406,20000406,C,2014-06-01 23:55:46,2014-06-02 00:10:16,14.5000
1401666985620000263,20000263,B,2014-06-01 23:56:25,2014-06-02 00:36:55,40.5000
1401667002620000007,20000007,A,2014-06-01 23:56:42,2014-06-02 00:01:57,5.2500
1401667002620000269,20000269,B,2014-06-01 23:56:42,2014-06-02 00:11:27,14.7500
1401667008620000453,20000453,A,2014-06-01 23:56:48,2014-06-02 00:10:03,13.2500
1401667018620000591,20000591,A,2014-06-01 23:56:58,2014-06-02 00:10:28,13.5000
1401667068620000486,20000486,C,2014-06-01 23:57:48,2014-06-02 00:08:18,10.5000
1401667073620000612,20000612,C,2014-06-01 23:57:53,2014-06-02 00:07:38,9.7500
1401752809620000345,20000345,B,2014-06-02 23:46:49,2014-06-03 00:12:19,25.5000
1401753015620000372,20000372,B,2014-06-02 23:50:15,2014-06-03 00:03:45,13.5000
1401753205620000467,20000467,C,2014-06-02 23:53:25,2014-06-03 00:09:40,16.2500
1401753380620000058,20000058,A,2014-06-02 23:56:20,2014-06-03 00:04:05,7.7500
1401753438620000060,20000060,C,2014-06-02 23:57:18,2014-06-03 00:09:48,12.5000
1401753458620000311,20000311,A,2014-06-02 23:57:38,2014-06-03 00:11:23,13.7500
1401753505620000476,20000476,A,2014-06-02 23:58:25,2014-06-03 00:00:25,2.0000
1401753589620000285,20000285,A,2014-06-02 23:59:49,2014-06-03 00:08:04,8.2500
1401833580620000540,20000540,C,2014-06-03 22:13:00,2014-06-04 01:43:15,210.2500
1401838909620000577,20000577,C,2014-06-03 23:41:49,2014-06-04 00:00:34,18.7500
1401839115620000005,20000005,C,2014-06-03 23:45:15,2014-06-04 00:15:30,30.2500
1401839375620000269,20000269,B,2014-06-03 23:49:35,2014-06-04 00:02:50,13.2500
1401839585620000395,20000395,C,2014-06-03 23:53:05,2014-06-04 00:31:05,38.0000
1401839588620000311,20000311,B,2014-06-03 23:53:08,2014-06-04 00:06:08,13.0000
1401839659620000324,20000324,B,2014-06-03 23:54:19,2014-06-04 00:04:19,10.0000
1401839663620000328,20000328,B,2014-06-03 23:54:23,2014-06-04 00:07:08,12.7500
1401839669620000307,20000307,C,2014-06-03 23:54:29,2014-06-04 00:09:44,15.2500
1401839772620000514,20000514,B,2014-06-03 23:56:12,2014-06-04 00:02:12,6.0000
1401839774620000031,20000031,A,2014-06-03 23:56:14,2014-06-04 00:07:59,11.7500
1401839776620000297,20000297,B,2014-06-03 23:56:16,2014-06-04 00:00:46,4.5000
1401839788620000060,20000060,A,2014-06-03 23:56:28,2014-06-04 00:03:58,7.5000
1401839904620000337,20000337,A,2014-06-03 23:58:24,2014-06-04 00:05:39,7.2500
1401839974620000196,20000196,C,2014-06-03 23:59:34,2014-06-04 00:00:19,0.7500
1401925171620000332,20000332,B,2014-06-04 23:39:31,2014-06-05 00:13:46,34.2500
1401925419620000307,20000307,C,2014-06-04 23:43:39,2014-06-05 00:19:09,35.5000
1401925640620000483,20000483,C,2014-06-04 23:47:20,2014-06-05 00:02:35,15.2500
1401925768620000455,20000455,B,2014-06-04 23:49:28,2014-06-05 00:00:28,11.0000
1401925864620000492,20000492,B,2014-06-04 23:51:04,2014-06-05 00:04:19,13.2500
1401925893620000687,20000687,A,2014-06-04 23:51:33,2014-06-05 00:04:33,13.0000
1401926046620000252,20000252,A,2014-06-04 23:54:06,2014-06-05 00:07:51,13.7500
1401926122620000114,20000114,A,2014-06-04 23:55:22,2014-06-05 00:04:37,9.2500
1401926213620000356,20000356,C,2014-06-04 23:56:53,2014-06-05 00:01:08,4.2500
1401926217620000233,20000233,A,2014-06-04 23:56:57,2014-06-05 00:03:27,6.5000
1401926228620000678,20000678,C,2014-06-04 23:57:08,2014-06-05 00:05:08,8.0000
1401926247620000591,20000591,C,2014-06-04 23:57:27,2014-06-05 00:02:12,4.7500
1401926250620000423,20000423,B,2014-06-04 23:57:30,2014-06-05 00:04:00,6.5000
1401926284620000503,20000503,B,2014-06-04 23:58:04,2014-06-05 00:02:04,4.0000
1401926296620000671,20000671,C,2014-06-04 23:58:16,2014-06-05 00:01:31,3.2500
1401926309620000542,20000542,B,2014-06-04 23:58:29,2014-06-05 00:04:29,6.0000
1401926376620000066,20000066,B,2014-06-04 23:59:36,2014-06-05 00:01:36,2.0000
1402011952620000648,20000648,B,2014-06-05 23:45:52,2014-06-06 00:02:37,16.7500
1402011991620000167,20000167,A,2014-06-05 23:46:31,2014-06-06 00:06:01,19.5000
1402012000620000611,20000611,C,2014-06-05 23:46:40,2014-06-06 00:02:10,15.5000
1402012040620000179,20000179,B,2014-06-05 23:47:20,2014-06-06 00:01:20,14.0000
1402012047620000663,20000663,B,2014-06-05 23:47:27,2014-06-06 00:00:12,12.7500
1402012194620000053,20000053,C,2014-06-05 23:49:54,2014-06-06 00:03:54,14.0000
1402012214620000161,20000161,C,2014-06-05 23:50:14,2014-06-06 00:04:59,14.7500
1402012236620000482,20000482,C,2014-06-05 23:50:36,2014-06-06 00:02:06,11.5000
1402012270620000395,20000395,C,2014-06-05 23:51:10,2014-06-06 00:03:10,12.0000
1402012360620000008,20000008,B,2014-06-05 23:52:40,2014-06-06 00:07:40,15.0000
1402012362620000520,20000520,C,2014-06-05 23:52:42,2014-06-06 00:01:42,9.0000
1402012378620000675,20000675,C,2014-06-05 23:52:58,2014-06-06 00:06:13,13.2500
1402012381620000540,20000540,C,2014-06-05 23:53:01,2014-06-06 00:04:01,11.0000
1402012402620000269,20000269,C,2014-06-05 23:53:22,2014-06-06 00:04:07,10.7500
1402012422620000423,20000423,B,2014-06-05 23:53:42,2014-06-06 00:00:42,7.0000
1402012510620000076,20000076,B,2014-06-05 23:55:10,2014-06-06 00:00:25,5.2500
1402012533620000665,20000665,C,2014-06-05 23:55:33,2014-06-06 00:09:03,13.5000
1402012545620000105,20000105,C,2014-06-05 23:55:45,2014-06-06 00:03:15,7.5000
1402012578620000231,20000231,C,2014-06-05 23:56:18,2014-06-06 00:08:33,12.2500
1402012592620000242,20000242,C,2014-06-05 23:56:32,2014-06-06 00:09:17,12.7500
1402012596620000446,20000446,B,2014-06-05 23:56:36,2014-06-06 00:06:51,10.2500
1402012608620000601,20000601,B,2014-06-05 23:56:48,2014-06-06 00:15:48,19.0000
1402012643620000518,20000518,B,2014-06-05 23:57:23,2014-06-06 00:04:23,7.0000
1402012651620000574,20000574,C,2014-06-05 23:57:31,2014-06-06 00:05:16,7.7500
1402012671620000108,20000108,C,2014-06-05 23:57:51,2014-06-06 00:12:51,15.0000
1402012723620000678,20000678,C,2014-06-05 23:58:43,2014-06-06 00:09:43,11.0000
1402012741620000142,20000142,A,2014-06-05 23:59:01,2014-06-06 00:06:01,7.0000
1402012751620000305,20000305,C,2014-06-05 23:59:11,2014-06-06 00:04:26,5.2500
1402012761620000129,20000129,C,2014-06-05 23:59:21,2014-06-06 00:19:36,20.2500
1402012768620000276,20000276,C,2014-06-05 23:59:28,2014-06-06 00:16:13,16.7500
1402012770620000649,20000649,C,2014-06-05 23:59:30,2014-06-06 00:07:30,8.0000
1402012776620000453,20000453,C,2014-06-05 23:59:36,2014-06-06 00:16:51,17.2500
1402012779620000359,20000359,B,2014-06-05 23:59:39,2014-06-06 00:04:24,4.7500
1402012798620000252,20000252,C,2014-06-05 23:59:58,2014-06-06 00:12:43,12.7500
1402097674620000120,20000120,A,2014-06-06 23:34:34,2014-06-07 00:05:34,31.0000
1402097945620000488,20000488,A,2014-06-06 23:39:05,2014-06-07 00:03:35,24.5000
1402098006620000446,20000446,B,2014-06-06 23:40:06,2014-06-07 00:03:21,23.2500
1402098107620000160,20000160,B,2014-06-06 23:41:47,2014-06-07 00:02:47,21.0000
1402098140620000632,20000632,A,2014-06-06 23:42:20,2014-06-07 00:28:05,45.7500
1402098169620000280,20000280,A,2014-06-06 23:42:49,2014-06-07 00:00:49,18.0000
1402098281620000251,20000251,C,2014-06-06 23:44:41,2014-06-07 00:02:11,17.5000
1402098459620000003,20000003,C,2014-06-06 23:47:39,2014-06-07 00:03:24,15.7500
1402098507620000142,20000142,B,2014-06-06 23:48:27,2014-06-07 00:04:27,16.0000
1402098535620000688,20000688,C,2014-06-06 23:48:55,2014-06-07 00:09:25,20.5000
1402098568620000674,20000674,C,2014-06-06 23:49:28,2014-06-07 00:01:13,11.7500
1402098584620000010,20000010,B,2014-06-06 23:49:44,2014-06-07 00:00:29,10.7500
1402098631620000684,20000684,C,2014-06-06 23:50:31,2014-06-07 00:02:16,11.7500
1402098634620000252,20000252,C,2014-06-06 23:50:34,2014-06-07 00:06:49,16.2500
1402098735620000542,20000542,B,2014-06-06 23:52:15,2014-06-07 00:03:30,11.2500
1402098770620000254,20000254,A,2014-06-06 23:52:50,2014-06-07 00:04:05,11.2500
1402098831620000571,20000571,A,2014-06-06 23:53:51,2014-06-07 00:01:21,7.5000
1402098849620000388,20000388,B,2014-06-06 23:54:09,2014-06-07 00:04:24,10.2500
1402098875620000011,20000011,C,2014-06-06 23:54:35,2014-06-07 00:02:05,7.5000
1402098878620000486,20000486,C,2014-06-06 23:54:38,2014-06-07 00:14:38,20.0000
1402098889620000678,20000678,C,2014-06-06 23:54:49,2014-06-07 00:04:49,10.0000
1402098899620000527,20000527,B,2014-06-06 23:54:59,2014-06-07 00:00:14,5.2500
1402098923620000625,20000625,C,2014-06-06 23:55:23,2014-06-07 00:03:08,7.7500
1402098924620000376,20000376,A,2014-06-06 23:55:24,2014-06-07 00:01:24,6.0000
1402098928620000440,20000440,C,2014-06-06 23:55:28,2014-06-07 00:03:13,7.7500
1402098942620000395,20000395,A,2014-06-06 23:55:42,2014-06-07 00:33:57,38.2500
1402098944620000356,20000356,C,2014-06-06 23:55:44,2014-06-07 00:04:14,8.5000
1402098955620000004,20000004,A,2014-06-06 23:55:55,2014-06-07 00:02:25,6.5000
1402098966620000663,20000663,C,2014-06-06 23:56:06,2014-06-07 00:06:51,10.7500
1402099014620000472,20000472,B,2014-06-06 23:56:54,2014-06-07 00:09:09,12.2500
1402099028620000304,20000304,C,2014-06-06 23:57:08,2014-06-07 00:04:53,7.7500
1402099056620000166,20000166,B,2014-06-06 23:57:36,2014-06-07 00:01:36,4.0000
1402099056620000188,20000188,B,2014-06-06 23:57:36,2014-06-07 00:07:21,9.7500
1402099076620000473,20000473,C,2014-06-06 23:57:56,2014-06-07 00:04:26,6.5000
1402099083620000671,20000671,B,2014-06-06 23:58:03,2014-06-07 00:02:48,4.7500
1402099088620000618,20000618,B,2014-06-06 23:58:08,2014-06-07 00:04:08,6.0000
1402099097620000031,20000031,B,2014-06-06 23:58:17,2014-06-07 00:02:17,4.0000
1402099112620000067,20000067,C,2014-06-06 23:58:32,2014-06-07 00:08:47,10.2500
1402099132620000499,20000499,C,2014-06-06 23:58:52,2014-06-07 00:07:37,8.7500
1402099136620000081,20000081,C,2014-06-06 23:58:56,2014-06-07 00:27:56,29.0000
1402099138620000591,20000591,C,2014-06-06 23:58:58,2014-06-07 00:06:43,7.7500
1402099141620000012,20000012,C,2014-06-06 23:59:01,2014-06-07 00:07:31,8.5000
1402099144620000042,20000042,A,2014-06-06 23:59:04,2014-06-07 00:09:34,10.5000
1402099148620000345,20000345,C,2014-06-06 23:59:08,2014-06-07 00:12:08,13.0000
1402099167620000119,20000119,C,2014-06-06 23:59:27,2014-06-07 00:10:12,10.7500
1402099171620000305,20000305,B,2014-06-06 23:59:31,2014-06-07 00:08:46,9.2500
1402099189620000129,20000129,C,2014-06-06 23:59:49,2014-06-07 00:27:04,27.2500
1402099198620000424,20000424,C,2014-06-06 23:59:58,2014-06-07 00:24:13,24.2500
1402181095620000662,20000662,B,2014-06-07 22:44:55,2014-06-08 01:11:10,146.2500
1402183283620000548,20000548,C,2014-06-07 23:21:23,2014-06-08 00:36:38,75.2500
1402183706620000136,20000136,C,2014-06-07 23:28:26,2014-06-08 00:03:26,35.0000
1402184120620000003,20000003,B,2014-06-07 23:35:20,2014-06-08 00:06:05,30.7500
1402184301620000618,20000618,A,2014-06-07 23:38:21,2014-06-08 00:12:36,34.2500
1402184558620000199,20000199,C,2014-06-07 23:42:38,2014-06-08 00:01:38,19.0000
1402184641620000651,20000651,C,2014-06-07 23:44:01,2014-06-08 00:33:46,49.7500
1402184837620000588,20000588,C,2014-06-07 23:47:17,2014-06-08 00:17:02,29.7500
1402184870620000434,20000434,C,2014-06-07 23:47:50,2014-06-08 00:11:50,24.0000
1402184933620000540,20000540,C,2014-06-07 23:48:53,2014-06-08 00:02:23,13.5000
1402184989620000171,20000171,B,2014-06-07 23:49:49,2014-06-08 00:06:34,16.7500
1402185004620000421,20000421,B,2014-06-07 23:50:04,2014-06-08 00:03:04,13.0000
1402185008620000105,20000105,C,2014-06-07 23:50:08,2014-06-08 00:03:08,13.0000
1402185015620000045,20000045,C,2014-06-07 23:50:15,2014-06-08 00:05:30,15.2500
1402185040620000271,20000271,C,2014-06-07 23:50:40,2014-06-08 00:03:10,12.5000
1402185044620000389,20000389,C,2014-06-07 23:50:44,2014-06-08 00:00:14,9.5000
1402185051620000004,20000004,C,2014-06-07 23:50:51,2014-06-08 00:00:21,9.5000
1402185068620000057,20000057,C,2014-06-07 23:51:08,2014-06-08 00:09:38,18.5000
1402185071620000276,20000276,C,2014-06-07 23:51:11,2014-06-08 00:06:56,15.7500
1402185104620000495,20000495,C,2014-06-07 23:51:44,2014-06-08 00:05:44,14.0000
1402185112620000436,20000436,C,2014-06-07 23:51:52,2014-06-08 00:19:07,27.2500
1402185124620000351,20000351,C,2014-06-07 23:52:04,2014-06-08 00:16:49,24.7500
1402185140620000334,20000334,B,2014-06-07 23:52:20,2014-06-08 00:03:05,10.7500
1402185164620000440,20000440,B,2014-06-07 23:52:44,2014-06-08 00:04:59,12.2500
1402185169620000328,20000328,B,2014-06-07 23:52:49,2014-06-08 00:03:34,10.7500
1402185186620000624,20000624,C,2014-06-07 23:53:06,2014-06-08 00:04:36,11.5000
1402185191620000022,20000022,C,2014-06-07 23:53:11,2014-06-08 00:02:41,9.5000
1402185196620000424,20000424,C,2014-06-07 23:53:16,2014-06-08 00:02:01,8.7500
1402185219620000612,20000612,B,2014-06-07 23:53:39,2014-06-08 00:04:54,11.2500
1402185273620000625,20000625,C,2014-06-07 23:54:33,2014-06-08 00:02:48,8.2500
1402185307620000060,20000060,C,2014-06-07 23:55:07,2014-06-08 00:05:07,10.0000
1402185343620000476,20000476,C,2014-06-07 23:55:43,2014-06-08 00:11:28,15.7500
1402185345620000364,20000364,C,2014-06-07 23:55:45,2014-06-08 00:04:45,9.0000
1402185364620000337,20000337,B,2014-06-07 23:56:04,2014-06-08 00:02:04,6.0000
1402185369620000256,20000256,C,2014-06-07 23:56:09,2014-06-08 00:13:09,17.0000
1402185399620000483,20000483,C,2014-06-07 23:56:39,2014-06-08 00:13:39,17.0000
1402185413620000367,20000367,C,2014-06-07 23:56:53,2014-06-08 00:07:23,10.5000
1402185428620000332,20000332,C,2014-06-07 23:57:08,2014-06-08 00:04:08,7.0000
1402185443620000376,20000376,B,2014-06-07 23:57:23,2014-06-08 00:07:23,10.0000
1402185448620000114,20000114,C,2014-06-07 23:57:28,2014-06-08 00:18:58,21.5000
1402185488620000288,20000288,C,2014-06-07 23:58:08,2014-06-08 00:03:53,5.7500
1402185499620000242,20000242,C,2014-06-07 23:58:19,2014-06-08 00:11:34,13.2500
1402185503620000076,20000076,C,2014-06-07 23:58:23,2014-06-08 00:03:23,5.0000
1402185507620000561,20000561,C,2014-06-07 23:58:27,2014-06-08 00:11:27,13.0000
1402185518620000463,20000463,C,2014-06-07 23:58:38,2014-06-08 00:10:53,12.2500
1402185555620000263,20000263,C,2014-06-07 23:59:15,2014-06-08 00:20:15,21.0000
1402185557620000525,20000525,B,2014-06-07 23:59:17,2014-06-08 00:04:47,5.5000
1402270838620000153,20000153,A,2014-06-08 23:40:38,2014-06-09 00:00:08,19.5000
1402271326620000472,20000472,A,2014-06-08 23:48:46,2014-06-09 00:02:31,13.7500
1402271340620000249,20000249,B,2014-06-08 23:49:00,2014-06-09 00:02:15,13.2500
1402271460620000173,20000173,A,2014-06-08 23:51:00,2014-06-09 00:03:30,12.5000
1402271463620000574,20000574,B,2014-06-08 23:51:03,2014-06-09 00:02:18,11.2500
1402271481620000612,20000612,B,2014-06-08 23:51:21,2014-06-09 00:01:51,10.5000
1402271536620000423,20000423,C,2014-06-08 23:52:16,2014-06-09 00:01:01,8.7500
1402271628620000195,20000195,C,2014-06-08 23:53:48,2014-06-09 00:01:48,8.0000
1402271631620000263,20000263,B,2014-06-08 23:53:51,2014-06-09 00:00:21,6.5000
1402271651620000503,20000503,B,2014-06-08 23:54:11,2014-06-09 00:09:11,15.0000
1402271659620000076,20000076,C,2014-06-08 23:54:19,2014-06-09 00:02:49,8.5000
1402271661620000009,20000009,B,2014-06-08 23:54:21,2014-06-09 00:00:36,6.2500
1402271701620000337,20000337,A,2014-06-08 23:55:01,2014-06-09 00:03:16,8.2500
1402271898620000190,20000190,B,2014-06-08 23:58:18,2014-06-09 00:07:33,9.2500
1402271906620000406,20000406,A,2014-06-08 23:58:26,2014-06-09 00:06:26,8.0000
1402271913620000589,20000589,B,2014-06-08 23:58:33,2014-06-09 00:07:33,9.0000
1402271916620000288,20000288,C,2014-06-08 23:58:36,2014-06-09 00:16:36,18.0000
1402271917620000154,20000154,B,2014-06-08 23:58:37,2014-06-09 00:04:37,6.0000
1402271936620000454,20000454,C,2014-06-08 23:58:56,2014-06-09 00:05:11,6.2500
1402271938620000332,20000332,B,2014-06-08 23:58:58,2014-06-09 00:14:58,16.0000
1402271969620000067,20000067,B,2014-06-08 23:59:29,2014-06-09 00:07:59,8.5000
1402271976620000066,20000066,C,2014-06-08 23:59:36,2014-06-09 00:00:36,1.0000
1402356971620000288,20000288,C,2014-06-09 23:36:11,2014-06-10 00:09:41,33.5000
1402357173620000406,20000406,B,2014-06-09 23:39:33,2014-06-10 00:03:03,23.5000
1402357194620000435,20000435,C,2014-06-09 23:39:54,2014-06-10 00:44:24,64.5000
1402357343620000015,20000015,B,2014-06-09 23:42:23,2014-06-10 00:13:23,31.0000
1402357423620000013,20000013,B,2014-06-09 23:43:43,2014-06-10 00:40:43,57.0000
1402357471620000042,20000042,C,2014-06-09 23:44:31,2014-06-10 00:06:31,22.0000
1402357599620000105,20000105,B,2014-06-09 23:46:39,2014-06-10 00:05:24,18.7500
1402357666620000173,20000173,C,2014-06-09 23:47:46,2014-06-10 00:01:16,13.5000
1402357767620000337,20000337,B,2014-06-09 23:49:27,2014-06-10 00:14:12,24.7500
1402357818620000902,20000902,B,2014-06-09 23:50:18,2014-06-10 00:03:18,13.0000
1402357858620000011,20000011,A,2014-06-09 23:50:58,2014-06-10 00:01:28,10.5000
1402357865620000395,20000395,A,2014-06-09 23:51:05,2014-06-10 00:16:35,25.5000
1402357890620000153,20000153,B,2014-06-09 23:51:30,2014-06-10 00:02:30,11.0000
1402357908620000504,20000504,B,2014-06-09 23:51:48,2014-06-10 00:06:48,15.0000
1402357970620000333,20000333,B,2014-06-09 23:52:50,2014-06-10 00:05:50,13.0000
1402358031620000006,20000006,B,2014-06-09 23:53:51,2014-06-10 00:01:06,7.2500
1402358032620000509,20000509,A,2014-06-09 23:53:52,2014-06-10 00:16:22,22.5000
1402358041620000334,20000334,B,2014-06-09 23:54:01,2014-06-10 00:00:46,6.7500
1402358058620000529,20000529,C,2014-06-09 23:54:18,2014-06-10 00:04:03,9.7500
1402358066620000023,20000023,B,2014-06-09 23:54:26,2014-06-10 00:06:26,12.0000
1402358084620000020,20000020,C,2014-06-09 23:54:44,2014-06-10 00:15:44,21.0000
1402358086620000060,20000060,C,2014-06-09 23:54:46,2014-06-10 00:05:16,10.5000
1402358129620000076,20000076,C,2014-06-09 23:55:29,2014-06-10 00:03:14,7.7500
1402358137620000626,20000626,B,2014-06-09 23:55:37,2014-06-10 00:01:52,6.2500
1402358149620000621,20000621,C,2014-06-09 23:55:49,2014-06-10 00:00:04,4.2500
1402358257620000285,20000285,B,2014-06-09 23:57:37,2014-06-10 00:13:07,15.5000
1402358258620000345,20000345,B,2014-06-09 23:57:38,2014-06-10 00:00:38,3.0000
1402358284620000388,20000388,A,2014-06-09 23:58:04,2014-06-10 00:00:34,2.5000
1402358314620000314,20000314,B,2014-06-09 23:58:34,2014-06-10 00:02:19,3.7500
1402358328620000520,20000520,B,2014-06-09 23:58:48,2014-06-10 00:08:03,9.2500
1402358336620000024,20000024,A,2014-06-09 23:58:56,2014-06-10 00:09:41,10.7500
1402358347620000010,20000010,C,2014-06-09 23:59:07,2014-06-10 00:05:37,6.5000
1402358359620000089,20000089,A,2014-06-09 23:59:19,2014-06-10 00:09:04,9.7500
1402358369620000472,20000472,C,2014-06-09 23:59:29,2014-06-10 00:03:59,4.5000
1402358369620000649,20000649,A,2014-06-09 23:59:29,2014-06-10 00:21:14,21.7500
1402358378620000307,20000307,C,2014-06-09 23:59:38,2014-06-10 00:07:08,7.5000
1402358397620000577,20000577,A,2014-06-09 23:59:57,2014-06-10 00:10:27,10.5000
1402443591620000574,20000574,C,2014-06-10 23:39:51,2014-06-11 00:01:06,21.2500
1402444111620000199,20000199,B,2014-06-10 23:48:31,2014-06-11 00:01:46,13.2500
1402444528620000617,20000617,B,2014-06-10 23:55:28,2014-06-11 00:10:13,14.7500
1402444632620000902,20000902,B,2014-06-10 23:57:12,2014-06-11 00:05:12,8.0000
1402528707620000179,20000179,C,2014-06-11 23:18:27,2014-06-12 00:08:27,50.0000
1402529041620000434,20000434,B,2014-06-11 23:24:01,2014-06-12 00:05:31,41.5000
1402530466620000327,20000327,B,2014-06-11 23:47:46,2014-06-12 00:06:31,18.7500
1402530511620000446,20000446,C,2014-06-11 23:48:31,2014-06-12 00:03:31,15.0000
1402530606620000002,20000002,A,2014-06-11 23:50:06,2014-06-12 00:07:06,17.0000
1402530654620000610,20000610,A,2014-06-11 23:50:54,2014-06-12 00:02:24,11.5000
1402530655620000648,20000648,B,2014-06-11 23:50:55,2014-06-12 00:30:40,39.7500
1402530661620000546,20000546,A,2014-06-11 23:51:01,2014-06-12 00:03:01,12.0000
1402530669620000576,20000576,C,2014-06-11 23:51:09,2014-06-12 00:04:09,13.0000
1402530683620000621,20000621,A,2014-06-11 23:51:23,2014-06-12 00:00:23,9.0000
1402530752620000598,20000598,C,2014-06-11 23:52:32,2014-06-12 00:07:32,15.0000
1402530768620000224,20000224,C,2014-06-11 23:52:48,2014-06-12 00:03:33,10.7500
1402530883620000252,20000252,C,2014-06-11 23:54:43,2014-06-12 00:03:28,8.7500
1402530902620000633,20000633,B,2014-06-11 23:55:02,2014-06-12 00:06:47,11.7500
1402530912620000337,20000337,C,2014-06-11 23:55:12,2014-06-12 00:02:57,7.7500
1402530993620000529,20000529,C,2014-06-11 23:56:33,2014-06-12 00:00:33,4.0000
1402531026620000465,20000465,A,2014-06-11 23:57:06,2014-06-12 00:00:51,3.7500
1402531041620000476,20000476,B,2014-06-11 23:57:21,2014-06-12 00:01:36,4.2500
1402531074620000473,20000473,B,2014-06-11 23:57:54,2014-06-12 00:10:39,12.7500
1402531122620000060,20000060,A,2014-06-11 23:58:42,2014-06-12 00:07:27,8.7500
1402616614620000311,20000311,B,2014-06-12 23:43:34,2014-06-13 00:08:19,24.7500
1402616872620000603,20000603,A,2014-06-12 23:47:52,2014-06-13 00:02:07,14.2500
1402616878620000376,20000376,A,2014-06-12 23:47:58,2014-06-13 00:07:13,19.2500
1402617031620000529,20000529,C,2014-06-12 23:50:31,2014-06-13 00:00:16,9.7500
1402617214620000589,20000589,C,2014-06-12 23:53:34,2014-06-13 00:01:04,7.5000
1402617252620000060,20000060,C,2014-06-12 23:54:12,2014-06-13 00:07:12,13.0000
1402617258620000616,20000616,C,2014-06-12 23:54:18,2014-06-13 00:01:33,7.2500
1402617349620000031,20000031,B,2014-06-12 23:55:49,2014-06-13 00:03:19,7.5000
1402617361620000030,20000030,B,2014-06-12 23:56:01,2014-06-13 00:08:46,12.7500
1402617393620000662,20000662,B,2014-06-12 23:56:33,2014-06-13 00:05:18,8.7500
1402617428620000337,20000337,C,2014-06-12 23:57:08,2014-06-13 00:03:08,6.0000
1402617439620000591,20000591,B,2014-06-12 23:57:19,2014-06-13 00:07:49,10.5000
1402617467620000612,20000612,C,2014-06-12 23:57:47,2014-06-13 00:14:02,16.2500
1402617473620000548,20000548,B,2014-06-12 23:57:53,2014-06-13 00:02:23,4.5000
1402617507620000012,20000012,A,2014-06-12 23:58:27,2014-06-13 00:03:42,5.2500
1402617536620000436,20000436,B,2014-06-12 23:58:56,2014-06-13 00:04:41,5.7500
1402617542620000483,20000483,C,2014-06-12 23:59:02,2014-06-13 00:05:17,6.2500
1402617550620000320,20000320,C,2014-06-12 23:59:10,2014-06-13 00:05:10,6.0000
1402617598620000370,20000370,B,2014-06-12 23:59:58,2014-06-13 00:07:58,8.0000
1402702062620000520,20000520,C,2014-06-13 23:27:42,2014-06-14 00:04:27,36.7500
1402702065620000611,20000611,A,2014-06-13 23:27:45,2014-06-14 00:11:00,43.2500
1402702420620000648,20000648,C,2014-06-13 23:33:40,2014-06-14 00:01:25,27.7500
1402702838620000020,20000020,C,2014-06-13 23:40:38,2014-06-14 00:02:08,21.5000
1402702864620000626,20000626,C,2014-06-13 23:41:04,2014-06-14 00:02:49,21.7500
1402703063620000251,20000251,A,2014-06-13 23:44:23,2014-06-14 00:00:08,15.7500
1402703302620000542,20000542,C,2014-06-13 23:48:22,2014-06-14 00:03:22,15.0000
1402703331620000345,20000345,B,2014-06-13 23:48:51,2014-06-14 00:02:51,14.0000
1402703379620000351,20000351,C,2014-06-13 23:49:39,2014-06-14 00:03:24,13.7500
1402703422620000456,20000456,B,2014-06-13 23:50:22,2014-06-14 00:00:52,10.5000
1402703442620000129,20000129,B,2014-06-13 23:50:42,2014-06-14 00:01:57,11.2500
1402703456620000495,20000495,C,2014-06-13 23:50:56,2014-06-14 00:09:26,18.5000
1402703492620000002,20000002,A,2014-06-13 23:51:32,2014-06-14 00:01:17,9.7500
1402703499620000616,20000616,B,2014-06-13 23:51:39,2014-06-14 00:10:09,18.5000
1402703508620000243,20000243,A,2014-06-13 23:51:48,2014-06-14 00:12:48,21.0000
1402703542620000263,20000263,C,2014-06-13 23:52:22,2014-06-14 00:05:37,13.2500
1402703557620000657,20000657,A,2014-06-13 23:52:37,2014-06-14 00:09:52,17.2500
1402703592620000269,20000269,B,2014-06-13 23:53:12,2014-06-14 00:10:12,17.0000
1402703667620000051,20000051,B,2014-06-13 23:54:27,2014-06-14 00:06:57,12.5000
1402703672620000288,20000288,B,2014-06-13 23:54:32,2014-06-14 00:02:32,8.0000
1402703686620000041,20000041,B,2014-06-13 23:54:46,2014-06-14 00:01:46,7.0000
1402703707620000252,20000252,A,2014-06-13 23:55:07,2014-06-14 00:09:22,14.2500
1402703738620000455,20000455,C,2014-06-13 23:55:38,2014-06-14 00:15:38,20.0000
1402703741620000389,20000389,A,2014-06-13 23:55:41,2014-06-14 00:02:26,6.7500
1402703751620000688,20000688,C,2014-06-13 23:55:51,2014-06-14 00:02:51,7.0000
1402703762620000196,20000196,B,2014-06-13 23:56:02,2014-06-14 00:10:02,14.0000
1402703766620000362,20000362,B,2014-06-13 23:56:06,2014-06-14 00:06:36,10.5000
1402703773620000006,20000006,B,2014-06-13 23:56:13,2014-06-14 00:03:58,7.7500
1402703774620000195,20000195,C,2014-06-13 23:56:14,2014-06-14 00:02:14,6.0000
1402703784620000311,20000311,A,2014-06-13 23:56:24,2014-06-14 00:26:24,30.0000
1402703790620000436,20000436,B,2014-06-13 23:56:30,2014-06-14 00:06:00,9.5000
1402703790620000632,20000632,B,2014-06-13 23:56:30,2014-06-14 00:02:15,5.7500
1402703810620000598,20000598,C,2014-06-13 23:56:50,2014-06-14 00:04:05,7.2500
1402703813620000332,20000332,B,2014-06-13 23:56:53,2014-06-14 00:02:53,6.0000
1402703841620000503,20000503,C,2014-06-13 23:57:21,2014-06-14 00:00:21,3.0000
1402703879620000255,20000255,B,2014-06-13 23:57:59,2014-06-14 00:03:29,5.5000
1402703881620000651,20000651,C,2014-06-13 23:58:01,2014-06-14 00:02:16,4.2500
1402703884620000005,20000005,B,2014-06-13 23:58:04,2014-06-14 00:10:49,12.7500
1402703896620000022,20000022,B,2014-06-13 23:58:16,2014-06-14 00:06:01,7.7500
1402703906620000903,20000903,B,2014-06-13 23:58:26,2014-06-14 00:07:26,9.0000
1402703907620000601,20000601,B,2014-06-13 23:58:27,2014-06-14 00:02:57,4.5000
1402703915620000328,20000328,B,2014-06-13 23:58:35,2014-06-14 00:07:50,9.2500
1402703964620000561,20000561,C,2014-06-13 23:59:24,2014-06-14 00:14:39,15.2500
1402788675620000617,20000617,B,2014-06-14 23:31:15,2014-06-15 00:00:30,29.2500
1402788946620000325,20000325,A,2014-06-14 23:35:46,2014-06-15 00:01:16,25.5000
1402789254620000120,20000120,A,2014-06-14 23:40:54,2014-06-15 00:02:54,22.0000
1402789447620000324,20000324,C,2014-06-14 23:44:07,2014-06-15 00:08:07,24.0000
1402789501620000904,20000904,B,2014-06-14 23:45:01,2014-06-15 00:03:46,18.7500
1402789758620000031,20000031,B,2014-06-14 23:49:18,2014-06-15 00:01:03,11.7500
1402789776620000424,20000424,A,2014-06-14 23:49:36,2014-06-15 00:00:51,11.2500
1402789800620000337,20000337,C,2014-06-14 23:50:00,2014-06-15 00:09:30,19.5000
1402789811620000381,20000381,B,2014-06-14 23:50:11,2014-06-15 00:05:26,15.2500
1402789878620000305,20000305,B,2014-06-14 23:51:18,2014-06-15 00:03:48,12.5000
1402789932620000476,20000476,A,2014-06-14 23:52:12,2014-06-15 00:00:12,8.0000
1402789933620000902,20000902,A,2014-06-14 23:52:13,2014-06-15 00:02:43,10.5000
1402789947620000684,20000684,B,2014-06-14 23:52:27,2014-06-15 00:02:42,10.2500
1402789954620000665,20000665,C,2014-06-14 23:52:34,2014-06-15 00:09:49,17.2500
1402789977620000387,20000387,A,2014-06-14 23:52:57,2014-06-15 00:13:12,20.2500
1402789979620000012,20000012,C,2014-06-14 23:52:59,2014-06-15 00:13:44,20.7500
1402790012620000423,20000423,B,2014-06-14 23:53:32,2014-06-15 00:13:02,19.5000
1402790045620000076,20000076,C,2014-06-14 23:54:05,2014-06-15 00:06:05,12.0000
1402790047620000529,20000529,C,2014-06-14 23:54:07,2014-06-15 00:08:52,14.7500
1402790048620000215,20000215,C,2014-06-14 23:54:08,2014-06-15 00:19:23,25.2500
1402790189620000456,20000456,C,2014-06-14 23:56:29,2014-06-15 00:04:29,8.0000
1402790202620000520,20000520,C,2014-06-14 23:56:42,2014-06-15 00:02:42,6.0000
1402790213620000436,20000436,C,2014-06-14 23:56:53,2014-06-15 00:17:08,20.2500
1402790223620000332,20000332,C,2014-06-14 23:57:03,2014-06-15 00:15:33,18.5000
1402790229620000297,20000297,B,2014-06-14 23:57:09,2014-06-15 00:08:09,11.0000
1402790229620000509,20000509,B,2014-06-14 23:57:09,2014-06-15 00:03:39,6.5000
1402790230620000195,20000195,C,2014-06-14 23:57:10,2014-06-15 00:03:40,6.5000
1402790239620000360,20000360,B,2014-06-14 23:57:19,2014-06-15 00:04:49,7.5000
1402790254620000267,20000267,A,2014-06-14 23:57:34,2014-06-15 00:13:04,15.5000
1402790258620000010,20000010,B,2014-06-14 23:57:38,2014-06-15 00:06:53,9.2500
1402790262620000009,20000009,A,2014-06-14 23:57:42,2014-06-15 00:17:57,20.2500
1402790268620000671,20000671,C,2014-06-14 23:57:48,2014-06-15 00:05:03,7.2500
1402790269620000092,20000092,B,2014-06-14 23:57:49,2014-06-15 00:05:19,7.5000
1402790276620000554,20000554,C,2014-06-14 23:57:56,2014-06-15 00:01:41,3.7500
1402790313620000376,20000376,B,2014-06-14 23:58:33,2014-06-15 00:12:03,13.5000
1402790329620000651,20000651,C,2014-06-14 23:58:49,2014-06-15 00:17:34,18.7500
1402790333620000260,20000260,A,2014-06-14 23:58:53,2014-06-15 00:17:23,18.5000
1402790378620000242,20000242,B,2014-06-14 23:59:38,2014-06-15 00:06:23,6.7500
1402790381620000482,20000482,A,2014-06-14 23:59:41,2014-06-15 00:14:41,15.0000
1402790389620000492,20000492,A,2014-06-14 23:59:49,2014-06-15 00:07:49,8.0000
1402875127620000307,20000307,C,2014-06-15 23:32:07,2014-06-16 00:03:37,31.5000
1402875778620000529,20000529,C,2014-06-15 23:42:58,2014-06-16 00:14:13,31.2500
1402875959620000632,20000632,C,2014-06-15 23:45:59,2014-06-16 00:00:29,14.5000
1402876156620000648,20000648,C,2014-06-15 23:49:16,2014-06-16 00:14:16,25.0000
1402876382620000687,20000687,C,2014-06-15 23:53:02,2014-06-16 00:02:47,9.7500
1402876459620000076,20000076,A,2014-06-15 23:54:19,2014-06-16 00:05:19,11.0000
1402876477620000589,20000589,B,2014-06-15 23:54:37,2014-06-16 00:00:07,5.5000
1402876533620000239,20000239,C,2014-06-15 23:55:33,2014-06-16 00:01:03,5.5000
1402876592620000403,20000403,B,2014-06-15 23:56:32,2014-06-16 00:03:32,7.0000
1402876676620000288,20000288,C,2014-06-15 23:57:56,2014-06-16 00:17:11,19.2500
1402876678620000577,20000577,B,2014-06-15 23:57:58,2014-06-16 00:11:13,13.2500
1402876720620000167,20000167,C,2014-06-15 23:58:40,2014-06-16 00:00:10,1.5000
1402876722620000359,20000359,B,2014-06-15 23:58:42,2014-06-16 00:01:27,2.7500
1402876740620000595,20000595,C,2014-06-15 23:59:00,2014-06-16 00:02:00,3.0000
1402876772620000140,20000140,B,2014-06-15 23:59:32,2014-06-16 00:07:32,8.0000
1402959024620000446,20000446,B,2014-06-16 22:50:24,2014-06-17 00:38:09,107.7500
1402959568620000540,20000540,C,2014-06-16 22:59:28,2014-06-17 00:56:43,117.2500
1402961534620000548,20000548,B,2014-06-16 23:32:14,2014-06-17 00:03:29,31.2500
1402962558620000297,20000297,B,2014-06-16 23:49:18,2014-06-17 00:10:18,21.0000
1402962659620000499,20000499,C,2014-06-16 23:50:59,2014-06-17 00:15:29,24.5000
1402962708620000014,20000014,C,2014-06-16 23:51:48,2014-06-17 00:00:03,8.2500
1402962837620000101,20000101,C,2014-06-16 23:53:57,2014-06-17 00:25:27,31.5000
1402962861620000546,20000546,C,2014-06-16 23:54:21,2014-06-17 00:00:36,6.2500
1402962901620000670,20000670,C,2014-06-16 23:55:01,2014-06-17 00:02:31,7.5000
1402962997620000337,20000337,B,2014-06-16 23:56:37,2014-06-17 00:03:07,6.5000
1402963044620000651,20000651,B,2014-06-16 23:57:24,2014-06-17 00:09:39,12.2500
1402963076620000351,20000351,B,2014-06-16 23:57:56,2014-06-17 00:01:56,4.0000
1402963084620000616,20000616,B,2014-06-16 23:58:04,2014-06-17 00:04:04,6.0000
1402963126620000179,20000179,C,2014-06-16 23:58:46,2014-06-17 00:04:46,6.0000
1403046880620000307,20000307,B,2014-06-17 23:14:40,2014-06-18 00:07:10,52.5000
1403047197620000403,20000403,C,2014-06-17 23:19:57,2014-06-18 00:21:27,61.5000
1403048372620000359,20000359,C,2014-06-17 23:39:32,2014-06-18 00:00:32,21.0000
1403048858620000488,20000488,A,2014-06-17 23:47:38,2014-06-18 00:02:08,14.5000
1403048930620000473,20000473,C,2014-06-17 23:48:50,2014-06-18 00:00:50,12.0000
1403049002620000670,20000670,C,2014-06-17 23:50:02,2014-06-18 00:11:32,21.5000
1403049117620000649,20000649,A,2014-06-17 23:51:57,2014-06-18 00:04:57,13.0000
1403049142620000311,20000311,B,2014-06-17 23:52:22,2014-06-18 00:04:52,12.5000
1403049152620000360,20000360,B,2014-06-17 23:52:32,2014-06-18 00:41:02,48.5000
1403049302620000304,20000304,C,2014-06-17 23:55:02,2014-06-18 00:03:02,8.0000
1403049335620000108,20000108,A,2014-06-17 23:55:35,2014-06-18 00:22:20,26.7500
1403049348620000671,20000671,B,2014-06-17 23:55:48,2014-06-18 00:01:48,6.0000
1403049402620000338,20000338,B,2014-06-17 23:56:42,2014-06-18 00:02:42,6.0000
1403049457620000902,20000902,A,2014-06-17 23:57:37,2014-06-18 00:05:07,7.5000
1403049534620000114,20000114,A,2014-06-17 23:58:54,2014-06-18 00:04:09,5.2500
1403049587620000454,20000454,B,2014-06-17 23:59:47,2014-06-18 00:08:02,8.2500
1403135018620000518,20000518,B,2014-06-18 23:43:38,2014-06-19 00:01:53,18.2500
1403135137620000670,20000670,C,2014-06-18 23:45:37,2014-06-19 00:02:52,17.2500
1403135219620000657,20000657,C,2014-06-18 23:46:59,2014-06-19 00:04:44,17.7500
1403135370620000483,20000483,C,2014-06-18 23:49:30,2014-06-19 00:01:45,12.2500
1403135383620000269,20000269,A,2014-06-18 23:49:43,2014-06-19 00:00:58,11.2500
1403135436620000616,20000616,C,2014-06-18 23:50:36,2014-06-19 00:01:36,11.0000
1403135471620000022,20000022,C,2014-06-18 23:51:11,2014-06-19 00:01:41,10.5000
1403135517620000216,20000216,A,2014-06-18 23:51:57,2014-06-19 00:02:42,10.7500
1403135618620000621,20000621,B,2014-06-18 23:53:38,2014-06-19 00:16:38,23.0000
1403135657620000688,20000688,B,2014-06-18 23:54:17,2014-06-19 00:01:47,7.5000
1403135678620000195,20000195,A,2014-06-18 23:54:38,2014-06-19 00:05:53,11.2500
1403135704620000015,20000015,B,2014-06-18 23:55:04,2014-06-19 00:04:19,9.2500
1403135740620000626,20000626,A,2014-06-18 23:55:40,2014-06-19 00:03:40,8.0000
1403135754620000672,20000672,B,2014-06-18 23:55:54,2014-06-19 00:01:24,5.5000
1403135825620000006,20000006,B,2014-06-18 23:57:05,2014-06-19 00:07:20,10.2500
1403135862620000333,20000333,B,2014-06-18 23:57:42,2014-06-19 00:02:27,4.7500
1403135889620000007,20000007,B,2014-06-18 23:58:09,2014-06-19 00:01:39,3.5000
1403135967620000546,20000546,B,2014-06-18 23:59:27,2014-06-19 00:04:57,5.5000
1403135978620000434,20000434,B,2014-06-18 23:59:38,2014-06-19 00:20:38,21.0000
1403220782620000003,20000003,C,2014-06-19 23:33:02,2014-06-20 00:05:47,32.7500
1403221616620000430,20000430,B,2014-06-19 23:46:56,2014-06-20 00:03:26,16.5000
1403221744620000101,20000101,A,2014-06-19 23:49:04,2014-06-20 00:08:19,19.2500
1403221760620000446,20000446,B,2014-06-19 23:49:20,2014-06-20 00:06:20,17.0000
1403221774620000154,20000154,B,2014-06-19 23:49:34,2014-06-20 00:00:19,10.7500
1403221777620000114,20000114,A,2014-06-19 23:49:37,2014-06-20 00:00:22,10.7500
1403221830620000529,20000529,C,2014-06-19 23:50:30,2014-06-20 00:00:45,10.2500
1403221877620000231,20000231,B,2014-06-19 23:51:17,2014-06-20 00:04:32,13.2500
1403221910620000611,20000611,C,2014-06-19 23:51:50,2014-06-20 00:01:20,9.5000
1403221915620000333,20000333,B,2014-06-19 23:51:55,2014-06-20 00:06:25,14.5000
1403221925620000356,20000356,C,2014-06-19 23:52:05,2014-06-20 00:25:35,33.5000
1403221989620000902,20000902,B,2014-06-19 23:53:09,2014-06-20 00:03:09,10.0000
1403222023620000546,20000546,C,2014-06-19 23:53:43,2014-06-20 00:07:13,13.5000
1403222070620000662,20000662,B,2014-06-19 23:54:30,2014-06-20 00:13:00,18.5000
1403222103620000670,20000670,C,2014-06-19 23:55:03,2014-06-20 00:05:48,10.7500
1403222111620000423,20000423,B,2014-06-19 23:55:11,2014-06-20 00:04:26,9.2500
1403222148620000657,20000657,C,2014-06-19 23:55:48,2014-06-20 00:09:03,13.2500
1403222168620000520,20000520,C,2014-06-19 23:56:08,2014-06-20 00:03:23,7.2500
1403222177620000903,20000903,A,2014-06-19 23:56:17,2014-06-20 00:02:32,6.2500
1403222348620000076,20000076,C,2014-06-19 23:59:08,2014-06-20 00:09:08,10.0000
1403222364620000434,20000434,B,2014-06-19 23:59:24,2014-06-20 00:09:54,10.5000
1403222376620000192,20000192,B,2014-06-19 23:59:36,2014-06-20 00:08:36,9.0000
1403222387620000089,20000089,C,2014-06-19 23:59:47,2014-06-20 00:03:32,3.7500
1403300262620000009,20000009,B,2014-06-20 21:37:42,2014-06-21 00:02:57,145.2500
1403307321620000337,20000337,C,2014-06-20 23:35:21,2014-06-21 00:02:51,27.5000
1403307775620000356,20000356,C,2014-06-20 23:42:55,2014-06-21 00:01:40,18.7500
1403308087620000625,20000625,B,2014-06-20 23:48:07,2014-06-21 00:04:37,16.5000
1403308139620000570,20000570,A,2014-06-20 23:48:59,2014-06-21 00:02:29,13.5000
1403308153620000192,20000192,B,2014-06-20 23:49:13,2014-06-21 00:01:13,12.0000
1403308169620000434,20000434,B,2014-06-20 23:49:29,2014-06-21 00:05:59,16.5000
1403308238620000671,20000671,C,2014-06-20 23:50:38,2014-06-21 00:04:08,13.5000
1403308248620000252,20000252,B,2014-06-20 23:50:48,2014-06-21 00:00:03,9.2500
1403308272620000649,20000649,A,2014-06-20 23:51:12,2014-06-21 00:06:57,15.7500
1403308277620000687,20000687,A,2014-06-20 23:51:17,2014-06-21 00:07:32,16.2500
1403308291620000506,20000506,C,2014-06-20 23:51:31,2014-06-21 00:07:46,16.2500
1403308299620000359,20000359,B,2014-06-20 23:51:39,2014-06-21 00:02:54,11.2500
1403308312620000672,20000672,B,2014-06-20 23:51:52,2014-06-21 00:06:07,14.2500
1403308313620000509,20000509,B,2014-06-20 23:51:53,2014-06-21 00:00:08,8.2500
1403308353620000577,20000577,B,2014-06-20 23:52:33,2014-06-21 00:07:33,15.0000
1403308355620000658,20000658,B,2014-06-20 23:52:35,2014-06-21 00:27:05,34.5000
1403308386620000332,20000332,C,2014-06-20 23:53:06,2014-06-21 00:08:06,15.0000
1403308396620000430,20000430,A,2014-06-20 23:53:16,2014-06-21 00:07:01,13.7500
1403308412620000398,20000398,A,2014-06-20 23:53:32,2014-06-21 00:00:47,7.2500
1403308428620000527,20000527,A,2014-06-20 23:53:48,2014-06-21 00:00:03,6.2500
1403308478620000324,20000324,C,2014-06-20 23:54:38,2014-06-21 00:07:38,13.0000
1403308485620000388,20000388,B,2014-06-20 23:54:45,2014-06-21 00:06:00,11.2500
1403308498620000670,20000670,C,2014-06-20 23:54:58,2014-06-21 00:01:58,7.0000
1403308501620000116,20000116,B,2014-06-20 23:55:01,2014-06-21 00:01:46,6.7500
1403308546620000089,20000089,B,2014-06-20 23:55:46,2014-06-21 00:06:16,10.5000
1403308562620000041,20000041,B,2014-06-20 23:56:02,2014-06-21 00:05:17,9.2500
1403308577620000101,20000101,B,2014-06-20 23:56:17,2014-06-21 00:07:47,11.5000
1403308595620000129,20000129,C,2014-06-20 23:56:35,2014-06-21 00:10:50,14.2500
1403308626620000665,20000665,C,2014-06-20 23:57:06,2014-06-21 00:10:36,13.5000
1403308652620000092,20000092,A,2014-06-20 23:57:32,2014-06-21 00:02:17,4.7500
1403308652620000196,20000196,B,2014-06-20 23:57:32,2014-06-21 00:04:02,6.5000
1403308655620000576,20000576,C,2014-06-20 23:57:35,2014-06-21 00:10:05,12.5000
1403308671620000239,20000239,C,2014-06-20 23:57:51,2014-06-21 00:13:51,16.0000
1403308688620000440,20000440,B,2014-06-20 23:58:08,2014-06-21 00:02:53,4.7500
1403308714620000167,20000167,A,2014-06-20 23:58:34,2014-06-21 00:13:04,14.5000
1403308720620000621,20000621,B,2014-06-20 23:58:40,2014-06-21 00:05:10,6.5000
1403308770620000597,20000597,A,2014-06-20 23:59:30,2014-06-21 00:13:00,13.5000
1403308772620000529,20000529,C,2014-06-20 23:59:32,2014-06-21 00:11:32,12.0000
1403308776620000497,20000497,B,2014-06-20 23:59:36,2014-06-21 00:10:06,10.5000
1403308784620000308,20000308,B,2014-06-20 23:59:44,2014-06-21 00:14:59,15.2500
1403308799620000548,20000548,C,2014-06-20 23:59:59,2014-06-21 00:08:14,8.2500
1403393457620000121,20000121,B,2014-06-21 23:30:57,2014-06-22 00:08:27,37.5000
1403394196620000129,20000129,C,2014-06-21 23:43:16,2014-06-22 00:15:01,31.7500
1403394389620000173,20000173,B,2014-06-21 23:46:29,2014-06-22 00:04:29,18.0000
1403394396620000376,20000376,C,2014-06-21 23:46:36,2014-06-22 00:04:51,18.2500
1403394459620000577,20000577,B,2014-06-21 23:47:39,2014-06-22 00:04:09,16.5000
1403394481620000453,20000453,C,2014-06-21 23:48:01,2014-06-22 00:18:16,30.2500
1403394538620000307,20000307,B,2014-06-21 23:48:58,2014-06-22 00:01:28,12.5000
1403394588620000446,20000446,B,2014-06-21 23:49:48,2014-06-22 00:10:48,21.0000
1403394602620000320,20000320,A,2014-06-21 23:50:02,2014-06-22 00:04:47,14.7500
1403394623620000421,20000421,B,2014-06-21 23:50:23,2014-06-22 00:00:38,10.2500
1403394644620000384,20000384,B,2014-06-21 23:50:44,2014-06-22 00:00:14,9.5000
1403394698620000525,20000525,C,2014-06-21 23:51:38,2014-06-22 00:03:38,12.0000
1403394710620000370,20000370,B,2014-06-21 23:51:50,2014-06-22 00:05:05,13.2500
1403394715620000341,20000341,B,2014-06-21 23:51:55,2014-06-22 00:03:10,11.2500
1403394720620000142,20000142,C,2014-06-21 23:52:00,2014-06-22 00:00:00,8.0000
1403394754620000356,20000356,C,2014-06-21 23:52:34,2014-06-22 00:05:34,13.0000
1403394758620000542,20000542,B,2014-06-21 23:52:38,2014-06-22 00:00:08,7.5000
1403394771620000108,20000108,C,2014-06-21 23:52:51,2014-06-22 00:01:21,8.5000
1403394773620000239,20000239,B,2014-06-21 23:52:53,2014-06-22 00:04:38,11.7500
1403394786620000430,20000430,B,2014-06-21 23:53:06,2014-06-22 00:05:21,12.2500
1403394788620000252,20000252,C,2014-06-21 23:53:08,2014-06-22 00:15:08,22.0000
1403394800620000571,20000571,A,2014-06-21 23:53:20,2014-06-22 00:09:35,16.2500
1403394829620000004,20000004,B,2014-06-21 23:53:49,2014-06-22 00:06:04,12.2500
1403394843620000467,20000467,C,2014-06-21 23:54:03,2014-06-22 00:12:18,18.2500
1403394844620000658,20000658,C,2014-06-21 23:54:04,2014-06-22 00:07:19,13.2500
1403394873620000698,20000698,C,2014-06-21 23:54:33,2014-06-22 00:09:33,15.0000
1403394889620000597,20000597,C,2014-06-21 23:54:49,2014-06-22 00:04:04,9.2500
1403394905620000119,20000119,B,2014-06-21 23:55:05,2014-06-22 00:04:05,9.0000
1403394967620000423,20000423,B,2014-06-21 23:56:07,2014-06-22 00:02:22,6.2500
1403394972620000372,20000372,B,2014-06-21 23:56:12,2014-06-22 00:04:12,8.0000
1403395006620000089,20000089,B,2014-06-21 23:56:46,2014-06-22 00:07:01,10.2500
1403395025620000499,20000499,A,2014-06-21 23:57:05,2014-06-22 00:12:35,15.5000
1403395047620000364,20000364,C,2014-06-21 23:57:27,2014-06-22 00:02:12,4.7500
1403395053620000233,20000233,C,2014-06-21 23:57:33,2014-06-22 00:06:03,8.5000
1403395060620000268,20000268,B,2014-06-21 23:57:40,2014-06-22 00:16:40,19.0000
1403395074620000434,20000434,B,2014-06-21 23:57:54,2014-06-22 00:15:54,18.0000
1403395102620000140,20000140,B,2014-06-21 23:58:22,2014-06-22 00:06:37,8.2500
1403395130620000432,20000432,A,2014-06-21 23:58:50,2014-06-22 00:07:35,8.7500
1403395135620000904,20000904,B,2014-06-21 23:58:55,2014-06-22 00:22:10,23.2500
1403395170620000308,20000308,C,2014-06-21 23:59:30,2014-06-22 00:06:30,7.0000
1403480490620000005,20000005,A,2014-06-22 23:41:30,2014-06-23 00:00:15,18.7500
1403481063620000140,20000140,B,2014-06-22 23:51:03,2014-06-23 00:02:48,11.7500
1403481114620000089,20000089,C,2014-06-22 23:51:54,2014-06-23 00:00:54,9.0000
1403481232620000171,20000171,B,2014-06-22 23:53:52,2014-06-23 00:00:07,6.2500
1403481291620000678,20000678,B,2014-06-22 23:54:51,2014-06-23 00:08:51,14.0000
1403481302620000600,20000600,B,2014-06-22 23:55:02,2014-06-23 00:01:02,6.0000
1403481334620000520,20000520,B,2014-06-22 23:55:34,2014-06-23 00:04:34,9.0000
1403481395620000011,20000011,B,2014-06-22 23:56:35,2014-06-23 00:03:05,6.5000
1403481404620000023,20000023,B,2014-06-22 23:56:44,2014-06-23 00:02:44,6.0000
1403481460620000529,20000529,C,2014-06-22 23:57:40,2014-06-23 00:13:40,16.0000
1403481508620000499,20000499,B,2014-06-22 23:58:28,2014-06-23 00:09:28,11.0000
1403481518620000648,20000648,C,2014-06-22 23:58:38,2014-06-23 00:05:53,7.2500
1403481537620000231,20000231,B,2014-06-22 23:58:57,2014-06-23 00:11:57,13.0000
1403481558620000463,20000463,C,2014-06-22 23:59:18,2014-06-23 00:14:48,15.5000
1403481564620000309,20000309,B,2014-06-22 23:59:24,2014-06-23 00:06:24,7.0000
1403481594620000003,20000003,C,2014-06-22 23:59:54,2014-06-23 00:09:54,10.0000
1403566038620000436,20000436,B,2014-06-23 23:27:18,2014-06-24 00:28:18,61.0000
1403566265620000670,20000670,B,2014-06-23 23:31:05,2014-06-24 00:00:35,29.5000
1403566769620000361,20000361,C,2014-06-23 23:39:29,2014-06-24 00:05:44,26.2500
1403566973620000184,20000184,C,2014-06-23 23:42:53,2014-06-24 00:06:08,23.2500
1403567031620000007,20000007,C,2014-06-23 23:43:51,2014-06-24 00:04:51,21.0000
1403567033620000381,20000381,B,2014-06-23 23:43:53,2014-06-24 00:03:23,19.5000
1403567056620000360,20000360,B,2014-06-23 23:44:16,2014-06-24 00:04:01,19.7500
1403567127620000454,20000454,B,2014-06-23 23:45:27,2014-06-24 00:00:27,15.0000
1403567168620000576,20000576,A,2014-06-23 23:46:08,2014-06-24 00:11:08,25.0000
1403567176620000166,20000166,C,2014-06-23 23:46:16,2014-06-24 00:05:46,19.5000
1403567302620000480,20000480,A,2014-06-23 23:48:22,2014-06-24 00:17:52,29.5000
1403567303620000409,20000409,C,2014-06-23 23:48:23,2014-06-24 00:00:38,12.2500
1403567320620000421,20000421,B,2014-06-23 23:48:40,2014-06-24 00:01:25,12.7500
1403567361620000384,20000384,B,2014-06-23 23:49:21,2014-06-24 00:13:51,24.5000
1403567401620000051,20000051,A,2014-06-23 23:50:01,2014-06-24 00:01:01,11.0000
1403567407620000129,20000129,B,2014-06-23 23:50:07,2014-06-24 00:03:52,13.7500
1403567422620000403,20000403,C,2014-06-23 23:50:22,2014-06-24 01:32:22,102.0000
1403567448620000688,20000688,C,2014-06-23 23:50:48,2014-06-24 00:03:18,12.5000
1403567460620000426,20000426,B,2014-06-23 23:51:00,2014-06-24 00:04:45,13.7500
1403567542620000506,20000506,A,2014-06-23 23:52:22,2014-06-24 00:21:22,29.0000
1403567549620000446,20000446,C,2014-06-23 23:52:29,2014-06-24 00:05:59,13.5000
1403567572620000153,20000153,C,2014-06-23 23:52:52,2014-06-24 00:00:22,7.5000
1403567576620000667,20000667,B,2014-06-23 23:52:56,2014-06-24 00:06:11,13.2500
1403567579620000388,20000388,B,2014-06-23 23:52:59,2014-06-24 00:17:14,24.2500
1403567615620000297,20000297,C,2014-06-23 23:53:35,2014-06-24 00:01:05,7.5000
1403567620620000020,20000020,C,2014-06-23 23:53:40,2014-06-24 00:14:25,20.7500
1403567621620000108,20000108,C,2014-06-23 23:53:41,2014-06-24 00:06:11,12.5000
1403567627620000105,20000105,C,2014-06-23 23:53:47,2014-06-24 00:06:32,12.7500
1403567651620000254,20000254,B,2014-06-23 23:54:11,2014-06-24 00:07:41,13.5000
1403567653620000260,20000260,B,2014-06-23 23:54:13,2014-06-24 00:03:28,9.2500
1403567659620000678,20000678,B,2014-06-23 23:54:19,2014-06-24 00:07:04,12.7500
1403567665620000617,20000617,C,2014-06-23 23:54:25,2014-06-24 00:17:25,23.0000
1403567685620000672,20000672,B,2014-06-23 23:54:45,2014-06-24 00:03:15,8.5000
1403567688620000600,20000600,C,2014-06-23 23:54:48,2014-06-24 00:05:18,10.5000
1403567689620000333,20000333,C,2014-06-23 23:54:49,2014-06-24 00:05:49,11.0000
1403567700620000589,20000589,C,2014-06-23 23:55:00,2014-06-24 00:03:15,8.2500
1403567700620000692,20000692,A,2014-06-23 23:55:00,2014-06-24 00:05:30,10.5000
1403567715620000074,20000074,C,2014-06-23 23:55:15,2014-06-24 00:06:15,11.0000
1403567724620000503,20000503,A,2014-06-23 23:55:24,2014-06-24 00:02:39,7.2500
1403567734620000450,20000450,A,2014-06-23 23:55:34,2014-06-24 00:04:19,8.7500
1403567736620000005,20000005,B,2014-06-23 23:55:36,2014-06-24 00:05:21,9.7500
1403567748620000657,20000657,C,2014-06-23 23:55:48,2014-06-24 00:14:48,19.0000
1403567762620000463,20000463,C,2014-06-23 23:56:02,2014-06-24 00:19:02,23.0000
1403567788620000046,20000046,C,2014-06-23 23:56:28,2014-06-24 00:07:28,11.0000
1403567804620000596,20000596,A,2014-06-23 23:56:44,2014-06-24 00:17:29,20.7500
1403567814620000013,20000013,A,2014-06-23 23:56:54,2014-06-24 00:10:39,13.7500
1403567816620000171,20000171,B,2014-06-23 23:56:56,2014-06-24 00:11:26,14.5000
1403567825620000304,20000304,C,2014-06-23 23:57:05,2014-06-24 00:03:20,6.2500
1403567830620000574,20000574,C,2014-06-23 23:57:10,2014-06-24 00:02:25,5.2500
1403567831620000423,20000423,C,2014-06-23 23:57:11,2014-06-24 00:08:41,11.5000
1403567840620000625,20000625,C,2014-06-23 23:57:20,2014-06-24 00:10:20,13.0000
1403567849620000548,20000548,B,2014-06-23 23:57:29,2014-06-24 00:13:14,15.7500
1403567850620000190,20000190,C,2014-06-23 23:57:30,2014-06-24 00:05:00,7.5000
1403567853620000154,20000154,B,2014-06-23 23:57:33,2014-06-24 00:06:03,8.5000
1403567853620000395,20000395,B,2014-06-23 23:57:33,2014-06-24 00:07:03,9.5000
1403567855620000362,20000362,B,2014-06-23 23:57:35,2014-06-24 00:06:05,8.5000
1403567863620000119,20000119,C,2014-06-23 23:57:43,2014-06-24 00:05:13,7.5000
1403567879620000904,20000904,C,2014-06-23 23:57:59,2014-06-24 00:04:44,6.7500
1403567880620000307,20000307,B,2014-06-23 23:58:00,2014-06-24 00:01:30,3.5000
1403567897620000023,20000023,C,2014-06-23 23:58:17,2014-06-24 00:16:47,18.5000
1403567907620000429,20000429,B,2014-06-23 23:58:27,2014-06-24 00:11:42,13.2500
1403567928620000684,20000684,B,2014-06-23 23:58:48,2014-06-24 00:03:03,4.2500
1403567931620000161,20000161,C,2014-06-23 23:58:51,2014-06-24 00:09:36,10.7500
1403567936620000140,20000140,A,2014-06-23 23:58:56,2014-06-24 00:54:41,55.7500
1403567938620000343,20000343,B,2014-06-23 23:58:58,2014-06-24 00:14:28,15.5000
1403567940620000345,20000345,C,2014-06-23 23:59:00,2014-06-24 00:51:00,52.0000
1403567944620000309,20000309,C,2014-06-23 23:59:04,2014-06-24 00:12:49,13.7500
1403567951620000157,20000157,B,2014-06-23 23:59:11,2014-06-24 00:05:11,6.0000
1403567952620000136,20000136,C,2014-06-23 23:59:12,2014-06-24 00:06:12,7.0000
1403567967620000618,20000618,B,2014-06-23 23:59:27,2014-06-24 00:18:27,19.0000
1403567979620000101,20000101,B,2014-06-23 23:59:39,2014-06-24 00:08:09,8.5000
1403567996620000263,20000263,C,2014-06-23 23:59:56,2014-06-24 01:07:11,67.2500
1403567997620000081,20000081,C,2014-06-23 23:59:57,2014-06-24 00:07:42,7.7500
1403652455620000670,20000670,C,2014-06-24 23:27:35,2014-06-25 00:50:05,82.5000
1403653047620000269,20000269,B,2014-06-24 23:37:27,2014-06-25 00:03:12,25.7500
1403653199620000542,20000542,B,2014-06-24 23:39:59,2014-06-25 00:05:59,26.0000
1403653362620000688,20000688,C,2014-06-24 23:42:42,2014-06-25 00:03:27,20.7500
1403653787620000649,20000649,A,2014-06-24 23:49:47,2014-06-25 00:02:02,12.2500
1403653795620000311,20000311,A,2014-06-24 23:49:55,2014-06-25 00:09:10,19.2500
1403653847620000359,20000359,C,2014-06-24 23:50:47,2014-06-25 00:27:47,37.0000
1403653902620000167,20000167,B,2014-06-24 23:51:42,2014-06-25 00:16:27,24.7500
1403654012620000058,20000058,B,2014-06-24 23:53:32,2014-06-25 00:00:02,6.5000
1403654026620000403,20000403,B,2014-06-24 23:53:46,2014-06-25 00:03:31,9.7500
1403654166620000231,20000231,C,2014-06-24 23:56:06,2014-06-25 00:04:21,8.2500
1403654246620000436,20000436,B,2014-06-24 23:57:26,2014-06-25 00:03:41,6.2500
1403654285620000324,20000324,C,2014-06-24 23:58:05,2014-06-25 00:09:50,11.7500
1403654287620000307,20000307,C,2014-06-24 23:58:07,2014-06-25 00:10:22,12.2500
1403738083620000403,20000403,C,2014-06-25 23:14:43,2014-06-26 01:20:43,126.0000
1403739896620000224,20000224,A,2014-06-25 23:44:56,2014-06-26 00:00:41,15.7500
1403740214620000309,20000309,B,2014-06-25 23:50:14,2014-06-26 00:07:59,17.7500
1403740302620000004,20000004,B,2014-06-25 23:51:42,2014-06-26 00:12:57,21.2500
1403740404620000570,20000570,B,2014-06-25 23:53:24,2014-06-26 00:04:09,10.7500
1403740413620000672,20000672,C,2014-06-25 23:53:33,2014-06-26 00:01:48,8.2500
1403740469620000089,20000089,B,2014-06-25 23:54:29,2014-06-26 00:04:44,10.2500
1403740471620000067,20000067,B,2014-06-25 23:54:31,2014-06-26 00:07:46,13.2500
1403740476620000450,20000450,B,2014-06-25 23:54:36,2014-06-26 00:07:36,13.0000
1403740482620000424,20000424,B,2014-06-25 23:54:42,2014-06-26 00:04:42,10.0000
1403740544620000338,20000338,B,2014-06-25 23:55:44,2014-06-26 00:03:59,8.2500
1403740594620000195,20000195,B,2014-06-25 23:56:34,2014-06-26 00:01:34,5.0000
1403740636620000688,20000688,C,2014-06-25 23:57:16,2014-06-26 00:18:46,21.5000
1403740691620000514,20000514,C,2014-06-25 23:58:11,2014-06-26 00:06:41,8.5000
1403740695620000601,20000601,C,2014-06-25 23:58:15,2014-06-26 00:02:15,4.0000
1403815462620000190,20000190,C,2014-06-26 20:44:22,2014-06-27 00:10:52,206.5000
1403822350620000403,20000403,C,2014-06-26 22:39:10,2014-06-27 00:54:55,135.7500
1403825333620000576,20000576,A,2014-06-26 23:28:53,2014-06-27 00:14:08,45.2500
1403825335620000483,20000483,C,2014-06-26 23:28:55,2014-06-27 01:58:40,149.7500
1403825403620000616,20000616,C,2014-06-26 23:30:03,2014-06-27 00:01:03,31.0000
1403826320620000157,20000157,A,2014-06-26 23:45:20,2014-06-27 00:01:05,15.7500
1403826481620000561,20000561,C,2014-06-26 23:48:01,2014-06-27 00:05:01,17.0000
1403826485620000548,20000548,C,2014-06-26 23:48:05,2014-06-27 00:00:35,12.5000
1403826503620000611,20000611,B,2014-06-26 23:48:23,2014-06-27 00:09:08,20.7500
1403826526620000381,20000381,C,2014-06-26 23:48:46,2014-06-27 00:08:46,20.0000
1403826603620000038,20000038,C,2014-06-26 23:50:03,2014-06-27 00:04:18,14.2500
1403826615620000167,20000167,A,2014-06-26 23:50:15,2014-06-27 00:01:45,11.5000
1403826712620000337,20000337,C,2014-06-26 23:51:52,2014-06-27 00:19:37,27.7500
1403826730620000514,20000514,B,2014-06-26 23:52:10,2014-06-27 00:00:10,8.0000
1403826746620000456,20000456,A,2014-06-26 23:52:26,2014-06-27 00:15:26,23.0000
1403826751620000011,20000011,C,2014-06-26 23:52:31,2014-06-27 00:49:01,56.5000
1403826755620000042,20000042,B,2014-06-26 23:52:35,2014-06-27 00:00:20,7.7500
1403826770620000591,20000591,A,2014-06-26 23:52:50,2014-06-27 00:04:05,11.2500
1403826792620000280,20000280,C,2014-06-26 23:53:12,2014-06-27 00:01:27,8.2500
1403826832620000663,20000663,B,2014-06-26 23:53:52,2014-06-27 00:02:37,8.7500
1403826888620000136,20000136,C,2014-06-26 23:54:48,2014-06-27 00:08:03,13.2500
1403826902620000239,20000239,B,2014-06-26 23:55:02,2014-06-27 00:05:32,10.5000
1403826922620000554,20000554,B,2014-06-26 23:55:22,2014-06-27 00:02:07,6.7500
1403826928620000688,20000688,C,2014-06-26 23:55:28,2014-06-27 00:06:13,10.7500
1403826953620000517,20000517,B,2014-06-26 23:55:53,2014-06-27 00:07:08,11.2500
1403826959620000570,20000570,C,2014-06-26 23:55:59,2014-06-27 00:11:44,15.7500
1403826980620000359,20000359,A,2014-06-26 23:56:20,2014-06-27 00:12:35,16.2500
1403826983620000233,20000233,B,2014-06-26 23:56:23,2014-06-27 00:15:23,19.0000
1403827048620000140,20000140,B,2014-06-26 23:57:28,2014-06-27 00:03:43,6.2500
1403827058620000066,20000066,A,2014-06-26 23:57:38,2014-06-27 00:08:53,11.2500
1403827071620000632,20000632,C,2014-06-26 23:57:51,2014-06-27 00:12:51,15.0000
1403827078620000108,20000108,C,2014-06-26 23:57:58,2014-06-27 00:01:43,3.7500
1403827097620000454,20000454,B,2014-06-26 23:58:17,2014-06-27 00:07:02,8.7500
1403827138620000651,20000651,B,2014-06-26 23:58:58,2014-06-27 00:08:28,9.5000
1403827147620000455,20000455,B,2014-06-26 23:59:07,2014-06-27 00:03:07,4.0000
1403912593620000506,20000506,C,2014-06-27 23:43:13,2014-06-28 00:26:28,43.2500
1403912672620000618,20000618,A,2014-06-27 23:44:32,2014-06-28 00:30:17,45.7500
1403912751620000668,20000668,A,2014-06-27 23:45:51,2014-06-28 00:46:21,60.5000
1403912792620000012,20000012,B,2014-06-27 23:46:32,2014-06-28 00:05:02,18.5000
1403912906620000561,20000561,C,2014-06-27 23:48:26,2014-06-28 00:01:56,13.5000
1403913031620000372,20000372,A,2014-06-27 23:50:31,2014-06-28 00:00:01,9.5000
1403913052620000546,20000546,C,2014-06-27 23:50:52,2014-06-28 00:00:22,9.5000
1403913059620000904,20000904,B,2014-06-27 23:50:59,2014-06-28 00:00:14,9.2500
1403913092620000242,20000242,B,2014-06-27 23:51:32,2014-06-28 00:02:32,11.0000
1403913096620000431,20000431,C,2014-06-27 23:51:36,2014-06-28 00:00:21,8.7500
1403913153620000576,20000576,B,2014-06-27 23:52:33,2014-06-28 00:00:03,7.5000
1403913192620000239,20000239,A,2014-06-27 23:53:12,2014-06-28 00:15:27,22.2500
1403913224620000649,20000649,A,2014-06-27 23:53:44,2014-06-28 00:00:59,7.2500
1403913261620000435,20000435,B,2014-06-27 23:54:21,2014-06-28 00:07:21,13.0000
1403913276620000663,20000663,A,2014-06-27 23:54:36,2014-06-28 00:20:21,25.7500
1403913279620000324,20000324,C,2014-06-27 23:54:39,2014-06-28 00:18:24,23.7500
1403913285620000657,20000657,C,2014-06-27 23:54:45,2014-06-28 00:10:30,15.7500
1403913287620000456,20000456,C,2014-06-27 23:54:47,2014-06-28 00:13:02,18.2500
1403913310620000129,20000129,B,2014-06-27 23:55:10,2014-06-28 00:03:40,8.5000
1403913318620000419,20000419,C,2014-06-27 23:55:18,2014-06-28 00:02:33,7.2500
1403913346620000260,20000260,B,2014-06-27 23:55:46,2014-06-28 00:07:16,11.5000
1403913362620000488,20000488,B,2014-06-27 23:56:02,2014-06-28 00:02:47,6.7500
1403913367620000381,20000381,C,2014-06-27 23:56:07,2014-06-28 00:06:37,10.5000
1403913382620000380,20000380,C,2014-06-27 23:56:22,2014-06-28 00:03:52,7.5000
1403913422620000406,20000406,A,2014-06-27 23:57:02,2014-06-28 00:09:17,12.2500
1403913474620000008,20000008,A,2014-06-27 23:57:54,2014-06-28 00:07:09,9.2500
1403913494620000345,20000345,C,2014-06-27 23:58:14,2014-06-28 00:04:14,6.0000
1403913508620000184,20000184,B,2014-06-27 23:58:28,2014-06-28 00:03:13,4.7500
1403913524620000903,20000903,A,2014-06-27 23:58:44,2014-06-28 00:13:44,15.0000
1403913547620000589,20000589,B,2014-06-27 23:59:07,2014-06-28 00:08:52,9.7500
1403913548620000370,20000370,C,2014-06-27 23:59:08,2014-06-28 00:08:08,9.0000
1403913549620000611,20000611,C,2014-06-27 23:59:09,2014-06-28 00:05:09,6.0000
1403913556620000621,20000621,B,2014-06-27 23:59:16,2014-06-28 00:07:01,7.7500
1403997595620000324,20000324,C,2014-06-28 23:19:55,2014-06-29 00:51:40,91.7500
1403997622620000514,20000514,B,2014-06-28 23:20:22,2014-06-29 00:23:22,63.0000
1403998048620000387,20000387,A,2014-06-28 23:27:28,2014-06-29 00:03:28,36.0000
1403998263620000231,20000231,B,2014-06-28 23:31:03,2014-06-29 00:05:33,34.5000
1403998525620000216,20000216,A,2014-06-28 23:35:25,2014-06-29 00:00:10,24.7500
1403998535620000279,20000279,A,2014-06-28 23:35:35,2014-06-29 00:06:50,31.2500
1403999017620000092,20000092,C,2014-06-28 23:43:37,2014-06-29 00:02:52,19.2500
1403999070620000560,20000560,B,2014-06-28 23:44:30,2014-06-29 00:12:00,27.5000
1403999077620000574,20000574,B,2014-06-28 23:44:37,2014-06-29 00:01:22,16.7500
1403999125620000435,20000435,C,2014-06-28 23:45:25,2014-06-29 00:07:10,21.7500
1403999255620000618,20000618,B,2014-06-28 23:47:35,2014-06-29 00:02:35,15.0000
1403999264620000577,20000577,B,2014-06-28 23:47:44,2014-06-29 00:01:44,14.0000
1403999302620000120,20000120,A,2014-06-28 23:48:22,2014-06-29 00:07:52,19.5000
1403999350620000192,20000192,C,2014-06-28 23:49:10,2014-06-29 00:05:55,16.7500
1403999411620000548,20000548,B,2014-06-28 23:50:11,2014-06-29 00:03:11,13.0000
1403999433620000517,20000517,A,2014-06-28 23:50:33,2014-06-29 00:03:03,12.5000
1403999471620000006,20000006,B,2014-06-28 23:51:11,2014-06-29 00:00:56,9.7500
1403999483620000506,20000506,A,2014-06-28 23:51:23,2014-06-29 00:00:23,9.0000
1403999515620000616,20000616,C,2014-06-28 23:51:55,2014-06-29 00:04:55,13.0000
1403999539620000497,20000497,C,2014-06-28 23:52:19,2014-06-29 00:03:49,11.5000
1403999567620000434,20000434,C,2014-06-28 23:52:47,2014-06-29 00:09:02,16.2500
1403999602620000101,20000101,C,2014-06-28 23:53:22,2014-06-29 00:05:07,11.7500
1403999607620000597,20000597,C,2014-06-28 23:53:27,2014-06-29 00:03:27,10.0000
1403999609620000662,20000662,B,2014-06-28 23:53:29,2014-06-29 00:02:59,9.5000
1403999640620000657,20000657,B,2014-06-28 23:54:00,2014-06-29 00:11:45,17.7500
1403999662620000167,20000167,C,2014-06-28 23:54:22,2014-06-29 00:00:07,5.7500
1403999677620000370,20000370,B,2014-06-28 23:54:37,2014-06-29 00:02:07,7.5000
1403999694620000406,20000406,B,2014-06-28 23:54:54,2014-06-29 00:13:24,18.5000
1403999702620000023,20000023,B,2014-06-28 23:55:02,2014-06-29 00:08:02,13.0000
1403999764620000254,20000254,B,2014-06-28 23:56:04,2014-06-29 00:05:34,9.5000
1403999794620000436,20000436,B,2014-06-28 23:56:34,2014-06-29 00:03:19,6.7500
1403999799620000499,20000499,C,2014-06-28 23:56:39,2014-06-29 00:05:24,8.7500
1403999804620000058,20000058,A,2014-06-28 23:56:44,2014-06-29 00:14:44,18.0000
1403999807620000440,20000440,C,2014-06-28 23:56:47,2014-06-29 00:02:47,6.0000
1403999819620000362,20000362,B,2014-06-28 23:56:59,2014-06-29 00:00:44,3.7500
1403999821620000541,20000541,A,2014-06-28 23:57:01,2014-06-29 00:06:31,9.5000
1403999821620000570,20000570,A,2014-06-28 23:57:01,2014-06-29 00:13:01,16.0000
1403999828620000015,20000015,A,2014-06-28 23:57:08,2014-06-29 00:09:38,12.5000
1403999847620000305,20000305,B,2014-06-28 23:57:27,2014-06-29 00:04:27,7.0000
1403999851620000337,20000337,C,2014-06-28 23:57:31,2014-06-29 00:12:16,14.7500
1403999877620000621,20000621,B,2014-06-28 23:57:57,2014-06-29 00:03:12,5.2500
1403999881620000136,20000136,C,2014-06-28 23:58:01,2014-06-29 00:07:01,9.0000
1403999927620000249,20000249,C,2014-06-28 23:58:47,2014-06-29 00:15:32,16.7500
1403999955620000304,20000304,C,2014-06-28 23:59:15,2014-06-29 00:08:30,9.2500
1403999974620000672,20000672,B,2014-06-28 23:59:34,2014-06-29 00:03:34,4.0000
1404085499620000395,20000395,A,2014-06-29 23:44:59,2014-06-30 00:00:14,15.2500
1404085589620000231,20000231,B,2014-06-29 23:46:29,2014-06-30 00:03:14,16.7500
1404085645620000309,20000309,B,2014-06-29 23:47:25,2014-06-30 00:26:55,39.5000
1404085963620000249,20000249,C,2014-06-29 23:52:43,2014-06-30 00:08:13,15.5000
1404085975620000140,20000140,A,2014-06-29 23:52:55,2014-06-30 00:07:55,15.0000
1404086015620000657,20000657,A,2014-06-29 23:53:35,2014-06-30 00:01:05,7.5000
1404086056620000548,20000548,B,2014-06-29 23:54:16,2014-06-30 00:03:16,9.0000
1404086159620000288,20000288,A,2014-06-29 23:55:59,2014-06-30 00:00:14,4.2500
1404086180620000285,20000285,B,2014-06-29 23:56:20,2014-06-30 00:05:05,8.7500
1404086183620000618,20000618,A,2014-06-29 23:56:23,2014-06-30 00:05:53,9.5000
1404086250620000195,20000195,B,2014-06-29 23:57:30,2014-06-30 00:05:30,8.0000
1404086297620000678,20000678,C,2014-06-29 23:58:17,2014-06-30 00:05:17,7.0000
1404086395620000503,20000503,B,2014-06-29 23:59:55,2014-06-30 00:05:55,6.0000
