id,trip_code,taxi_id,start_time,end_time,duration_min,days_crossed
5525,1372717190620000388,20000388,2013-07-01 23:19:50,2013-07-02 00:04:35,44.8,1
4364,1372718162620000560,20000560,2013-07-01 23:36:02,2013-07-02 00:02:02,26.0,1
4236,1372718798620000370,20000370,2013-07-01 23:46:38,2013-07-02 00:01:53,15.3,1
4407,1372719050620000596,20000596,2013-07-01 23:50:50,2013-07-02 00:05:35,14.8,1
4344,1372719093620000022,20000022,2013-07-01 23:51:33,2013-07-02 00:02:03,10.5,1
6442,1372719098620000509,20000509,2013-07-01 23:51:38,2013-07-02 00:01:38,10.0,1
4288,1372719157620000632,20000632,2013-07-01 23:52:37,2013-07-02 00:00:37,8.0,1
4266,1372719200620000031,20000031,2013-07-01 23:53:20,2013-07-02 00:06:35,13.3,1
4341,1372719230620000406,20000406,2013-07-01 23:53:50,2013-07-02 00:08:20,14.5,1
4307,1372719271620000503,20000503,2013-07-01 23:54:31,2013-07-02 00:03:01,8.5,1
4358,1372719315620000008,20000008,2013-07-01 23:55:15,2013-07-02 00:05:15,10.0,1
4781,1372719317620000101,20000101,2013-07-01 23:55:17,2013-07-02 00:12:17,17.0,1
4399,1372719396620000304,20000304,2013-07-01 23:56:36,2013-07-02 00:13:36,17.0,1
4322,1372719469620000409,20000409,2013-07-01 23:57:49,2013-07-02 00:02:19,4.5,1
8886,1372804573620000665,20000665,2013-07-02 23:36:13,2013-07-03 00:36:43,60.5,1
9799,1372805001620000007,20000007,2013-07-02 23:43:21,2013-07-03 00:08:21,25.0,1
8890,1372805426620000514,20000514,2013-07-02 23:50:26,2013-07-03 00:05:11,14.8,1
8958,1372805441620000472,20000472,2013-07-02 23:50:41,2013-07-03 00:13:56,23.3,1
8845,1372805454620000307,20000307,2013-07-02 23:50:54,2013-07-03 00:00:24,9.5,1
8889,1372805480620000671,20000671,2013-07-02 23:51:20,2013-07-03 00:15:05,23.8,1
8967,1372805493620000486,20000486,2013-07-02 23:51:33,2013-07-03 00:02:03,10.5,1
9838,1372805702620000497,20000497,2013-07-02 23:55:02,2013-07-03 00:28:47,33.8,1
8866,1372805705620000596,20000596,2013-07-02 23:55:05,2013-07-03 00:06:35,11.5,1
8959,1372805716620000570,20000570,2013-07-02 23:55:16,2013-07-03 00:30:31,35.3,1
9436,1372805722620000080,20000080,2013-07-02 23:55:22,2013-07-03 00:08:52,13.5,1
8940,1372805724620000263,20000263,2013-07-02 23:55:24,2013-07-03 00:13:09,17.8,1
8981,1372805749620000423,20000423,2013-07-02 23:55:49,2013-07-03 00:02:49,7.0,1
8917,1372805751620000684,20000684,2013-07-02 23:55:51,2013-07-03 00:24:06,28.3,1
9044,1372805759620000233,20000233,2013-07-02 23:55:59,2013-07-03 00:04:44,8.8,1
8984,1372805775620000626,20000626,2013-07-02 23:56:15,2013-07-03 00:06:30,10.3,1
8934,1372805801620000195,20000195,2013-07-02 23:56:41,2013-07-03 00:08:56,12.3,1
9091,1372805908620000101,20000101,2013-07-02 23:58:28,2013-07-03 00:07:13,8.8,1
15173,1372890420620000321,20000321,2013-07-03 23:27:00,2013-07-04 00:23:15,56.3,1
13559,1372890742620000476,20000476,2013-07-03 23:32:22,2013-07-04 00:02:07,29.8,1
13777,1372891533620000653,20000653,2013-07-03 23:45:33,2013-07-04 00:10:48,25.3,1
13734,1372891591620000492,20000492,2013-07-03 23:46:31,2013-07-04 00:00:16,13.8,1
13572,1372891655620000112,20000112,2013-07-03 23:47:35,2013-07-04 00:03:05,15.5,1
13732,1372891713620000481,20000481,2013-07-03 23:48:33,2013-07-04 00:07:33,19.0,1
13587,1372891875620000320,20000320,2013-07-03 23:51:15,2013-07-04 00:00:30,9.3,1
13598,1372891887620000472,20000472,2013-07-03 23:51:27,2013-07-04 00:03:27,12.0,1
13600,1372891890620000010,20000010,2013-07-03 23:51:30,2013-07-04 00:11:00,19.5,1
13618,1372892003620000344,20000344,2013-07-03 23:53:23,2013-07-04 00:03:53,10.5,1
13601,1372892034620000310,20000310,2013-07-03 23:53:54,2013-07-04 00:02:54,9.0,1
14568,1372892066620000311,20000311,2013-07-03 23:54:26,2013-07-04 00:05:41,11.3,1
13695,1372892087620000596,20000596,2013-07-03 23:54:47,2013-07-04 00:04:17,9.5,1
13560,1372892117620000577,20000577,2013-07-03 23:55:17,2013-07-04 00:02:02,6.8,1
13571,1372892121620000403,20000403,2013-07-03 23:55:21,2013-07-04 00:14:06,18.8,1
13696,1372892134620000101,20000101,2013-07-03 23:55:34,2013-07-04 00:10:49,15.3,1
13819,1372892137620000517,20000517,2013-07-03 23:55:37,2013-07-04 00:10:37,15.0,1
13698,1372892149620000431,20000431,2013-07-03 23:55:49,2013-07-04 00:11:04,15.3,1
13589,1372892152620000684,20000684,2013-07-03 23:55:52,2013-07-04 00:04:07,8.3,1
13624,1372892192620000356,20000356,2013-07-03 23:56:32,2013-07-04 00:05:32,9.0,1
13640,1372892240620000657,20000657,2013-07-03 23:57:20,2013-07-04 00:03:20,6.0,1
13557,1372892242620000668,20000668,2013-07-03 23:57:22,2013-07-04 00:03:07,5.8,1
18135,1372892258620000520,20000520,2013-07-03 23:57:38,2013-07-04 00:01:23,3.8,1
13584,1372892271620000304,20000304,2013-07-03 23:57:51,2013-07-04 00:02:51,5.0,1
13710,1372892359620000195,20000195,2013-07-03 23:59:19,2013-07-04 00:11:19,12.0,1
13577,1372892365620000252,20000252,2013-07-03 23:59:25,2013-07-04 00:05:55,6.5,1
18830,1372976903620000108,20000108,2013-07-04 23:28:23,2013-07-05 00:38:53,70.5,1
18746,1372977374620000038,20000038,2013-07-04 23:36:14,2013-07-05 00:02:59,26.8,1
19045,1372977460620000345,20000345,2013-07-04 23:37:40,2013-07-05 00:10:10,32.5,1
18794,1372977864620000395,20000395,2013-07-04 23:44:24,2013-07-05 00:12:54,28.5,1
18859,1372977976620000157,20000157,2013-07-04 23:46:16,2013-07-05 00:02:31,16.3,1
19680,1372978155620000161,20000161,2013-07-04 23:49:15,2013-07-05 00:33:45,44.5,1
19387,1372978187620000030,20000030,2013-07-04 23:49:47,2013-07-05 00:11:17,21.5,1
19098,1372978203620000473,20000473,2013-07-04 23:50:03,2013-07-05 00:11:48,21.8,1
19018,1372978316620000359,20000359,2013-07-04 23:51:56,2013-07-05 00:07:26,15.5,1
18909,1372978399620000051,20000051,2013-07-04 23:53:19,2013-07-05 00:05:19,12.0,1
18919,1372978425620000235,20000235,2013-07-04 23:53:45,2013-07-05 00:19:00,25.3,1
18821,1372978434620000042,20000042,2013-07-04 23:53:54,2013-07-05 00:06:24,12.5,1
18875,1372978438620000424,20000424,2013-07-04 23:53:58,2013-07-05 00:03:58,10.0,1
18786,1372978456620000486,20000486,2013-07-04 23:54:16,2013-07-05 00:01:46,7.5,1
18889,1372978499620000356,20000356,2013-07-04 23:54:59,2013-07-05 00:39:59,45.0,1
18812,1372978513620000463,20000463,2013-07-04 23:55:13,2013-07-05 00:00:28,5.3,1
18815,1372978518620000488,20000488,2013-07-04 23:55:18,2013-07-05 00:02:18,7.0,1
18809,1372978536620000431,20000431,2013-07-04 23:55:36,2013-07-05 00:02:36,7.0,1
18834,1372978555620000657,20000657,2013-07-04 23:55:55,2013-07-05 00:02:25,6.5,1
18782,1372978579620000310,20000310,2013-07-04 23:56:19,2013-07-05 00:09:19,13.0,1
18969,1372978595620000423,20000423,2013-07-04 23:56:35,2013-07-05 00:00:50,4.3,1
18827,1372978597620000688,20000688,2013-07-04 23:56:37,2013-07-05 00:07:07,10.5,1
18773,1372978617620000525,20000525,2013-07-04 23:56:57,2013-07-05 00:02:12,5.3,1
18849,1372978645620000574,20000574,2013-07-04 23:57:25,2013-07-05 00:17:40,20.3,1
18771,1372978672620000101,20000101,2013-07-04 23:57:52,2013-07-05 00:10:07,12.3,1
18843,1372978691620000624,20000624,2013-07-04 23:58:11,2013-07-05 00:18:41,20.5,1
18973,1372978704620000632,20000632,2013-07-04 23:58:24,2013-07-05 00:07:09,8.8,1
19005,1372978737620000037,20000037,2013-07-04 23:58:57,2013-07-05 00:08:42,9.8,1
18881,1372978747620000610,20000610,2013-07-04 23:59:07,2013-07-05 00:15:37,16.5,1
18817,1372978759620000010,20000010,2013-07-04 23:59:19,2013-07-05 00:03:34,4.3,1
18848,1372978762620000434,20000434,2013-07-04 23:59:22,2013-07-05 00:10:22,11.0,1
25411,1373055885620000520,20000520,2013-07-05 21:24:45,2013-07-06 03:45:45,381.0,1
24966,1373063683620000454,20000454,2013-07-05 23:34:43,2013-07-06 00:23:43,49.0,1
24563,1373063845620000268,20000268,2013-07-05 23:37:25,2013-07-06 00:05:40,28.3,1
24664,1373064303620000217,20000217,2013-07-05 23:45:03,2013-07-06 00:02:48,17.8,1
24822,1373064362620000233,20000233,2013-07-05 23:46:02,2013-07-06 00:01:32,15.5,1
24915,1373064470620000446,20000446,2013-07-05 23:47:50,2013-07-06 00:41:35,53.8,1
24529,1373064497620000483,20000483,2013-07-05 23:48:17,2013-07-06 00:00:47,12.5,1
24533,1373064560620000216,20000216,2013-07-05 23:49:20,2013-07-06 00:02:35,13.3,1
24663,1373064562620000009,20000009,2013-07-05 23:49:22,2013-07-06 00:11:22,22.0,1
24454,1373064569620000675,20000675,2013-07-05 23:49:29,2013-07-06 00:05:29,16.0,1
24531,1373064639620000192,20000192,2013-07-05 23:50:39,2013-07-06 00:02:24,11.8,1
24471,1373064646620000297,20000297,2013-07-05 23:50:46,2013-07-06 00:02:01,11.3,1
24515,1373064659620000067,20000067,2013-07-05 23:50:59,2013-07-06 00:02:14,11.3,1
24991,1373064667620000360,20000360,2013-07-05 23:51:07,2013-07-06 00:13:22,22.3,1
24429,1373064681620000561,20000561,2013-07-05 23:51:21,2013-07-06 00:01:06,9.8,1
24493,1373064687620000011,20000011,2013-07-05 23:51:27,2013-07-06 00:01:27,10.0,1
24556,1373064703620000651,20000651,2013-07-05 23:51:43,2013-07-06 00:00:43,9.0,1
24547,1373064712620000013,20000013,2013-07-05 23:51:52,2013-07-06 00:02:52,11.0,1
24566,1373064712620000303,20000303,2013-07-05 23:51:52,2013-07-06 00:00:37,8.8,1
24731,1373064731620000617,20000617,2013-07-05 23:52:11,2013-07-06 00:06:26,14.3,1
24431,1373064776620000612,20000612,2013-07-05 23:52:56,2013-07-06 00:07:26,14.5,1
24527,1373064798620000195,20000195,2013-07-05 23:53:18,2013-07-06 00:02:48,9.5,1
24435,1373064830620000649,20000649,2013-07-05 23:53:50,2013-07-06 00:06:35,12.8,1
24446,1373064870620000419,20000419,2013-07-05 23:54:30,2013-07-06 00:03:15,8.8,1
24650,1373064896620000081,20000081,2013-07-05 23:54:56,2013-07-06 00:08:41,13.8,1
24519,1373064905620000671,20000671,2013-07-05 23:55:05,2013-07-06 00:07:50,12.8,1
24810,1373064913620000406,20000406,2013-07-05 23:55:13,2013-07-06 00:16:13,21.0,1
24643,1373064923620000440,20000440,2013-07-05 23:55:23,2013-07-06 00:01:53,6.5,1
24617,1373064943620000486,20000486,2013-07-05 23:55:43,2013-07-06 00:01:58,6.3,1
24590,1373064945620000488,20000488,2013-07-05 23:55:45,2013-07-06 00:07:45,12.0,1
24503,1373064946620000279,20000279,2013-07-05 23:55:46,2013-07-06 00:03:46,8.0,1
24597,1373064986620000280,20000280,2013-07-05 23:56:26,2013-07-06 00:11:56,15.5,1
24601,1373065079620000260,20000260,2013-07-05 23:57:59,2013-07-06 00:05:29,7.5,1
24478,1373065082620000359,20000359,2013-07-05 23:58:02,2013-07-06 00:08:32,10.5,1
24818,1373065088620000624,20000624,2013-07-05 23:58:08,2013-07-06 00:05:53,7.8,1
24827,1373065089620000657,20000657,2013-07-05 23:58:09,2013-07-06 00:19:09,21.0,1
24465,1373065109620000497,20000497,2013-07-05 23:58:29,2013-07-06 00:05:44,7.3,1
24569,1373065115620000338,20000338,2013-07-05 23:58:35,2013-07-06 00:03:50,5.3,1
24580,1373065115620000157,20000157,2013-07-05 23:58:35,2013-07-06 00:06:50,8.3,1
24475,1373065133620000517,20000517,2013-07-05 23:58:53,2013-07-06 00:11:08,12.3,1
24782,1373065153620000179,20000179,2013-07-05 23:59:13,2013-07-06 00:07:13,8.0,1
24536,1373065159620000235,20000235,2013-07-05 23:59:19,2013-07-06 00:10:34,11.3,1
29881,1373149517620000672,20000672,2013-07-06 23:25:17,2013-07-07 00:00:17,35.0,1
30175,1373150841620000360,20000360,2013-07-06 23:47:21,2013-07-07 00:05:06,17.8,1
29955,1373150866620000395,20000395,2013-07-06 23:47:46,2013-07-07 00:12:46,25.0,1
29891,1373150973620000077,20000077,2013-07-06 23:49:33,2013-07-07 00:03:18,13.8,1
29757,1373150982620000610,20000610,2013-07-06 23:49:42,2013-07-07 00:02:27,12.8,1
29800,1373151075620000267,20000267,2013-07-06 23:51:15,2013-07-07 00:12:30,21.3,1
30057,1373151083620000120,20000120,2013-07-06 23:51:23,2013-07-07 00:00:23,9.0,1
29793,1373151101620000473,20000473,2013-07-06 23:51:41,2013-07-07 00:06:56,15.3,1
30002,1373151107620000153,20000153,2013-07-06 23:51:47,2013-07-07 00:00:32,8.8,1
30052,1373151107620000067,20000067,2013-07-06 23:51:47,2013-07-07 00:02:47,11.0,1
30072,1373151118620000011,20000011,2013-07-06 23:51:58,2013-07-07 00:34:13,42.3,1
29963,1373151141620000105,20000105,2013-07-06 23:52:21,2013-07-07 00:02:06,9.8,1
29746,1373151150620000008,20000008,2013-07-06 23:52:30,2013-07-07 00:08:15,15.8,1
29975,1373151179620000621,20000621,2013-07-06 23:52:59,2013-07-07 00:02:14,9.3,1
29930,1373151183620000384,20000384,2013-07-06 23:53:03,2013-07-07 00:01:18,8.3,1
30219,1373151183620000653,20000653,2013-07-06 23:53:03,2013-07-07 00:08:33,15.5,1
29753,1373151188620000157,20000157,2013-07-06 23:53:08,2013-07-07 00:02:38,9.5,1
29861,1373151222620000675,20000675,2013-07-06 23:53:42,2013-07-07 00:11:12,17.5,1
29771,1373151223620000640,20000640,2013-07-06 23:53:43,2013-07-07 00:06:13,12.5,1
29791,1373151277620000353,20000353,2013-07-06 23:54:37,2013-07-07 00:09:37,15.0,1
29792,1373151306620000003,20000003,2013-07-06 23:55:06,2013-07-07 00:09:51,14.8,1
29978,1373151322620000612,20000612,2013-07-06 23:55:22,2013-07-07 00:00:37,5.3,1
29916,1373151338620000297,20000297,2013-07-06 23:55:38,2013-07-07 00:05:23,9.8,1
31857,1373151358620000482,20000482,2013-07-06 23:55:58,2013-07-07 00:12:58,17.0,1
29783,1373151359620000304,20000304,2013-07-06 23:55:59,2013-07-07 00:07:14,11.3,1
29960,1373151373620000463,20000463,2013-07-06 23:56:13,2013-07-07 00:17:28,21.3,1
29754,1373151405620000196,20000196,2013-07-06 23:56:45,2013-07-07 00:05:45,9.0,1
29954,1373151410620000013,20000013,2013-07-06 23:56:50,2013-07-07 00:12:05,15.3,1
30135,1373151443620000252,20000252,2013-07-06 23:57:23,2013-07-07 00:01:38,4.3,1
29865,1373151447620000002,20000002,2013-07-06 23:57:27,2013-07-07 00:06:27,9.0,1
29858,1373151471620000436,20000436,2013-07-06 23:57:51,2013-07-07 00:09:36,11.8,1
29815,1373151512620000254,20000254,2013-07-06 23:58:32,2013-07-07 00:04:02,5.5,1
29832,1373151527620000372,20000372,2013-07-06 23:58:47,2013-07-07 00:07:17,8.5,1
29765,1373151537620000310,20000310,2013-07-06 23:58:57,2013-07-07 00:07:42,8.8,1
29880,1373151542620000503,20000503,2013-07-06 23:59:02,2013-07-07 00:01:17,2.3,1
29831,1373151558620000671,20000671,2013-07-06 23:59:18,2013-07-07 00:17:33,18.3,1
29775,1373151573620000251,20000251,2013-07-06 23:59:33,2013-07-07 00:06:33,7.0,1
29906,1373151593620000303,20000303,2013-07-06 23:59:53,2013-07-07 00:10:53,11.0,1
29903,1373151597620000242,20000242,2013-07-06 23:59:57,2013-07-07 00:07:12,7.3,1
34465,1373236421620000574,20000574,2013-07-07 23:33:41,2013-07-08 00:05:11,31.5,1
34546,1373237232620000617,20000617,2013-07-07 23:47:12,2013-07-08 00:04:57,17.8,1
37417,1373237261620000482,20000482,2013-07-07 23:47:41,2013-07-08 00:10:11,22.5,1
34469,1373237372620000423,20000423,2013-07-07 23:49:32,2013-07-08 00:05:17,15.8,1
34445,1373237410620000178,20000178,2013-07-07 23:50:10,2013-07-08 00:07:25,17.3,1
35053,1373237427620000557,20000557,2013-07-07 23:50:27,2013-07-08 00:22:42,32.3,1
35534,1373237523620000668,20000668,2013-07-07 23:52:03,2013-07-08 00:07:18,15.3,1
34462,1373237540620000231,20000231,2013-07-07 23:52:20,2013-07-08 00:06:35,14.3,1
34529,1373237549620000167,20000167,2013-07-07 23:52:29,2013-07-08 00:03:44,11.3,1
34533,1373237675620000101,20000101,2013-07-07 23:54:35,2013-07-08 00:01:20,6.8,1
34459,1373237689620000344,20000344,2013-07-07 23:54:49,2013-07-08 00:03:19,8.5,1
34524,1373237693620000473,20000473,2013-07-07 23:54:53,2013-07-08 00:07:38,12.8,1
34415,1373237818620000520,20000520,2013-07-07 23:56:58,2013-07-08 00:03:43,6.8,1
34447,1373237876620000195,20000195,2013-07-07 23:57:56,2013-07-08 00:05:41,7.8,1
34543,1373237924620000309,20000309,2013-07-07 23:58:44,2013-07-08 00:06:59,8.3,1
34554,1373237964620000561,20000561,2013-07-07 23:59:24,2013-07-08 00:16:09,16.8,1
34463,1373237971620000356,20000356,2013-07-07 23:59:31,2013-07-08 00:19:31,20.0,1
34427,1373237989620000529,20000529,2013-07-07 23:59:49,2013-07-08 00:05:34,5.8,1
39641,1373309660620000520,20000520,2013-07-08 19:54:20,2013-07-09 04:37:05,522.8,1
39242,1373321731620000307,20000307,2013-07-08 23:15:31,2013-07-09 00:02:31,47.0,1
39182,1373323519620000387,20000387,2013-07-08 23:45:19,2013-07-09 00:01:49,16.5,1
39507,1373323715620000454,20000454,2013-07-08 23:48:35,2013-07-09 00:06:50,18.3,1
39138,1373323770620000337,20000337,2013-07-08 23:49:30,2013-07-09 00:05:30,16.0,1
39193,1373323914620000011,20000011,2013-07-08 23:51:54,2013-07-09 00:02:09,10.3,1
39835,1373323983620000470,20000470,2013-07-08 23:53:03,2013-07-09 00:00:48,7.8,1
39340,1373324040620000263,20000263,2013-07-08 23:54:00,2013-07-09 00:02:30,8.5,1
39123,1373324059620000310,20000310,2013-07-08 23:54:19,2013-07-09 00:02:49,8.5,1
39181,1373324090620000409,20000409,2013-07-08 23:54:50,2013-07-09 00:11:05,16.3,1
39155,1373324117620000108,20000108,2013-07-08 23:55:17,2013-07-09 00:04:17,9.0,1
39204,1373324125620000624,20000624,2013-07-08 23:55:25,2013-07-09 00:01:55,6.5,1
39190,1373324154620000356,20000356,2013-07-08 23:55:54,2013-07-09 00:10:54,15.0,1
39450,1373324155620000665,20000665,2013-07-08 23:55:55,2013-07-09 01:57:25,121.5,1
39480,1373324160620000653,20000653,2013-07-08 23:56:00,2013-07-09 00:02:15,6.3,1
39225,1373324173620000424,20000424,2013-07-08 23:56:13,2013-07-09 00:02:13,6.0,1
39133,1373324200620000589,20000589,2013-07-08 23:56:40,2013-07-09 00:05:10,8.5,1
39387,1373324217620000648,20000648,2013-07-08 23:56:57,2013-07-09 00:01:12,4.3,1
39146,1373324251620000577,20000577,2013-07-08 23:57:31,2013-07-09 00:05:31,8.0,1
39187,1373324263620000031,20000031,2013-07-08 23:57:43,2013-07-09 00:03:13,5.5,1
39152,1373324270620000260,20000260,2013-07-08 23:57:50,2013-07-09 00:02:20,4.5,1
39208,1373324316620000215,20000215,2013-07-08 23:58:36,2013-07-09 00:09:36,11.0,1
39508,1373324332620000403,20000403,2013-07-08 23:58:52,2013-07-09 00:03:52,5.0,1
39283,1373324395620000325,20000325,2013-07-08 23:59:55,2013-07-09 00:08:40,8.8,1
44038,1373410012620000351,20000351,2013-07-09 23:46:52,2013-07-10 00:00:07,13.3,1
43910,1373410031620000624,20000624,2013-07-09 23:47:11,2013-07-10 00:01:11,14.0,1
43774,1373410151620000153,20000153,2013-07-09 23:49:11,2013-07-10 00:00:56,11.8,1
43805,1373410196620000453,20000453,2013-07-09 23:49:56,2013-07-10 00:05:56,16.0,1
43793,1373410326620000549,20000549,2013-07-09 23:52:06,2013-07-10 00:04:36,12.5,1
44011,1373410478620000589,20000589,2013-07-09 23:54:38,2013-07-10 00:06:38,12.0,1
43926,1373410513620000012,20000012,2013-07-09 23:55:13,2013-07-10 00:00:43,5.5,1
43785,1373410522620000664,20000664,2013-07-09 23:55:22,2013-07-10 00:03:07,7.8,1
44009,1373410567620000540,20000540,2013-07-09 23:56:07,2013-07-10 00:11:52,15.8,1
43961,1373410571620000328,20000328,2013-07-09 23:56:11,2013-07-10 00:02:11,6.0,1
43771,1373410578620000268,20000268,2013-07-09 23:56:18,2013-07-10 00:02:48,6.5,1
43847,1373410585620000598,20000598,2013-07-09 23:56:25,2013-07-10 00:04:40,8.3,1
43939,1373410605620000476,20000476,2013-07-09 23:56:45,2013-07-10 00:05:30,8.8,1
44277,1373410620620000470,20000470,2013-07-09 23:57:00,2013-07-10 00:05:30,8.5,1
43952,1373410637620000486,20000486,2013-07-09 23:57:17,2013-07-10 00:08:32,11.3,1
43851,1373410644620000520,20000520,2013-07-09 23:57:24,2013-07-10 00:03:39,6.3,1
44892,1373410664620000321,20000321,2013-07-09 23:57:44,2013-07-10 00:02:59,5.3,1
43794,1373410670620000688,20000688,2013-07-09 23:57:50,2013-07-10 00:05:35,7.8,1
44037,1373410672620000569,20000569,2013-07-09 23:57:52,2013-07-10 00:01:52,4.0,1
43886,1373410711620000195,20000195,2013-07-09 23:58:31,2013-07-10 00:06:01,7.5,1
44165,1373410760620000653,20000653,2013-07-09 23:59:20,2013-07-10 00:10:20,11.0,1
48643,1373491938620000395,20000395,2013-07-10 22:32:18,2013-07-11 00:02:18,90.0,1
48942,1373495569620000308,20000308,2013-07-10 23:32:49,2013-07-11 00:11:34,38.8,1
48629,1373495912620000310,20000310,2013-07-10 23:38:32,2013-07-11 00:29:17,50.8,1
48900,1373495949620000337,20000337,2013-07-10 23:39:09,2013-07-11 00:45:09,66.0,1
48817,1373496131620000625,20000625,2013-07-10 23:42:11,2013-07-11 00:10:11,28.0,1
48786,1373496266620000473,20000473,2013-07-10 23:44:26,2013-07-11 00:08:11,23.8,1
48616,1373496313620000004,20000004,2013-07-10 23:45:13,2013-07-11 00:01:28,16.3,1
48577,1373496490620000672,20000672,2013-07-10 23:48:10,2013-07-11 00:00:40,12.5,1
48679,1373496560620000129,20000129,2013-07-10 23:49:20,2013-07-11 00:02:20,13.0,1
48618,1373496661620000520,20000520,2013-07-10 23:51:01,2013-07-11 00:00:01,9.0,1
48809,1373496754620000684,20000684,2013-07-10 23:52:34,2013-07-11 00:54:19,61.8,1
48736,1373496760620000154,20000154,2013-07-10 23:52:40,2013-07-11 00:01:25,8.8,1
48642,1373496798620000231,20000231,2013-07-10 23:53:18,2013-07-11 00:03:18,10.0,1
48544,1373496806620000051,20000051,2013-07-10 23:53:26,2013-07-11 00:04:26,11.0,1
48553,1373496877620000255,20000255,2013-07-10 23:54:37,2013-07-11 00:01:07,6.5,1
48565,1373496971620000311,20000311,2013-07-10 23:56:11,2013-07-11 00:09:26,13.3,1
48640,1373496994620000005,20000005,2013-07-10 23:56:34,2013-07-11 00:11:04,14.5,1
49456,1373497005620000038,20000038,2013-07-10 23:56:45,2013-07-11 00:05:45,9.0,1
48587,1373497026620000260,20000260,2013-07-10 23:57:06,2013-07-11 00:02:51,5.8,1
48705,1373497033620000105,20000105,2013-07-10 23:57:13,2013-07-11 00:00:43,3.5,1
48543,1373497044620000307,20000307,2013-07-10 23:57:24,2013-07-11 00:05:39,8.3,1
50241,1373497088620000586,20000586,2013-07-10 23:58:08,2013-07-11 00:02:53,4.8,1
48601,1373497136620000112,20000112,2013-07-10 23:58:56,2013-07-11 00:10:41,11.8,1
49018,1373497162620000276,20000276,2013-07-10 23:59:22,2013-07-11 00:17:52,18.5,1
53985,1373581685620000574,20000574,2013-07-11 23:28:05,2013-07-12 00:06:05,38.0,1
54961,1373582807620000159,20000159,2013-07-11 23:46:47,2013-07-12 00:02:02,15.3,1
53859,1373582961620000304,20000304,2013-07-11 23:49:21,2013-07-12 01:04:36,75.3,1
53796,1373582964620000570,20000570,2013-07-11 23:49:24,2013-07-12 00:11:54,22.5,1
53710,1373582983620000260,20000260,2013-07-11 23:49:43,2013-07-12 00:04:13,14.5,1
53663,1373583058620000472,20000472,2013-07-11 23:50:58,2013-07-12 00:03:58,13.0,1
53727,1373583113620000624,20000624,2013-07-11 23:51:53,2013-07-12 00:12:53,21.0,1
53772,1373583242620000320,20000320,2013-07-11 23:54:02,2013-07-12 00:02:47,8.8,1
53789,1373583244620000051,20000051,2013-07-11 23:54:04,2013-07-12 00:03:19,9.3,1
53875,1373583262620000520,20000520,2013-07-11 23:54:22,2013-07-12 00:04:37,10.3,1
53825,1373583268620000363,20000363,2013-07-11 23:54:28,2013-07-12 00:03:58,9.5,1
54122,1373583286620000451,20000451,2013-07-11 23:54:46,2013-07-12 01:06:16,71.5,1
53776,1373583327620000640,20000640,2013-07-11 23:55:27,2013-07-12 00:03:12,7.8,1
57726,1373583352620000500,20000500,2013-07-11 23:55:52,2013-07-12 00:12:07,16.3,1
53835,1373583384620000325,20000325,2013-07-11 23:56:24,2013-07-12 00:07:39,11.3,1
53718,1373583401620000424,20000424,2013-07-11 23:56:41,2013-07-12 00:07:26,10.8,1
53766,1373583412620000009,20000009,2013-07-11 23:56:52,2013-07-12 00:04:07,7.3,1
53732,1373583441620000470,20000470,2013-07-11 23:57:21,2013-07-12 00:12:21,15.0,1
53774,1373583461620000612,20000612,2013-07-11 23:57:41,2013-07-12 00:11:11,13.5,1
58978,1373667898620000108,20000108,2013-07-12 23:24:58,2013-07-13 00:27:28,62.5,1
58895,1373668767620000403,20000403,2013-07-12 23:39:27,2013-07-13 00:01:12,21.8,1
59145,1373668857620000395,20000395,2013-07-12 23:40:57,2013-07-13 00:06:12,25.3,1
59362,1373668944620000486,20000486,2013-07-12 23:42:24,2013-07-13 00:15:54,33.5,1
59369,1373669046620000307,20000307,2013-07-12 23:44:06,2013-07-13 00:23:06,39.0,1
58965,1373669380620000085,20000085,2013-07-12 23:49:40,2013-07-13 00:06:10,16.5,1
66911,1373669412620000500,20000500,2013-07-12 23:50:12,2013-07-13 00:01:12,11.0,1
58961,1373669451620000497,20000497,2013-07-12 23:50:51,2013-07-13 00:00:06,9.3,1
59492,1373669460620000153,20000153,2013-07-12 23:51:00,2013-07-13 00:02:30,11.5,1
59062,1373669478620000570,20000570,2013-07-12 23:51:18,2013-07-13 00:10:48,19.5,1
59531,1373669485620000297,20000297,2013-07-12 23:51:25,2013-07-13 00:08:25,17.0,1
58903,1373669505620000574,20000574,2013-07-12 23:51:45,2013-07-13 00:01:45,10.0,1
58917,1373669527620000525,20000525,2013-07-12 23:52:07,2013-07-13 00:00:37,8.5,1
59001,1373669554620000359,20000359,2013-07-12 23:52:34,2013-07-13 00:00:34,8.0,1
59019,1373669590620000671,20000671,2013-07-12 23:53:10,2013-07-13 00:05:55,12.8,1
59073,1373669603620000005,20000005,2013-07-12 23:53:23,2013-07-13 00:04:23,11.0,1
59124,1373669621620000324,20000324,2013-07-12 23:53:41,2013-07-13 00:09:56,16.3,1
58953,1373669625620000347,20000347,2013-07-12 23:53:45,2013-07-13 00:07:45,14.0,1
58975,1373669660620000561,20000561,2013-07-12 23:54:20,2013-07-13 00:00:20,6.0,1
59017,1373669694620000586,20000586,2013-07-12 23:54:54,2013-07-13 00:01:24,6.5,1
59059,1373669755620000157,20000157,2013-07-12 23:55:55,2013-07-13 00:09:25,13.5,1
59130,1373669755620000268,20000268,2013-07-12 23:55:55,2013-07-13 00:04:40,8.8,1
58920,1373669766620000685,20000685,2013-07-12 23:56:06,2013-07-13 00:04:21,8.3,1
59068,1373669803620000430,20000430,2013-07-12 23:56:43,2013-07-13 00:10:43,14.0,1
59041,1373669856620000105,20000105,2013-07-12 23:57:36,2013-07-13 00:13:36,16.0,1
58963,1373669904620000320,20000320,2013-07-12 23:58:24,2013-07-13 00:05:39,7.3,1
61989,1373669910620000086,20000086,2013-07-12 23:58:30,2013-07-13 00:08:45,10.3,1
58990,1373669931620000160,20000160,2013-07-12 23:58:51,2013-07-13 00:08:51,10.0,1
58991,1373669953620000022,20000022,2013-07-12 23:59:13,2013-07-13 00:15:13,16.0,1
58979,1373669983620000473,20000473,2013-07-12 23:59:43,2013-07-13 00:08:43,9.0,1
63707,1373754154620000665,20000665,2013-07-13 23:22:34,2013-07-14 00:13:34,51.0,1
77867,1373754539620000356,20000356,2013-07-13 23:28:59,2013-07-14 00:02:44,33.8,1
63712,1373754855620000377,20000377,2013-07-13 23:34:15,2013-07-14 00:00:00,25.8,1
64025,1373755062620000011,20000011,2013-07-13 23:37:42,2013-07-14 00:13:12,35.5,1
63761,1373755165620000308,20000308,2013-07-13 23:39:25,2013-07-14 00:00:40,21.3,1
63767,1373755450620000179,20000179,2013-07-13 23:44:10,2013-07-14 00:01:40,17.5,1
63834,1373755450620000476,20000476,2013-07-13 23:44:10,2013-07-14 00:49:55,65.8,1
63697,1373755477620000672,20000672,2013-07-13 23:44:37,2013-07-14 00:01:07,16.5,1
63746,1373755555620000570,20000570,2013-07-13 23:45:55,2013-07-14 00:01:40,15.8,1
63995,1373755612620000271,20000271,2013-07-13 23:46:52,2013-07-14 00:00:22,13.5,1
63694,1373755664620000041,20000041,2013-07-13 23:47:44,2013-07-14 00:06:14,18.5,1
63757,1373755699620000624,20000624,2013-07-13 23:48:19,2013-07-14 00:00:04,11.8,1
63775,1373755800620000518,20000518,2013-07-13 23:50:00,2013-07-14 00:00:45,10.8,1
63943,1373755853620000481,20000481,2013-07-13 23:50:53,2013-07-14 00:09:53,19.0,1
63864,1373755909620000268,20000268,2013-07-13 23:51:49,2013-07-14 00:02:04,10.3,1
63846,1373755942620000051,20000051,2013-07-13 23:52:22,2013-07-14 00:02:07,9.8,1
63791,1373755965620000255,20000255,2013-07-13 23:52:45,2013-07-14 00:04:00,11.3,1
64713,1373756061620000215,20000215,2013-07-13 23:54:21,2013-07-14 00:04:21,10.0,1
63844,1373756080620000601,20000601,2013-07-13 23:54:40,2013-07-14 00:04:25,9.8,1
64073,1373756099620000075,20000075,2013-07-13 23:54:59,2013-07-14 00:10:29,15.5,1
63709,1373756120620000529,20000529,2013-07-13 23:55:20,2013-07-14 00:02:35,7.3,1
63967,1373756154620000360,20000360,2013-07-13 23:55:54,2013-07-14 00:04:24,8.5,1
66883,1373756170620000504,20000504,2013-07-13 23:56:10,2013-07-14 00:09:25,13.3,1
63732,1373756215620000067,20000067,2013-07-13 23:56:55,2013-07-14 00:04:10,7.3,1
63828,1373756247620000256,20000256,2013-07-13 23:57:27,2013-07-14 00:03:27,6.0,1
64048,1373756261620000403,20000403,2013-07-13 23:57:41,2013-07-14 00:14:41,17.0,1
63811,1373756262620000142,20000142,2013-07-13 23:57:42,2013-07-14 00:13:12,15.5,1
63735,1373756282620000252,20000252,2013-07-13 23:58:02,2013-07-14 00:06:32,8.5,1
63923,1373756321620000269,20000269,2013-07-13 23:58:41,2013-07-14 00:14:56,16.3,1
63743,1373756322620000105,20000105,2013-07-13 23:58:42,2013-07-14 00:05:57,7.3,1
63862,1373756331620000108,20000108,2013-07-13 23:58:51,2013-07-14 00:08:36,9.8,1
63851,1373756371620000450,20000450,2013-07-13 23:59:31,2013-07-14 00:07:46,8.3,1
63728,1373756393620000013,20000013,2013-07-13 23:59:53,2013-07-14 00:09:53,10.0,1
64076,1373756398620000231,20000231,2013-07-13 23:59:58,2013-07-14 00:14:43,14.8,1
68048,1373841894620000249,20000249,2013-07-14 23:44:54,2013-07-15 00:01:54,17.0,1
67670,1373841990620000160,20000160,2013-07-14 23:46:30,2013-07-15 00:08:45,22.3,1
69136,1373842104620000426,20000426,2013-07-14 23:48:24,2013-07-15 00:04:39,16.3,1
68687,1373842137620000688,20000688,2013-07-14 23:48:57,2013-07-15 00:00:42,11.8,1
67901,1373842238620000574,20000574,2013-07-14 23:50:38,2013-07-15 00:14:38,24.0,1
67673,1373842353620000453,20000453,2013-07-14 23:52:33,2013-07-15 00:04:03,11.5,1
67631,1373842359620000612,20000612,2013-07-14 23:52:39,2013-07-15 00:05:39,13.0,1
67747,1373842523620000497,20000497,2013-07-14 23:55:23,2013-07-15 00:04:08,8.8,1
67711,1373842550620000167,20000167,2013-07-14 23:55:50,2013-07-15 00:08:20,12.5,1
67689,1373842660620000320,20000320,2013-07-14 23:57:40,2013-07-15 00:03:55,6.3,1
67645,1373842701620000004,20000004,2013-07-14 23:58:21,2013-07-15 00:10:36,12.3,1
67657,1373842723620000529,20000529,2013-07-14 23:58:43,2013-07-15 00:06:43,8.0,1
72323,1373928255620000308,20000308,2013-07-15 23:44:15,2013-07-16 01:24:45,100.5,1
72233,1373928325620000424,20000424,2013-07-15 23:45:25,2013-07-16 00:02:10,16.8,1
72046,1373928444620000574,20000574,2013-07-15 23:47:24,2013-07-16 00:01:24,14.0,1
72071,1373928531620000173,20000173,2013-07-15 23:48:51,2013-07-16 00:00:21,11.5,1
72097,1373928689620000013,20000013,2013-07-15 23:51:29,2013-07-16 00:00:44,9.3,1
72102,1373928824620000108,20000108,2013-07-15 23:53:44,2013-07-16 00:01:44,8.0,1
73132,1373928877620000216,20000216,2013-07-15 23:54:37,2013-07-16 00:11:22,16.8,1
72078,1373928884620000472,20000472,2013-07-15 23:54:44,2013-07-16 00:04:44,10.0,1
72096,1373928888620000380,20000380,2013-07-15 23:54:48,2013-07-16 00:05:03,10.3,1
72060,1373928900620000601,20000601,2013-07-15 23:55:00,2013-07-16 00:03:00,8.0,1
72115,1373928905620000476,20000476,2013-07-15 23:55:05,2013-07-16 00:00:05,5.0,1
72187,1373928912620000431,20000431,2013-07-15 23:55:12,2013-07-16 00:07:57,12.8,1
73035,1373928992620000453,20000453,2013-07-15 23:56:32,2013-07-16 00:09:02,12.5,1
72150,1373929000620000624,20000624,2013-07-15 23:56:40,2013-07-16 00:06:10,9.5,1
72166,1373929015620000363,20000363,2013-07-15 23:56:55,2013-07-16 00:02:40,5.8,1
72113,1373929128620000626,20000626,2013-07-15 23:58:48,2013-07-16 00:10:48,12.0,1
72105,1373929139620000529,20000529,2013-07-15 23:58:59,2013-07-16 00:04:29,5.5,1
72074,1373929145620000192,20000192,2013-07-15 23:59:05,2013-07-16 00:09:05,10.0,1
76677,1374014376620000684,20000684,2013-07-16 23:39:36,2013-07-17 00:10:21,30.8,1
77009,1374014464620000688,20000688,2013-07-16 23:41:04,2013-07-17 00:16:04,35.0,1
76917,1374014848620000167,20000167,2013-07-16 23:47:28,2013-07-17 00:05:28,18.0,1
76569,1374014957620000463,20000463,2013-07-16 23:49:17,2013-07-17 00:01:32,12.3,1
76603,1374015018620000311,20000311,2013-07-16 23:50:18,2013-07-17 00:01:18,11.0,1
76598,1374015207620000392,20000392,2013-07-16 23:53:27,2013-07-17 00:01:42,8.3,1
76566,1374015225620000601,20000601,2013-07-16 23:53:45,2013-07-17 00:03:15,9.5,1
76609,1374015236620000904,20000904,2013-07-16 23:53:56,2013-07-17 00:08:56,15.0,1
76589,1374015283620000395,20000395,2013-07-16 23:54:43,2013-07-17 00:08:13,13.5,1
76684,1374015344620000231,20000231,2013-07-16 23:55:44,2013-07-17 00:04:44,9.0,1
76653,1374015421620000610,20000610,2013-07-16 23:57:01,2013-07-17 00:06:46,9.8,1
76755,1374015461620000663,20000663,2013-07-16 23:57:41,2013-07-17 00:20:56,23.3,1
76774,1374015527620000263,20000263,2013-07-16 23:58:47,2013-07-17 00:02:32,3.8,1
76594,1374015554620000409,20000409,2013-07-16 23:59:14,2013-07-17 00:08:14,9.0,1
77183,1374015579620000007,20000007,2013-07-16 23:59:39,2013-07-17 00:07:24,7.8,1
81206,1374100588620000011,20000011,2013-07-17 23:36:28,2013-07-18 00:00:13,23.8,1
81083,1374100614620000216,20000216,2013-07-17 23:36:54,2013-07-18 00:09:54,33.0,1
81037,1374101171620000664,20000664,2013-07-17 23:46:11,2013-07-18 00:02:41,16.5,1
84734,1374101304620000572,20000572,2013-07-17 23:48:24,2013-07-18 00:53:09,64.8,1
81073,1374101439620000307,20000307,2013-07-17 23:50:39,2013-07-18 00:08:24,17.8,1
81082,1374101442620000179,20000179,2013-07-17 23:50:42,2013-07-18 00:04:12,13.5,1
81107,1374101470620000483,20000483,2013-07-17 23:51:10,2013-07-18 00:00:40,9.5,1
81046,1374101643620000601,20000601,2013-07-17 23:54:03,2013-07-18 00:00:03,6.0,1
81016,1374101693620000542,20000542,2013-07-17 23:54:53,2013-07-18 00:00:53,6.0,1
81273,1374101693620000610,20000610,2013-07-17 23:54:53,2013-07-18 00:05:38,10.8,1
82427,1374101768620000081,20000081,2013-07-17 23:56:08,2013-07-18 00:00:38,4.5,1
81049,1374101822620000518,20000518,2013-07-17 23:57:02,2013-07-18 00:03:32,6.5,1
81211,1374101825620000367,20000367,2013-07-17 23:57:05,2013-07-18 00:20:05,23.0,1
81177,1374101828620000431,20000431,2013-07-17 23:57:08,2013-07-18 00:07:53,10.8,1
81074,1374101837620000037,20000037,2013-07-17 23:57:17,2013-07-18 00:13:32,16.3,1
81043,1374101838620000364,20000364,2013-07-17 23:57:18,2013-07-18 00:06:48,9.5,1
81277,1374101844620000276,20000276,2013-07-17 23:57:24,2013-07-18 00:13:54,16.5,1
81202,1374101884620000333,20000333,2013-07-17 23:58:04,2013-07-18 00:07:34,9.5,1
81185,1374101917620000540,20000540,2013-07-17 23:58:37,2013-07-18 00:19:37,21.0,1
81053,1374101946620000089,20000089,2013-07-17 23:59:06,2013-07-18 00:11:06,12.0,1
86591,1374175360620000520,20000520,2013-07-18 20:22:40,2013-07-19 05:38:25,555.8,1
86101,1374186849620000303,20000303,2013-07-18 23:34:09,2013-07-19 00:07:54,33.8,1
85999,1374187612620000217,20000217,2013-07-18 23:46:52,2013-07-19 00:07:52,21.0,1
86134,1374187615620000554,20000554,2013-07-18 23:46:55,2013-07-19 00:00:55,14.0,1
86118,1374187654620000334,20000334,2013-07-18 23:47:34,2013-07-19 00:08:04,20.5,1
86088,1374187690620000005,20000005,2013-07-18 23:48:10,2013-07-19 00:05:25,17.3,1
86501,1374187826620000007,20000007,2013-07-18 23:50:26,2013-07-19 00:11:11,20.8,1
86064,1374187886620000470,20000470,2013-07-18 23:51:26,2013-07-19 00:01:56,10.5,1
86174,1374187898620000101,20000101,2013-07-18 23:51:38,2013-07-19 00:00:53,9.3,1
86215,1374187959620000363,20000363,2013-07-18 23:52:39,2013-07-19 00:03:54,11.3,1
86070,1374187997620000320,20000320,2013-07-18 23:53:17,2013-07-19 00:01:47,8.5,1
86008,1374187999620000006,20000006,2013-07-18 23:53:19,2013-07-19 00:10:19,17.0,1
86018,1374188042620000216,20000216,2013-07-18 23:54:02,2013-07-19 00:01:32,7.5,1
86021,1374188064620000310,20000310,2013-07-18 23:54:24,2013-07-19 00:01:39,7.3,1
86040,1374188123620000671,20000671,2013-07-18 23:55:23,2013-07-19 00:02:23,7.0,1
86193,1374188131620000167,20000167,2013-07-18 23:55:31,2013-07-19 00:06:16,10.8,1
87634,1374188191620000586,20000586,2013-07-18 23:56:31,2013-07-19 00:02:46,6.3,1
88190,1374188236620000465,20000465,2013-07-18 23:57:16,2013-07-19 00:09:46,12.5,1
86202,1374188241620000136,20000136,2013-07-18 23:57:21,2013-07-19 00:19:21,22.0,1
86886,1374188281620000215,20000215,2013-07-18 23:58:01,2013-07-19 00:05:16,7.3,1
87380,1374188365620000380,20000380,2013-07-18 23:59:25,2013-07-19 00:06:55,7.5,1
86033,1374188383620000649,20000649,2013-07-18 23:59:43,2013-07-19 00:07:43,8.0,1
86203,1374188399620000129,20000129,2013-07-18 23:59:59,2013-07-19 00:19:44,19.8,1
93852,1374243217620000902,20000902,2013-07-19 15:13:37,2013-07-20 00:22:52,549.3,1
92804,1374270987620000195,20000195,2013-07-19 22:56:27,2013-07-20 00:49:57,113.5,1
92529,1374271607620000337,20000337,2013-07-19 23:06:47,2013-07-20 00:27:47,81.0,1
91170,1374273328620000486,20000486,2013-07-19 23:35:28,2013-07-20 00:15:58,40.5,1
91118,1374273349620000051,20000051,2013-07-19 23:35:49,2013-07-20 00:01:19,25.5,1
91307,1374273640620000436,20000436,2013-07-19 23:40:40,2013-07-20 00:04:10,23.5,1
91948,1374273644620000632,20000632,2013-07-19 23:40:44,2013-07-20 00:06:59,26.3,1
91139,1374273746620000453,20000453,2013-07-19 23:42:26,2013-07-20 00:01:26,19.0,1
91325,1374273815620000518,20000518,2013-07-19 23:43:35,2013-07-20 00:19:20,35.8,1
91391,1374273820620000347,20000347,2013-07-19 23:43:40,2013-07-20 00:00:55,17.3,1
91346,1374273859620000328,20000328,2013-07-19 23:44:19,2013-07-20 00:03:04,18.8,1
91159,1374273940620000395,20000395,2013-07-19 23:45:40,2013-07-20 00:00:40,15.0,1
91372,1374274140620000389,20000389,2013-07-19 23:49:00,2013-07-20 00:03:15,14.3,1
91259,1374274162620000423,20000423,2013-07-19 23:49:22,2013-07-20 00:01:07,11.8,1
91390,1374274189620000173,20000173,2013-07-19 23:49:49,2013-07-20 00:05:49,16.0,1
91304,1374274243620000527,20000527,2013-07-19 23:50:43,2013-07-20 00:00:28,9.8,1
91136,1374274251620000398,20000398,2013-07-19 23:50:51,2013-07-20 00:00:06,9.3,1
91124,1374274328620000520,20000520,2013-07-19 23:52:08,2013-07-20 00:03:08,11.0,1
91538,1374274335620000472,20000472,2013-07-19 23:52:15,2013-07-20 00:41:15,49.0,1
91215,1374274350620000678,20000678,2013-07-19 23:52:30,2013-07-20 00:03:30,11.0,1
91327,1374274368620000338,20000338,2013-07-19 23:52:48,2013-07-20 00:04:03,11.3,1
91321,1374274387620000038,20000038,2013-07-19 23:53:07,2013-07-20 00:05:22,12.3,1
91356,1374274404620000360,20000360,2013-07-19 23:53:24,2013-07-20 00:06:09,12.8,1
93931,1374274411620000426,20000426,2013-07-19 23:53:31,2013-07-20 00:01:31,8.0,1
91276,1374274522620000279,20000279,2013-07-19 23:55:22,2013-07-20 00:15:37,20.3,1
91216,1374274527620000577,20000577,2013-07-19 23:55:27,2013-07-20 00:15:42,20.3,1
91642,1374274546620000364,20000364,2013-07-19 23:55:46,2013-07-20 00:05:16,9.5,1
91189,1374274564620000419,20000419,2013-07-19 23:56:04,2013-07-20 00:09:49,13.8,1
91198,1374274574620000260,20000260,2013-07-19 23:56:14,2013-07-20 00:00:59,4.8,1
91156,1374274584620000370,20000370,2013-07-19 23:56:24,2013-07-20 00:03:54,7.5,1
91326,1374274592620000574,20000574,2013-07-19 23:56:32,2013-07-20 00:06:32,10.0,1
93597,1374274654620000045,20000045,2013-07-19 23:57:34,2013-07-20 00:04:49,7.3,1
91184,1374274698620000424,20000424,2013-07-19 23:58:18,2013-07-20 00:06:03,7.8,1
91364,1374274717620000450,20000450,2013-07-19 23:58:37,2013-07-20 00:11:07,12.5,1
91245,1374274731620000311,20000311,2013-07-19 23:58:51,2013-07-20 00:08:36,9.8,1
91826,1374274747620000307,20000307,2013-07-19 23:59:07,2013-07-20 00:07:07,8.0,1
91284,1374274767620000503,20000503,2013-07-19 23:59:27,2013-07-20 00:03:42,4.3,1
96328,1374355796620000472,20000472,2013-07-20 22:29:56,2013-07-21 00:16:11,106.3,1
96410,1374358735620000308,20000308,2013-07-20 23:18:55,2013-07-21 00:07:55,49.0,1
96326,1374359683620000129,20000129,2013-07-20 23:34:43,2013-07-21 00:00:13,25.5,1
96286,1374359959620000140,20000140,2013-07-20 23:39:19,2013-07-21 00:02:04,22.8,1
96400,1374360070620000395,20000395,2013-07-20 23:41:10,2013-07-21 00:02:25,21.3,1
96568,1374360082620000687,20000687,2013-07-20 23:41:22,2013-07-21 00:17:22,36.0,1
96447,1374360156620000367,20000367,2013-07-20 23:42:36,2013-07-21 00:08:36,26.0,1
96336,1374360292620000345,20000345,2013-07-20 23:44:52,2013-07-21 00:00:52,16.0,1
96362,1374360293620000421,20000421,2013-07-20 23:44:53,2013-07-21 00:01:38,16.8,1
102078,1374360328620000483,20000483,2013-07-20 23:45:28,2013-07-21 00:02:28,17.0,1
96385,1374360329620000453,20000453,2013-07-20 23:45:29,2013-07-21 00:01:14,15.8,1
96382,1374360330620000601,20000601,2013-07-20 23:45:30,2013-07-21 00:02:15,16.8,1
96579,1374360402620000080,20000080,2013-07-20 23:46:42,2013-07-21 00:02:12,15.5,1
96301,1374360506620000649,20000649,2013-07-20 23:48:26,2013-07-21 00:05:11,16.8,1
98966,1374360626620000267,20000267,2013-07-20 23:50:26,2013-07-21 00:00:11,9.8,1
96230,1374360640620000280,20000280,2013-07-20 23:50:40,2013-07-21 00:01:25,10.8,1
97295,1374360651620000007,20000007,2013-07-20 23:50:51,2013-07-21 00:16:21,25.5,1
96289,1374360655620000167,20000167,2013-07-20 23:50:55,2013-07-21 00:10:40,19.8,1
96331,1374360674620000310,20000310,2013-07-20 23:51:14,2013-07-21 00:02:14,11.0,1
96379,1374360708620000619,20000619,2013-07-20 23:51:48,2013-07-21 00:01:18,9.5,1
96300,1374360728620000398,20000398,2013-07-20 23:52:08,2013-07-21 00:01:53,9.8,1
96205,1374360761620000600,20000600,2013-07-20 23:52:41,2013-07-21 00:04:41,12.0,1
96280,1374360776620000626,20000626,2013-07-20 23:52:56,2013-07-21 00:06:41,13.8,1
96272,1374360800620000560,20000560,2013-07-20 23:53:20,2013-07-21 00:03:20,10.0,1
96204,1374360807620000353,20000353,2013-07-20 23:53:27,2013-07-21 00:06:42,13.3,1
101323,1374360869620000002,20000002,2013-07-20 23:54:29,2013-07-21 00:09:44,15.3,1
96273,1374360891620000424,20000424,2013-07-20 23:54:51,2013-07-21 00:17:51,23.0,1
96488,1374360966620000618,20000618,2013-07-20 23:56:06,2013-07-21 00:00:21,4.3,1
96198,1374360970620000255,20000255,2013-07-20 23:56:10,2013-07-21 00:03:40,7.5,1
96265,1374361021620000216,20000216,2013-07-20 23:57:01,2013-07-21 00:10:46,13.8,1
96469,1374361042620000611,20000611,2013-07-20 23:57:22,2013-07-21 00:19:07,21.8,1
98282,1374361058620000608,20000608,2013-07-20 23:57:38,2013-07-21 00:09:38,12.0,1
97042,1374361079620000446,20000446,2013-07-20 23:57:59,2013-07-21 00:31:59,34.0,1
96279,1374361100620000092,20000092,2013-07-20 23:58:20,2013-07-21 00:11:05,12.8,1
96368,1374361102620000525,20000525,2013-07-20 23:58:22,2013-07-21 00:02:37,4.3,1
96558,1374361131620000023,20000023,2013-07-20 23:58:51,2013-07-21 00:05:06,6.3,1
96278,1374361154620000320,20000320,2013-07-20 23:59:14,2013-07-21 00:11:14,12.0,1
96426,1374361156620000497,20000497,2013-07-20 23:59:16,2013-07-21 00:10:16,11.0,1
96207,1374361175620000621,20000621,2013-07-20 23:59:35,2013-07-21 00:10:50,11.3,1
100463,1374445836620000529,20000529,2013-07-21 23:30:36,2013-07-22 00:00:36,30.0,1
100494,1374446409620000458,20000458,2013-07-21 23:40:09,2013-07-22 00:02:09,22.0,1
101403,1374446839620000013,20000013,2013-07-21 23:47:19,2013-07-22 00:03:19,16.0,1
100529,1374446902620000179,20000179,2013-07-21 23:48:22,2013-07-22 00:14:22,26.0,1
100517,1374447028620000657,20000657,2013-07-21 23:50:28,2013-07-22 00:02:28,12.0,1
100468,1374447271620000333,20000333,2013-07-21 23:54:31,2013-07-22 00:03:01,8.5,1
100725,1374447308620000632,20000632,2013-07-21 23:55:08,2013-07-22 00:01:08,6.0,1
100504,1374447402620000305,20000305,2013-07-21 23:56:42,2013-07-22 00:13:42,17.0,1
100599,1374447497620000108,20000108,2013-07-21 23:58:17,2013-07-22 00:33:02,34.8,1
100782,1374447498620000309,20000309,2013-07-21 23:58:18,2013-07-22 00:21:33,23.3,1
104770,1374532225620000380,20000380,2013-07-22 23:30:25,2013-07-23 00:00:10,29.8,1
104933,1374532760620000640,20000640,2013-07-22 23:39:20,2013-07-23 00:11:50,32.5,1
105797,1374533315620000665,20000665,2013-07-22 23:48:35,2013-07-23 00:00:50,12.3,1
104751,1374533433620000179,20000179,2013-07-22 23:50:33,2013-07-23 00:03:03,12.5,1
104946,1374533441620000192,20000192,2013-07-22 23:50:41,2013-07-23 00:03:56,13.3,1
104785,1374533466620000574,20000574,2013-07-22 23:51:06,2013-07-23 00:01:36,10.5,1
104819,1374533700620000450,20000450,2013-07-22 23:55:00,2013-07-23 00:01:45,6.8,1
104898,1374533703620000621,20000621,2013-07-22 23:55:03,2013-07-23 00:02:33,7.5,1
104824,1374533749620000395,20000395,2013-07-22 23:55:49,2013-07-23 00:06:04,10.3,1
104742,1374533773620000167,20000167,2013-07-22 23:56:13,2013-07-23 00:01:58,5.8,1
104782,1374533773620000356,20000356,2013-07-22 23:56:13,2013-07-23 00:03:13,7.0,1
104733,1374533782620000569,20000569,2013-07-22 23:56:22,2013-07-23 00:00:22,4.0,1
104820,1374533806620000488,20000488,2013-07-22 23:56:46,2013-07-23 00:06:46,10.0,1
104803,1374533816620000042,20000042,2013-07-22 23:56:56,2013-07-23 00:02:56,6.0,1
105696,1374533850620000105,20000105,2013-07-22 23:57:30,2013-07-23 00:26:45,29.3,1
104910,1374533861620000013,20000013,2013-07-22 23:57:41,2013-07-23 00:06:11,8.5,1
104817,1374533893620000108,20000108,2013-07-22 23:58:13,2013-07-23 00:04:28,6.3,1
104804,1374533901620000431,20000431,2013-07-22 23:58:21,2013-07-23 00:02:51,4.5,1
104844,1374533916620000231,20000231,2013-07-22 23:58:36,2013-07-23 00:08:06,9.5,1
105658,1374533919620000311,20000311,2013-07-22 23:58:39,2013-07-23 00:23:54,25.3,1
104883,1374533927620000338,20000338,2013-07-22 23:58:47,2013-07-23 00:19:17,20.5,1
110731,1374618372620000045,20000045,2013-07-23 23:26:12,2013-07-24 00:30:27,64.3,1
109416,1374619532620000297,20000297,2013-07-23 23:45:32,2013-07-24 00:31:02,45.5,1
109391,1374619557620000472,20000472,2013-07-23 23:45:57,2013-07-24 00:00:42,14.8,1
109350,1374619574620000273,20000273,2013-07-23 23:46:14,2013-07-24 00:00:14,14.0,1
109297,1374619592620000337,20000337,2013-07-23 23:46:32,2013-07-24 00:00:17,13.8,1
147979,1374619638620000057,20000057,2013-07-23 23:47:18,2013-07-24 00:08:03,20.8,1
109384,1374619696620000269,20000269,2013-07-23 23:48:16,2013-07-24 00:12:16,24.0,1
110392,1374619705620000901,20000901,2013-07-23 23:48:25,2013-07-24 00:04:25,16.0,1
109328,1374619808620000235,20000235,2013-07-23 23:50:08,2013-07-24 00:07:08,17.0,1
109375,1374619931620000450,20000450,2013-07-23 23:52:11,2013-07-24 00:09:56,17.8,1
109419,1374619968620000136,20000136,2013-07-23 23:52:48,2013-07-24 00:04:33,11.8,1
109278,1374619999620000589,20000589,2013-07-23 23:53:19,2013-07-24 00:01:19,8.0,1
109403,1374620012620000476,20000476,2013-07-23 23:53:32,2013-07-24 00:06:02,12.5,1
109286,1374620049620000577,20000577,2013-07-23 23:54:09,2013-07-24 00:02:24,8.3,1
109367,1374620065620000503,20000503,2013-07-23 23:54:25,2013-07-24 00:00:40,6.3,1
110072,1374620073620000192,20000192,2013-07-23 23:54:33,2013-07-24 00:07:03,12.5,1
109404,1374620096620000686,20000686,2013-07-23 23:54:56,2013-07-24 00:10:56,16.0,1
109369,1374620148620000665,20000665,2013-07-23 23:55:48,2013-07-24 00:06:03,10.3,1
109386,1374620166620000006,20000006,2013-07-23 23:56:06,2013-07-24 00:00:21,4.3,1
109510,1374620179620000435,20000435,2013-07-23 23:56:19,2013-07-24 00:08:34,12.3,1
109478,1374620219620000307,20000307,2013-07-23 23:56:59,2013-07-24 00:35:44,38.8,1
109382,1374620277620000009,20000009,2013-07-23 23:57:57,2013-07-24 00:05:57,8.0,1
109418,1374620305620000453,20000453,2013-07-23 23:58:25,2013-07-24 00:05:10,6.8,1
109353,1374620309620000250,20000250,2013-07-23 23:58:29,2013-07-24 00:05:14,6.8,1
109311,1374620321620000657,20000657,2013-07-23 23:58:41,2013-07-24 00:05:11,6.5,1
109905,1374620327620000051,20000051,2013-07-23 23:58:47,2013-07-24 00:06:02,7.3,1
109423,1374620364620000463,20000463,2013-07-23 23:59:24,2013-07-24 00:06:09,6.8,1
109413,1374620365620000360,20000360,2013-07-23 23:59:25,2013-07-24 00:06:40,7.3,1
109366,1374620369620000395,20000395,2013-07-23 23:59:29,2013-07-24 00:06:59,7.5,1
109319,1374620372620000674,20000674,2013-07-23 23:59:32,2013-07-24 00:10:02,10.5,1
109390,1374620372620000520,20000520,2013-07-23 23:59:32,2013-07-24 00:07:47,8.3,1
113879,1374705815620000431,20000431,2013-07-24 23:43:35,2013-07-25 00:01:20,17.8,1
113937,1374706012620000436,20000436,2013-07-24 23:46:52,2013-07-25 00:04:07,17.3,1
113739,1374706069620000037,20000037,2013-07-24 23:47:49,2013-07-25 00:00:34,12.8,1
114196,1374706138620000514,20000514,2013-07-24 23:48:58,2013-07-25 00:01:13,12.3,1
113771,1374706170620000005,20000005,2013-07-24 23:49:30,2013-07-25 00:09:45,20.3,1
113886,1374706256620000327,20000327,2013-07-24 23:50:56,2013-07-25 00:04:11,13.3,1
113839,1374706334620000395,20000395,2013-07-24 23:52:14,2013-07-25 00:05:29,13.3,1
113868,1374706336620000359,20000359,2013-07-24 23:52:16,2013-07-25 00:01:46,9.5,1
113900,1374706419620000273,20000273,2013-07-24 23:53:39,2013-07-25 00:04:24,10.8,1
114303,1374706435620000525,20000525,2013-07-24 23:53:55,2013-07-25 00:11:25,17.5,1
113740,1374706440620000450,20000450,2013-07-24 23:54:00,2013-07-25 00:00:15,6.3,1
113817,1374706528620000409,20000409,2013-07-24 23:55:28,2013-07-25 00:00:28,5.0,1
113838,1374706555620000360,20000360,2013-07-24 23:55:55,2013-07-25 00:02:55,7.0,1
113927,1374706588620000367,20000367,2013-07-24 23:56:28,2013-07-25 00:18:58,22.5,1
113745,1374706641620000675,20000675,2013-07-24 23:57:21,2013-07-25 00:00:51,3.5,1
113862,1374706669620000011,20000011,2013-07-24 23:57:49,2013-07-25 00:05:04,7.3,1
114122,1374706726620000453,20000453,2013-07-24 23:58:46,2013-07-25 00:12:46,14.0,1
113770,1374706774620000529,20000529,2013-07-24 23:59:34,2013-07-25 00:07:04,7.5,1
113789,1374706775620000610,20000610,2013-07-24 23:59:35,2013-07-25 00:17:05,17.5,1
118569,1374791811620000476,20000476,2013-07-25 23:36:51,2013-07-26 00:00:36,23.8,1
118591,1374792452620000663,20000663,2013-07-25 23:47:32,2013-07-26 00:13:17,25.8,1
119128,1374792543620000038,20000038,2013-07-25 23:49:03,2013-07-26 00:01:03,12.0,1
118694,1374792605620000403,20000403,2013-07-25 23:50:05,2013-07-26 00:04:50,14.8,1
118498,1374792693620000612,20000612,2013-07-25 23:51:33,2013-07-26 00:08:33,17.0,1
118657,1374792705620000570,20000570,2013-07-25 23:51:45,2013-07-26 00:03:00,11.3,1
118461,1374792720620000304,20000304,2013-07-25 23:52:00,2013-07-26 00:00:30,8.5,1
118533,1374792919620000431,20000431,2013-07-25 23:55:19,2013-07-26 00:03:04,7.8,1
119129,1374793017620000153,20000153,2013-07-25 23:56:57,2013-07-26 00:01:42,4.8,1
118532,1374793023620000450,20000450,2013-07-25 23:57:03,2013-07-26 00:09:48,12.8,1
118634,1374793044620000409,20000409,2013-07-25 23:57:24,2013-07-26 00:04:24,7.0,1
118571,1374793050620000192,20000192,2013-07-25 23:57:30,2013-07-26 00:05:45,8.3,1
118477,1374793053620000249,20000249,2013-07-25 23:57:33,2013-07-26 00:06:18,8.8,1
118792,1374793058620000255,20000255,2013-07-25 23:57:38,2013-07-26 00:07:38,10.0,1
118527,1374793065620000031,20000031,2013-07-25 23:57:45,2013-07-26 00:05:30,7.8,1
118613,1374793078620000136,20000136,2013-07-25 23:57:58,2013-07-26 00:11:58,14.0,1
119031,1374793131620000101,20000101,2013-07-25 23:58:51,2013-07-26 00:40:21,41.5,1
118807,1374793150620000406,20000406,2013-07-25 23:59:10,2013-07-26 00:24:25,25.3,1
123787,1374878272620000042,20000042,2013-07-26 23:37:52,2013-07-27 00:09:37,31.8,1
123605,1374878425620000520,20000520,2013-07-26 23:40:25,2013-07-27 00:00:10,19.8,1
123420,1374878712620000561,20000561,2013-07-26 23:45:12,2013-07-27 00:06:27,21.3,1
123517,1374878905620000038,20000038,2013-07-26 23:48:25,2013-07-27 00:03:40,15.3,1
123455,1374878907620000389,20000389,2013-07-26 23:48:27,2013-07-27 00:00:12,11.8,1
123575,1374878939620000589,20000589,2013-07-26 23:48:59,2013-07-27 00:02:59,14.0,1
124740,1374879033620000591,20000591,2013-07-26 23:50:33,2013-07-27 00:03:33,13.0,1
123386,1374879079620000610,20000610,2013-07-26 23:51:19,2013-07-27 00:00:49,9.5,1
123493,1374879105620000235,20000235,2013-07-26 23:51:45,2013-07-27 00:11:00,19.3,1
123581,1374879130620000101,20000101,2013-07-26 23:52:10,2013-07-27 00:05:10,13.0,1
123543,1374879154620000280,20000280,2013-07-26 23:52:34,2013-07-27 00:40:04,47.5,1
123765,1374879253620000341,20000341,2013-07-26 23:54:13,2013-07-27 00:07:43,13.5,1
123743,1374879277620000359,20000359,2013-07-26 23:54:37,2013-07-27 00:11:07,16.5,1
123538,1374879288620000395,20000395,2013-07-26 23:54:48,2013-07-27 00:31:33,36.8,1
123411,1374879299620000687,20000687,2013-07-26 23:54:59,2013-07-27 00:00:29,5.5,1
123589,1374879308620000006,20000006,2013-07-26 23:55:08,2013-07-27 00:03:38,8.5,1
123475,1374879326620000338,20000338,2013-07-26 23:55:26,2013-07-27 00:17:56,22.5,1
123416,1374879384620000598,20000598,2013-07-26 23:56:24,2013-07-27 00:02:54,6.5,1
123460,1374879394620000540,20000540,2013-07-26 23:56:34,2013-07-27 00:00:49,4.3,1
123485,1374879403620000337,20000337,2013-07-26 23:56:43,2013-07-27 00:19:13,22.5,1
123657,1374879451620000577,20000577,2013-07-26 23:57:31,2013-07-27 00:05:16,7.8,1
123492,1374879526620000619,20000619,2013-07-26 23:58:46,2013-07-27 00:12:01,13.3,1
123764,1374879543620000333,20000333,2013-07-26 23:59:03,2013-07-27 00:04:18,5.3,1
128116,1374964035620000470,20000470,2013-07-27 23:27:15,2013-07-28 00:02:45,35.5,1
128366,1374964688620000508,20000508,2013-07-27 23:38:08,2013-07-28 00:00:53,22.8,1
128222,1374965123620000337,20000337,2013-07-27 23:45:23,2013-07-28 00:01:08,15.8,1
128208,1374965461620000310,20000310,2013-07-27 23:51:01,2013-07-28 00:01:01,10.0,1
128197,1374965484620000610,20000610,2013-07-27 23:51:24,2013-07-28 00:02:24,11.0,1
128213,1374965499620000041,20000041,2013-07-27 23:51:39,2013-07-28 00:00:39,9.0,1
128354,1374965504620000392,20000392,2013-07-27 23:51:44,2013-07-28 00:01:59,10.3,1
128331,1374965525620000473,20000473,2013-07-27 23:52:05,2013-07-28 00:04:05,12.0,1
128238,1374965562620000463,20000463,2013-07-27 23:52:42,2013-07-28 00:01:57,9.3,1
128349,1374965670620000324,20000324,2013-07-27 23:54:30,2013-07-28 00:02:30,8.0,1
128152,1374965673620000657,20000657,2013-07-27 23:54:33,2013-07-28 00:09:48,15.3,1
128441,1374965689620000436,20000436,2013-07-27 23:54:49,2013-07-28 00:09:04,14.3,1
128187,1374965721620000014,20000014,2013-07-27 23:55:21,2013-07-28 00:11:21,16.0,1
128165,1374965722620000901,20000901,2013-07-27 23:55:22,2013-07-28 00:01:37,6.3,1
128289,1374965746620000589,20000589,2013-07-27 23:55:46,2013-07-28 00:02:31,6.8,1
128329,1374965751620000243,20000243,2013-07-27 23:55:51,2013-07-28 00:07:36,11.8,1
128336,1374965754620000006,20000006,2013-07-27 23:55:54,2013-07-28 00:12:24,16.5,1
128158,1374965763620000167,20000167,2013-07-27 23:56:03,2013-07-28 00:00:33,4.5,1
128209,1374965781620000525,20000525,2013-07-27 23:56:21,2013-07-28 00:03:36,7.3,1
128141,1374965802620000160,20000160,2013-07-27 23:56:42,2013-07-28 00:08:27,11.8,1
128346,1374965844620000108,20000108,2013-07-27 23:57:24,2013-07-28 00:19:09,21.8,1
128235,1374965860620000077,20000077,2013-07-27 23:57:40,2013-07-28 00:07:25,9.8,1
128316,1374965883620000351,20000351,2013-07-27 23:58:03,2013-07-28 00:11:18,13.3,1
128162,1374965888620000664,20000664,2013-07-27 23:58:08,2013-07-28 00:02:08,4.0,1
128181,1374965939620000009,20000009,2013-07-27 23:58:59,2013-07-28 00:05:44,6.8,1
128166,1374965954620000347,20000347,2013-07-27 23:59:14,2013-07-28 00:07:59,8.8,1
128429,1374965962620000663,20000663,2013-07-27 23:59:22,2013-07-28 00:12:22,13.0,1
128394,1374965968620000430,20000430,2013-07-27 23:59:28,2013-07-28 00:06:28,7.0,1
132585,1375050493620000657,20000657,2013-07-28 23:28:13,2013-07-29 00:00:58,32.8,1
132514,1375051643620000173,20000173,2013-07-28 23:47:23,2013-07-29 00:11:38,24.3,1
132346,1375051842620000674,20000674,2013-07-28 23:50:42,2013-07-29 00:09:42,19.0,1
132440,1375051907620000225,20000225,2013-07-28 23:51:47,2013-07-29 00:19:17,27.5,1
132387,1375052046620000395,20000395,2013-07-28 23:54:06,2013-07-29 00:12:51,18.8,1
132360,1375052088620000520,20000520,2013-07-28 23:54:48,2013-07-29 00:06:03,11.3,1
132392,1375052103620000008,20000008,2013-07-28 23:55:03,2013-07-29 00:03:33,8.5,1
132358,1375052136620000570,20000570,2013-07-28 23:55:36,2013-07-29 00:12:36,17.0,1
132355,1375052203620000160,20000160,2013-07-28 23:56:43,2013-07-29 00:27:43,31.0,1
132348,1375052231620000011,20000011,2013-07-28 23:57:11,2013-07-29 00:00:26,3.3,1
132407,1375052247620000178,20000178,2013-07-28 23:57:27,2013-07-29 00:02:27,5.0,1
132322,1375052268620000574,20000574,2013-07-28 23:57:48,2013-07-29 00:07:18,9.5,1
133009,1375052299620000120,20000120,2013-07-28 23:58:19,2013-07-29 00:03:19,5.0,1
132335,1375052325620000529,20000529,2013-07-28 23:58:45,2013-07-29 00:08:15,9.5,1
132455,1375052326620000632,20000632,2013-07-28 23:58:46,2013-07-29 00:10:16,11.5,1
132330,1375052384620000320,20000320,2013-07-28 23:59:44,2013-07-29 00:05:14,5.5,1
132704,1375052397620000254,20000254,2013-07-28 23:59:57,2013-07-29 00:15:42,15.8,1
138780,1375125273620000520,20000520,2013-07-29 20:14:33,2013-07-30 03:58:33,464.0,1
137059,1375137206620000235,20000235,2013-07-29 23:33:26,2013-07-30 00:03:11,29.8,1
136501,1375137539620000276,20000276,2013-07-29 23:38:59,2013-07-30 00:01:44,22.8,1
136430,1375137719620000577,20000577,2013-07-29 23:41:59,2013-07-30 00:01:44,19.8,1
138185,1375138079620000549,20000549,2013-07-29 23:47:59,2013-07-30 00:25:29,37.5,1
136478,1375138096620000625,20000625,2013-07-29 23:48:16,2013-07-30 00:03:01,14.8,1
136447,1375138227620000657,20000657,2013-07-29 23:50:27,2013-07-30 00:01:27,11.0,1
136583,1375138326620000060,20000060,2013-07-29 23:52:06,2013-07-30 00:05:36,13.5,1
136453,1375138363620000663,20000663,2013-07-29 23:52:43,2013-07-30 00:01:58,9.3,1
136555,1375138376620000013,20000013,2013-07-29 23:52:56,2013-07-30 00:03:11,10.3,1
136524,1375138389620000167,20000167,2013-07-29 23:53:09,2013-07-30 00:01:09,8.0,1
136834,1375138410620000574,20000574,2013-07-29 23:53:30,2013-07-30 00:24:15,30.8,1
136533,1375138413620000424,20000424,2013-07-29 23:53:33,2013-07-30 00:01:03,7.5,1
136485,1375138429620000356,20000356,2013-07-29 23:53:49,2013-07-30 00:00:49,7.0,1
136423,1375138460620000665,20000665,2013-07-29 23:54:20,2013-07-30 00:04:05,9.8,1
136614,1375138524620000364,20000364,2013-07-29 23:55:24,2013-07-30 00:03:24,8.0,1
136996,1375138565620000900,20000900,2013-07-29 23:56:05,2013-07-30 00:00:50,4.8,1
136511,1375138644620000351,20000351,2013-07-29 23:57:24,2013-07-30 00:02:09,4.8,1
136595,1375138650620000554,20000554,2013-07-29 23:57:30,2013-07-30 00:35:15,37.8,1
136520,1375138656620000675,20000675,2013-07-29 23:57:36,2013-07-30 00:08:36,11.0,1
136550,1375138680620000370,20000370,2013-07-29 23:58:00,2013-07-30 00:05:30,7.5,1
137003,1375138697620000080,20000080,2013-07-29 23:58:17,2013-07-30 00:04:02,5.8,1
136483,1375138778620000310,20000310,2013-07-29 23:59:38,2013-07-30 00:16:08,16.5,1
136479,1375138791620000684,20000684,2013-07-29 23:59:51,2013-07-30 00:14:06,14.3,1
140909,1375224017620000672,20000672,2013-07-30 23:40:17,2013-07-31 00:00:17,20.0,1
140892,1375224025620000167,20000167,2013-07-30 23:40:25,2013-07-31 00:00:40,20.3,1
140891,1375224134620000037,20000037,2013-07-30 23:42:14,2013-07-31 00:10:14,28.0,1
140874,1375224471620000307,20000307,2013-07-30 23:47:51,2013-07-31 00:12:36,24.8,1
140898,1375224603620000450,20000450,2013-07-30 23:50:03,2013-07-31 00:01:18,11.3,1
140931,1375224642620000900,20000900,2013-07-30 23:50:42,2013-07-31 00:06:57,16.3,1
140787,1375224700620000525,20000525,2013-07-30 23:51:40,2013-07-31 00:00:25,8.8,1
140871,1375224705620000004,20000004,2013-07-30 23:51:45,2013-07-31 00:07:15,15.5,1
140911,1375224736620000473,20000473,2013-07-30 23:52:16,2013-07-31 00:01:16,9.0,1
141657,1375224778620000903,20000903,2013-07-30 23:52:58,2013-07-31 00:12:58,20.0,1
140854,1375224801620000686,20000686,2013-07-30 23:53:21,2013-07-31 00:02:51,9.5,1
140952,1375224814620000328,20000328,2013-07-30 23:53:34,2013-07-31 00:00:19,6.8,1
140817,1375224865620000154,20000154,2013-07-30 23:54:25,2013-07-31 00:16:40,22.3,1
140925,1375224953620000179,20000179,2013-07-30 23:55:53,2013-07-31 00:02:38,6.8,1
140801,1375224961620000171,20000171,2013-07-30 23:56:01,2013-07-31 00:10:01,14.0,1
140996,1375224963620000038,20000038,2013-07-30 23:56:03,2013-07-31 00:08:48,12.8,1
140840,1375225038620000321,20000321,2013-07-30 23:57:18,2013-07-31 00:01:18,4.0,1
140827,1375225068620000372,20000372,2013-07-30 23:57:48,2013-07-31 00:02:48,5.0,1
141023,1375225093620000351,20000351,2013-07-30 23:58:13,2013-07-31 00:02:58,4.8,1
140901,1375225177620000347,20000347,2013-07-30 23:59:37,2013-07-31 00:13:07,13.5,1
147111,1375289927620000902,20000902,2013-07-31 17:58:47,2013-08-01 08:51:17,892.5,1
145361,1375305599620000529,20000529,2013-07-31 22:19:59,2013-08-01 01:08:44,168.8,1
145452,1375308294620000179,20000179,2013-07-31 23:04:54,2013-08-01 02:34:54,210.0,1
145166,1375310697620000344,20000344,2013-07-31 23:44:57,2013-08-01 00:00:42,15.8,1
146758,1375310897620000387,20000387,2013-07-31 23:48:17,2013-08-01 00:04:17,16.0,1
145107,1375311051620000157,20000157,2013-07-31 23:50:51,2013-08-01 00:03:51,13.0,1
145471,1375311096620000454,20000454,2013-07-31 23:51:36,2013-08-01 00:08:36,17.0,1
145167,1375311165620000549,20000549,2013-07-31 23:52:45,2013-08-01 00:01:45,9.0,1
145061,1375311200620000542,20000542,2013-07-31 23:53:20,2013-08-01 00:01:50,8.5,1
145138,1375311280620000195,20000195,2013-07-31 23:54:40,2013-08-01 00:03:25,8.8,1
145272,1375311335620000011,20000011,2013-07-31 23:55:35,2013-08-01 00:09:20,13.8,1
145216,1375311438620000388,20000388,2013-07-31 23:57:18,2013-08-01 00:04:48,7.5,1
145345,1375311493620000611,20000611,2013-07-31 23:58:13,2013-08-01 00:35:58,37.8,1
145288,1375311518620000598,20000598,2013-07-31 23:58:38,2013-08-01 00:07:53,9.3,1
145110,1375311520620000192,20000192,2013-07-31 23:58:40,2013-08-01 00:09:55,11.3,1
145584,1375311597620000173,20000173,2013-07-31 23:59:57,2013-08-01 00:10:27,10.5,1
149608,1375396520620000108,20000108,2013-08-01 23:35:20,2013-08-02 00:07:20,32.0,1
150074,1375396781620000451,20000451,2013-08-01 23:39:41,2013-08-02 00:07:41,28.0,1
149574,1375397121620000395,20000395,2013-08-01 23:45:21,2013-08-02 00:03:21,18.0,1
149496,1375397168620000311,20000311,2013-08-01 23:46:08,2013-08-02 00:01:38,15.5,1
149543,1375397237620000687,20000687,2013-08-01 23:47:17,2013-08-02 00:01:32,14.3,1
149628,1375397564620000304,20000304,2013-08-01 23:52:44,2013-08-02 00:03:29,10.8,1
149790,1375397642620000675,20000675,2013-08-01 23:54:02,2013-08-02 00:15:47,21.8,1
149595,1375397650620000496,20000496,2013-08-01 23:54:10,2013-08-02 00:00:40,6.5,1
149709,1375397651620000101,20000101,2013-08-01 23:54:11,2013-08-02 00:08:11,14.0,1
149504,1375397692620000337,20000337,2013-08-01 23:54:52,2013-08-02 00:03:07,8.3,1
149632,1375397702620000297,20000297,2013-08-01 23:55:02,2013-08-02 00:04:02,9.0,1
149682,1375397734620000167,20000167,2013-08-01 23:55:34,2013-08-02 00:06:19,10.8,1
149562,1375397848620000310,20000310,2013-08-01 23:57:28,2013-08-02 00:05:28,8.0,1
149607,1375397873620000671,20000671,2013-08-01 23:57:53,2013-08-02 00:06:23,8.5,1
149896,1375397931620000621,20000621,2013-08-01 23:58:51,2013-08-02 00:08:51,10.0,1
149521,1375397940620000112,20000112,2013-08-01 23:59:00,2013-08-02 00:06:30,7.5,1
149685,1375397942620000285,20000285,2013-08-01 23:59:02,2013-08-02 00:08:17,9.3,1
149719,1375397949620000260,20000260,2013-08-01 23:59:09,2013-08-02 00:12:24,13.3,1
149742,1375397958620000360,20000360,2013-08-01 23:59:18,2013-08-02 00:07:18,8.0,1
149845,1375397970620000276,20000276,2013-08-01 23:59:30,2013-08-02 00:24:15,24.8,1
154128,1375473368620000651,20000651,2013-08-02 20:56:08,2013-08-03 00:18:23,202.3,1
154012,1375483129620000307,20000307,2013-08-02 23:38:49,2013-08-03 00:15:04,36.3,1
154176,1375483393620000540,20000540,2013-08-02 23:43:13,2013-08-03 00:00:43,17.5,1
154015,1375483420620000337,20000337,2013-08-02 23:43:40,2013-08-03 00:09:10,25.5,1
154005,1375483664620000120,20000120,2013-08-02 23:47:44,2013-08-03 00:07:29,19.8,1
154020,1375483680620000338,20000338,2013-08-02 23:48:00,2013-08-03 00:05:30,17.5,1
154123,1375483716620000108,20000108,2013-08-02 23:48:36,2013-08-03 00:01:21,12.8,1
154312,1375483751620000542,20000542,2013-08-02 23:49:11,2013-08-03 00:01:26,12.3,1
154084,1375483856620000497,20000497,2013-08-02 23:50:56,2013-08-03 00:05:26,14.5,1
154026,1375483952620000549,20000549,2013-08-02 23:52:32,2013-08-03 00:04:02,11.5,1
153983,1375483984620000467,20000467,2013-08-02 23:53:04,2013-08-03 00:01:19,8.3,1
154206,1375483992620000684,20000684,2013-08-02 23:53:12,2013-08-03 00:02:57,9.8,1
154105,1375483996620000424,20000424,2013-08-02 23:53:16,2013-08-03 00:00:16,7.0,1
154336,1375484008620000525,20000525,2013-08-02 23:53:28,2013-08-03 00:00:43,7.3,1
154060,1375484027620000431,20000431,2013-08-02 23:53:47,2013-08-03 00:01:17,7.5,1
154002,1375484046620000649,20000649,2013-08-02 23:54:06,2013-08-03 00:02:06,8.0,1
154197,1375484109620000554,20000554,2013-08-02 23:55:09,2013-08-03 00:10:24,15.3,1
154262,1375484152620000686,20000686,2013-08-02 23:55:52,2013-08-03 00:04:07,8.3,1
154081,1375484161620000901,20000901,2013-08-02 23:56:01,2013-08-03 00:05:01,9.0,1
154120,1375484165620000632,20000632,2013-08-02 23:56:05,2013-08-03 00:09:35,13.5,1
154069,1375484187620000309,20000309,2013-08-02 23:56:27,2013-08-03 00:02:57,6.5,1
154083,1375484211620000015,20000015,2013-08-02 23:56:51,2013-08-03 00:06:51,10.0,1
154205,1375484231620000327,20000327,2013-08-02 23:57:11,2013-08-03 00:02:56,5.8,1
154096,1375484273620000503,20000503,2013-08-02 23:57:53,2013-08-03 00:06:23,8.5,1
154025,1375484282620000671,20000671,2013-08-02 23:58:02,2013-08-03 00:03:17,5.3,1
154171,1375484305620000325,20000325,2013-08-02 23:58:25,2013-08-03 00:26:25,28.0,1
153967,1375484330620000269,20000269,2013-08-02 23:58:50,2013-08-03 00:01:05,2.3,1
154034,1375484345620000672,20000672,2013-08-02 23:59:05,2013-08-03 00:18:20,19.3,1
154031,1375484367620000045,20000045,2013-08-02 23:59:27,2013-08-03 00:02:57,3.5,1
154067,1375484384620000570,20000570,2013-08-02 23:59:44,2013-08-03 00:06:59,7.3,1
154322,1375484386620000436,20000436,2013-08-02 23:59:46,2013-08-03 00:14:31,14.8,1
158576,1375569320620000101,20000101,2013-08-03 23:35:20,2013-08-04 00:01:35,26.3,1
158458,1375569540620000658,20000658,2013-08-03 23:39:00,2013-08-04 00:02:45,23.8,1
158750,1375569758620000392,20000392,2013-08-03 23:42:38,2013-08-04 00:17:23,34.8,1
158702,1375569899620000337,20000337,2013-08-03 23:44:59,2013-08-04 00:11:14,26.3,1
158658,1375570102620000664,20000664,2013-08-03 23:48:22,2013-08-04 00:09:22,21.0,1
158572,1375570126620000179,20000179,2013-08-03 23:48:46,2013-08-04 00:09:01,20.3,1
158497,1375570147620000011,20000011,2013-08-03 23:49:07,2013-08-04 00:06:37,17.5,1
158608,1375570148620000431,20000431,2013-08-03 23:49:08,2013-08-04 00:00:23,11.3,1
158461,1375570185620000304,20000304,2013-08-03 23:49:45,2013-08-04 00:01:15,11.5,1
158683,1375570231620000569,20000569,2013-08-03 23:50:31,2013-08-04 00:00:46,10.3,1
158564,1375570236620000440,20000440,2013-08-03 23:50:36,2013-08-04 00:13:51,23.3,1
158494,1375570270620000344,20000344,2013-08-03 23:51:10,2013-08-04 00:00:40,9.5,1
158744,1375570297620000688,20000688,2013-08-03 23:51:37,2013-08-04 00:02:07,10.5,1
158611,1375570369620000254,20000254,2013-08-03 23:52:49,2013-08-04 00:08:34,15.8,1
158840,1375570404620000577,20000577,2013-08-03 23:53:24,2013-08-04 00:01:39,8.3,1
158660,1375570437620000667,20000667,2013-08-03 23:53:57,2013-08-04 00:00:57,7.0,1
158633,1375570442620000108,20000108,2013-08-03 23:54:02,2013-08-04 00:02:32,8.5,1
158528,1375570461620000310,20000310,2013-08-03 23:54:21,2013-08-04 00:08:06,13.8,1
158680,1375570482620000540,20000540,2013-08-03 23:54:42,2013-08-04 00:02:12,7.5,1
158748,1375570515620000171,20000171,2013-08-03 23:55:15,2013-08-04 00:08:30,13.3,1
158583,1375570523620000520,20000520,2013-08-03 23:55:23,2013-08-04 00:04:23,9.0,1
158742,1375570585620000245,20000245,2013-08-03 23:56:25,2013-08-04 00:02:55,6.5,1
162850,1375570598620000421,20000421,2013-08-03 23:56:38,2013-08-04 00:14:38,18.0,1
158513,1375570624620000601,20000601,2013-08-03 23:57:04,2013-08-04 00:04:04,7.0,1
158514,1375570663620000013,20000013,2013-08-03 23:57:43,2013-08-04 00:04:13,6.5,1
158536,1375570703620000006,20000006,2013-08-03 23:58:23,2013-08-04 00:05:08,6.8,1
158451,1375570712620000674,20000674,2013-08-03 23:58:32,2013-08-04 00:09:32,11.0,1
160776,1375570713620000389,20000389,2013-08-03 23:58:33,2013-08-04 00:47:18,48.8,1
158511,1375570737620000611,20000611,2013-08-03 23:58:57,2013-08-04 00:16:12,17.3,1
158603,1375570761620000618,20000618,2013-08-03 23:59:21,2013-08-04 00:14:36,15.3,1
158464,1375570773620000195,20000195,2013-08-03 23:59:33,2013-08-04 00:10:33,11.0,1
158532,1375570787620000192,20000192,2013-08-03 23:59:47,2013-08-04 00:14:17,14.5,1
162675,1375654452620000472,20000472,2013-08-04 23:14:12,2013-08-05 00:02:12,48.0,1
162378,1375655519620000015,20000015,2013-08-04 23:31:59,2013-08-05 00:01:29,29.5,1
162543,1375656020620000395,20000395,2013-08-04 23:40:20,2013-08-05 00:21:05,40.8,1
162514,1375656258620000337,20000337,2013-08-04 23:44:18,2013-08-05 00:13:03,28.8,1
162421,1375656489620000574,20000574,2013-08-04 23:48:09,2013-08-05 00:20:09,32.0,1
163149,1375656612620000311,20000311,2013-08-04 23:50:12,2013-08-05 00:04:27,14.3,1
162399,1375656752620000249,20000249,2013-08-04 23:52:32,2013-08-05 00:01:17,8.8,1
162419,1375656799620000140,20000140,2013-08-04 23:53:19,2013-08-05 00:02:49,9.5,1
162385,1375656845620000518,20000518,2013-08-04 23:54:05,2013-08-05 00:01:35,7.5,1
163174,1375656898620000256,20000256,2013-08-04 23:54:58,2013-08-05 00:02:28,7.5,1
162391,1375656937620000310,20000310,2013-08-04 23:55:37,2013-08-05 00:11:37,16.0,1
162405,1375657007620000254,20000254,2013-08-04 23:56:47,2013-08-05 00:01:17,4.5,1
162436,1375657008620000687,20000687,2013-08-04 23:56:48,2013-08-05 00:04:48,8.0,1
162411,1375657015620000663,20000663,2013-08-04 23:56:55,2013-08-05 00:01:25,4.5,1
162382,1375657025620000011,20000011,2013-08-04 23:57:05,2013-08-05 00:02:50,5.8,1
164731,1375657037620000483,20000483,2013-08-04 23:57:17,2013-08-05 00:18:17,21.0,1
162406,1375657051620000108,20000108,2013-08-04 23:57:31,2013-08-05 00:08:46,11.3,1
162398,1375657078620000492,20000492,2013-08-04 23:57:58,2013-08-05 00:05:58,8.0,1
162445,1375657170620000517,20000517,2013-08-04 23:59:30,2013-08-05 00:07:45,8.3,1
162386,1375657177620000653,20000653,2013-08-04 23:59:37,2013-08-05 00:04:37,5.0,1
162462,1375657187620000359,20000359,2013-08-04 23:59:47,2013-08-05 00:13:47,14.0,1
166516,1375737004620000472,20000472,2013-08-05 22:10:04,2013-08-06 00:42:34,152.5,1
166124,1375743112620000529,20000529,2013-08-05 23:51:52,2013-08-06 00:00:52,9.0,1
166392,1375743153620000370,20000370,2013-08-05 23:52:33,2013-08-06 00:00:33,8.0,1
167053,1375743155620000101,20000101,2013-08-05 23:52:35,2013-08-06 00:03:05,10.5,1
166274,1375743173620000476,20000476,2013-08-05 23:52:53,2013-08-06 00:02:23,9.5,1
166160,1375743186620000195,20000195,2013-08-05 23:53:06,2013-08-06 00:03:36,10.5,1
166098,1375743253620000254,20000254,2013-08-05 23:54:13,2013-08-06 00:00:28,6.3,1
166251,1375743258620000364,20000364,2013-08-05 23:54:18,2013-08-06 00:03:03,8.8,1
166107,1375743334620000598,20000598,2013-08-05 23:55:34,2013-08-06 00:02:04,6.5,1
166171,1375743360620000624,20000624,2013-08-05 23:56:00,2013-08-06 00:07:45,11.8,1
166120,1375743404620000037,20000037,2013-08-05 23:56:44,2013-08-06 00:04:59,8.3,1
166623,1375743464620000324,20000324,2013-08-05 23:57:44,2013-08-06 00:02:14,4.5,1
166295,1375743472620000603,20000603,2013-08-05 23:57:52,2013-08-06 00:01:52,4.0,1
166428,1375743585620000525,20000525,2013-08-05 23:59:45,2013-08-06 00:15:45,16.0,1
170312,1375827705620000486,20000486,2013-08-06 23:21:45,2013-08-07 00:05:30,43.8,1
170170,1375828562620000626,20000626,2013-08-06 23:36:02,2013-08-07 00:14:02,38.0,1
170835,1375829133620000901,20000901,2013-08-06 23:45:33,2013-08-07 00:02:03,16.5,1
170134,1375829174620000252,20000252,2013-08-06 23:46:14,2013-08-07 00:04:59,18.8,1
170177,1375829285620000663,20000663,2013-08-06 23:48:05,2013-08-07 00:05:50,17.8,1
170109,1375829301620000004,20000004,2013-08-06 23:48:21,2013-08-07 00:04:21,16.0,1
170319,1375829489620000171,20000171,2013-08-06 23:51:29,2013-08-07 00:02:44,11.3,1
170169,1375829535620000483,20000483,2013-08-06 23:52:15,2013-08-07 00:03:45,11.5,1
170131,1375829563620000529,20000529,2013-08-06 23:52:43,2013-08-07 00:14:13,21.5,1
170439,1375829565620000042,20000042,2013-08-06 23:52:45,2013-08-07 00:03:45,11.0,1
170248,1375829746620000540,20000540,2013-08-06 23:55:46,2013-08-07 00:06:31,10.8,1
170128,1375829760620000268,20000268,2013-08-06 23:56:00,2013-08-07 00:00:45,4.8,1
170152,1375829834620000624,20000624,2013-08-06 23:57:14,2013-08-07 00:01:14,4.0,1
170116,1375829862620000179,20000179,2013-08-06 23:57:42,2013-08-07 00:06:27,8.8,1
170235,1375829869620000424,20000424,2013-08-06 23:57:49,2013-08-07 00:00:34,2.8,1
170190,1375829875620000688,20000688,2013-08-06 23:57:55,2013-08-07 00:09:55,12.0,1
170237,1375829886620000611,20000611,2013-08-06 23:58:06,2013-08-07 00:06:06,8.0,1
170306,1375829905620000675,20000675,2013-08-06 23:58:25,2013-08-07 00:10:25,12.0,1
170595,1375829921620000060,20000060,2013-08-06 23:58:41,2013-08-07 00:03:41,5.0,1
170199,1375829931620000160,20000160,2013-08-06 23:58:51,2013-08-07 00:11:36,12.8,1
170223,1375829970620000105,20000105,2013-08-06 23:59:30,2013-08-07 00:07:00,7.5,1
174345,1375912944620000276,20000276,2013-08-07 23:02:24,2013-08-08 00:03:39,61.3,1
174587,1375915380620000199,20000199,2013-08-07 23:43:00,2013-08-08 00:28:45,45.8,1
174117,1375915466620000517,20000517,2013-08-07 23:44:26,2013-08-08 00:01:41,17.3,1
174160,1375915793620000263,20000263,2013-08-07 23:49:53,2013-08-08 00:11:08,21.3,1
174116,1375915798620000304,20000304,2013-08-07 23:49:58,2013-08-08 00:01:13,11.3,1
174415,1375915849620000589,20000589,2013-08-07 23:50:49,2013-08-08 00:02:19,11.5,1
174099,1375915925620000309,20000309,2013-08-07 23:52:05,2013-08-08 00:06:35,14.5,1
174196,1375915929620000577,20000577,2013-08-07 23:52:09,2013-08-08 00:04:54,12.8,1
174162,1375915939620000598,20000598,2013-08-07 23:52:19,2013-08-08 00:06:19,14.0,1
174132,1375915960620000009,20000009,2013-08-07 23:52:40,2013-08-08 00:01:40,9.0,1
174417,1375915973620000684,20000684,2013-08-07 23:52:53,2013-08-08 00:01:23,8.5,1
174128,1375916022620000446,20000446,2013-08-07 23:53:42,2013-08-08 00:01:57,8.3,1
174220,1375916103620000105,20000105,2013-08-07 23:55:03,2013-08-08 00:01:18,6.3,1
174107,1375916105620000903,20000903,2013-08-07 23:55:05,2013-08-08 00:02:50,7.8,1
174166,1375916119620000424,20000424,2013-08-07 23:55:19,2013-08-08 00:04:19,9.0,1
174191,1375916132620000325,20000325,2013-08-07 23:55:32,2013-08-08 00:02:02,6.5,1
174202,1375916215620000483,20000483,2013-08-07 23:56:55,2013-08-08 00:08:25,11.5,1
174320,1375916216620000201,20000201,2013-08-07 23:56:56,2013-08-08 00:03:26,6.5,1
174205,1375916221620000570,20000570,2013-08-07 23:57:01,2013-08-08 00:12:01,15.0,1
174109,1375916239620000231,20000231,2013-08-07 23:57:19,2013-08-08 00:01:49,4.5,1
174319,1375916249620000473,20000473,2013-08-07 23:57:29,2013-08-08 00:03:14,5.8,1
174093,1375916323620000086,20000086,2013-08-07 23:58:43,2013-08-08 00:00:58,2.3,1
175390,1375916351620000053,20000053,2013-08-07 23:59:11,2013-08-08 00:03:41,4.5,1
174234,1375916361620000603,20000603,2013-08-07 23:59:21,2013-08-08 00:08:21,9.0,1
174257,1375916379620000540,20000540,2013-08-07 23:59:39,2013-08-08 00:07:39,8.0,1
182818,1375981643620000520,20000520,2013-08-08 18:07:23,2013-08-09 06:20:53,733.5,1
178688,1376001586620000395,20000395,2013-08-08 23:39:46,2013-08-09 00:29:31,49.8,1
178525,1376001891620000624,20000624,2013-08-08 23:44:51,2013-08-09 00:00:36,15.8,1
182005,1376002206620000215,20000215,2013-08-08 23:50:06,2013-08-09 00:02:06,12.0,1
178645,1376002225620000359,20000359,2013-08-08 23:50:25,2013-08-09 00:04:55,14.5,1
178547,1376002238620000254,20000254,2013-08-08 23:50:38,2013-08-09 00:01:53,11.3,1
178572,1376002297620000140,20000140,2013-08-08 23:51:37,2013-08-09 00:02:52,11.3,1
178498,1376002328620000037,20000037,2013-08-08 23:52:08,2013-08-09 00:03:38,11.5,1
178586,1376002351620000231,20000231,2013-08-08 23:52:31,2013-08-09 00:01:01,8.5,1
178786,1376002389620000454,20000454,2013-08-08 23:53:09,2013-08-09 00:13:54,20.8,1
178575,1376002401620000338,20000338,2013-08-08 23:53:21,2013-08-09 00:05:06,11.8,1
178542,1376002464620000380,20000380,2013-08-08 23:54:24,2013-08-09 00:03:39,9.3,1
178805,1376002465620000154,20000154,2013-08-08 23:54:25,2013-08-09 00:05:25,11.0,1
178644,1376002577620000900,20000900,2013-08-08 23:56:17,2013-08-09 00:03:02,6.8,1
178580,1376002589620000529,20000529,2013-08-08 23:56:29,2013-08-09 00:01:29,5.0,1
178530,1376002595620000517,20000517,2013-08-08 23:56:35,2013-08-09 00:10:35,14.0,1
178601,1376002602620000492,20000492,2013-08-08 23:56:42,2013-08-09 00:05:42,9.0,1
178696,1376002619620000006,20000006,2013-08-08 23:56:59,2013-08-09 00:03:14,6.3,1
178519,1376002702620000310,20000310,2013-08-08 23:58:22,2013-08-09 00:09:37,11.3,1
183120,1376087451620000541,20000541,2013-08-09 23:30:51,2013-08-10 00:01:51,31.0,1
183278,1376087849620000520,20000520,2013-08-09 23:37:29,2013-08-10 00:09:29,32.0,1
183178,1376088059620000256,20000256,2013-08-09 23:40:59,2013-08-10 00:00:29,19.5,1
183288,1376088370620000140,20000140,2013-08-09 23:46:10,2013-08-10 00:07:55,21.8,1
183279,1376088396620000022,20000022,2013-08-09 23:46:36,2013-08-10 00:04:36,18.0,1
184774,1376088515620000668,20000668,2013-08-09 23:48:35,2013-08-10 00:27:50,39.3,1
183183,1376088518620000687,20000687,2013-08-09 23:48:38,2013-08-10 00:09:38,21.0,1
183620,1376088564620000453,20000453,2013-08-09 23:49:24,2013-08-10 00:05:39,16.3,1
183187,1376088566620000045,20000045,2013-08-09 23:49:26,2013-08-10 00:00:56,11.5,1
183140,1376088591620000574,20000574,2013-08-09 23:49:51,2013-08-10 00:00:21,10.5,1
183448,1376088612620000446,20000446,2013-08-09 23:50:12,2013-08-10 00:03:12,13.0,1
183222,1376088619620000517,20000517,2013-08-09 23:50:19,2013-08-10 00:00:34,10.3,1
183119,1376088623620000406,20000406,2013-08-09 23:50:23,2013-08-10 00:03:23,13.0,1
183210,1376088631620000108,20000108,2013-08-09 23:50:31,2013-08-10 00:01:46,11.3,1
183163,1376088647620000483,20000483,2013-08-09 23:50:47,2013-08-10 00:02:17,11.5,1
183121,1376088832620000343,20000343,2013-08-09 23:53:52,2013-08-10 00:05:22,11.5,1
183426,1376088832620000020,20000020,2013-08-09 23:53:52,2013-08-10 00:00:37,6.8,1
183289,1376088835620000360,20000360,2013-08-09 23:53:55,2013-08-10 00:00:40,6.8,1
183372,1376088881620000424,20000424,2013-08-09 23:54:41,2013-08-10 00:03:26,8.8,1
183148,1376088916620000671,20000671,2013-08-09 23:55:16,2013-08-10 00:01:01,5.8,1
183202,1376088924620000472,20000472,2013-08-09 23:55:24,2013-08-10 00:09:24,14.0,1
183250,1376088932620000005,20000005,2013-08-09 23:55:32,2013-08-10 00:03:17,7.8,1
183381,1376088995620000387,20000387,2013-08-09 23:56:35,2013-08-10 00:05:20,8.8,1
183252,1376089000620000540,20000540,2013-08-09 23:56:40,2013-08-10 00:02:25,5.8,1
183335,1376089009620000105,20000105,2013-08-09 23:56:49,2013-08-10 00:04:04,7.3,1
183271,1376089027620000454,20000454,2013-08-09 23:57:07,2013-08-10 00:03:22,6.3,1
183228,1376089069620000356,20000356,2013-08-09 23:57:49,2013-08-10 00:17:19,19.5,1
183326,1376089139620000006,20000006,2013-08-09 23:58:59,2013-08-10 00:04:29,5.5,1
183191,1376089160620000041,20000041,2013-08-09 23:59:20,2013-08-10 00:08:20,9.0,1
183216,1376089186620000089,20000089,2013-08-09 23:59:46,2013-08-10 00:07:16,7.5,1
183376,1376089189620000662,20000662,2013-08-09 23:59:49,2013-08-10 00:11:34,11.8,1
183473,1376089189620000600,20000600,2013-08-09 23:59:49,2013-08-10 00:15:19,15.5,1
183375,1376089193620000273,20000273,2013-08-09 23:59:53,2013-08-10 00:13:23,13.5,1
183147,1376089195620000529,20000529,2013-08-09 23:59:55,2013-08-10 00:04:55,5.0,1
183423,1376089199620000649,20000649,2013-08-09 23:59:59,2013-08-10 00:10:59,11.0,1
187992,1376173237620000199,20000199,2013-08-10 23:20:37,2013-08-11 00:20:52,60.3,1
188006,1376174264620000153,20000153,2013-08-10 23:37:44,2013-08-11 00:19:59,42.3,1
187730,1376174563620000108,20000108,2013-08-10 23:42:43,2013-08-11 00:15:28,32.8,1
187727,1376174738620000687,20000687,2013-08-10 23:45:38,2013-08-11 00:02:08,16.5,1
187741,1376174859620000624,20000624,2013-08-10 23:47:39,2013-08-11 00:00:54,13.3,1
187685,1376174938620000529,20000529,2013-08-10 23:48:58,2013-08-11 00:00:43,11.8,1
188364,1376174941620000031,20000031,2013-08-10 23:49:01,2013-08-11 00:02:16,13.3,1
189387,1376174961620000058,20000058,2013-08-10 23:49:21,2013-08-11 00:00:51,11.5,1
187671,1376174972620000657,20000657,2013-08-10 23:49:32,2013-08-11 00:03:17,13.8,1
187865,1376175027620000389,20000389,2013-08-10 23:50:27,2013-08-11 00:00:12,9.8,1
188064,1376175055620000309,20000309,2013-08-10 23:50:55,2013-08-11 00:01:40,10.8,1
187678,1376175071620000517,20000517,2013-08-10 23:51:11,2013-08-11 00:01:41,10.5,1
188078,1376175074620000015,20000015,2013-08-10 23:51:14,2013-08-11 00:01:59,10.8,1
187765,1376175099620000101,20000101,2013-08-10 23:51:39,2013-08-11 00:04:54,13.3,1
187909,1376175112620000514,20000514,2013-08-10 23:51:52,2013-08-11 00:09:22,17.5,1
187957,1376175168620000089,20000089,2013-08-10 23:52:48,2013-08-11 00:02:03,9.3,1
187863,1376175181620000482,20000482,2013-08-10 23:53:01,2013-08-11 00:33:31,40.5,1
189959,1376175290620000509,20000509,2013-08-10 23:54:50,2013-08-11 00:07:05,12.3,1
187920,1376175321620000252,20000252,2013-08-10 23:55:21,2013-08-11 00:00:51,5.5,1
187761,1376175359620000680,20000680,2013-08-10 23:55:59,2013-08-11 00:04:44,8.8,1
187822,1376175385620000395,20000395,2013-08-10 23:56:25,2013-08-11 00:20:55,24.5,1
188118,1376175400620000663,20000663,2013-08-10 23:56:40,2013-08-11 00:02:25,5.8,1
187791,1376175404620000009,20000009,2013-08-10 23:56:44,2013-08-11 00:06:14,9.5,1
187744,1376175408620000010,20000010,2013-08-10 23:56:48,2013-08-11 00:05:33,8.8,1
188013,1376175411620000472,20000472,2013-08-10 23:56:51,2013-08-11 00:16:36,19.8,1
187722,1376175421620000684,20000684,2013-08-10 23:57:01,2013-08-11 00:06:46,9.8,1
187835,1376175426620000450,20000450,2013-08-10 23:57:06,2013-08-11 00:04:21,7.3,1
187790,1376175428620000157,20000157,2013-08-10 23:57:08,2013-08-11 00:07:53,10.8,1
187692,1376175438620000574,20000574,2013-08-10 23:57:18,2013-08-11 00:02:18,5.0,1
187888,1376175454620000231,20000231,2013-08-10 23:57:34,2013-08-11 00:16:34,19.0,1
187862,1376175455620000588,20000588,2013-08-10 23:57:35,2013-08-11 00:03:20,5.8,1
187780,1376175466620000430,20000430,2013-08-10 23:57:46,2013-08-11 00:22:01,24.3,1
187673,1376175469620000570,20000570,2013-08-10 23:57:49,2013-08-11 00:03:04,5.3,1
188021,1376175479620000387,20000387,2013-08-10 23:57:59,2013-08-11 00:07:44,9.8,1
189933,1376175495620000605,20000605,2013-08-10 23:58:15,2013-08-11 00:15:15,17.0,1
187716,1376175505620000173,20000173,2013-08-10 23:58:25,2013-08-11 00:03:40,5.3,1
187728,1376175515620000005,20000005,2013-08-10 23:58:35,2013-08-11 00:16:35,18.0,1
187803,1376175520620000458,20000458,2013-08-10 23:58:40,2013-08-11 00:08:10,9.5,1
187699,1376175536620000280,20000280,2013-08-10 23:58:56,2013-08-11 00:05:56,7.0,1
187755,1376175567620000325,20000325,2013-08-10 23:59:27,2013-08-11 00:06:12,6.8,1
187675,1376175579620000481,20000481,2013-08-10 23:59:39,2013-08-11 00:05:24,5.8,1
191855,1376260080620000403,20000403,2013-08-11 23:28:00,2013-08-12 01:18:30,110.5,1
195331,1376260151620000356,20000356,2013-08-11 23:29:11,2013-08-12 00:29:26,60.3,1
191699,1376260311620000542,20000542,2013-08-11 23:31:51,2013-08-12 01:00:51,89.0,1
191689,1376260602620000233,20000233,2013-08-11 23:36:42,2013-08-12 00:03:12,26.5,1
191642,1376260788620000492,20000492,2013-08-11 23:39:48,2013-08-12 00:01:33,21.8,1
191672,1376261043620000688,20000688,2013-08-11 23:44:03,2013-08-12 00:07:18,23.3,1
191772,1376261435620000616,20000616,2013-08-11 23:50:35,2013-08-12 00:09:35,19.0,1
191648,1376261550620000465,20000465,2013-08-11 23:52:30,2013-08-12 00:01:00,8.5,1
191669,1376261552620000454,20000454,2013-08-11 23:52:32,2013-08-12 00:02:17,9.8,1
191688,1376261679620000663,20000663,2013-08-11 23:54:39,2013-08-12 00:04:39,10.0,1
191707,1376261690620000481,20000481,2013-08-11 23:54:50,2013-08-12 00:01:05,6.3,1
192409,1376261721620000160,20000160,2013-08-11 23:55:21,2013-08-12 00:03:51,8.5,1
191632,1376261756620000249,20000249,2013-08-11 23:55:56,2013-08-12 00:05:41,9.8,1
191737,1376261759620000648,20000648,2013-08-11 23:55:59,2013-08-12 00:10:59,15.0,1
191736,1376261841620000611,20000611,2013-08-11 23:57:21,2013-08-12 00:45:36,48.3,1
191624,1376261865620000360,20000360,2013-08-11 23:57:45,2013-08-12 00:00:45,3.0,1
192200,1376261894620000297,20000297,2013-08-11 23:58:14,2013-08-12 00:07:29,9.3,1
191715,1376261904620000005,20000005,2013-08-11 23:58:24,2013-08-12 00:01:24,3.0,1
191663,1376261928620000004,20000004,2013-08-11 23:58:48,2013-08-12 00:07:48,9.0,1
191674,1376261932620000395,20000395,2013-08-11 23:58:52,2013-08-12 00:33:07,34.3,1
191670,1376261942620000140,20000140,2013-08-11 23:59:02,2013-08-12 00:07:17,8.3,1
192025,1376261950620000101,20000101,2013-08-11 23:59:10,2013-08-12 00:36:25,37.3,1
191653,1376261985620000569,20000569,2013-08-11 23:59:45,2013-08-12 00:14:45,15.0,1
195881,1376344330620000663,20000663,2013-08-12 22:52:10,2013-08-13 00:32:10,100.0,1
196009,1376346485620000625,20000625,2013-08-12 23:28:05,2013-08-13 00:09:50,41.8,1
195760,1376347113620000570,20000570,2013-08-12 23:38:33,2013-08-13 00:09:18,30.8,1
195758,1376347524620000574,20000574,2013-08-12 23:45:24,2013-08-13 00:06:24,21.0,1
196170,1376347637620000042,20000042,2013-08-12 23:47:17,2013-08-13 00:16:32,29.3,1
195840,1376347665620000233,20000233,2013-08-12 23:47:45,2013-08-13 00:01:30,13.8,1
195807,1376347824620000167,20000167,2013-08-12 23:50:24,2013-08-13 00:08:54,18.5,1
195744,1376347950620000344,20000344,2013-08-12 23:52:30,2013-08-13 00:00:30,8.0,1
195804,1376347998620000356,20000356,2013-08-12 23:53:18,2013-08-13 00:04:03,10.8,1
195951,1376348000620000616,20000616,2013-08-12 23:53:20,2013-08-13 00:02:35,9.3,1
195738,1376348012620000359,20000359,2013-08-12 23:53:32,2013-08-13 00:02:02,8.5,1
195851,1376348029620000325,20000325,2013-08-12 23:53:49,2013-08-13 00:03:49,10.0,1
196004,1376348042620000626,20000626,2013-08-12 23:54:02,2013-08-13 00:01:02,7.0,1
195812,1376348130620000398,20000398,2013-08-12 23:55:30,2013-08-13 00:00:00,4.5,1
195814,1376348136620000037,20000037,2013-08-12 23:55:36,2013-08-13 00:04:36,9.0,1
195747,1376348215620000239,20000239,2013-08-12 23:56:55,2013-08-13 00:04:10,7.3,1
195779,1376348272620000235,20000235,2013-08-12 23:57:52,2013-08-13 00:07:37,9.8,1
195823,1376348308620000554,20000554,2013-08-12 23:58:28,2013-08-13 00:02:28,4.0,1
195820,1376348356620000108,20000108,2013-08-12 23:59:16,2013-08-13 00:08:46,9.5,1
195825,1376348360620000424,20000424,2013-08-12 23:59:20,2013-08-13 00:07:20,8.0,1
200092,1376433404620000304,20000304,2013-08-13 23:36:44,2013-08-14 00:07:44,31.0,1
200090,1376433520620000345,20000345,2013-08-13 23:38:40,2013-08-14 00:16:10,37.5,1
200042,1376433596620000665,20000665,2013-08-13 23:39:56,2013-08-14 00:02:41,22.8,1
200080,1376433967620000571,20000571,2013-08-13 23:46:07,2013-08-14 00:02:07,16.0,1
200073,1376434067620000514,20000514,2013-08-13 23:47:47,2013-08-14 00:12:32,24.8,1
200050,1376434117620000624,20000624,2013-08-13 23:48:37,2013-08-14 00:04:37,16.0,1
200037,1376434194620000309,20000309,2013-08-13 23:49:54,2013-08-14 00:02:39,12.8,1
200088,1376434316620000529,20000529,2013-08-13 23:51:56,2013-08-14 00:01:26,9.5,1
200083,1376434341620000684,20000684,2013-08-13 23:52:21,2013-08-14 00:01:06,8.8,1
200099,1376434489620000140,20000140,2013-08-13 23:54:49,2013-08-14 00:02:19,7.5,1
202640,1376434518620000260,20000260,2013-08-13 23:55:18,2013-08-14 00:16:03,20.8,1
200175,1376434530620000561,20000561,2013-08-13 23:55:30,2013-08-14 00:03:00,7.5,1
200102,1376434545620000108,20000108,2013-08-13 23:55:45,2013-08-14 00:09:15,13.5,1
200127,1376434551620000392,20000392,2013-08-13 23:55:51,2013-08-14 00:00:36,4.8,1
200063,1376434569620000280,20000280,2013-08-13 23:56:09,2013-08-14 00:03:39,7.5,1
200440,1376434609620000153,20000153,2013-08-13 23:56:49,2013-08-14 00:03:49,7.0,1
200201,1376434623620000663,20000663,2013-08-13 23:57:03,2013-08-14 00:05:48,8.8,1
200364,1376434626620000231,20000231,2013-08-13 23:57:06,2013-08-14 00:02:06,5.0,1
200047,1376434632620000520,20000520,2013-08-13 23:57:12,2013-08-14 00:04:57,7.8,1
200038,1376434641620000364,20000364,2013-08-13 23:57:21,2013-08-14 00:06:36,9.3,1
200167,1376434649620000173,20000173,2013-08-13 23:57:29,2013-08-14 00:06:29,9.0,1
200101,1376434695620000351,20000351,2013-08-13 23:58:15,2013-08-14 00:08:15,10.0,1
200172,1376434713620000463,20000463,2013-08-13 23:58:33,2013-08-14 00:05:48,7.3,1
200052,1376434717620000006,20000006,2013-08-13 23:58:37,2013-08-14 00:05:37,7.0,1
200039,1376434732620000406,20000406,2013-08-13 23:58:52,2013-08-14 00:06:52,8.0,1
200089,1376434771620000574,20000574,2013-08-13 23:59:31,2013-08-14 00:07:01,7.5,1
205434,1376504710620000520,20000520,2013-08-14 19:25:10,2013-08-15 05:05:55,580.8,1
204846,1376519454620000023,20000023,2013-08-14 23:30:54,2013-08-15 00:20:24,49.5,1
204484,1376520261620000310,20000310,2013-08-14 23:44:21,2013-08-15 00:05:21,21.0,1
204453,1376520350620000337,20000337,2013-08-14 23:45:50,2013-08-15 00:01:50,16.0,1
204419,1376520434620000101,20000101,2013-08-14 23:47:14,2013-08-15 00:01:44,14.5,1
204575,1376520530620000518,20000518,2013-08-14 23:48:50,2013-08-15 00:00:35,11.8,1
204435,1376520544620000304,20000304,2013-08-14 23:49:04,2013-08-15 00:00:04,11.0,1
204538,1376520553620000554,20000554,2013-08-14 23:49:13,2013-08-15 00:01:58,12.8,1
204829,1376520561620000435,20000435,2013-08-14 23:49:21,2013-08-15 00:12:06,22.8,1
204422,1376520602620000120,20000120,2013-08-14 23:50:02,2013-08-15 00:00:32,10.5,1
204450,1376520612620000037,20000037,2013-08-14 23:50:12,2013-08-15 00:10:12,20.0,1
206109,1376520617620000058,20000058,2013-08-14 23:50:17,2013-08-15 00:04:17,14.0,1
204530,1376520621620000376,20000376,2013-08-14 23:50:21,2013-08-15 00:04:21,14.0,1
204552,1376520655620000297,20000297,2013-08-14 23:50:55,2013-08-15 00:01:55,11.0,1
204754,1376520683620000409,20000409,2013-08-14 23:51:23,2013-08-15 00:02:38,11.3,1
206178,1376520709620000430,20000430,2013-08-14 23:51:49,2013-08-15 00:04:34,12.8,1
204613,1376520784620000470,20000470,2013-08-14 23:53:04,2013-08-15 00:01:04,8.0,1
204451,1376520814620000364,20000364,2013-08-14 23:53:34,2013-08-15 00:04:34,11.0,1
204503,1376520814620000529,20000529,2013-08-14 23:53:34,2013-08-15 00:00:34,7.0,1
204478,1376520825620000077,20000077,2013-08-14 23:53:45,2013-08-15 00:02:30,8.8,1
204472,1376520833620000192,20000192,2013-08-14 23:53:53,2013-08-15 00:17:53,24.0,1
204505,1376520881620000663,20000663,2013-08-14 23:54:41,2013-08-15 00:01:26,6.8,1
204558,1376520929620000456,20000456,2013-08-14 23:55:29,2013-08-15 00:15:59,20.5,1
204447,1376520966620000008,20000008,2013-08-14 23:56:06,2013-08-15 00:11:36,15.5,1
204656,1376520990620000256,20000256,2013-08-14 23:56:30,2013-08-15 00:06:45,10.3,1
204432,1376521002620000254,20000254,2013-08-14 23:56:42,2013-08-15 00:01:57,5.3,1
204445,1376521004620000022,20000022,2013-08-14 23:56:44,2013-08-15 00:02:59,6.3,1
204504,1376521055620000688,20000688,2013-08-14 23:57:35,2013-08-15 00:04:35,7.0,1
204562,1376521086620000239,20000239,2013-08-14 23:58:06,2013-08-15 00:10:21,12.3,1
204572,1376521089620000249,20000249,2013-08-14 23:58:09,2013-08-15 00:10:54,12.8,1
204761,1376521098620000503,20000503,2013-08-14 23:58:18,2013-08-15 00:04:48,6.5,1
204556,1376521134620000051,20000051,2013-08-14 23:58:54,2013-08-15 00:07:39,8.8,1
204663,1376521156620000570,20000570,2013-08-14 23:59:16,2013-08-15 00:09:16,10.0,1
204449,1376521161620000344,20000344,2013-08-14 23:59:21,2013-08-15 00:04:51,5.5,1
208300,1376606332620000304,20000304,2013-08-15 23:38:52,2013-08-16 00:11:37,32.8,1
208249,1376606489620000370,20000370,2013-08-15 23:41:29,2013-08-16 00:04:44,23.3,1
208378,1376606566620000011,20000011,2013-08-15 23:42:46,2013-08-16 00:01:16,18.5,1
208576,1376606957620000653,20000653,2013-08-15 23:49:17,2013-08-16 00:09:32,20.3,1
208315,1376607023620000665,20000665,2013-08-15 23:50:23,2013-08-16 00:01:23,11.0,1
208770,1376607104620000007,20000007,2013-08-15 23:51:44,2013-08-16 00:04:44,13.0,1
208365,1376607152620000574,20000574,2013-08-15 23:52:32,2013-08-16 00:13:47,21.3,1
208250,1376607178620000260,20000260,2013-08-15 23:52:58,2013-08-16 00:08:13,15.3,1
208381,1376607193620000004,20000004,2013-08-15 23:53:13,2013-08-16 00:08:58,15.8,1
208324,1376607241620000520,20000520,2013-08-15 23:54:01,2013-08-16 00:02:31,8.5,1
208241,1376607247620000472,20000472,2013-08-15 23:54:07,2013-08-16 00:04:37,10.5,1
208321,1376607265620000525,20000525,2013-08-15 23:54:25,2013-08-16 00:02:40,8.3,1
208337,1376607268620000015,20000015,2013-08-15 23:54:28,2013-08-16 00:09:43,15.3,1
208475,1376607360620000105,20000105,2013-08-15 23:56:00,2013-08-16 00:12:15,16.3,1
208347,1376607387620000372,20000372,2013-08-15 23:56:27,2013-08-16 00:11:27,15.0,1
208306,1376607408620000662,20000662,2013-08-15 23:56:48,2013-08-16 00:17:48,21.0,1
208251,1376607415620000424,20000424,2013-08-15 23:56:55,2013-08-16 00:06:25,9.5,1
208627,1376607423620000554,20000554,2013-08-15 23:57:03,2013-08-16 00:16:18,19.3,1
208806,1376607469620000030,20000030,2013-08-15 23:57:49,2013-08-16 00:10:49,13.0,1
208286,1376607507620000060,20000060,2013-08-15 23:58:27,2013-08-16 00:10:42,12.3,1
208366,1376607515620000440,20000440,2013-08-15 23:58:35,2013-08-16 00:07:05,8.5,1
208284,1376607522620000688,20000688,2013-08-15 23:58:42,2013-08-16 00:01:27,2.8,1
208344,1376607554620000483,20000483,2013-08-15 23:59:14,2013-08-16 00:10:14,11.0,1
213167,1376685797620000250,20000250,2013-08-16 21:43:17,2013-08-17 00:57:17,194.0,1
212524,1376690005620000009,20000009,2013-08-16 22:53:25,2013-08-17 00:09:55,76.5,1
212406,1376692888620000403,20000403,2013-08-16 23:41:28,2013-08-17 00:00:28,19.0,1
212436,1376693157620000307,20000307,2013-08-16 23:45:57,2013-08-17 00:01:12,15.3,1
212425,1376693229620000007,20000007,2013-08-16 23:47:09,2013-08-17 00:09:24,22.3,1
215017,1376693278620000054,20000054,2013-08-16 23:47:58,2013-08-17 00:01:13,13.3,1
212548,1376693327620000632,20000632,2013-08-16 23:48:47,2013-08-17 00:00:02,11.3,1
212427,1376693332620000657,20000657,2013-08-16 23:48:52,2013-08-17 00:00:22,11.5,1
212518,1376693378620000297,20000297,2013-08-16 23:49:38,2013-08-17 00:06:08,16.5,1
212525,1376693412620000517,20000517,2013-08-16 23:50:12,2013-08-17 00:02:42,12.5,1
212761,1376693420620000042,20000042,2013-08-16 23:50:20,2013-08-17 00:33:20,43.0,1
212485,1376693477620000549,20000549,2013-08-16 23:51:17,2013-08-17 00:03:17,12.0,1
212612,1376693580620000337,20000337,2013-08-16 23:53:00,2013-08-17 00:51:00,58.0,1
212642,1376693582620000067,20000067,2013-08-16 23:53:02,2013-08-17 00:01:47,8.8,1
212447,1376693583620000153,20000153,2013-08-16 23:53:03,2013-08-17 00:02:33,9.5,1
212491,1376693609620000520,20000520,2013-08-16 23:53:29,2013-08-17 00:01:29,8.0,1
213742,1376693612620000038,20000038,2013-08-16 23:53:32,2013-08-17 00:04:17,10.8,1
212532,1376693615620000254,20000254,2013-08-16 23:53:35,2013-08-17 00:03:05,9.5,1
212556,1376693629620000310,20000310,2013-08-16 23:53:49,2013-08-17 00:15:04,21.3,1
212876,1376693634620000446,20000446,2013-08-16 23:53:54,2013-08-17 00:02:54,9.0,1
212471,1376693719620000492,20000492,2013-08-16 23:55:19,2013-08-17 00:09:49,14.5,1
212498,1376693723620000004,20000004,2013-08-16 23:55:23,2013-08-17 00:06:53,11.5,1
212751,1376693760620000596,20000596,2013-08-16 23:56:00,2013-08-17 00:03:30,7.5,1
212412,1376693776620000359,20000359,2013-08-16 23:56:16,2013-08-17 00:05:31,9.3,1
212839,1376693780620000201,20000201,2013-08-16 23:56:20,2013-08-17 00:01:35,5.3,1
212733,1376693828620000610,20000610,2013-08-16 23:57:08,2013-08-17 00:15:23,18.3,1
212416,1376693837620000268,20000268,2013-08-16 23:57:17,2013-08-17 00:06:32,9.3,1
212469,1376693843620000649,20000649,2013-08-16 23:57:23,2013-08-17 00:06:38,9.3,1
212575,1376693843620000255,20000255,2013-08-16 23:57:23,2013-08-17 00:24:23,27.0,1
212478,1376693879620000671,20000671,2013-08-16 23:57:59,2013-08-17 00:07:59,10.0,1
212769,1376693916620000053,20000053,2013-08-16 23:58:36,2013-08-17 00:06:36,8.0,1
212444,1376693946620000081,20000081,2013-08-16 23:59:06,2013-08-17 00:12:06,13.0,1
212515,1376693952620000395,20000395,2013-08-16 23:59:12,2013-08-17 00:09:27,10.3,1
212462,1376693959620000503,20000503,2013-08-16 23:59:19,2013-08-17 00:05:19,6.0,1
212523,1376693965620000344,20000344,2013-08-16 23:59:25,2013-08-17 00:04:40,5.3,1
212458,1376693975620000380,20000380,2013-08-16 23:59:35,2013-08-17 00:12:50,13.3,1
216601,1376775911620000686,20000686,2013-08-17 22:45:11,2013-08-18 00:33:11,108.0,1
216378,1376779498620000089,20000089,2013-08-17 23:44:58,2013-08-18 00:06:58,22.0,1
216624,1376779596620000506,20000506,2013-08-17 23:46:36,2013-08-18 00:02:06,15.5,1
216716,1376779721620000273,20000273,2013-08-17 23:48:41,2013-08-18 00:02:26,13.8,1
216430,1376779722620000657,20000657,2013-08-17 23:48:42,2013-08-18 00:01:27,12.8,1
216577,1376779867620000663,20000663,2013-08-17 23:51:07,2013-08-18 00:17:07,26.0,1
216525,1376779949620000398,20000398,2013-08-17 23:52:29,2013-08-18 00:10:44,18.3,1
216411,1376779955620000337,20000337,2013-08-17 23:52:35,2013-08-18 00:05:50,13.3,1
216487,1376779978620000037,20000037,2013-08-17 23:52:58,2013-08-18 00:05:13,12.3,1
216379,1376780008620000031,20000031,2013-08-17 23:53:28,2013-08-18 00:01:13,7.8,1
216437,1376780019620000256,20000256,2013-08-17 23:53:39,2013-08-18 00:02:54,9.3,1
216446,1376780027620000251,20000251,2013-08-17 23:53:47,2013-08-18 00:00:47,7.0,1
216494,1376780044620000051,20000051,2013-08-17 23:54:04,2013-08-18 00:07:49,13.8,1
216362,1376780070620000360,20000360,2013-08-17 23:54:30,2013-08-18 00:02:00,7.5,1
216522,1376780091620000325,20000325,2013-08-17 23:54:51,2013-08-18 00:03:21,8.5,1
216394,1376780096620000618,20000618,2013-08-17 23:54:56,2013-08-18 00:03:41,8.8,1
216461,1376780110620000453,20000453,2013-08-17 23:55:10,2013-08-18 00:00:40,5.5,1
216404,1376780120620000518,20000518,2013-08-17 23:55:20,2013-08-18 00:11:35,16.3,1
216514,1376780120620000387,20000387,2013-08-17 23:55:20,2013-08-18 00:02:35,7.3,1
216367,1376780134620000574,20000574,2013-08-17 23:55:34,2013-08-18 00:01:34,6.0,1
216519,1376780152620000254,20000254,2013-08-17 23:55:52,2013-08-18 00:01:52,6.0,1
216481,1376780155620000216,20000216,2013-08-17 23:55:55,2013-08-18 00:01:55,6.0,1
216419,1376780186620000042,20000042,2013-08-17 23:56:26,2013-08-18 00:13:11,16.8,1
216568,1376780198620000497,20000497,2013-08-17 23:56:38,2013-08-18 00:00:23,3.8,1
216612,1376780200620000640,20000640,2013-08-17 23:56:40,2013-08-18 00:04:40,8.0,1
216555,1376780204620000527,20000527,2013-08-17 23:56:44,2013-08-18 00:23:29,26.8,1
216445,1376780254620000129,20000129,2013-08-17 23:57:34,2013-08-18 00:05:04,7.5,1
216537,1376780282620000008,20000008,2013-08-17 23:58:02,2013-08-18 00:07:17,9.3,1
216544,1376780376620000004,20000004,2013-08-17 23:59:36,2013-08-18 00:12:51,13.3,1
220032,1376866164620000337,20000337,2013-08-18 23:49:24,2013-08-19 00:19:54,30.5,1
220092,1376866187620000273,20000273,2013-08-18 23:49:47,2013-08-19 00:01:32,11.8,1
220036,1376866220620000574,20000574,2013-08-18 23:50:20,2013-08-19 00:08:50,18.5,1
220056,1376866406620000249,20000249,2013-08-18 23:53:26,2013-08-19 00:04:41,11.3,1
220065,1376866504620000686,20000686,2013-08-18 23:55:04,2013-08-19 00:22:04,27.0,1
220033,1376866632620000037,20000037,2013-08-18 23:57:12,2013-08-19 00:04:57,7.8,1
221552,1376866670620000334,20000334,2013-08-18 23:57:50,2013-08-19 00:03:05,5.3,1
220097,1376866682620000569,20000569,2013-08-18 23:58:02,2013-08-19 00:02:32,4.5,1
220552,1376866686620000344,20000344,2013-08-18 23:58:06,2013-08-19 00:06:21,8.3,1
224002,1376951082620000370,20000370,2013-08-19 23:24:42,2013-08-20 00:07:57,43.3,1
224177,1376951459620000341,20000341,2013-08-19 23:30:59,2013-08-20 00:02:29,31.5,1
223842,1376951479620000337,20000337,2013-08-19 23:31:19,2013-08-20 00:00:19,29.0,1
223893,1376952246620000311,20000311,2013-08-19 23:44:06,2013-08-20 00:27:36,43.5,1
223896,1376952290620000304,20000304,2013-08-19 23:44:50,2013-08-20 00:06:05,21.3,1
223941,1376952505620000067,20000067,2013-08-19 23:48:25,2013-08-20 00:00:55,12.5,1
223859,1376952590620000574,20000574,2013-08-19 23:49:50,2013-08-20 00:06:50,17.0,1
223860,1376952595620000665,20000665,2013-08-19 23:49:55,2013-08-20 00:01:25,11.5,1
223976,1376952661620000672,20000672,2013-08-19 23:51:01,2013-08-20 00:03:01,12.0,1
223937,1376952827620000486,20000486,2013-08-19 23:53:47,2013-08-20 00:06:02,12.3,1
224037,1376952911620000525,20000525,2013-08-19 23:55:11,2013-08-20 00:10:41,15.5,1
223831,1376952934620000529,20000529,2013-08-19 23:55:34,2013-08-20 00:08:19,12.8,1
223898,1376952944620000120,20000120,2013-08-19 23:55:44,2013-08-20 00:09:29,13.8,1
223852,1376953021620000307,20000307,2013-08-19 23:57:01,2013-08-20 00:04:01,7.0,1
223895,1376953023620000398,20000398,2013-08-19 23:57:03,2013-08-20 00:03:48,6.8,1
224046,1376953035620000154,20000154,2013-08-19 23:57:15,2013-08-20 00:02:45,5.5,1
223975,1376953039620000338,20000338,2013-08-19 23:57:19,2013-08-20 00:05:04,7.8,1
223827,1376953060620000297,20000297,2013-08-19 23:57:40,2013-08-20 00:03:10,5.5,1
223938,1376953188620000625,20000625,2013-08-19 23:59:48,2013-08-20 00:07:48,8.0,1
228072,1377037668620000665,20000665,2013-08-20 23:27:48,2013-08-21 00:31:03,63.3,1
227967,1377038159620000328,20000328,2013-08-20 23:35:59,2013-08-21 00:00:44,24.8,1
228178,1377038309620000569,20000569,2013-08-20 23:38:29,2013-08-21 00:14:29,36.0,1
228019,1377038786620000626,20000626,2013-08-20 23:46:26,2013-08-21 00:00:11,13.8,1
228021,1377038788620000901,20000901,2013-08-20 23:46:28,2013-08-21 00:04:58,18.5,1
228127,1377038856620000154,20000154,2013-08-20 23:47:36,2013-08-21 00:10:51,23.3,1
228001,1377038967620000680,20000680,2013-08-20 23:49:27,2013-08-21 00:08:27,19.0,1
228067,1377039039620000304,20000304,2013-08-20 23:50:39,2013-08-21 00:35:09,44.5,1
228030,1377039054620000356,20000356,2013-08-20 23:50:54,2013-08-21 00:01:39,10.8,1
228062,1377039230620000067,20000067,2013-08-20 23:53:50,2013-08-21 00:01:35,7.8,1
228049,1377039237620000549,20000549,2013-08-20 23:53:57,2013-08-21 00:18:42,24.8,1
227999,1377039245620000120,20000120,2013-08-20 23:54:05,2013-08-21 00:05:05,11.0,1
228042,1377039270620000657,20000657,2013-08-20 23:54:30,2013-08-21 00:02:45,8.3,1
228012,1377039272620000589,20000589,2013-08-20 23:54:32,2013-08-21 00:01:02,6.5,1
228036,1377039317620000492,20000492,2013-08-20 23:55:17,2013-08-21 00:03:17,8.0,1
228102,1377039323620000167,20000167,2013-08-20 23:55:23,2013-08-21 00:02:23,7.0,1
228291,1377039341620000171,20000171,2013-08-20 23:55:41,2013-08-21 00:04:11,8.5,1
228014,1377039443620000297,20000297,2013-08-20 23:57:23,2013-08-21 00:01:08,3.8,1
228228,1377039462620000042,20000042,2013-08-20 23:57:42,2013-08-21 00:18:12,20.5,1
228009,1377039501620000333,20000333,2013-08-20 23:58:21,2013-08-21 00:03:21,5.0,1
227987,1377039528620000338,20000338,2013-08-20 23:58:48,2013-08-21 00:04:33,5.8,1
228002,1377039551620000337,20000337,2013-08-20 23:59:11,2013-08-21 00:15:26,16.3,1
228082,1377039570620000672,20000672,2013-08-20 23:59:30,2013-08-21 00:09:45,10.3,1
231822,1377123777620000235,20000235,2013-08-21 23:22:57,2013-08-22 00:15:27,52.5,1
231684,1377124908620000304,20000304,2013-08-21 23:41:48,2013-08-22 00:18:03,36.3,1
231634,1377125159620000167,20000167,2013-08-21 23:45:59,2013-08-22 00:01:14,15.3,1
231770,1377125382620000465,20000465,2013-08-21 23:49:42,2013-08-22 00:01:42,12.0,1
232553,1377125617620000621,20000621,2013-08-21 23:53:37,2013-08-22 00:00:07,6.5,1
231748,1377125624620000005,20000005,2013-08-21 23:53:44,2013-08-22 00:02:14,8.5,1
231970,1377125730620000496,20000496,2013-08-21 23:55:30,2013-08-22 00:01:00,5.5,1
231805,1377125763620000610,20000610,2013-08-21 23:56:03,2013-08-22 00:15:18,19.3,1
231700,1377125771620000520,20000520,2013-08-21 23:56:11,2013-08-22 00:02:41,6.5,1
232109,1377125771620000663,20000663,2013-08-21 23:56:11,2013-08-22 00:02:56,6.8,1
232270,1377125851620000675,20000675,2013-08-21 23:57:31,2013-08-22 00:11:31,14.0,1
231706,1377125853620000483,20000483,2013-08-21 23:57:33,2013-08-22 00:10:33,13.0,1
231762,1377125862620000561,20000561,2013-08-21 23:57:42,2013-08-22 00:04:57,7.3,1
231799,1377125879620000454,20000454,2013-08-21 23:57:59,2013-08-22 00:03:29,5.5,1
231797,1377125907620000338,20000338,2013-08-21 23:58:27,2013-08-22 00:01:27,3.0,1
231641,1377125912620000453,20000453,2013-08-21 23:58:32,2013-08-22 00:05:02,6.5,1
231764,1377125921620000037,20000037,2013-08-21 23:58:41,2013-08-22 00:13:11,14.5,1
231734,1377125975620000684,20000684,2013-08-21 23:59:35,2013-08-22 00:10:05,10.5,1
236352,1377210750620000534,20000534,2013-08-22 23:32:30,2013-08-23 01:20:15,107.8,1
235651,1377211289620000157,20000157,2013-08-22 23:41:29,2013-08-23 00:01:29,20.0,1
235703,1377211401620000488,20000488,2013-08-22 23:43:21,2013-08-23 00:00:06,16.8,1
235719,1377211626620000492,20000492,2013-08-22 23:47:06,2013-08-23 00:13:21,26.3,1
235560,1377211643620000395,20000395,2013-08-22 23:47:23,2013-08-23 00:01:08,13.8,1
235607,1377211732620000904,20000904,2013-08-22 23:48:52,2013-08-23 00:04:22,15.5,1
235797,1377211865620000004,20000004,2013-08-22 23:51:05,2013-08-23 00:01:20,10.3,1
236327,1377211865620000380,20000380,2013-08-22 23:51:05,2013-08-23 00:00:50,9.8,1
235758,1377211866620000359,20000359,2013-08-22 23:51:06,2013-08-23 00:06:21,15.3,1
236191,1377211875620000051,20000051,2013-08-22 23:51:15,2013-08-23 00:00:00,8.8,1
235604,1377211959620000337,20000337,2013-08-22 23:52:39,2013-08-23 00:11:24,18.8,1
235632,1377211981620000454,20000454,2013-08-22 23:53:01,2013-08-23 00:08:16,15.3,1
235742,1377212033620000012,20000012,2013-08-22 23:53:53,2013-08-23 00:05:08,11.3,1
235594,1377212080620000325,20000325,2013-08-22 23:54:40,2013-08-23 00:02:55,8.3,1
237284,1377212084620000450,20000450,2013-08-22 23:54:44,2013-08-23 00:03:14,8.5,1
235652,1377212101620000675,20000675,2013-08-22 23:55:01,2013-08-23 00:05:31,10.5,1
235730,1377212147620000167,20000167,2013-08-22 23:55:47,2013-08-23 00:12:47,17.0,1
235670,1377212176620000506,20000506,2013-08-22 23:56:16,2013-08-23 00:08:31,12.3,1
235609,1377212224620000363,20000363,2013-08-22 23:57:04,2013-08-23 00:05:19,8.3,1
236277,1377212308620000483,20000483,2013-08-22 23:58:28,2013-08-23 00:05:43,7.3,1
235570,1377212314620000574,20000574,2013-08-22 23:58:34,2013-08-23 00:17:49,19.3,1
235630,1377212328620000179,20000179,2013-08-22 23:58:48,2013-08-23 00:15:18,16.5,1
235636,1377212337620000108,20000108,2013-08-22 23:58:57,2013-08-23 00:04:12,5.3,1
235572,1377212358620000303,20000303,2013-08-22 23:59:18,2013-08-23 00:14:33,15.3,1
239333,1377294129620000243,20000243,2013-08-23 22:42:09,2013-08-24 00:10:09,88.0,1
239329,1377294701620000154,20000154,2013-08-23 22:51:41,2013-08-24 00:00:56,69.3,1
239202,1377297619620000077,20000077,2013-08-23 23:40:19,2013-08-24 00:00:04,19.8,1
239256,1377297865620000260,20000260,2013-08-23 23:44:25,2013-08-24 00:00:55,16.5,1
239317,1377297952620000398,20000398,2013-08-23 23:45:52,2013-08-24 00:01:52,16.0,1
241793,1377297959620000594,20000594,2013-08-23 23:45:59,2013-08-24 00:42:29,56.5,1
239365,1377298047620000201,20000201,2013-08-23 23:47:27,2013-08-24 00:03:57,16.5,1
239188,1377298063620000136,20000136,2013-08-23 23:47:43,2013-08-24 00:00:13,12.5,1
239525,1377298252620000157,20000157,2013-08-23 23:50:52,2013-08-24 00:07:07,16.3,1
239201,1377298307620000554,20000554,2013-08-23 23:51:47,2013-08-24 00:00:17,8.5,1
239220,1377298321620000624,20000624,2013-08-23 23:52:01,2013-08-24 00:02:46,10.8,1
239342,1377298324620000496,20000496,2013-08-23 23:52:04,2013-08-24 00:03:49,11.8,1
239223,1377298328620000684,20000684,2013-08-23 23:52:08,2013-08-24 00:01:23,9.3,1
239218,1377298347620000663,20000663,2013-08-23 23:52:27,2013-08-24 00:00:42,8.3,1
239486,1377298378620000578,20000578,2013-08-23 23:52:58,2013-08-24 00:09:28,16.5,1
239262,1377298389620000051,20000051,2013-08-23 23:53:09,2013-08-24 00:02:09,9.0,1
239322,1377298398620000060,20000060,2013-08-23 23:53:18,2013-08-24 00:00:03,6.8,1
239224,1377298403620000395,20000395,2013-08-23 23:53:23,2013-08-24 00:01:23,8.0,1
239443,1377298451620000470,20000470,2013-08-23 23:54:11,2013-08-24 00:07:41,13.5,1
239467,1377298458620000481,20000481,2013-08-23 23:54:18,2013-08-24 00:12:03,17.8,1
239316,1377298492620000508,20000508,2013-08-23 23:54:52,2013-08-24 00:00:37,5.8,1
241155,1377298514620000669,20000669,2013-08-23 23:55:14,2013-08-24 00:05:44,10.5,1
241234,1377298548620000492,20000492,2013-08-23 23:55:48,2013-08-24 00:04:18,8.5,1
239577,1377298585620000153,20000153,2013-08-23 23:56:25,2013-08-24 00:07:10,10.8,1
239264,1377298619620000304,20000304,2013-08-23 23:56:59,2013-08-24 00:02:44,5.8,1
239228,1377298651620000006,20000006,2013-08-23 23:57:31,2013-08-24 00:08:01,10.5,1
239551,1377298656620000179,20000179,2013-08-23 23:57:36,2013-08-24 00:11:36,14.0,1
242115,1377298662620000548,20000548,2013-08-23 23:57:42,2013-08-24 00:06:57,9.3,1
241147,1377298670620000295,20000295,2013-08-23 23:57:50,2013-08-24 00:02:20,4.5,1
239331,1377298677620000672,20000672,2013-08-23 23:57:57,2013-08-24 00:09:27,11.5,1
239363,1377298685620000367,20000367,2013-08-23 23:58:05,2013-08-24 00:17:20,19.3,1
239221,1377298697620000252,20000252,2013-08-23 23:58:17,2013-08-24 00:04:32,6.3,1
239237,1377298700620000649,20000649,2013-08-23 23:58:20,2013-08-24 00:07:05,8.8,1
239582,1377298703620000269,20000269,2013-08-23 23:58:23,2013-08-24 00:18:08,19.8,1
239324,1377298716620000472,20000472,2013-08-23 23:58:36,2013-08-24 00:07:36,9.0,1
239422,1377298724620000310,20000310,2013-08-23 23:58:44,2013-08-24 00:33:59,35.3,1
239320,1377298775620000503,20000503,2013-08-23 23:59:35,2013-08-24 00:20:05,20.5,1
239356,1377298791620000105,20000105,2013-08-23 23:59:51,2013-08-24 00:07:36,7.8,1
243336,1377384481620000687,20000687,2013-08-24 23:48:01,2013-08-25 00:05:31,17.5,1
243241,1377384485620000344,20000344,2013-08-24 23:48:05,2013-08-25 00:02:35,14.5,1
243279,1377384518620000011,20000011,2013-08-24 23:48:38,2013-08-25 00:05:38,17.0,1
243865,1377384595620000680,20000680,2013-08-24 23:49:55,2013-08-25 00:09:55,20.0,1
243225,1377384598620000037,20000037,2013-08-24 23:49:58,2013-08-25 00:00:28,10.5,1
243364,1377384616620000421,20000421,2013-08-24 23:50:16,2013-08-25 00:09:01,18.8,1
243274,1377384625620000574,20000574,2013-08-24 23:50:25,2013-08-25 00:06:55,16.5,1
243345,1377384678620000688,20000688,2013-08-24 23:51:18,2013-08-25 00:02:03,10.8,1
243323,1377384682620000389,20000389,2013-08-24 23:51:22,2013-08-25 00:09:22,18.0,1
243396,1377384740620000481,20000481,2013-08-24 23:52:20,2013-08-25 00:00:20,8.0,1
243296,1377384757620000233,20000233,2013-08-24 23:52:37,2013-08-25 00:04:22,11.8,1
243258,1377384771620000577,20000577,2013-08-24 23:52:51,2013-08-25 00:08:51,16.0,1
243633,1377384836620000231,20000231,2013-08-24 23:53:56,2013-08-25 00:02:41,8.8,1
243302,1377384847620000305,20000305,2013-08-24 23:54:07,2013-08-25 00:03:22,9.3,1
243245,1377384863620000320,20000320,2013-08-24 23:54:23,2013-08-25 00:03:08,8.8,1
243213,1377384889620000066,20000066,2013-08-24 23:54:49,2013-08-25 00:07:04,12.3,1
243325,1377384912620000120,20000120,2013-08-24 23:55:12,2013-08-25 00:03:27,8.3,1
243312,1377384936620000161,20000161,2013-08-24 23:55:36,2013-08-25 00:07:51,12.3,1
243299,1377384945620000492,20000492,2013-08-24 23:55:45,2013-08-25 00:02:45,7.0,1
243327,1377385011620000632,20000632,2013-08-24 23:56:51,2013-08-25 00:07:21,10.5,1
250480,1377385016620000572,20000572,2013-08-24 23:56:56,2013-08-25 00:02:41,5.8,1
243333,1377385020620000254,20000254,2013-08-24 23:57:00,2013-08-25 00:07:15,10.3,1
243410,1377385036620000325,20000325,2013-08-24 23:57:16,2013-08-25 00:10:31,13.3,1
243353,1377385045620000518,20000518,2013-08-24 23:57:25,2013-08-25 00:17:25,20.0,1
243545,1377385055620000356,20000356,2013-08-24 23:57:35,2013-08-25 00:05:05,7.5,1
243653,1377385066620000013,20000013,2013-08-24 23:57:46,2013-08-25 00:16:01,18.3,1
243230,1377385102620000483,20000483,2013-08-24 23:58:22,2013-08-25 00:07:37,9.3,1
243436,1377385124620000467,20000467,2013-08-24 23:58:44,2013-08-25 00:02:59,4.3,1
244086,1377385143620000601,20000601,2013-08-24 23:59:03,2013-08-25 00:14:33,15.5,1
243254,1377385190620000570,20000570,2013-08-24 23:59:50,2013-08-25 00:07:35,7.8,1
247919,1377470483620000356,20000356,2013-08-25 23:41:23,2013-08-26 00:12:38,31.3,1
246924,1377470537620000337,20000337,2013-08-25 23:42:17,2013-08-26 00:00:17,18.0,1
248828,1377470850620000518,20000518,2013-08-25 23:47:30,2013-08-26 00:07:30,20.0,1
246946,1377470877620000255,20000255,2013-08-25 23:47:57,2013-08-26 00:07:42,19.8,1
246885,1377471062620000450,20000450,2013-08-25 23:51:02,2013-08-26 00:01:32,10.5,1
247125,1377471272620000199,20000199,2013-08-25 23:54:32,2013-08-26 00:30:17,35.8,1
246903,1377471301620000195,20000195,2013-08-25 23:55:01,2013-08-26 00:01:31,6.5,1
246936,1377471337620000004,20000004,2013-08-25 23:55:37,2013-08-26 00:10:07,14.5,1
247040,1377471374620000686,20000686,2013-08-25 23:56:14,2013-08-26 00:05:44,9.5,1
246950,1377471394620000395,20000395,2013-08-25 23:56:34,2013-08-26 00:03:04,6.5,1
246995,1377471395620000451,20000451,2013-08-25 23:56:35,2013-08-26 00:14:35,18.0,1
246874,1377471398620000904,20000904,2013-08-25 23:56:38,2013-08-26 00:01:53,5.3,1
246913,1377471442620000231,20000231,2013-08-25 23:57:22,2013-08-26 00:07:52,10.5,1
246972,1377471466620000470,20000470,2013-08-25 23:57:46,2013-08-26 00:02:31,4.8,1
246893,1377471474620000503,20000503,2013-08-25 23:57:54,2013-08-26 00:09:24,11.5,1
247182,1377471503620000178,20000178,2013-08-25 23:58:23,2013-08-26 00:05:08,6.8,1
246910,1377471504620000380,20000380,2013-08-25 23:58:24,2013-08-26 00:13:54,15.5,1
246928,1377471571620000640,20000640,2013-08-25 23:59:31,2013-08-26 00:07:01,7.5,1
247938,1377471571620000109,20000109,2013-08-25 23:59:31,2013-08-26 00:05:31,6.0,1
246963,1377471577620000589,20000589,2013-08-25 23:59:37,2013-08-26 00:09:37,10.0,1
251708,1377556710620000658,20000658,2013-08-26 23:38:30,2013-08-27 00:03:30,25.0,1
250822,1377557246620000157,20000157,2013-08-26 23:47:26,2013-08-27 00:06:26,19.0,1
250828,1377557523620000235,20000235,2013-08-26 23:52:03,2013-08-27 00:00:48,8.8,1
251559,1377557531620000476,20000476,2013-08-26 23:52:11,2013-08-27 00:04:11,12.0,1
250772,1377557572620000171,20000171,2013-08-26 23:52:52,2013-08-27 00:03:07,10.3,1
250838,1377557572620000341,20000341,2013-08-26 23:52:52,2013-08-27 00:01:37,8.8,1
250712,1377557603620000518,20000518,2013-08-26 23:53:23,2013-08-27 00:07:38,14.3,1
250725,1377557660620000424,20000424,2013-08-26 23:54:20,2013-08-27 00:03:50,9.5,1
250675,1377557689620000688,20000688,2013-08-26 23:54:49,2013-08-27 00:05:19,10.5,1
250947,1377557732620000269,20000269,2013-08-26 23:55:32,2013-08-27 00:01:47,6.3,1
251193,1377557799620000030,20000030,2013-08-26 23:56:39,2013-08-27 00:04:39,8.0,1
250648,1377557833620000664,20000664,2013-08-26 23:57:13,2013-08-27 00:03:43,6.5,1
252553,1377557850620000448,20000448,2013-08-26 23:57:30,2013-08-27 00:09:00,11.5,1
250721,1377557865620000105,20000105,2013-08-26 23:57:45,2013-08-27 00:06:30,8.8,1
250774,1377557880620000370,20000370,2013-08-26 23:58:00,2013-08-27 00:05:30,7.5,1
250715,1377557906620000900,20000900,2013-08-26 23:58:26,2013-08-27 00:05:56,7.5,1
250829,1377557926620000454,20000454,2013-08-26 23:58:46,2013-08-27 00:07:16,8.5,1
250742,1377557929620000067,20000067,2013-08-26 23:58:49,2013-08-27 00:15:19,16.5,1
255087,1377639393620000280,20000280,2013-08-27 22:36:33,2013-08-28 00:39:33,123.0,1
254618,1377643247620000256,20000256,2013-08-27 23:40:47,2013-08-28 00:05:02,24.3,1
254515,1377643810620000010,20000010,2013-08-27 23:50:10,2013-08-28 00:02:10,12.0,1
254712,1377643837620000367,20000367,2013-08-27 23:50:37,2013-08-28 00:17:22,26.8,1
254739,1377643920620000263,20000263,2013-08-27 23:52:00,2013-08-28 00:00:00,8.0,1
254559,1377644045620000216,20000216,2013-08-27 23:54:05,2013-08-28 00:13:20,19.3,1
256582,1377644045620000525,20000525,2013-08-27 23:54:05,2013-08-28 00:12:50,18.8,1
255563,1377644062620000120,20000120,2013-08-27 23:54:22,2013-08-28 00:03:22,9.0,1
254955,1377644092620000013,20000013,2013-08-27 23:54:52,2013-08-28 00:18:37,23.8,1
254597,1377644272620000376,20000376,2013-08-27 23:57:52,2013-08-28 00:09:52,12.0,1
254669,1377644279620000409,20000409,2013-08-27 23:57:59,2013-08-28 00:05:59,8.0,1
254612,1377644395620000171,20000171,2013-08-27 23:59:55,2013-08-28 00:07:25,7.5,1
258372,1377725922620000179,20000179,2013-08-28 22:38:42,2013-08-29 00:25:57,107.3,1
258588,1377729638620000618,20000618,2013-08-28 23:40:38,2013-08-29 00:17:53,37.3,1
258413,1377729684620000671,20000671,2013-08-28 23:41:24,2013-08-29 00:02:39,21.3,1
258419,1377729902620000101,20000101,2013-08-28 23:45:02,2013-08-29 00:00:02,15.0,1
258358,1377729955620000506,20000506,2013-08-28 23:45:55,2013-08-29 00:00:10,14.3,1
258505,1377730073620000273,20000273,2013-08-28 23:47:53,2013-08-29 00:08:23,20.5,1
258347,1377730116620000233,20000233,2013-08-28 23:48:36,2013-08-29 00:04:21,15.8,1
258434,1377730152620000255,20000255,2013-08-28 23:49:12,2013-08-29 00:04:27,15.3,1
258295,1377730225620000356,20000356,2013-08-28 23:50:25,2013-08-29 00:03:10,12.8,1
258285,1377730243620000616,20000616,2013-08-28 23:50:43,2013-08-29 00:13:43,23.0,1
258390,1377730507620000037,20000037,2013-08-28 23:55:07,2013-08-29 00:00:52,5.8,1
260481,1377730530620000453,20000453,2013-08-28 23:55:30,2013-08-29 00:02:15,6.8,1
259093,1377730611620000311,20000311,2013-08-28 23:56:51,2013-08-29 00:05:51,9.0,1
258332,1377730631620000321,20000321,2013-08-28 23:57:11,2013-08-29 00:12:11,15.0,1
260612,1377730631620000157,20000157,2013-08-28 23:57:11,2013-08-29 00:15:26,18.3,1
258386,1377730659620000675,20000675,2013-08-28 23:57:39,2013-08-29 00:06:39,9.0,1
258897,1377730686620000235,20000235,2013-08-28 23:58:06,2013-08-29 00:02:21,4.3,1
258310,1377730715620000423,20000423,2013-08-28 23:58:35,2013-08-29 00:05:50,7.3,1
259776,1377730766620000053,20000053,2013-08-28 23:59:26,2013-08-29 00:05:11,5.8,1
258496,1377730773620000010,20000010,2013-08-28 23:59:33,2013-08-29 00:06:48,7.3,1
258322,1377730791620000344,20000344,2013-08-28 23:59:51,2013-08-29 00:05:21,5.5,1
258464,1377730791620000664,20000664,2013-08-28 23:59:51,2013-08-29 00:06:06,6.3,1
258350,1377730795620000569,20000569,2013-08-28 23:59:55,2013-08-29 00:18:10,18.3,1
258356,1377730799620000657,20000657,2013-08-28 23:59:59,2013-08-29 00:09:59,10.0,1
262306,1377815858620000542,20000542,2013-08-29 23:37:38,2013-08-30 00:01:23,23.8,1
262326,1377815926620000621,20000621,2013-08-29 23:38:46,2013-08-30 00:00:01,21.3,1
262363,1377816303620000900,20000900,2013-08-29 23:45:03,2013-08-30 00:16:18,31.3,1
262501,1377816406620000363,20000363,2013-08-29 23:46:46,2013-08-30 00:00:16,13.5,1
264601,1377816600620000509,20000509,2013-08-29 23:50:00,2013-08-30 00:05:15,15.3,1
262392,1377816623620000611,20000611,2013-08-29 23:50:23,2013-08-30 00:09:38,19.3,1
262456,1377816623620000574,20000574,2013-08-29 23:50:23,2013-08-30 00:09:08,18.8,1
262369,1377816638620000004,20000004,2013-08-29 23:50:38,2013-08-30 00:02:23,11.8,1
262489,1377816808620000497,20000497,2013-08-29 23:53:28,2013-08-30 00:12:28,19.0,1
262332,1377816812620000675,20000675,2013-08-29 23:53:32,2013-08-30 00:05:32,12.0,1
262331,1377816837620000129,20000129,2013-08-29 23:53:57,2013-08-30 00:08:12,14.3,1
262350,1377816843620000054,20000054,2013-08-29 23:54:03,2013-08-30 00:03:33,9.5,1
262374,1377816863620000492,20000492,2013-08-29 23:54:23,2013-08-30 00:01:23,7.0,1
262365,1377816907620000307,20000307,2013-08-29 23:55:07,2013-08-30 00:20:37,25.5,1
262877,1377816930620000577,20000577,2013-08-29 23:55:30,2013-08-30 00:10:45,15.3,1
262342,1377816943620000066,20000066,2013-08-29 23:55:43,2013-08-30 00:07:58,12.3,1
262319,1377816986620000370,20000370,2013-08-29 23:56:26,2013-08-30 00:03:41,7.3,1
262739,1377817004620000616,20000616,2013-08-29 23:56:44,2013-08-30 00:36:29,39.8,1
262536,1377817019620000201,20000201,2013-08-29 23:56:59,2013-08-30 00:09:59,13.0,1
262318,1377817020620000089,20000089,2013-08-29 23:57:00,2013-08-30 00:02:30,5.5,1
262337,1377817037620000192,20000192,2013-08-29 23:57:17,2013-08-30 00:03:02,5.8,1
262407,1377817081620000664,20000664,2013-08-29 23:58:01,2013-08-30 00:06:31,8.5,1
262384,1377817105620000518,20000518,2013-08-29 23:58:25,2013-08-30 00:06:40,8.3,1
262432,1377817121620000337,20000337,2013-08-29 23:58:41,2013-08-30 00:09:11,10.5,1
264381,1377817157620000303,20000303,2013-08-29 23:59:17,2013-08-30 00:07:02,7.8,1
262346,1377817168620000624,20000624,2013-08-29 23:59:28,2013-08-30 00:12:13,12.8,1
262485,1377817178620000160,20000160,2013-08-29 23:59:38,2013-08-30 00:08:23,8.8,1
266665,1377902129620000179,20000179,2013-08-30 23:35:29,2013-08-31 00:23:44,48.3,1
266650,1377902506620000105,20000105,2013-08-30 23:41:46,2013-08-31 00:02:01,20.3,1
266725,1377902535620000054,20000054,2013-08-30 23:42:15,2013-08-31 00:03:45,21.5,1
267181,1377902623620000431,20000431,2013-08-30 23:43:43,2013-08-31 00:02:28,18.8,1
266743,1377902958620000307,20000307,2013-08-30 23:49:18,2013-08-31 00:05:48,16.5,1
266705,1377902971620000542,20000542,2013-08-30 23:49:31,2013-08-31 00:16:31,27.0,1
266796,1377903039620000255,20000255,2013-08-30 23:50:39,2013-08-31 00:12:39,22.0,1
266526,1377903235620000263,20000263,2013-08-30 23:53:55,2013-08-31 00:01:55,8.0,1
266546,1377903244620000235,20000235,2013-08-30 23:54:04,2013-08-31 00:10:04,16.0,1
266758,1377903265620000600,20000600,2013-08-30 23:54:25,2013-08-31 00:00:55,6.5,1
266693,1377903268620000345,20000345,2013-08-30 23:54:28,2013-08-31 00:01:28,7.0,1
266624,1377903275620000167,20000167,2013-08-30 23:54:35,2013-08-31 00:06:35,12.0,1
266695,1377903276620000363,20000363,2013-08-30 23:54:36,2013-08-31 00:01:36,7.0,1
266863,1377903289620000077,20000077,2013-08-30 23:54:49,2013-08-31 00:07:49,13.0,1
266607,1377903303620000251,20000251,2013-08-30 23:55:03,2013-08-31 00:00:33,5.5,1
266663,1377903381620000409,20000409,2013-08-30 23:56:21,2013-08-31 00:12:21,16.0,1
266728,1377903382620000436,20000436,2013-08-30 23:56:22,2013-08-31 00:14:07,17.8,1
266871,1377903384620000395,20000395,2013-08-30 23:56:24,2013-08-31 00:06:54,10.5,1
266721,1377903385620000423,20000423,2013-08-30 23:56:25,2013-08-31 00:01:10,4.8,1
269237,1377903420620000120,20000120,2013-08-30 23:57:00,2013-08-31 00:07:00,10.0,1
266601,1377903435620000618,20000618,2013-08-30 23:57:15,2013-08-31 00:11:00,13.8,1
266735,1377903489620000136,20000136,2013-08-30 23:58:09,2013-08-31 00:09:09,11.0,1
266866,1377903503620000367,20000367,2013-08-30 23:58:23,2013-08-31 00:24:08,25.8,1
266763,1377903522620000041,20000041,2013-08-30 23:58:42,2013-08-31 00:08:12,9.5,1
266678,1377903540620000662,20000662,2013-08-30 23:59:00,2013-08-31 00:17:00,18.0,1
266567,1377903545620000269,20000269,2013-08-30 23:59:05,2013-08-31 00:05:35,6.5,1
266589,1377903553620000900,20000900,2013-08-30 23:59:13,2013-08-31 00:10:58,11.8,1
268883,1377903583620000343,20000343,2013-08-30 23:59:43,2013-08-31 00:10:13,10.5,1
266674,1377903599620000086,20000086,2013-08-30 23:59:59,2013-08-31 00:07:44,7.8,1
271250,1377987284620000451,20000451,2013-08-31 23:14:44,2013-09-01 00:59:44,105.0,1
270979,1377988402620000395,20000395,2013-08-31 23:33:22,2013-09-01 00:17:07,43.8,1
271800,1377988621620000276,20000276,2013-08-31 23:37:01,2013-09-01 00:01:16,24.3,1
270958,1377988651620000529,20000529,2013-08-31 23:37:31,2013-09-01 00:01:31,24.0,1
271296,1377989460620000268,20000268,2013-08-31 23:51:00,2013-09-01 00:04:45,13.8,1
270956,1377989472620000310,20000310,2013-08-31 23:51:12,2013-09-01 00:02:12,11.0,1
270996,1377989517620000054,20000054,2013-08-31 23:51:57,2013-09-01 00:00:57,9.0,1
271322,1377989549620000042,20000042,2013-08-31 23:52:29,2013-09-01 01:03:14,70.8,1
271279,1377989576620000249,20000249,2013-08-31 23:52:56,2013-09-01 00:02:26,9.5,1
270881,1377989597620000060,20000060,2013-08-31 23:53:17,2013-09-01 00:03:02,9.8,1
270947,1377989622620000370,20000370,2013-08-31 23:53:42,2013-09-01 00:05:12,11.5,1
271062,1377989625620000297,20000297,2013-08-31 23:53:45,2013-09-01 00:01:00,7.3,1
270955,1377989661620000601,20000601,2013-08-31 23:54:21,2013-09-01 00:02:36,8.3,1
270864,1377989670620000351,20000351,2013-08-31 23:54:30,2013-09-01 00:01:00,6.5,1
270988,1377989673620000279,20000279,2013-08-31 23:54:33,2013-09-01 00:14:33,20.0,1
270981,1377989695620000419,20000419,2013-08-31 23:54:55,2013-09-01 00:07:25,12.5,1
271011,1377989716620000077,20000077,2013-08-31 23:55:16,2013-09-01 00:02:46,7.5,1
271005,1377989757620000483,20000483,2013-08-31 23:55:57,2013-09-01 00:06:12,10.3,1
271348,1377989831620000009,20000009,2013-08-31 23:57:11,2013-09-01 00:05:11,8.0,1
271066,1377989842620000305,20000305,2013-08-31 23:57:22,2013-09-01 00:06:22,9.0,1
270982,1377989898620000675,20000675,2013-08-31 23:58:18,2013-09-01 00:04:33,6.3,1
270980,1377989906620000066,20000066,2013-08-31 23:58:26,2013-09-01 00:10:11,11.8,1
270954,1377989982620000578,20000578,2013-08-31 23:59:42,2013-09-01 00:08:12,8.5,1
270991,1377989995620000569,20000569,2013-08-31 23:59:55,2013-09-01 00:14:40,14.8,1
270973,1377989996620000450,20000450,2013-08-31 23:59:56,2013-09-01 00:03:26,3.5,1
275020,1378073450620000376,20000376,2013-09-01 23:10:50,2013-09-02 00:44:05,93.3,1
275109,1378073465620000904,20000904,2013-09-01 23:11:05,2013-09-02 00:04:50,53.8,1
274985,1378074263620000451,20000451,2013-09-01 23:24:23,2013-09-02 00:01:53,37.5,1
274941,1378075128620000569,20000569,2013-09-01 23:38:48,2013-09-02 00:32:33,53.8,1
274973,1378075494620000653,20000653,2013-09-01 23:44:54,2013-09-02 00:03:39,18.8,1
275060,1378075557620000542,20000542,2013-09-01 23:45:57,2013-09-02 00:18:42,32.8,1
274930,1378075574620000406,20000406,2013-09-01 23:46:14,2013-09-02 00:09:29,23.3,1
274878,1378075801620000529,20000529,2013-09-01 23:50:01,2013-09-02 00:02:16,12.3,1
274874,1378075866620000395,20000395,2013-09-01 23:51:06,2013-09-02 00:06:21,15.3,1
274944,1378076093620000626,20000626,2013-09-01 23:54:53,2013-09-02 00:05:38,10.8,1
274964,1378076124620000154,20000154,2013-09-01 23:55:24,2013-09-02 00:07:39,12.3,1
274847,1378076129620000108,20000108,2013-09-01 23:55:29,2013-09-02 00:02:14,6.8,1
274905,1378076151620000503,20000503,2013-09-01 23:55:51,2013-09-02 00:00:51,5.0,1
274848,1378076155620000483,20000483,2013-09-01 23:55:55,2013-09-02 00:04:10,8.3,1
274908,1378076222620000686,20000686,2013-09-01 23:57:02,2013-09-02 00:02:32,5.5,1
277214,1378076237620000509,20000509,2013-09-01 23:57:17,2013-09-02 00:01:02,3.8,1
274936,1378076251620000640,20000640,2013-09-01 23:57:31,2013-09-02 00:06:16,8.8,1
274997,1378076256620000235,20000235,2013-09-01 23:57:36,2013-09-02 00:06:21,8.8,1
275497,1378076265620000619,20000619,2013-09-01 23:57:45,2013-09-02 00:02:45,5.0,1
275293,1378076309620000057,20000057,2013-09-01 23:58:29,2013-09-02 00:07:14,8.8,1
276581,1378076330620000310,20000310,2013-09-01 23:58:50,2013-09-02 00:05:05,6.3,1
275393,1378076337620000381,20000381,2013-09-01 23:58:57,2013-09-02 00:09:27,10.5,1
274844,1378076340620000616,20000616,2013-09-01 23:59:00,2013-09-02 00:00:00,1.0,1
274940,1378076352620000574,20000574,2013-09-01 23:59:12,2013-09-02 00:04:42,5.5,1
274912,1378076355620000337,20000337,2013-09-01 23:59:15,2013-09-02 00:06:15,7.0,1
279857,1378148725620000520,20000520,2013-09-02 20:05:25,2013-09-03 00:27:40,262.3,1
280287,1378161537620000026,20000026,2013-09-02 23:38:57,2013-09-03 00:06:57,28.0,1
279368,1378161969620000395,20000395,2013-09-02 23:46:09,2013-09-03 00:03:39,17.5,1
283316,1378162036620000904,20000904,2013-09-02 23:47:16,2013-09-03 00:00:16,13.0,1
279048,1378162058620000900,20000900,2013-09-02 23:47:38,2013-09-03 00:02:53,15.3,1
280070,1378162085620000111,20000111,2013-09-02 23:48:05,2013-09-03 00:03:35,15.5,1
279448,1378162109620000653,20000653,2013-09-02 23:48:29,2013-09-03 00:01:14,12.8,1
279029,1378162172620000311,20000311,2013-09-02 23:49:32,2013-09-03 00:03:32,14.0,1
279139,1378162253620000570,20000570,2013-09-02 23:50:53,2013-09-03 00:09:08,18.3,1
279171,1378162259620000504,20000504,2013-09-02 23:50:59,2013-09-03 00:07:14,16.3,1
279153,1378162299620000006,20000006,2013-09-02 23:51:39,2013-09-03 00:00:24,8.8,1
279069,1378162334620000688,20000688,2013-09-02 23:52:14,2013-09-03 00:00:14,8.0,1
279053,1378162364620000004,20000004,2013-09-02 23:52:44,2013-09-03 00:05:14,12.5,1
279104,1378162435620000105,20000105,2013-09-02 23:53:55,2013-09-03 00:01:55,8.0,1
279077,1378162439620000304,20000304,2013-09-02 23:53:59,2013-09-03 00:06:14,12.3,1
279709,1378162572620000675,20000675,2013-09-02 23:56:12,2013-09-03 00:05:27,9.3,1
279152,1378162737620000625,20000625,2013-09-02 23:58:57,2013-09-03 00:02:12,3.3,1
283052,1378248457620000900,20000900,2013-09-03 23:47:37,2013-09-04 00:10:07,22.5,1
283484,1378248625620000030,20000030,2013-09-03 23:50:25,2013-09-04 00:03:55,13.5,1
283034,1378248651620000450,20000450,2013-09-03 23:50:51,2013-09-04 00:04:36,13.8,1
283038,1378248747620000197,20000197,2013-09-03 23:52:27,2013-09-04 00:02:27,10.0,1
283133,1378248754620000664,20000664,2013-09-03 23:52:34,2013-09-04 00:00:19,7.8,1
283324,1378248772620000338,20000338,2013-09-03 23:52:52,2013-09-04 00:09:52,17.0,1
282980,1378248858620000529,20000529,2013-09-03 23:54:18,2013-09-04 00:02:03,7.8,1
282963,1378248868620000395,20000395,2013-09-03 23:54:28,2013-09-04 00:13:58,19.5,1
282961,1378248961620000344,20000344,2013-09-03 23:56:01,2013-09-04 00:00:46,4.8,1
282945,1378249086620000310,20000310,2013-09-03 23:58:06,2013-09-04 00:04:21,6.3,1
283129,1378249112620000518,20000518,2013-09-03 23:58:32,2013-09-04 00:17:17,18.8,1
284429,1378249125620000356,20000356,2013-09-03 23:58:45,2013-09-04 00:05:00,6.3,1
284836,1378249126620000250,20000250,2013-09-03 23:58:46,2013-09-04 00:06:16,7.5,1
283110,1378249190620000108,20000108,2013-09-03 23:59:50,2013-09-04 00:10:50,11.0,1
282962,1378249194620000112,20000112,2013-09-03 23:59:54,2013-09-04 00:03:54,4.0,1
287317,1378333549620000497,20000497,2013-09-04 23:25:49,2013-09-05 00:06:49,41.0,1
287547,1378335065620000388,20000388,2013-09-04 23:51:05,2013-09-05 00:10:20,19.3,1
287400,1378335117620000372,20000372,2013-09-04 23:51:57,2013-09-05 00:03:42,11.8,1
287362,1378335120620000518,20000518,2013-09-04 23:52:00,2013-09-05 00:04:45,12.8,1
287437,1378335159620000370,20000370,2013-09-04 23:52:39,2013-09-05 00:09:09,16.5,1
287533,1378335177620000167,20000167,2013-09-04 23:52:57,2013-09-05 00:02:27,9.5,1
287312,1378335199620000310,20000310,2013-09-04 23:53:19,2013-09-05 00:05:19,12.0,1
287340,1378335219620000612,20000612,2013-09-04 23:53:39,2013-09-05 00:02:09,8.5,1
287391,1378335274620000196,20000196,2013-09-04 23:54:34,2013-09-05 00:04:19,9.8,1
287450,1378335281620000589,20000589,2013-09-04 23:54:41,2013-09-05 00:00:41,6.0,1
287379,1378335372620000618,20000618,2013-09-04 23:56:12,2013-09-05 00:01:57,5.8,1
287494,1378335376620000601,20000601,2013-09-04 23:56:16,2013-09-05 00:05:46,9.5,1
287335,1378335399620000022,20000022,2013-09-04 23:56:39,2013-09-05 00:07:24,10.8,1
287565,1378335532620000446,20000446,2013-09-04 23:58:52,2013-09-05 00:17:22,18.5,1
287363,1378335558620000616,20000616,2013-09-04 23:59:18,2013-09-05 00:19:03,19.8,1
287395,1378335594620000684,20000684,2013-09-04 23:59:54,2013-09-05 00:11:24,11.5,1
292944,1378416626620000171,20000171,2013-09-05 22:30:26,2013-09-06 01:22:56,172.5,1
291993,1378421341620000345,20000345,2013-09-05 23:49:01,2013-09-06 00:03:16,14.3,1
291840,1378421364620000233,20000233,2013-09-05 23:49:24,2013-09-06 00:05:24,16.0,1
291803,1378421440620000037,20000037,2013-09-05 23:50:40,2013-09-06 00:02:10,11.5,1
291995,1378421468620000325,20000325,2013-09-05 23:51:08,2013-09-06 00:03:38,12.5,1
291998,1378421496620000476,20000476,2013-09-05 23:51:36,2013-09-06 00:05:51,14.3,1
293811,1378421559620000216,20000216,2013-09-05 23:52:39,2013-09-06 00:02:54,10.3,1
291885,1378421601620000529,20000529,2013-09-05 23:53:21,2013-09-06 00:01:21,8.0,1
292033,1378421670620000337,20000337,2013-09-05 23:54:30,2013-09-06 00:05:00,10.5,1
292010,1378421682620000618,20000618,2013-09-05 23:54:42,2013-09-06 00:03:12,8.5,1
291825,1378421711620000662,20000662,2013-09-05 23:55:11,2013-09-06 00:05:11,10.0,1
291892,1378421714620000080,20000080,2013-09-05 23:55:14,2013-09-06 00:05:29,10.3,1
291796,1378421799620000010,20000010,2013-09-05 23:56:39,2013-09-06 00:03:54,7.3,1
294297,1378421860620000509,20000509,2013-09-05 23:57:40,2013-09-06 00:13:40,16.0,1
291940,1378421883620000621,20000621,2013-09-05 23:58:03,2013-09-06 00:08:18,10.3,1
296894,1378507466620000311,20000311,2013-09-06 23:44:26,2013-09-07 00:03:41,19.3,1
296879,1378507539620000483,20000483,2013-09-06 23:45:39,2013-09-07 00:05:39,20.0,1
296803,1378507552620000574,20000574,2013-09-06 23:45:52,2013-09-07 00:27:37,41.8,1
296811,1378507687620000031,20000031,2013-09-06 23:48:07,2013-09-07 00:00:37,12.5,1
296772,1378507719620000372,20000372,2013-09-06 23:48:39,2013-09-07 00:00:39,12.0,1
296856,1378507835620000343,20000343,2013-09-06 23:50:35,2013-09-07 00:00:05,9.5,1
296809,1378507884620000108,20000108,2013-09-06 23:51:24,2013-09-07 00:11:39,20.3,1
296724,1378507886620000671,20000671,2013-09-06 23:51:26,2013-09-07 00:03:11,11.8,1
297045,1378507897620000136,20000136,2013-09-06 23:51:37,2013-09-07 00:01:52,10.3,1
296994,1378507912620000370,20000370,2013-09-06 23:51:52,2013-09-07 00:02:07,10.3,1
296873,1378507924620000067,20000067,2013-09-06 23:52:04,2013-09-07 00:12:19,20.3,1
297073,1378507927620000406,20000406,2013-09-06 23:52:07,2013-09-07 00:50:22,58.3,1
296719,1378507954620000188,20000188,2013-09-06 23:52:34,2013-09-07 00:06:49,14.3,1
296760,1378507960620000446,20000446,2013-09-06 23:52:40,2013-09-07 00:05:40,13.0,1
299570,1378508003620000541,20000541,2013-09-06 23:53:23,2013-09-07 00:06:23,13.0,1
296998,1378508038620000254,20000254,2013-09-06 23:53:58,2013-09-07 00:04:43,10.8,1
296816,1378508061620000497,20000497,2013-09-06 23:54:21,2013-09-07 00:08:51,14.5,1
296861,1378508079620000252,20000252,2013-09-06 23:54:39,2013-09-07 00:00:24,5.8,1
296717,1378508081620000045,20000045,2013-09-06 23:54:41,2013-09-07 00:05:26,10.8,1
296900,1378508127620000112,20000112,2013-09-06 23:55:27,2013-09-07 00:02:42,7.3,1
296886,1378508137620000472,20000472,2013-09-06 23:55:37,2013-09-07 00:02:22,6.8,1
297002,1378508142620000520,20000520,2013-09-06 23:55:42,2013-09-07 00:07:12,11.5,1
296778,1378508152620000492,20000492,2013-09-06 23:55:52,2013-09-07 00:07:37,11.8,1
296951,1378508203620000591,20000591,2013-09-06 23:56:43,2013-09-07 00:05:43,9.0,1
296877,1378508288620000154,20000154,2013-09-06 23:58:08,2013-09-07 00:04:38,6.5,1
296882,1378508319620000569,20000569,2013-09-06 23:58:39,2013-09-07 00:38:09,39.5,1
296828,1378508335620000554,20000554,2013-09-06 23:58:55,2013-09-07 00:14:25,15.5,1
296949,1378508338620000303,20000303,2013-09-06 23:58:58,2013-09-07 00:04:58,6.0,1
296710,1378508361620000665,20000665,2013-09-06 23:59:21,2013-09-07 00:02:06,2.8,1
297349,1378508377620000640,20000640,2013-09-06 23:59:37,2013-09-07 00:08:07,8.5,1
301706,1378593303620000372,20000372,2013-09-07 23:35:03,2013-09-08 00:08:18,33.3,1
301724,1378593755620000668,20000668,2013-09-07 23:42:35,2013-09-08 00:37:20,54.8,1
301658,1378593930620000421,20000421,2013-09-07 23:45:30,2013-09-08 00:06:15,20.8,1
301955,1378594004620000419,20000419,2013-09-07 23:46:44,2013-09-08 00:26:14,39.5,1
301820,1378594016620000179,20000179,2013-09-07 23:46:56,2013-09-08 00:02:11,15.3,1
301632,1378594133620000518,20000518,2013-09-07 23:48:53,2013-09-08 00:02:53,14.0,1
301774,1378594135620000612,20000612,2013-09-07 23:48:55,2013-09-08 00:02:55,14.0,1
301572,1378594182620000010,20000010,2013-09-07 23:49:42,2013-09-08 00:01:42,12.0,1
301615,1378594218620000256,20000256,2013-09-07 23:50:18,2013-09-08 00:02:18,12.0,1
301872,1378594247620000665,20000665,2013-09-07 23:50:47,2013-09-08 00:13:02,22.3,1
301780,1378594286620000276,20000276,2013-09-07 23:51:26,2013-09-08 00:02:26,11.0,1
301604,1378594381620000129,20000129,2013-09-07 23:53:01,2013-09-08 00:05:01,12.0,1
301585,1378594388620000195,20000195,2013-09-07 23:53:08,2013-09-08 00:00:53,7.8,1
301740,1378594413620000105,20000105,2013-09-07 23:53:33,2013-09-08 00:02:33,9.0,1
301717,1378594522620000324,20000324,2013-09-07 23:55:22,2013-09-08 00:08:52,13.5,1
301752,1378594542620000520,20000520,2013-09-07 23:55:42,2013-09-08 00:04:57,9.3,1
301685,1378594543620000662,20000662,2013-09-07 23:55:43,2013-09-08 00:23:43,28.0,1
301722,1378594557620000472,20000472,2013-09-07 23:55:57,2013-09-08 00:16:57,21.0,1
301797,1378594560620000591,20000591,2013-09-07 23:56:00,2013-09-08 00:09:00,13.0,1
303629,1378594562620000054,20000054,2013-09-07 23:56:02,2013-09-08 00:04:17,8.3,1
301763,1378594563620000245,20000245,2013-09-07 23:56:03,2013-09-08 00:17:18,21.3,1
301679,1378594578620000304,20000304,2013-09-07 23:56:18,2013-09-08 00:09:33,13.3,1
301598,1378594592620000006,20000006,2013-09-07 23:56:32,2013-09-08 00:05:32,9.0,1
301795,1378594606620000320,20000320,2013-09-07 23:56:46,2013-09-08 00:01:46,5.0,1
302214,1378594642620000451,20000451,2013-09-07 23:57:22,2013-09-08 00:04:22,7.0,1
304208,1378594681620000509,20000509,2013-09-07 23:58:01,2013-09-08 00:06:16,8.3,1
301639,1378594710620000473,20000473,2013-09-07 23:58:30,2013-09-08 00:05:15,6.8,1
301618,1378594713620000688,20000688,2013-09-07 23:58:33,2013-09-08 00:05:03,6.5,1
301593,1378594714620000624,20000624,2013-09-07 23:58:34,2013-09-08 00:05:04,6.5,1
301591,1378594723620000453,20000453,2013-09-07 23:58:43,2013-09-08 00:06:58,8.3,1
301707,1378594738620000492,20000492,2013-09-07 23:58:58,2013-09-08 00:04:43,5.8,1
301693,1378594765620000392,20000392,2013-09-07 23:59:25,2013-09-08 00:03:55,4.5,1
301691,1378594770620000120,20000120,2013-09-07 23:59:30,2013-09-08 00:05:30,6.0,1
301764,1378594776620000157,20000157,2013-09-07 23:59:36,2013-09-08 00:14:06,14.5,1
301710,1378594780620000066,20000066,2013-09-07 23:59:40,2013-09-08 00:13:40,14.0,1
306118,1378675977620000376,20000376,2013-09-08 22:32:57,2013-09-09 00:53:42,140.8,1
306381,1378678230620000617,20000617,2013-09-08 23:10:30,2013-09-09 00:25:30,75.0,1
305980,1378678798620000465,20000465,2013-09-08 23:19:58,2013-09-09 00:04:28,44.5,1
306104,1378680029620000009,20000009,2013-09-08 23:40:29,2013-09-09 00:40:44,60.3,1
306299,1378680601620000101,20000101,2013-09-08 23:50:01,2013-09-09 00:05:31,15.5,1
305985,1378680628620000359,20000359,2013-09-08 23:50:28,2013-09-09 00:02:43,12.3,1
306072,1378680628620000337,20000337,2013-09-08 23:50:28,2013-09-09 00:05:43,15.3,1
305993,1378680660620000007,20000007,2013-09-08 23:51:00,2013-09-09 00:03:45,12.8,1
306002,1378680704620000569,20000569,2013-09-08 23:51:44,2013-09-09 00:01:44,10.0,1
306005,1378680927620000430,20000430,2013-09-08 23:55:27,2013-09-09 00:02:57,7.5,1
306087,1378681029620000504,20000504,2013-09-08 23:57:09,2013-09-09 00:05:24,8.3,1
306193,1378681087620000653,20000653,2013-09-08 23:58:07,2013-09-09 00:06:07,8.0,1
305991,1378681125620000307,20000307,2013-09-08 23:58:45,2013-09-09 00:11:15,12.5,1
306083,1378681146620000245,20000245,2013-09-08 23:59:06,2013-09-09 00:02:06,3.0,1
306043,1378681192620000360,20000360,2013-09-08 23:59:52,2013-09-09 00:12:07,12.3,1
310370,1378766562620000231,20000231,2013-09-09 23:42:42,2013-09-10 00:03:57,21.3,1
310826,1378766622620000616,20000616,2013-09-09 23:43:42,2013-09-10 00:04:42,21.0,1
310281,1378766872620000307,20000307,2013-09-09 23:47:52,2013-09-10 00:01:37,13.8,1
310287,1378766944620000610,20000610,2013-09-09 23:49:04,2013-09-10 00:00:19,11.3,1
310301,1378766955620000435,20000435,2013-09-09 23:49:15,2013-09-10 00:10:00,20.8,1
310277,1378767136620000252,20000252,2013-09-09 23:52:16,2013-09-10 00:07:16,15.0,1
310414,1378767142620000268,20000268,2013-09-09 23:52:22,2013-09-10 00:16:37,24.3,1
310400,1378767144620000269,20000269,2013-09-09 23:52:24,2013-09-10 00:00:24,8.0,1
311303,1378767170620000216,20000216,2013-09-09 23:52:50,2013-09-10 00:09:50,17.0,1
310276,1378767243620000304,20000304,2013-09-09 23:54:03,2013-09-10 00:02:18,8.3,1
310357,1378767255620000233,20000233,2013-09-09 23:54:15,2013-09-10 00:01:45,7.5,1
310421,1378767324620000473,20000473,2013-09-09 23:55:24,2013-09-10 00:06:24,11.0,1
310291,1378767333620000108,20000108,2013-09-09 23:55:33,2013-09-10 00:02:18,6.8,1
310334,1378767390620000367,20000367,2013-09-09 23:56:30,2013-09-10 00:00:00,3.5,1
310509,1378767430620000334,20000334,2013-09-09 23:57:10,2013-09-10 00:08:55,11.8,1
310664,1378767517620000005,20000005,2013-09-09 23:58:37,2013-09-10 00:04:37,6.0,1
310328,1378767548620000625,20000625,2013-09-09 23:59:08,2013-09-10 00:13:53,14.8,1
310396,1378767595620000308,20000308,2013-09-09 23:59:55,2013-09-10 00:17:55,18.0,1
314928,1378853248620000520,20000520,2013-09-10 23:47:28,2013-09-11 00:01:43,14.3,1
315181,1378853450620000337,20000337,2013-09-10 23:50:50,2013-09-11 00:08:05,17.3,1
314958,1378853459620000311,20000311,2013-09-10 23:50:59,2013-09-11 00:07:59,17.0,1
315048,1378853509620000436,20000436,2013-09-10 23:51:49,2013-09-11 00:25:19,33.5,1
315070,1378853603620000345,20000345,2013-09-10 23:53:23,2013-09-11 00:42:23,49.0,1
314957,1378853658620000216,20000216,2013-09-10 23:54:18,2013-09-11 00:07:33,13.3,1
314922,1378853660620000304,20000304,2013-09-10 23:54:20,2013-09-11 00:01:35,7.3,1
315201,1378853734620000589,20000589,2013-09-10 23:55:34,2013-09-11 00:04:19,8.8,1
315538,1378853748620000665,20000665,2013-09-10 23:55:48,2013-09-11 00:01:48,6.0,1
315019,1378853819620000387,20000387,2013-09-10 23:56:59,2013-09-11 00:32:59,36.0,1
314992,1378853867620000395,20000395,2013-09-10 23:57:47,2013-09-11 00:06:02,8.3,1
315861,1378853900620000664,20000664,2013-09-10 23:58:20,2013-09-11 00:00:50,2.5,1
314940,1378853919620000010,20000010,2013-09-10 23:58:39,2013-09-11 00:07:54,9.3,1
314955,1378853920620000252,20000252,2013-09-10 23:58:40,2013-09-11 00:08:25,9.8,1
315020,1378853977620000120,20000120,2013-09-10 23:59:37,2013-09-11 00:05:52,6.3,1
321024,1378931764620000014,20000014,2013-09-11 21:36:04,2013-09-12 01:14:04,218.0,1
319837,1378936488620000009,20000009,2013-09-11 22:54:48,2013-09-12 00:12:03,77.3,1
320677,1378939747620000901,20000901,2013-09-11 23:49:07,2013-09-12 00:04:22,15.3,1
319753,1378939798620000108,20000108,2013-09-11 23:49:58,2013-09-12 00:01:13,11.3,1
322703,1378939909620000514,20000514,2013-09-11 23:51:49,2013-09-12 00:04:49,13.0,1
319915,1378939938620000057,20000057,2013-09-11 23:52:18,2013-09-12 00:07:03,14.8,1
319855,1378939944620000308,20000308,2013-09-11 23:52:24,2013-09-12 00:06:54,14.5,1
319686,1378940041620000367,20000367,2013-09-11 23:54:01,2013-09-12 00:01:01,7.0,1
319759,1378940051620000665,20000665,2013-09-11 23:54:11,2013-09-12 00:12:41,18.5,1
319754,1378940072620000376,20000376,2013-09-11 23:54:32,2013-09-12 00:17:02,22.5,1
319790,1378940149620000005,20000005,2013-09-11 23:55:49,2013-09-12 00:04:04,8.3,1
319862,1378940151620000157,20000157,2013-09-11 23:55:51,2013-09-12 00:04:36,8.8,1
320421,1378940157620000269,20000269,2013-09-11 23:55:57,2013-09-12 00:15:27,19.5,1
319730,1378940180620000105,20000105,2013-09-11 23:56:20,2013-09-12 00:03:05,6.8,1
319691,1378940215620000476,20000476,2013-09-11 23:56:55,2013-09-12 00:02:10,5.3,1
319908,1378940314620000503,20000503,2013-09-11 23:58:34,2013-09-12 00:01:34,3.0,1
323513,1378940322620000310,20000310,2013-09-11 23:58:42,2013-09-12 00:04:12,5.5,1
319824,1378940341620000472,20000472,2013-09-11 23:59:01,2013-09-12 00:06:46,7.8,1
319765,1378940376620000653,20000653,2013-09-11 23:59:36,2013-09-12 00:06:36,7.0,1
324932,1379024958620000004,20000004,2013-09-12 23:29:18,2013-09-13 00:06:48,37.5,1
324823,1379025488620000497,20000497,2013-09-12 23:38:08,2013-09-13 00:00:53,22.8,1
325920,1379025709620000252,20000252,2013-09-12 23:41:49,2013-09-13 00:04:19,22.5,1
324854,1379025727620000611,20000611,2013-09-12 23:42:07,2013-09-13 00:06:37,24.5,1
324971,1379025782620000160,20000160,2013-09-12 23:43:02,2013-09-13 00:11:47,28.8,1
324694,1379025837620000574,20000574,2013-09-12 23:43:57,2013-09-13 00:04:42,20.8,1
324747,1379025912620000446,20000446,2013-09-12 23:45:12,2013-09-13 00:04:42,19.5,1
324907,1379026068620000430,20000430,2013-09-12 23:47:48,2013-09-13 00:01:18,13.5,1
324749,1379026252620000388,20000388,2013-09-12 23:50:52,2013-09-13 00:07:52,17.0,1
324667,1379026382620000569,20000569,2013-09-12 23:53:02,2013-09-13 00:03:32,10.5,1
324769,1379026390620000632,20000632,2013-09-12 23:53:10,2013-09-13 00:06:40,13.5,1
324949,1379026390620000364,20000364,2013-09-12 23:53:10,2013-09-13 00:01:10,8.0,1
324768,1379026397620000108,20000108,2013-09-12 23:53:17,2013-09-13 00:03:32,10.3,1
324842,1379026432620000192,20000192,2013-09-12 23:53:52,2013-09-13 00:08:52,15.0,1
324678,1379026529620000649,20000649,2013-09-12 23:55:29,2013-09-13 00:04:59,9.5,1
325132,1379026535620000903,20000903,2013-09-12 23:55:35,2013-09-13 00:01:20,5.8,1
324788,1379026570620000359,20000359,2013-09-12 23:56:10,2013-09-13 00:00:40,4.5,1
324868,1379026574620000463,20000463,2013-09-12 23:56:14,2013-09-13 00:05:44,9.5,1
324910,1379026580620000011,20000011,2013-09-12 23:56:20,2013-09-13 00:04:20,8.0,1
324690,1379026594620000320,20000320,2013-09-12 23:56:34,2013-09-13 00:05:49,9.3,1
324662,1379026606620000387,20000387,2013-09-12 23:56:46,2013-09-13 00:05:01,8.3,1
325066,1379026622620000571,20000571,2013-09-12 23:57:02,2013-09-13 00:11:02,14.0,1
324772,1379026655620000520,20000520,2013-09-12 23:57:35,2013-09-13 00:08:50,11.3,1
324956,1379026728620000600,20000600,2013-09-12 23:58:48,2013-09-13 00:12:18,13.5,1
324697,1379026754620000675,20000675,2013-09-12 23:59:14,2013-09-13 00:07:29,8.3,1
324754,1379026771620000325,20000325,2013-09-12 23:59:31,2013-09-13 00:05:46,6.3,1
330457,1379108876620000486,20000486,2013-09-13 22:47:56,2013-09-14 01:14:41,146.8,1
334027,1379109952620000902,20000902,2013-09-13 23:05:52,2013-09-14 01:40:07,154.3,1
330053,1379111735620000307,20000307,2013-09-13 23:35:35,2013-09-14 00:00:50,25.3,1
330125,1379112182620000297,20000297,2013-09-13 23:43:02,2013-09-14 00:00:02,17.0,1
330247,1379112196620000136,20000136,2013-09-13 23:43:16,2013-09-14 00:05:31,22.3,1
330514,1379112529620000011,20000011,2013-09-13 23:48:49,2013-09-14 00:17:34,28.8,1
330109,1379112570620000488,20000488,2013-09-13 23:49:30,2013-09-14 00:01:00,11.5,1
330231,1379112629620000430,20000430,2013-09-13 23:50:29,2013-09-14 00:02:44,12.3,1
330134,1379112630620000320,20000320,2013-09-13 23:50:30,2013-09-14 00:01:00,10.5,1
330449,1379112633620000120,20000120,2013-09-13 23:50:33,2013-09-14 00:02:18,11.8,1
330083,1379112677620000424,20000424,2013-09-13 23:51:17,2013-09-14 00:00:32,9.3,1
330210,1379112744620000041,20000041,2013-09-13 23:52:24,2013-09-14 00:03:24,11.0,1
330211,1379112750620000008,20000008,2013-09-13 23:52:30,2013-09-14 00:06:00,13.5,1
330103,1379112752620000506,20000506,2013-09-13 23:52:32,2013-09-14 00:01:32,9.0,1
330078,1379112754620000548,20000548,2013-09-13 23:52:34,2013-09-14 00:01:34,9.0,1
330110,1379112814620000311,20000311,2013-09-13 23:53:34,2013-09-14 00:07:34,14.0,1
330105,1379112825620000112,20000112,2013-09-13 23:53:45,2013-09-14 00:05:15,11.5,1
330124,1379112841620000343,20000343,2013-09-13 23:54:01,2013-09-14 00:00:16,6.3,1
330123,1379112848620000520,20000520,2013-09-13 23:54:08,2013-09-14 00:02:38,8.5,1
330120,1379112861620000022,20000022,2013-09-13 23:54:21,2013-09-14 00:11:21,17.0,1
330253,1379112864620000154,20000154,2013-09-13 23:54:24,2013-09-14 00:16:54,22.5,1
330129,1379112876620000574,20000574,2013-09-13 23:54:36,2013-09-14 00:03:36,9.0,1
330156,1379112886620000216,20000216,2013-09-13 23:54:46,2013-09-14 00:12:31,17.8,1
330239,1379112956620000256,20000256,2013-09-13 23:55:56,2013-09-14 00:05:56,10.0,1
330218,1379113025620000105,20000105,2013-09-13 23:57:05,2013-09-14 00:11:50,14.8,1
330195,1379113066620000101,20000101,2013-09-13 23:57:46,2013-09-14 00:20:46,23.0,1
330184,1379113070620000601,20000601,2013-09-13 23:57:50,2013-09-14 00:07:20,9.5,1
330133,1379113071620000303,20000303,2013-09-13 23:57:51,2013-09-14 00:02:06,4.3,1
330170,1379113103620000310,20000310,2013-09-13 23:58:23,2013-09-14 00:06:23,8.0,1
330327,1379113132620000268,20000268,2013-09-13 23:58:52,2013-09-14 00:11:37,12.8,1
330285,1379113136620000243,20000243,2013-09-13 23:58:56,2013-09-14 00:10:41,11.8,1
330104,1379113142620000254,20000254,2013-09-13 23:59:02,2013-09-14 00:06:02,7.0,1
330929,1379113149620000153,20000153,2013-09-13 23:59:09,2013-09-14 00:12:39,13.5,1
330260,1379113156620000242,20000242,2013-09-13 23:59:16,2013-09-14 00:09:31,10.3,1
330112,1379113167620000578,20000578,2013-09-13 23:59:27,2013-09-14 00:03:42,4.3,1
330233,1379113175620000173,20000173,2013-09-13 23:59:35,2013-09-14 00:09:50,10.3,1
336170,1379194552620000345,20000345,2013-09-14 22:35:52,2013-09-15 00:22:37,106.8,1
336644,1379196416620000171,20000171,2013-09-14 23:06:56,2013-09-15 00:07:11,60.3,1
337032,1379196858620000513,20000513,2013-09-14 23:14:18,2013-09-15 00:13:03,58.8,1
338434,1379197248620000675,20000675,2013-09-14 23:20:48,2013-09-15 00:00:48,40.0,1
335752,1379198599620000577,20000577,2013-09-14 23:43:19,2013-09-15 00:01:34,18.3,1
335648,1379198706620000305,20000305,2013-09-14 23:45:06,2013-09-15 00:01:51,16.8,1
335755,1379198793620000157,20000157,2013-09-14 23:46:33,2013-09-15 00:06:33,20.0,1
335835,1379198807620000621,20000621,2013-09-14 23:46:47,2013-09-15 00:04:32,17.8,1
335787,1379198813620000453,20000453,2013-09-14 23:46:53,2013-09-15 00:09:23,22.5,1
335701,1379198825620000671,20000671,2013-09-14 23:47:05,2013-09-15 00:00:20,13.3,1
335688,1379198846620000129,20000129,2013-09-14 23:47:26,2013-09-15 00:02:41,15.3,1
335715,1379198915620000612,20000612,2013-09-14 23:48:35,2013-09-15 00:04:35,16.0,1
335753,1379198937620000347,20000347,2013-09-14 23:48:57,2013-09-15 00:01:42,12.8,1
335910,1379198964620000549,20000549,2013-09-14 23:49:24,2013-09-15 00:06:39,17.3,1
335748,1379198967620000686,20000686,2013-09-14 23:49:27,2013-09-15 00:05:57,16.5,1
337819,1379198989620000651,20000651,2013-09-14 23:49:49,2013-09-15 00:17:04,27.3,1
335735,1379199022620000351,20000351,2013-09-14 23:50:22,2013-09-15 00:18:37,28.3,1
335689,1379199026620000310,20000310,2013-09-14 23:50:26,2013-09-15 00:02:26,12.0,1
335773,1379199057620000901,20000901,2013-09-14 23:50:57,2013-09-15 00:06:27,15.5,1
335681,1379199084620000591,20000591,2013-09-14 23:51:24,2013-09-15 00:16:54,25.5,1
335683,1379199120620000454,20000454,2013-09-14 23:52:00,2013-09-15 00:10:00,18.0,1
335738,1379199129620000285,20000285,2013-09-14 23:52:09,2013-09-15 00:04:24,12.3,1
335677,1379199152620000112,20000112,2013-09-14 23:52:32,2013-09-15 00:01:47,9.3,1
335853,1379199152620000506,20000506,2013-09-14 23:52:32,2013-09-15 00:02:32,10.0,1
335662,1379199158620000492,20000492,2013-09-14 23:52:38,2013-09-15 00:02:23,9.8,1
335725,1379199162620000421,20000421,2013-09-14 23:52:42,2013-09-15 00:08:12,15.5,1
335765,1379199177620000571,20000571,2013-09-14 23:52:57,2013-09-15 00:03:27,10.5,1
335824,1379199197620000598,20000598,2013-09-14 23:53:17,2013-09-15 00:25:32,32.3,1
335737,1379199201620000004,20000004,2013-09-14 23:53:21,2013-09-15 00:03:06,9.8,1
335695,1379199212620000249,20000249,2013-09-14 23:53:32,2013-09-15 00:05:02,11.5,1
335668,1379199233620000120,20000120,2013-09-14 23:53:53,2013-09-15 00:06:23,12.5,1
335785,1379199243620000617,20000617,2013-09-14 23:54:03,2013-09-15 00:15:48,21.8,1
335744,1379199284620000687,20000687,2013-09-14 23:54:44,2013-09-15 00:28:44,34.0,1
336006,1379199290620000333,20000333,2013-09-14 23:54:50,2013-09-15 00:13:20,18.5,1
335690,1379199296620000256,20000256,2013-09-14 23:54:56,2013-09-15 00:03:41,8.8,1
335808,1379199325620000344,20000344,2013-09-14 23:55:25,2013-09-15 00:06:55,11.5,1
335704,1379199336620000042,20000042,2013-09-14 23:55:36,2013-09-15 00:08:21,12.8,1
335654,1379199355620000359,20000359,2013-09-14 23:55:55,2013-09-15 00:02:25,6.5,1
335660,1379199378620000337,20000337,2013-09-14 23:56:18,2013-09-15 00:04:18,8.0,1
335746,1379199387620000216,20000216,2013-09-14 23:56:27,2013-09-15 00:09:12,12.8,1
335711,1379199401620000192,20000192,2013-09-14 23:56:41,2013-09-15 00:05:26,8.8,1
335669,1379199404620000570,20000570,2013-09-14 23:56:44,2013-09-15 00:10:59,14.3,1
335885,1379199412620000482,20000482,2013-09-14 23:56:52,2013-09-15 00:05:22,8.5,1
335692,1379199452620000179,20000179,2013-09-14 23:57:32,2013-09-15 00:07:32,10.0,1
335714,1379199467620000066,20000066,2013-09-14 23:57:47,2013-09-15 00:09:47,12.0,1
335772,1379199470620000529,20000529,2013-09-14 23:57:50,2013-09-15 00:07:50,10.0,1
335703,1379199474620000022,20000022,2013-09-14 23:57:54,2013-09-15 00:08:24,10.5,1
335713,1379199477620000542,20000542,2013-09-14 23:57:57,2013-09-15 00:13:42,15.8,1
335675,1379199499620000618,20000618,2013-09-14 23:58:19,2013-09-15 00:15:04,16.8,1
335900,1379199502620000450,20000450,2013-09-14 23:58:22,2013-09-15 00:08:52,10.5,1
335783,1379199506620000010,20000010,2013-09-14 23:58:26,2013-09-15 00:09:56,11.5,1
335793,1379199522620000514,20000514,2013-09-14 23:58:42,2013-09-15 00:06:27,7.8,1
336142,1379199540620000075,20000075,2013-09-14 23:59:00,2013-09-15 00:08:30,9.5,1
335652,1379199561620000640,20000640,2013-09-14 23:59:21,2013-09-15 00:07:21,8.0,1
335833,1379199564620000376,20000376,2013-09-14 23:59:24,2013-09-15 00:08:39,9.3,1
335706,1379199567620000190,20000190,2013-09-14 23:59:27,2013-09-15 00:14:12,14.8,1
335834,1379199580620000518,20000518,2013-09-14 23:59:40,2013-09-15 00:10:55,11.3,1
335750,1379199584620000387,20000387,2013-09-14 23:59:44,2013-09-15 00:14:44,15.0,1
341404,1379285211620000611,20000611,2013-09-15 23:46:51,2013-09-16 00:02:51,16.0,1
341365,1379285270620000009,20000009,2013-09-15 23:47:50,2013-09-16 00:01:05,13.3,1
341426,1379285363620000395,20000395,2013-09-15 23:49:23,2013-09-16 00:06:08,16.8,1
341349,1379285374620000388,20000388,2013-09-15 23:49:34,2013-09-16 00:04:34,15.0,1
341347,1379285639620000108,20000108,2013-09-15 23:53:59,2013-09-16 00:00:59,7.0,1
341870,1379285694620000051,20000051,2013-09-15 23:54:54,2013-09-16 00:04:09,9.3,1
341392,1379285761620000067,20000067,2013-09-15 23:56:01,2013-09-16 00:02:46,6.8,1
341379,1379285808620000112,20000112,2013-09-15 23:56:48,2013-09-16 00:04:03,7.3,1
341486,1379285858620000517,20000517,2013-09-15 23:57:38,2013-09-16 00:05:38,8.0,1
341846,1379285888620000364,20000364,2013-09-15 23:58:08,2013-09-16 00:06:38,8.5,1
341431,1379285944620000688,20000688,2013-09-15 23:59:04,2013-09-16 00:21:49,22.8,1
341360,1379285977620000574,20000574,2013-09-15 23:59:37,2013-09-16 00:06:07,6.5,1
346385,1379369867620000328,20000328,2013-09-16 23:17:47,2013-09-17 00:09:17,51.5,1
346289,1379370561620000503,20000503,2013-09-16 23:29:21,2013-09-17 00:10:06,40.8,1
346420,1379370710620000612,20000612,2013-09-16 23:31:50,2013-09-17 00:08:20,36.5,1
346332,1379370987620000136,20000136,2013-09-16 23:36:27,2013-09-17 00:09:12,32.8,1
346330,1379371419620000153,20000153,2013-09-16 23:43:39,2013-09-17 00:07:09,23.5,1
346164,1379371684620000595,20000595,2013-09-16 23:48:04,2013-09-17 00:02:34,14.5,1
346127,1379371738620000154,20000154,2013-09-16 23:48:58,2013-09-17 00:00:13,11.3,1
346194,1379371818620000450,20000450,2013-09-16 23:50:18,2013-09-17 00:04:48,14.5,1
346158,1379371848620000520,20000520,2013-09-16 23:50:48,2013-09-17 00:00:18,9.5,1
346230,1379371972620000395,20000395,2013-09-16 23:52:52,2013-09-17 00:22:52,30.0,1
346411,1379371997620000496,20000496,2013-09-16 23:53:17,2013-09-17 00:52:02,58.8,1
346298,1379372021620000192,20000192,2013-09-16 23:53:41,2013-09-17 00:07:11,13.5,1
346310,1379372035620000269,20000269,2013-09-16 23:53:55,2013-09-17 00:03:25,9.5,1
346207,1379372041620000015,20000015,2013-09-16 23:54:01,2013-09-17 00:04:01,10.0,1
346349,1379372052620000325,20000325,2013-09-16 23:54:12,2013-09-17 00:00:42,6.5,1
346265,1379372073620000451,20000451,2013-09-16 23:54:33,2013-09-17 00:05:03,10.5,1
346254,1379372113620000649,20000649,2013-09-16 23:55:13,2013-09-17 00:05:13,10.0,1
346161,1379372129620000359,20000359,2013-09-16 23:55:29,2013-09-17 00:04:14,8.8,1
346227,1379372167620000436,20000436,2013-09-16 23:56:07,2013-09-17 00:12:52,16.8,1
346760,1379372181620000173,20000173,2013-09-16 23:56:21,2013-09-17 00:15:51,19.5,1
346241,1379372183620000624,20000624,2013-09-16 23:56:23,2013-09-17 00:01:23,5.0,1
346177,1379372206620000621,20000621,2013-09-16 23:56:46,2013-09-17 00:00:46,4.0,1
346203,1379372235620000305,20000305,2013-09-16 23:57:15,2013-09-17 00:09:00,11.8,1
346339,1379372239620000376,20000376,2013-09-16 23:57:19,2013-09-17 01:34:04,96.8,1
346147,1379372280620000675,20000675,2013-09-16 23:58:00,2013-09-17 00:01:45,3.8,1
346208,1379372302620000004,20000004,2013-09-16 23:58:22,2013-09-17 00:08:07,9.8,1
346152,1379372340620000483,20000483,2013-09-16 23:59:00,2013-09-17 00:08:45,9.8,1
346222,1379372341620000108,20000108,2013-09-16 23:59:01,2013-09-17 00:08:31,9.5,1
346146,1379372388620000304,20000304,2013-09-16 23:59:48,2013-09-17 00:05:18,5.5,1
350864,1379457562620000157,20000157,2013-09-17 23:39:22,2013-09-18 00:06:52,27.5,1
350861,1379457809620000473,20000473,2013-09-17 23:43:29,2013-09-18 00:06:59,23.5,1
350793,1379458097620000252,20000252,2013-09-17 23:48:17,2013-09-18 00:07:47,19.5,1
351021,1379458258620000307,20000307,2013-09-17 23:50:58,2013-09-18 00:10:43,19.8,1
350853,1379458294620000483,20000483,2013-09-17 23:51:34,2013-09-18 00:05:34,14.0,1
351451,1379458366620000632,20000632,2013-09-17 23:52:46,2013-09-18 00:00:31,7.8,1
351180,1379458368620000325,20000325,2013-09-17 23:52:48,2013-09-18 00:02:33,9.8,1
350876,1379458443620000370,20000370,2013-09-17 23:54:03,2013-09-18 00:00:18,6.3,1
353181,1379458527620000081,20000081,2013-09-17 23:55:27,2013-09-18 00:08:42,13.3,1
351010,1379458534620000031,20000031,2013-09-17 23:55:34,2013-09-18 00:11:19,15.8,1
351043,1379458547620000574,20000574,2013-09-17 23:55:47,2013-09-18 00:07:02,11.3,1
350841,1379458620620000105,20000105,2013-09-17 23:57:00,2013-09-18 00:04:30,7.5,1
350999,1379458626620000451,20000451,2013-09-17 23:57:06,2013-09-18 00:03:06,6.0,1
351001,1379458630620000235,20000235,2013-09-17 23:57:10,2013-09-18 00:19:25,22.3,1
355956,1379543587620000520,20000520,2013-09-18 23:33:07,2013-09-19 00:01:07,28.0,1
355958,1379544606620000367,20000367,2013-09-18 23:50:06,2013-09-19 00:01:36,11.5,1
356133,1379544654620000571,20000571,2013-09-18 23:50:54,2013-09-19 00:09:54,19.0,1
356317,1379544704620000233,20000233,2013-09-18 23:51:44,2013-09-19 00:01:14,9.5,1
355883,1379544707620000618,20000618,2013-09-18 23:51:47,2013-09-19 00:01:47,10.0,1
355877,1379544776620000621,20000621,2013-09-18 23:52:56,2013-09-19 00:06:56,14.0,1
355965,1379544822620000101,20000101,2013-09-18 23:53:42,2013-09-19 00:03:27,9.8,1
355888,1379544934620000171,20000171,2013-09-18 23:55:34,2013-09-19 00:09:04,13.5,1
356221,1379545009620000167,20000167,2013-09-18 23:56:49,2013-09-19 00:14:04,17.3,1
355925,1379545094620000305,20000305,2013-09-18 23:58:14,2013-09-19 00:07:29,9.3,1
355983,1379545108620000453,20000453,2013-09-18 23:58:28,2013-09-19 00:04:28,6.0,1
356038,1379545115620000325,20000325,2013-09-18 23:58:35,2013-09-19 00:07:20,8.8,1
355842,1379545160620000903,20000903,2013-09-18 23:59:20,2013-09-19 00:02:05,2.8,1
355879,1379545164620000173,20000173,2013-09-18 23:59:24,2013-09-19 00:11:39,12.3,1
361032,1379630588620000483,20000483,2013-09-19 23:43:08,2013-09-20 00:06:38,23.5,1
360937,1379631104620000571,20000571,2013-09-19 23:51:44,2013-09-20 00:01:29,9.8,1
360983,1379631129620000129,20000129,2013-09-19 23:52:09,2013-09-20 00:16:39,24.5,1
361026,1379631285620000269,20000269,2013-09-19 23:54:45,2013-09-20 00:05:30,10.8,1
360872,1379631351620000142,20000142,2013-09-19 23:55:51,2013-09-20 00:00:36,4.8,1
360978,1379631351620000042,20000042,2013-09-19 23:55:51,2013-09-20 00:03:21,7.5,1
360928,1379631357620000089,20000089,2013-09-19 23:55:57,2013-09-20 00:00:27,4.5,1
360862,1379631382620000173,20000173,2013-09-19 23:56:22,2013-09-20 00:05:37,9.3,1
360906,1379631393620000492,20000492,2013-09-19 23:56:33,2013-09-20 00:04:18,7.8,1
360846,1379631398620000235,20000235,2013-09-19 23:56:38,2013-09-20 00:01:38,5.0,1
361067,1379631403620000101,20000101,2013-09-19 23:56:43,2013-09-20 00:20:13,23.5,1
361059,1379631407620000020,20000020,2013-09-19 23:56:47,2013-09-20 00:03:47,7.0,1
360936,1379631430620000481,20000481,2013-09-19 23:57:10,2013-09-20 00:03:55,6.8,1
361462,1379631449620000333,20000333,2013-09-19 23:57:29,2013-09-20 00:03:59,6.5,1
360955,1379631461620000197,20000197,2013-09-19 23:57:41,2013-09-20 00:02:11,4.5,1
360953,1379631494620000648,20000648,2013-09-19 23:58:14,2013-09-20 00:09:59,11.8,1
361132,1379631509620000195,20000195,2013-09-19 23:58:29,2013-09-20 00:05:44,7.3,1
360980,1379631512620000310,20000310,2013-09-19 23:58:32,2013-09-20 00:06:02,7.5,1
361108,1379631513620000589,20000589,2013-09-19 23:58:33,2013-09-20 00:06:18,7.8,1
361091,1379631549620000476,20000476,2013-09-19 23:59:09,2013-09-20 00:12:39,13.5,1
360986,1379631590620000574,20000574,2013-09-19 23:59:50,2013-09-20 00:18:05,18.3,1
367055,1379715255620000337,20000337,2013-09-20 23:14:15,2013-09-21 00:00:15,46.0,1
366958,1379715798620000013,20000013,2013-09-20 23:23:18,2013-09-21 00:03:48,40.5,1
367048,1379716648620000345,20000345,2013-09-20 23:37:28,2013-09-21 00:10:13,32.8,1
366863,1379716949620000395,20000395,2013-09-20 23:42:29,2013-09-21 00:00:29,18.0,1
369925,1379717042620000448,20000448,2013-09-20 23:44:02,2013-09-21 00:00:47,16.8,1
366959,1379717057620000305,20000305,2013-09-20 23:44:17,2013-09-21 00:08:47,24.5,1
366953,1379717145620000617,20000617,2013-09-20 23:45:45,2013-09-21 00:05:00,19.3,1
366956,1379717148620000598,20000598,2013-09-20 23:45:48,2013-09-21 00:04:33,18.8,1
366993,1379717160620000268,20000268,2013-09-20 23:46:00,2013-09-21 00:00:30,14.5,1
366906,1379717171620000435,20000435,2013-09-20 23:46:11,2013-09-21 00:09:41,23.5,1
366936,1379717261620000525,20000525,2013-09-20 23:47:41,2013-09-21 00:03:26,15.8,1
366974,1379717299620000256,20000256,2013-09-20 23:48:19,2013-09-21 00:01:34,13.3,1
366990,1379717301620000008,20000008,2013-09-20 23:48:21,2013-09-21 00:00:21,12.0,1
367222,1379717304620000688,20000688,2013-09-20 23:48:24,2013-09-21 00:33:09,44.8,1
367043,1379717347620000463,20000463,2013-09-20 23:49:07,2013-09-21 00:03:22,14.3,1
366946,1379717457620000665,20000665,2013-09-20 23:50:57,2013-09-21 00:01:12,10.3,1
367035,1379717483620000360,20000360,2013-09-20 23:51:23,2013-09-21 00:07:08,15.8,1
367230,1379717555620000540,20000540,2013-09-20 23:52:35,2013-09-21 00:06:05,13.5,1
367098,1379717588620000514,20000514,2013-09-20 23:53:08,2013-09-21 00:05:08,12.0,1
367086,1379717598620000680,20000680,2013-09-20 23:53:18,2013-09-21 00:29:03,35.8,1
367061,1379717627620000686,20000686,2013-09-20 23:53:47,2013-09-21 00:00:02,6.3,1
367080,1379717628620000338,20000338,2013-09-20 23:53:48,2013-09-21 00:02:33,8.8,1
367231,1379717630620000285,20000285,2013-09-20 23:53:50,2013-09-21 00:05:05,11.3,1
367242,1379717633620000022,20000022,2013-09-20 23:53:53,2013-09-21 00:00:38,6.8,1
367081,1379717649620000473,20000473,2013-09-20 23:54:09,2013-09-21 00:04:54,10.8,1
366963,1379717677620000618,20000618,2013-09-20 23:54:37,2013-09-21 00:04:07,9.5,1
366908,1379717698620000610,20000610,2013-09-20 23:54:58,2013-09-21 00:12:43,17.8,1
366971,1379717719620000351,20000351,2013-09-20 23:55:19,2013-09-21 00:08:04,12.8,1
367162,1379717719620000481,20000481,2013-09-20 23:55:19,2013-09-21 00:09:49,14.5,1
367402,1379717756620000250,20000250,2013-09-20 23:55:56,2013-09-21 00:24:26,28.5,1
367100,1379717759620000518,20000518,2013-09-20 23:55:59,2013-09-21 00:03:44,7.8,1
366884,1379717778620000243,20000243,2013-09-20 23:56:18,2013-09-21 00:06:03,9.8,1
367053,1379717816620000309,20000309,2013-09-20 23:56:56,2013-09-21 00:03:26,6.5,1
366902,1379717924620000419,20000419,2013-09-20 23:58:44,2013-09-21 00:19:44,21.0,1
367132,1379717953620000142,20000142,2013-09-20 23:59:13,2013-09-21 00:09:58,10.8,1
366919,1379717976620000569,20000569,2013-09-20 23:59:36,2013-09-21 00:03:36,4.0,1
366849,1379717977620000572,20000572,2013-09-20 23:59:37,2013-09-21 00:03:07,3.5,1
366889,1379717978620000600,20000600,2013-09-20 23:59:38,2013-09-21 00:12:23,12.8,1
378976,1379802753620000594,20000594,2013-09-21 23:32:33,2013-09-22 00:00:33,28.0,1
372650,1379803118620000446,20000446,2013-09-21 23:38:38,2013-09-22 00:05:08,26.5,1
372598,1379803304620000273,20000273,2013-09-21 23:41:44,2013-09-22 00:11:59,30.3,1
372459,1379803318620000308,20000308,2013-09-21 23:41:58,2013-09-22 00:07:28,25.5,1
372608,1379803337620000260,20000260,2013-09-21 23:42:17,2013-09-22 00:00:32,18.3,1
372312,1379803340620000305,20000305,2013-09-21 23:42:20,2013-09-22 00:06:35,24.3,1
372611,1379803378620000680,20000680,2013-09-21 23:42:58,2013-09-22 00:21:43,38.8,1
372482,1379803381620000173,20000173,2013-09-21 23:43:01,2013-09-22 00:22:31,39.5,1
372347,1379803497620000570,20000570,2013-09-21 23:44:57,2013-09-22 00:13:42,28.8,1
372319,1379803604620000008,20000008,2013-09-21 23:46:44,2013-09-22 00:03:59,17.3,1
372353,1379803622620000686,20000686,2013-09-21 23:47:02,2013-09-22 00:00:47,13.8,1
373038,1379803639620000648,20000648,2013-09-21 23:47:19,2013-09-22 00:18:34,31.3,1
374852,1379803737620000327,20000327,2013-09-21 23:48:57,2013-09-22 00:02:27,13.5,1
372340,1379803765620000345,20000345,2013-09-21 23:49:25,2013-09-22 00:07:25,18.0,1
372257,1379803775620000343,20000343,2013-09-21 23:49:35,2013-09-22 00:04:35,15.0,1
372303,1379803791620000621,20000621,2013-09-21 23:49:51,2013-09-22 00:04:36,14.8,1
372357,1379803856620000217,20000217,2013-09-21 23:50:56,2013-09-22 00:09:26,18.5,1
372412,1379803897620000254,20000254,2013-09-21 23:51:37,2013-09-22 00:11:22,19.8,1
372424,1379803912620000075,20000075,2013-09-21 23:51:52,2013-09-22 00:05:52,14.0,1
372609,1379803965620000520,20000520,2013-09-21 23:52:45,2013-09-22 00:05:45,13.0,1
372392,1379804043620000304,20000304,2013-09-21 23:54:03,2013-09-22 00:07:03,13.0,1
372310,1379804051620000310,20000310,2013-09-21 23:54:11,2013-09-22 00:05:41,11.5,1
372416,1379804107620000610,20000610,2013-09-21 23:55:07,2013-09-22 00:13:07,18.0,1
372336,1379804123620000101,20000101,2013-09-21 23:55:23,2013-09-22 00:06:53,11.5,1
372344,1379804126620000685,20000685,2013-09-21 23:55:26,2013-09-22 00:07:56,12.5,1
372331,1379804141620000577,20000577,2013-09-21 23:55:41,2013-09-22 00:07:26,11.8,1
372302,1379804145620000161,20000161,2013-09-21 23:55:45,2013-09-22 00:07:00,11.3,1
372363,1379804179620000503,20000503,2013-09-21 23:56:19,2013-09-22 00:05:04,8.8,1
372279,1379804183620000518,20000518,2013-09-21 23:56:23,2013-09-22 00:07:08,10.8,1
372271,1379804189620000398,20000398,2013-09-21 23:56:29,2013-09-22 00:05:44,9.3,1
372290,1379804224620000280,20000280,2013-09-21 23:57:04,2013-09-22 00:02:19,5.3,1
372694,1379804226620000557,20000557,2013-09-21 23:57:06,2013-09-22 00:02:06,5.0,1
372448,1379804245620000376,20000376,2013-09-21 23:57:25,2013-09-22 00:03:25,6.0,1
372656,1379804273620000406,20000406,2013-09-21 23:57:53,2013-09-22 00:08:53,11.0,1
372382,1379804297620000463,20000463,2013-09-21 23:58:17,2013-09-22 00:05:47,7.5,1
372276,1379804300620000601,20000601,2013-09-21 23:58:20,2013-09-22 00:06:20,8.0,1
372307,1379804302620000153,20000153,2013-09-21 23:58:22,2013-09-22 00:06:07,7.8,1
372498,1379804314620000041,20000041,2013-09-21 23:58:34,2013-09-22 00:21:34,23.0,1
372439,1379804325620000664,20000664,2013-09-21 23:58:45,2013-09-22 00:09:00,10.3,1
373607,1379804365620000465,20000465,2013-09-21 23:59:25,2013-09-22 00:02:10,2.8,1
372266,1379804369620000529,20000529,2013-09-21 23:59:29,2013-09-22 00:03:14,3.8,1
372428,1379804381620000541,20000541,2013-09-21 23:59:41,2013-09-22 00:06:11,6.5,1
372471,1379804391620000612,20000612,2013-09-21 23:59:51,2013-09-22 00:08:36,8.8,1
372509,1379804391620000140,20000140,2013-09-21 23:59:51,2013-09-22 00:11:36,11.8,1
377384,1379889822620000015,20000015,2013-09-22 23:43:42,2013-09-23 00:05:57,22.3,1
377453,1379890176620000465,20000465,2013-09-22 23:49:36,2013-09-23 00:35:06,45.5,1
377381,1379890292620000011,20000011,2013-09-22 23:51:32,2013-09-23 00:16:32,25.0,1
377340,1379890337620000570,20000570,2013-09-22 23:52:17,2013-09-23 00:12:32,20.3,1
377320,1379890589620000574,20000574,2013-09-22 23:56:29,2013-09-23 00:12:14,15.8,1
377314,1379890694620000320,20000320,2013-09-22 23:58:14,2013-09-23 00:05:59,7.8,1
377370,1379890783620000450,20000450,2013-09-22 23:59:43,2013-09-23 00:07:13,7.5,1
377385,1379890793620000231,20000231,2013-09-22 23:59:53,2013-09-23 00:15:53,16.0,1
385802,1379954402620000904,20000904,2013-09-23 17:40:02,2013-09-24 06:39:47,779.8,1
382351,1379976105620000626,20000626,2013-09-23 23:41:45,2013-09-24 00:00:30,18.8,1
382249,1379976653620000023,20000023,2013-09-23 23:50:53,2013-09-24 00:01:38,10.8,1
382150,1379976788620000595,20000595,2013-09-23 23:53:08,2013-09-24 00:02:53,9.8,1
382135,1379976854620000120,20000120,2013-09-23 23:54:14,2013-09-24 00:00:59,6.8,1
382159,1379976918620000403,20000403,2013-09-23 23:55:18,2013-09-24 00:00:33,5.3,1
382218,1379976942620000610,20000610,2013-09-23 23:55:42,2013-09-24 00:13:42,18.0,1
382209,1379976977620000497,20000497,2013-09-23 23:56:17,2013-09-24 00:12:17,16.0,1
382151,1379976997620000612,20000612,2013-09-23 23:56:37,2013-09-24 00:05:22,8.8,1
382117,1379977001620000010,20000010,2013-09-23 23:56:41,2013-09-24 00:12:41,16.0,1
382248,1379977032620000333,20000333,2013-09-23 23:57:12,2013-09-24 00:02:12,5.0,1
382102,1379977053620000569,20000569,2013-09-23 23:57:33,2013-09-24 00:05:03,7.5,1
382268,1379977072620000235,20000235,2013-09-23 23:57:52,2013-09-24 00:05:52,8.0,1
382163,1379977145620000332,20000332,2013-09-23 23:59:05,2013-09-24 00:06:35,7.5,1
382297,1379977152620000648,20000648,2013-09-23 23:59:12,2013-09-24 00:09:57,10.8,1
382170,1379977175620000503,20000503,2013-09-23 23:59:35,2013-09-24 00:08:05,8.5,1
382413,1379977191620000688,20000688,2013-09-23 23:59:51,2013-09-24 00:18:06,18.3,1
387075,1380061419620000653,20000653,2013-09-24 23:23:39,2013-09-25 00:00:24,36.8,1
388123,1380062814620000216,20000216,2013-09-24 23:46:54,2013-09-25 00:07:09,20.3,1
387161,1380063075620000345,20000345,2013-09-24 23:51:15,2013-09-25 00:00:30,9.3,1
387110,1380063100620000012,20000012,2013-09-24 23:51:40,2013-09-25 00:01:25,9.8,1
386952,1380063145620000235,20000235,2013-09-24 23:52:25,2013-09-25 00:24:40,32.3,1
386955,1380063314620000598,20000598,2013-09-24 23:55:14,2013-09-25 00:05:59,10.8,1
387120,1380063329620000020,20000020,2013-09-24 23:55:29,2013-09-25 00:18:59,23.5,1
387013,1380063486620000231,20000231,2013-09-24 23:58:06,2013-09-25 00:02:21,4.3,1
387136,1380063502620000167,20000167,2013-09-24 23:58:22,2013-09-25 00:03:52,5.5,1
387099,1380063559620000492,20000492,2013-09-24 23:59:19,2013-09-25 00:14:34,15.3,1
393000,1380148704620000665,20000665,2013-09-25 23:38:24,2013-09-26 00:12:39,34.3,1
391957,1380148786620000612,20000612,2013-09-25 23:39:46,2013-09-26 00:00:46,21.0,1
392267,1380149259620000514,20000514,2013-09-25 23:47:39,2013-09-26 00:06:24,18.8,1
391976,1380149350620000571,20000571,2013-09-25 23:49:10,2013-09-26 00:01:40,12.5,1
391860,1380149412620000201,20000201,2013-09-25 23:50:12,2013-09-26 00:01:12,11.0,1
391917,1380149437620000387,20000387,2013-09-25 23:50:37,2013-09-26 00:03:22,12.8,1
391851,1380149457620000570,20000570,2013-09-25 23:50:57,2013-09-26 00:01:57,11.0,1
392310,1380149521620000310,20000310,2013-09-25 23:52:01,2013-09-26 00:12:16,20.3,1
391962,1380149613620000344,20000344,2013-09-25 23:53:33,2013-09-26 00:04:18,10.8,1
391833,1380149629620000231,20000231,2013-09-25 23:53:49,2013-09-26 00:00:19,6.5,1
391960,1380149693620000136,20000136,2013-09-25 23:54:53,2013-09-26 00:08:53,14.0,1
391934,1380149753620000108,20000108,2013-09-25 23:55:53,2013-09-26 00:00:38,4.8,1
392030,1380149753620000431,20000431,2013-09-25 23:55:53,2013-09-26 00:05:38,9.8,1
391891,1380149757620000004,20000004,2013-09-25 23:55:57,2013-09-26 00:07:57,12.0,1
391849,1380149766620000649,20000649,2013-09-25 23:56:06,2013-09-26 00:09:21,13.3,1
391982,1380149823620000022,20000022,2013-09-25 23:57:03,2013-09-26 00:18:03,21.0,1
392421,1380149838620000254,20000254,2013-09-25 23:57:18,2013-09-26 00:09:18,12.0,1
391947,1380149878620000672,20000672,2013-09-25 23:57:58,2013-09-26 00:08:43,10.8,1
392238,1380149892620000014,20000014,2013-09-25 23:58:12,2013-09-26 00:14:27,16.3,1
391911,1380149897620000525,20000525,2013-09-25 23:58:17,2013-09-26 00:04:47,6.5,1
391951,1380149898620000196,20000196,2013-09-25 23:58:18,2013-09-26 00:18:18,20.0,1
391854,1380149935620000520,20000520,2013-09-25 23:58:55,2013-09-26 00:06:55,8.0,1
392274,1380149939620000904,20000904,2013-09-25 23:58:59,2013-09-26 00:09:29,10.5,1
392146,1380149982620000010,20000010,2013-09-25 23:59:42,2013-09-26 00:09:27,9.8,1
398412,1380234479620000157,20000157,2013-09-26 23:27:59,2013-09-27 00:00:29,32.5,1
397159,1380235370620000513,20000513,2013-09-26 23:42:50,2013-09-27 00:09:35,26.8,1
397299,1380235387620000345,20000345,2013-09-26 23:43:07,2013-09-27 00:09:52,26.8,1
398862,1380235640620000363,20000363,2013-09-26 23:47:20,2013-09-27 00:01:05,13.8,1
397287,1380235659620000675,20000675,2013-09-26 23:47:39,2013-09-27 00:02:54,15.3,1
397209,1380235667620000481,20000481,2013-09-26 23:47:47,2013-09-27 00:05:47,18.0,1
397183,1380235740620000648,20000648,2013-09-26 23:49:00,2013-09-27 00:08:00,19.0,1
397134,1380235787620000472,20000472,2013-09-26 23:49:47,2013-09-27 00:02:17,12.5,1
400402,1380235825620000509,20000509,2013-09-26 23:50:25,2013-09-27 00:08:25,18.0,1
397413,1380235926620000653,20000653,2013-09-26 23:52:06,2013-09-27 00:04:36,12.5,1
397659,1380235984620000900,20000900,2013-09-26 23:53:04,2013-09-27 00:04:34,11.5,1
397189,1380235986620000280,20000280,2013-09-26 23:53:06,2013-09-27 00:01:06,8.0,1
397144,1380236037620000360,20000360,2013-09-26 23:53:57,2013-09-27 00:06:57,13.0,1
397262,1380236056620000010,20000010,2013-09-26 23:54:16,2013-09-27 00:01:46,7.5,1
397928,1380236061620000007,20000007,2013-09-26 23:54:21,2013-09-27 00:02:21,8.0,1
397311,1380236134620000112,20000112,2013-09-26 23:55:34,2013-09-27 00:09:19,13.8,1
397115,1380236151620000664,20000664,2013-09-26 23:55:51,2013-09-27 00:02:06,6.3,1
397161,1380236160620000129,20000129,2013-09-26 23:56:00,2013-09-27 00:17:00,21.0,1
397681,1380236193620000341,20000341,2013-09-26 23:56:33,2013-09-27 00:02:33,6.0,1
397093,1380236214620000351,20000351,2013-09-26 23:56:54,2013-09-27 00:12:24,15.5,1
397185,1380236222620000173,20000173,2013-09-26 23:57:02,2013-09-27 00:06:17,9.3,1
397276,1380236253620000015,20000015,2013-09-26 23:57:33,2013-09-27 00:08:33,11.0,1
397151,1380236279620000561,20000561,2013-09-26 23:57:59,2013-09-27 00:04:59,7.0,1
415785,1380320531620000902,20000902,2013-09-27 23:22:11,2013-09-28 00:18:11,56.0,1
403687,1380320968620000159,20000159,2013-09-27 23:29:28,2013-09-28 00:04:58,35.5,1
404532,1380321641620000356,20000356,2013-09-27 23:40:41,2013-09-28 00:02:26,21.8,1
403871,1380321711620000256,20000256,2013-09-27 23:41:51,2013-09-28 00:14:06,32.3,1
403900,1380321837620000041,20000041,2013-09-27 23:43:57,2013-09-28 00:29:12,45.3,1
403847,1380321881620000435,20000435,2013-09-27 23:44:41,2013-09-28 00:36:26,51.8,1
403715,1380321884620000167,20000167,2013-09-27 23:44:44,2013-09-28 00:01:44,17.0,1
403765,1380321911620000192,20000192,2013-09-27 23:45:11,2013-09-28 00:03:56,18.8,1
403816,1380322110620000381,20000381,2013-09-27 23:48:30,2013-09-28 00:01:30,13.0,1
403640,1380322117620000403,20000403,2013-09-27 23:48:37,2013-09-28 00:01:37,13.0,1
403870,1380322164620000252,20000252,2013-09-27 23:49:24,2013-09-28 00:04:24,15.0,1
403945,1380322164620000269,20000269,2013-09-27 23:49:24,2013-09-28 00:06:54,17.5,1
403756,1380322184620000632,20000632,2013-09-27 23:49:44,2013-09-28 00:05:29,15.8,1
403794,1380322219620000101,20000101,2013-09-27 23:50:19,2013-09-28 00:01:19,11.0,1
403752,1380322220620000031,20000031,2013-09-27 23:50:20,2013-09-28 00:02:05,11.8,1
403700,1380322249620000280,20000280,2013-09-27 23:50:49,2013-09-28 00:01:49,11.0,1
404167,1380322260620000653,20000653,2013-09-27 23:51:00,2013-09-28 00:13:30,22.5,1
403684,1380322292620000472,20000472,2013-09-27 23:51:32,2013-09-28 00:00:02,8.5,1
403807,1380322354620000610,20000610,2013-09-27 23:52:34,2013-09-28 00:20:34,28.0,1
403910,1380322363620000089,20000089,2013-09-27 23:52:43,2013-09-28 00:01:28,8.8,1
403689,1380322381620000561,20000561,2013-09-27 23:53:01,2013-09-28 00:05:01,12.0,1
403962,1380322390620000325,20000325,2013-09-27 23:53:10,2013-09-28 00:08:10,15.0,1
403655,1380322423620000250,20000250,2013-09-27 23:53:43,2013-09-28 00:03:28,9.8,1
403725,1380322428620000057,20000057,2013-09-27 23:53:48,2013-09-28 00:10:33,16.8,1
403791,1380322440620000611,20000611,2013-09-27 23:54:00,2013-09-28 00:01:15,7.3,1
403727,1380322449620000395,20000395,2013-09-27 23:54:09,2013-09-28 00:01:24,7.3,1
403757,1380322449620000305,20000305,2013-09-27 23:54:09,2013-09-28 00:15:39,21.5,1
403682,1380322450620000080,20000080,2013-09-27 23:54:10,2013-09-28 00:06:55,12.8,1
403679,1380322474620000686,20000686,2013-09-27 23:54:34,2013-09-28 00:01:19,6.8,1
403713,1380322486620000542,20000542,2013-09-27 23:54:46,2013-09-28 00:10:31,15.8,1
403730,1380322518620000311,20000311,2013-09-27 23:55:18,2013-09-28 00:11:03,15.8,1
403904,1380322538620000687,20000687,2013-09-27 23:55:38,2013-09-28 00:04:23,8.8,1
403701,1380322550620000304,20000304,2013-09-27 23:55:50,2013-09-28 00:02:05,6.3,1
403691,1380322565620000067,20000067,2013-09-27 23:56:05,2013-09-28 00:05:20,9.3,1
403879,1380322637620000341,20000341,2013-09-27 23:57:17,2013-09-28 00:00:32,3.3,1
403878,1380322640620000020,20000020,2013-09-27 23:57:20,2013-09-28 00:01:20,4.0,1
403814,1380322646620000307,20000307,2013-09-27 23:57:26,2013-09-28 00:03:41,6.3,1
403797,1380322703620000503,20000503,2013-09-27 23:58:23,2013-09-28 00:03:23,5.0,1
403688,1380322708620000372,20000372,2013-09-27 23:58:28,2013-09-28 00:03:28,5.0,1
403724,1380322721620000037,20000037,2013-09-27 23:58:41,2013-09-28 00:07:11,8.5,1
403699,1380322732620000900,20000900,2013-09-27 23:58:52,2013-09-28 00:07:37,8.8,1
403722,1380322746620000179,20000179,2013-09-27 23:59:06,2013-09-28 00:07:06,8.0,1
403866,1380322749620000434,20000434,2013-09-27 23:59:09,2013-09-28 00:11:24,12.3,1
403848,1380322754620000446,20000446,2013-09-27 23:59:14,2013-09-28 00:04:29,5.3,1
403774,1380322771620000406,20000406,2013-09-27 23:59:31,2013-09-28 00:00:01,0.5,1
403832,1380322771620000129,20000129,2013-09-27 23:59:31,2013-09-28 00:15:46,16.3,1
403719,1380322786620000045,20000045,2013-09-27 23:59:46,2013-09-28 00:03:01,3.3,1
403780,1380322791620000108,20000108,2013-09-27 23:59:51,2013-09-28 00:11:21,11.5,1
403768,1380322795620000120,20000120,2013-09-27 23:59:55,2013-09-28 00:09:55,10.0,1
403776,1380322798620000297,20000297,2013-09-27 23:59:58,2013-09-28 00:12:13,12.3,1
409063,1380407948620000337,20000337,2013-09-28 23:39:08,2013-09-29 00:09:53,30.8,1
409045,1380408461620000624,20000624,2013-09-28 23:47:41,2013-09-29 00:04:41,17.0,1
409171,1380408506620000307,20000307,2013-09-28 23:48:26,2013-09-29 00:12:26,24.0,1
408991,1380408595620000481,20000481,2013-09-28 23:49:55,2013-09-29 00:04:40,14.8,1
409164,1380408664620000549,20000549,2013-09-28 23:51:04,2013-09-29 00:19:49,28.8,1
409145,1380408690620000216,20000216,2013-09-28 23:51:30,2013-09-29 00:01:15,9.8,1
408970,1380408748620000497,20000497,2013-09-28 23:52:28,2013-09-29 00:01:58,9.5,1
408924,1380408904620000304,20000304,2013-09-28 23:55:04,2013-09-29 00:03:19,8.3,1
409142,1380408930620000303,20000303,2013-09-28 23:55:30,2013-09-29 00:04:45,9.3,1
409154,1380408952620000005,20000005,2013-09-28 23:55:52,2013-09-29 00:04:07,8.3,1
408923,1380408971620000430,20000430,2013-09-28 23:56:11,2013-09-29 00:08:41,12.5,1
408889,1380408975620000324,20000324,2013-09-28 23:56:15,2013-09-29 00:03:00,6.8,1
408872,1380408979620000196,20000196,2013-09-28 23:56:19,2013-09-29 00:05:19,9.0,1
408864,1380409012620000197,20000197,2013-09-28 23:56:52,2013-09-29 00:03:22,6.5,1
409004,1380409026620000179,20000179,2013-09-28 23:57:06,2013-09-29 00:07:36,10.5,1
408951,1380409070620000256,20000256,2013-09-28 23:57:50,2013-09-29 00:04:35,6.8,1
409070,1380409108620000344,20000344,2013-09-28 23:58:28,2013-09-29 00:05:13,6.8,1
408942,1380409114620000529,20000529,2013-09-28 23:58:34,2013-09-29 00:07:04,8.5,1
408967,1380409120620000569,20000569,2013-09-28 23:58:40,2013-09-29 00:02:55,4.3,1
408952,1380409142620000395,20000395,2013-09-28 23:59:02,2013-09-29 00:08:02,9.0,1
409007,1380409150620000120,20000120,2013-09-28 23:59:10,2013-09-29 00:09:55,10.8,1
409120,1380409171620000671,20000671,2013-09-28 23:59:31,2013-09-29 00:08:46,9.3,1
414264,1380494746620000664,20000664,2013-09-29 23:45:46,2013-09-30 00:00:31,14.8,1
413681,1380494764620000020,20000020,2013-09-29 23:46:04,2013-09-30 00:14:49,28.8,1
413602,1380494985620000657,20000657,2013-09-29 23:49:45,2013-09-30 00:01:45,12.0,1
413591,1380495052620000179,20000179,2013-09-29 23:50:52,2013-09-30 00:00:52,10.0,1
413748,1380495075620000171,20000171,2013-09-29 23:51:15,2013-09-30 00:03:00,11.8,1
413684,1380495156620000518,20000518,2013-09-29 23:52:36,2013-09-30 00:25:21,32.8,1
413643,1380495194620000589,20000589,2013-09-29 23:53:14,2013-09-30 00:10:14,17.0,1
413625,1380495222620000129,20000129,2013-09-29 23:53:42,2013-09-30 00:04:27,10.8,1
413598,1380495260620000688,20000688,2013-09-29 23:54:20,2013-09-30 00:09:20,15.0,1
413806,1380495298620000570,20000570,2013-09-29 23:54:58,2013-09-30 00:11:58,17.0,1
413615,1380495302620000517,20000517,2013-09-29 23:55:02,2013-09-30 00:07:32,12.5,1
413682,1380495322620000011,20000011,2013-09-29 23:55:22,2013-09-30 00:08:22,13.0,1
413606,1380495335620000089,20000089,2013-09-29 23:55:35,2013-09-30 00:01:50,6.3,1
413600,1380495378620000101,20000101,2013-09-29 23:56:18,2013-09-30 00:05:33,9.3,1
413685,1380495423620000372,20000372,2013-09-29 23:57:03,2013-09-30 00:09:48,12.8,1
413794,1380495485620000621,20000621,2013-09-29 23:58:05,2013-09-30 00:12:50,14.8,1
413612,1380495500620000153,20000153,2013-09-29 23:58:20,2013-09-30 00:12:05,13.8,1
413658,1380495506620000406,20000406,2013-09-29 23:58:26,2013-09-30 00:26:11,27.8,1
413642,1380495544620000473,20000473,2013-09-29 23:59:04,2013-09-30 00:06:19,7.3,1
413717,1380495545620000012,20000012,2013-09-29 23:59:05,2013-09-30 00:14:50,15.8,1
413698,1380495553620000004,20000004,2013-09-29 23:59:13,2013-09-30 00:10:58,11.8,1
413745,1380495576620000472,20000472,2013-09-29 23:59:36,2013-09-30 00:24:36,25.0,1
418576,1380580339620000089,20000089,2013-09-30 23:32:19,2013-10-01 00:47:49,75.5,1
418564,1380581039620000632,20000632,2013-09-30 23:43:59,2013-10-01 00:19:29,35.5,1
419012,1380581561620000665,20000665,2013-09-30 23:52:41,2013-10-01 00:13:26,20.8,1
418668,1380581583620000004,20000004,2013-09-30 23:53:03,2013-10-01 00:14:03,21.0,1
419537,1380581607620000216,20000216,2013-09-30 23:53:27,2013-10-01 00:08:57,15.5,1
418551,1380581648620000297,20000297,2013-09-30 23:54:08,2013-10-01 00:14:23,20.3,1
418559,1380581652620000598,20000598,2013-09-30 23:54:12,2013-10-01 00:04:57,10.8,1
448638,1380581662620000456,20000456,2013-09-30 23:54:22,2013-10-01 00:02:52,8.5,1
418636,1380581767620000120,20000120,2013-09-30 23:56:07,2013-10-01 00:16:22,20.3,1
418511,1380581781620000529,20000529,2013-09-30 23:56:21,2013-10-01 00:01:36,5.3,1
418667,1380581808620000595,20000595,2013-09-30 23:56:48,2013-10-01 00:03:33,6.8,1
418500,1380581934620000341,20000341,2013-09-30 23:58:54,2013-10-01 00:03:39,4.8,1
418569,1380581951620000431,20000431,2013-09-30 23:59:11,2013-10-01 00:02:41,3.5,1
418981,1380581981620000060,20000060,2013-09-30 23:59:41,2013-10-01 00:05:26,5.8,1
418593,1380581982620000235,20000235,2013-09-30 23:59:42,2013-10-01 00:06:57,7.3,1
423905,1380666905620000367,20000367,2013-10-01 23:35:05,2013-10-02 00:00:20,25.3,1
427384,1380667206620000045,20000045,2013-10-01 23:40:06,2013-10-02 00:02:21,22.3,1
423899,1380667255620000675,20000675,2013-10-01 23:40:55,2013-10-02 00:21:55,41.0,1
423718,1380667471620000195,20000195,2013-10-01 23:44:31,2013-10-02 00:05:46,21.3,1
424318,1380667621620000269,20000269,2013-10-01 23:47:01,2013-10-02 00:03:46,16.8,1
423760,1380667759620000520,20000520,2013-10-01 23:49:19,2013-10-02 00:05:49,16.5,1
423796,1380667792620000406,20000406,2013-10-01 23:49:52,2013-10-02 00:01:07,11.3,1
424021,1380667820620000031,20000031,2013-10-01 23:50:20,2013-10-02 00:02:50,12.5,1
423747,1380667982620000472,20000472,2013-10-01 23:53:02,2013-10-02 00:03:47,10.8,1
423941,1380667999620000431,20000431,2013-10-01 23:53:19,2013-10-02 00:00:34,7.3,1
423771,1380668000620000688,20000688,2013-10-01 23:53:20,2013-10-02 00:02:35,9.3,1
423794,1380668002620000011,20000011,2013-10-01 23:53:22,2013-10-02 00:11:37,18.3,1
424251,1380668042620000480,20000480,2013-10-01 23:54:02,2013-10-02 00:10:02,16.0,1
423841,1380668044620000066,20000066,2013-10-01 23:54:04,2013-10-02 00:14:34,20.5,1
423973,1380668063620000395,20000395,2013-10-01 23:54:23,2013-10-02 00:03:38,9.3,1
424649,1380668098620000476,20000476,2013-10-01 23:54:58,2013-10-02 00:10:43,15.8,1
424481,1380668166620000254,20000254,2013-10-01 23:56:06,2013-10-02 00:08:21,12.3,1
423886,1380668263620000101,20000101,2013-10-01 23:57:43,2013-10-02 00:05:28,7.8,1
423802,1380668331620000359,20000359,2013-10-01 23:58:51,2013-10-02 00:07:21,8.5,1
428744,1380751214620000395,20000395,2013-10-02 23:00:14,2013-10-03 00:09:29,69.3,1
428985,1380753929620000554,20000554,2013-10-02 23:45:29,2013-10-03 00:10:44,25.3,1
428860,1380754017620000129,20000129,2013-10-02 23:46:57,2013-10-03 00:03:12,16.3,1
428825,1380754026620000273,20000273,2013-10-02 23:47:06,2013-10-03 00:01:51,14.8,1
428824,1380754052620000671,20000671,2013-10-02 23:47:32,2013-10-03 00:08:17,20.8,1
428726,1380754224620000011,20000011,2013-10-02 23:50:24,2013-10-03 00:00:09,9.8,1
429153,1380754225620000030,20000030,2013-10-02 23:50:25,2013-10-03 00:02:25,12.0,1
428720,1380754526620000450,20000450,2013-10-02 23:55:26,2013-10-03 00:03:11,7.8,1
430720,1380754568620000453,20000453,2013-10-02 23:56:08,2013-10-03 00:01:23,5.3,1
429008,1380754590620000167,20000167,2013-10-02 23:56:30,2013-10-03 00:00:30,4.0,1
428749,1380754597620000022,20000022,2013-10-02 23:56:37,2013-10-03 00:14:37,18.0,1
428796,1380754614620000268,20000268,2013-10-02 23:56:54,2013-10-03 00:05:09,8.3,1
428818,1380754615620000472,20000472,2013-10-02 23:56:55,2013-10-03 00:07:25,10.5,1
428745,1380754628620000235,20000235,2013-10-02 23:57:08,2013-10-03 00:03:23,6.3,1
428812,1380754709620000621,20000621,2013-10-02 23:58:29,2013-10-03 00:03:59,5.5,1
428757,1380754747620000525,20000525,2013-10-02 23:59:07,2013-10-03 00:05:07,6.0,1
433094,1380836966620000409,20000409,2013-10-03 22:49:26,2013-10-04 00:11:41,82.3,1
433655,1380837815620000554,20000554,2013-10-03 23:03:35,2013-10-04 03:13:05,249.5,1
433359,1380839693620000252,20000252,2013-10-03 23:34:53,2013-10-04 00:03:53,29.0,1
433112,1380840169620000167,20000167,2013-10-03 23:42:49,2013-10-04 00:04:19,21.5,1
433168,1380840590620000254,20000254,2013-10-03 23:49:50,2013-10-04 00:00:50,11.0,1
433113,1380840658620000120,20000120,2013-10-03 23:50:58,2013-10-04 00:06:43,15.8,1
433154,1380840693620000561,20000561,2013-10-03 23:51:33,2013-10-04 00:33:18,41.8,1
433125,1380840734620000451,20000451,2013-10-03 23:52:14,2013-10-04 00:02:44,10.5,1
433215,1380840761620000160,20000160,2013-10-03 23:52:41,2013-10-04 00:01:56,9.3,1
433338,1380840763620000140,20000140,2013-10-03 23:52:43,2013-10-04 00:07:58,15.3,1
433237,1380840868620000472,20000472,2013-10-03 23:54:28,2013-10-04 00:03:43,9.3,1
433258,1380840916620000624,20000624,2013-10-03 23:55:16,2013-10-04 00:16:16,21.0,1
433089,1380840940620000903,20000903,2013-10-03 23:55:40,2013-10-04 00:05:10,9.5,1
433193,1380840963620000671,20000671,2013-10-03 23:56:03,2013-10-04 00:04:33,8.5,1
433210,1380840966620000569,20000569,2013-10-03 23:56:06,2013-10-04 00:12:21,16.3,1
433293,1380840972620000224,20000224,2013-10-03 23:56:12,2013-10-04 00:06:12,10.0,1
433191,1380840999620000268,20000268,2013-10-03 23:56:39,2013-10-04 00:05:24,8.8,1
433291,1380841012620000013,20000013,2013-10-03 23:56:52,2013-10-04 00:12:07,15.3,1
433307,1380841122620000372,20000372,2013-10-03 23:58:42,2013-10-04 00:03:57,5.3,1
433223,1380841136620000360,20000360,2013-10-03 23:58:56,2013-10-04 00:08:56,10.0,1
433207,1380841192620000154,20000154,2013-10-03 23:59:52,2013-10-04 00:09:22,9.5,1
440037,1380906759620000520,20000520,2013-10-04 18:12:39,2013-10-05 03:16:09,543.5,1
439620,1380918715620000022,20000022,2013-10-04 21:31:55,2013-10-05 00:02:55,151.0,1
439118,1380925469620000554,20000554,2013-10-04 23:24:29,2013-10-05 00:07:29,43.0,1
438979,1380926503620000057,20000057,2013-10-04 23:41:43,2013-10-05 00:01:13,19.5,1
440747,1380926595620000042,20000042,2013-10-04 23:43:15,2013-10-05 00:01:00,17.8,1
438999,1380926674620000529,20000529,2013-10-04 23:44:34,2013-10-05 00:05:04,20.5,1
440870,1380926887620000036,20000036,2013-10-04 23:48:07,2013-10-05 00:05:37,17.5,1
439021,1380926961620000153,20000153,2013-10-04 23:49:21,2013-10-05 00:02:06,12.8,1
438985,1380927026620000598,20000598,2013-10-04 23:50:26,2013-10-05 00:00:41,10.3,1
439203,1380927067620000307,20000307,2013-10-04 23:51:07,2013-10-05 00:03:07,12.0,1
439144,1380927184620000256,20000256,2013-10-04 23:53:04,2013-10-05 00:00:04,7.0,1
439079,1380927199620000295,20000295,2013-10-04 23:53:19,2013-10-05 00:06:49,13.5,1
439134,1380927207620000010,20000010,2013-10-04 23:53:27,2013-10-05 00:03:12,9.8,1
439093,1380927421620000423,20000423,2013-10-04 23:57:01,2013-10-05 00:04:01,7.0,1
439173,1380927427620000640,20000640,2013-10-04 23:57:07,2013-10-05 00:06:22,9.3,1
439155,1380927435620000020,20000020,2013-10-04 23:57:15,2013-10-05 00:07:00,9.8,1
439179,1380927435620000436,20000436,2013-10-04 23:57:15,2013-10-05 00:04:30,7.3,1
439159,1380927462620000252,20000252,2013-10-04 23:57:42,2013-10-05 00:16:27,18.8,1
439368,1380927465620000014,20000014,2013-10-04 23:57:45,2013-10-05 00:05:15,7.5,1
439003,1380927513620000297,20000297,2013-10-04 23:58:33,2013-10-05 00:08:03,9.5,1
439294,1380927580620000338,20000338,2013-10-04 23:59:40,2013-10-05 00:17:40,18.0,1
439415,1380927591620000201,20000201,2013-10-04 23:59:51,2013-10-05 00:05:21,5.5,1
444724,1381012890620000900,20000900,2013-10-05 23:41:30,2013-10-06 00:03:30,22.0,1
444761,1381012895620000367,20000367,2013-10-05 23:41:35,2013-10-06 00:00:50,19.3,1
445159,1381012931620000542,20000542,2013-10-05 23:42:11,2013-10-06 00:00:41,18.5,1
444783,1381012953620000388,20000388,2013-10-05 23:42:33,2013-10-06 00:03:18,20.8,1
444869,1381013037620000351,20000351,2013-10-05 23:43:57,2013-10-06 00:23:12,39.3,1
444792,1381013077620000109,20000109,2013-10-05 23:44:37,2013-10-06 00:01:52,17.3,1
444871,1381013159620000651,20000651,2013-10-05 23:45:59,2013-10-06 00:00:44,14.8,1
444915,1381013181620000009,20000009,2013-10-05 23:46:21,2013-10-06 00:08:36,22.3,1
444801,1381013224620000678,20000678,2013-10-05 23:47:04,2013-10-06 00:05:49,18.8,1
444819,1381013248620000671,20000671,2013-10-05 23:47:28,2013-10-06 00:00:58,13.5,1
445225,1381013346620000285,20000285,2013-10-05 23:49:06,2013-10-06 00:02:06,13.0,1
444717,1381013353620000453,20000453,2013-10-05 23:49:13,2013-10-06 00:06:13,17.0,1
444809,1381013371620000436,20000436,2013-10-05 23:49:31,2013-10-06 00:03:46,14.3,1
445019,1381013394620000269,20000269,2013-10-05 23:49:54,2013-10-06 00:14:54,25.0,1
444764,1381013436620000022,20000022,2013-10-05 23:50:36,2013-10-06 00:00:36,10.0,1
444766,1381013487620000310,20000310,2013-10-05 23:51:27,2013-10-06 00:00:57,9.5,1
444735,1381013491620000179,20000179,2013-10-05 23:51:31,2013-10-06 00:04:16,12.8,1
444753,1381013501620000217,20000217,2013-10-05 23:51:41,2013-10-06 00:00:11,8.5,1
444795,1381013509620000233,20000233,2013-10-05 23:51:49,2013-10-06 00:01:19,9.5,1
444778,1381013534620000154,20000154,2013-10-05 23:52:14,2013-10-06 00:08:14,16.0,1
444808,1381013535620000347,20000347,2013-10-05 23:52:15,2013-10-06 00:07:00,14.8,1
444768,1381013590620000121,20000121,2013-10-05 23:53:10,2013-10-06 00:00:25,7.3,1
444738,1381013596620000309,20000309,2013-10-05 23:53:16,2013-10-06 00:02:31,9.3,1
444757,1381013635620000086,20000086,2013-10-05 23:53:55,2013-10-06 00:05:55,12.0,1
445072,1381013637620000014,20000014,2013-10-05 23:53:57,2013-10-06 00:07:57,14.0,1
445226,1381013649620000619,20000619,2013-10-05 23:54:09,2013-10-06 00:05:09,11.0,1
444694,1381013662620000343,20000343,2013-10-05 23:54:22,2013-10-06 00:05:22,11.0,1
444876,1381013676620000687,20000687,2013-10-05 23:54:36,2013-10-06 00:04:21,9.8,1
444739,1381013682620000640,20000640,2013-10-05 23:54:42,2013-10-06 00:05:12,10.5,1
444853,1381013714620000105,20000105,2013-10-05 23:55:14,2013-10-06 00:11:14,16.0,1
444759,1381013724620000129,20000129,2013-10-05 23:55:24,2013-10-06 00:12:39,17.3,1
444815,1381013767620000618,20000618,2013-10-05 23:56:07,2013-10-06 00:06:52,10.8,1
444850,1381013770620000395,20000395,2013-10-05 23:56:10,2013-10-06 00:09:10,13.0,1
444741,1381013781620000242,20000242,2013-10-05 23:56:21,2013-10-06 00:02:21,6.0,1
444736,1381013798620000060,20000060,2013-10-05 23:56:38,2013-10-06 00:04:38,8.0,1
444884,1381013824620000667,20000667,2013-10-05 23:57:04,2013-10-06 00:02:49,5.8,1
444686,1381013835620000080,20000080,2013-10-05 23:57:15,2013-10-06 00:03:30,6.3,1
444880,1381013847620000503,20000503,2013-10-05 23:57:27,2013-10-06 00:14:42,17.3,1
444742,1381013879620000153,20000153,2013-10-05 23:57:59,2013-10-06 00:04:14,6.3,1
444946,1381013891620000527,20000527,2013-10-05 23:58:11,2013-10-06 00:18:11,20.0,1
445021,1381013901620000255,20000255,2013-10-05 23:58:21,2013-10-06 00:12:51,14.5,1
444821,1381013915620000031,20000031,2013-10-05 23:58:35,2013-10-06 00:11:05,12.5,1
444745,1381013928620000424,20000424,2013-10-05 23:58:48,2013-10-06 00:13:33,14.8,1
444722,1381013969620000364,20000364,2013-10-05 23:59:29,2013-10-06 00:09:59,10.5,1
447073,1381013981620000668,20000668,2013-10-05 23:59:41,2013-10-06 01:01:26,61.8,1
449903,1381099196620000007,20000007,2013-10-06 23:39:56,2013-10-07 00:09:26,29.5,1
450691,1381099728620000527,20000527,2013-10-06 23:48:48,2013-10-07 00:00:33,11.8,1
449746,1381099768620000338,20000338,2013-10-06 23:49:28,2013-10-07 00:06:28,17.0,1
449868,1381099885620000305,20000305,2013-10-06 23:51:25,2013-10-07 00:07:40,16.3,1
449641,1381099923620000307,20000307,2013-10-06 23:52:03,2013-10-07 00:41:18,49.3,1
449781,1381099938620000680,20000680,2013-10-06 23:52:18,2013-10-07 00:01:18,9.0,1
449603,1381100262620000473,20000473,2013-10-06 23:57:42,2013-10-07 00:02:57,5.3,1
449681,1381100316620000372,20000372,2013-10-06 23:58:36,2013-10-07 00:17:21,18.8,1
449659,1381100344620000621,20000621,2013-10-06 23:59:04,2013-10-07 00:07:49,8.8,1
454319,1381184276620000648,20000648,2013-10-07 23:17:56,2013-10-08 00:16:11,58.3,1
454323,1381185788620000554,20000554,2013-10-07 23:43:08,2013-10-08 00:07:53,24.8,1
454371,1381185815620000497,20000497,2013-10-07 23:43:35,2013-10-08 00:05:05,21.5,1
454204,1381185920620000089,20000089,2013-10-07 23:45:20,2013-10-08 00:03:35,18.3,1
454201,1381186196620000617,20000617,2013-10-07 23:49:56,2013-10-08 00:08:11,18.3,1
454259,1381186226620000662,20000662,2013-10-07 23:50:26,2013-10-08 00:08:56,18.5,1
454291,1381186283620000304,20000304,2013-10-07 23:51:23,2013-10-08 00:25:38,34.3,1
454255,1381186427620000688,20000688,2013-10-07 23:53:47,2013-10-08 00:05:47,12.0,1
454258,1381186427620000600,20000600,2013-10-07 23:53:47,2013-10-08 00:00:17,6.5,1
454290,1381186430620000492,20000492,2013-10-07 23:53:50,2013-10-08 00:00:35,6.8,1
454332,1381186573620000618,20000618,2013-10-07 23:56:13,2013-10-08 00:07:13,11.0,1
454379,1381186614620000601,20000601,2013-10-07 23:56:54,2013-10-08 00:04:54,8.0,1
454251,1381186639620000011,20000011,2013-10-07 23:57:19,2013-10-08 00:08:04,10.8,1
454886,1381186686620000518,20000518,2013-10-07 23:58:06,2013-10-08 00:14:36,16.5,1
454243,1381186703620000268,20000268,2013-10-07 23:58:23,2013-10-08 00:06:08,7.8,1
462975,1381258487620000520,20000520,2013-10-08 19:54:47,2013-10-09 03:32:32,457.8,1
458879,1381272040620000101,20000101,2013-10-08 23:40:40,2013-10-09 00:12:25,31.8,1
460048,1381272130620000574,20000574,2013-10-08 23:42:10,2013-10-09 00:06:55,24.8,1
458727,1381272815620000008,20000008,2013-10-08 23:53:35,2013-10-09 00:00:05,6.5,1
458803,1381272818620000252,20000252,2013-10-08 23:53:38,2013-10-09 00:04:08,10.5,1
458928,1381272903620000179,20000179,2013-10-08 23:55:03,2013-10-09 00:12:33,17.5,1
459401,1381272947620000108,20000108,2013-10-08 23:55:47,2013-10-09 00:04:17,8.5,1
458769,1381273031620000687,20000687,2013-10-08 23:57:11,2013-10-09 00:02:26,5.3,1
458750,1381273064620000598,20000598,2013-10-08 23:57:44,2013-10-09 00:08:44,11.0,1
458674,1381273120620000467,20000467,2013-10-08 23:58:40,2013-10-09 00:02:40,4.0,1
458825,1381273181620000140,20000140,2013-10-08 23:59:41,2013-10-09 00:07:11,7.5,1
464048,1381356811620000588,20000588,2013-10-09 23:13:31,2013-10-10 00:19:46,66.3,1
463522,1381358067620000140,20000140,2013-10-09 23:34:27,2013-10-10 00:24:12,49.8,1
463311,1381358434620000395,20000395,2013-10-09 23:40:34,2013-10-10 00:09:04,28.5,1
463306,1381358948620000688,20000688,2013-10-09 23:49:08,2013-10-10 00:05:23,16.3,1
463554,1381359044620000446,20000446,2013-10-09 23:50:44,2013-10-10 00:04:14,13.5,1
463340,1381359131620000269,20000269,2013-10-09 23:52:11,2013-10-10 00:55:41,63.5,1
463334,1381359145620000309,20000309,2013-10-09 23:52:25,2013-10-10 00:00:55,8.5,1
463496,1381359327620000341,20000341,2013-10-09 23:55:27,2013-10-10 00:14:57,19.5,1
463331,1381359372620000332,20000332,2013-10-09 23:56:12,2013-10-10 00:05:57,9.8,1
463269,1381359389620000233,20000233,2013-10-09 23:56:29,2013-10-10 00:05:44,9.3,1
463690,1381359473620000514,20000514,2013-10-09 23:57:53,2013-10-10 00:11:23,13.5,1
463328,1381359486620000520,20000520,2013-10-09 23:58:06,2013-10-10 00:08:06,10.0,1
463422,1381359537620000031,20000031,2013-10-09 23:58:57,2013-10-10 00:15:57,17.0,1
463298,1381359540620000344,20000344,2013-10-09 23:59:00,2013-10-10 00:03:30,4.5,1
463409,1381359572620000672,20000672,2013-10-09 23:59:32,2013-10-10 00:12:17,12.8,1
463809,1381359590620000333,20000333,2013-10-09 23:59:50,2013-10-10 00:06:35,6.8,1
468504,1381444745620000395,20000395,2013-10-10 23:39:05,2013-10-11 00:02:20,23.3,1
468648,1381445298620000662,20000662,2013-10-10 23:48:18,2013-10-11 00:03:48,15.5,1
468638,1381445336620000649,20000649,2013-10-10 23:48:56,2013-10-11 00:02:41,13.8,1
468901,1381445338620000256,20000256,2013-10-10 23:48:58,2013-10-11 00:03:13,14.3,1
468578,1381445369620000307,20000307,2013-10-10 23:49:29,2013-10-11 00:12:59,23.5,1
468493,1381445383620000664,20000664,2013-10-10 23:49:43,2013-10-11 00:00:28,10.8,1
468587,1381445492620000392,20000392,2013-10-10 23:51:32,2013-10-11 00:00:32,9.0,1
468752,1381445562620000434,20000434,2013-10-10 23:52:42,2013-10-11 00:00:27,7.8,1
468519,1381445619620000483,20000483,2013-10-10 23:53:39,2013-10-11 00:00:24,6.8,1
468611,1381445619620000201,20000201,2013-10-10 23:53:39,2013-10-11 00:05:09,11.5,1
468520,1381445664620000430,20000430,2013-10-10 23:54:24,2013-10-11 00:10:24,16.0,1
468673,1381445670620000332,20000332,2013-10-10 23:54:30,2013-10-11 00:05:15,10.8,1
468645,1381445693620000465,20000465,2013-10-10 23:54:53,2013-10-11 00:02:23,7.5,1
468806,1381445702620000680,20000680,2013-10-10 23:55:02,2013-10-11 00:04:32,9.5,1
468574,1381445752620000268,20000268,2013-10-10 23:55:52,2013-10-11 00:02:22,6.5,1
468605,1381445769620000303,20000303,2013-10-10 23:56:09,2013-10-11 00:11:39,15.5,1
468758,1381445771620000398,20000398,2013-10-10 23:56:11,2013-10-11 00:22:56,26.8,1
468631,1381445773620000624,20000624,2013-10-10 23:56:13,2013-10-11 00:05:43,9.5,1
468661,1381445809620000003,20000003,2013-10-10 23:56:49,2013-10-11 00:00:19,3.5,1
468571,1381445862620000569,20000569,2013-10-10 23:57:42,2013-10-11 00:15:57,18.3,1
468540,1381445866620000060,20000060,2013-10-10 23:57:46,2013-10-11 00:07:16,9.5,1
469251,1381445867620000409,20000409,2013-10-10 23:57:47,2013-10-11 00:05:17,7.5,1
468640,1381445881620000242,20000242,2013-10-10 23:58:01,2013-10-11 00:05:01,7.0,1
468775,1381445908620000626,20000626,2013-10-10 23:58:28,2013-10-11 00:06:28,8.0,1
468572,1381445954620000037,20000037,2013-10-10 23:59:14,2013-10-11 00:10:44,11.5,1
468525,1381445958620000463,20000463,2013-10-10 23:59:18,2013-10-11 00:06:48,7.5,1
474766,1381531446620000451,20000451,2013-10-11 23:44:06,2013-10-12 00:03:06,19.0,1
474530,1381531561620000403,20000403,2013-10-11 23:46:01,2013-10-12 00:00:31,14.5,1
474428,1381531591620000542,20000542,2013-10-11 23:46:31,2013-10-12 00:11:46,25.3,1
474437,1381531672620000901,20000901,2013-10-11 23:47:52,2013-10-12 00:10:07,22.3,1
474661,1381531709620000540,20000540,2013-10-11 23:48:29,2013-10-12 00:02:29,14.0,1
474573,1381531718620000285,20000285,2013-10-11 23:48:38,2013-10-12 00:01:08,12.5,1
474555,1381531731620000089,20000089,2013-10-11 23:48:51,2013-10-12 00:01:36,12.8,1
474401,1381531738620000486,20000486,2013-10-11 23:48:58,2013-10-12 00:01:28,12.5,1
474664,1381531789620000363,20000363,2013-10-11 23:49:49,2013-10-12 00:08:19,18.5,1
474504,1381531796620000332,20000332,2013-10-11 23:49:56,2013-10-12 00:03:56,14.0,1
474531,1381531825620000308,20000308,2013-10-11 23:50:25,2013-10-12 00:00:40,10.3,1
474430,1381531827620000235,20000235,2013-10-11 23:50:27,2013-10-12 00:07:57,17.5,1
474468,1381531884620000004,20000004,2013-10-11 23:51:24,2013-10-12 00:02:39,11.3,1
474547,1381531904620000517,20000517,2013-10-11 23:51:44,2013-10-12 00:00:14,8.5,1
474461,1381531950620000345,20000345,2013-10-11 23:52:30,2013-10-12 00:15:15,22.8,1
474634,1381531989620000680,20000680,2013-10-11 23:53:09,2013-10-12 00:03:24,10.3,1
474422,1381532003620000456,20000456,2013-10-11 23:53:23,2013-10-12 00:00:08,6.8,1
474552,1381532009620000108,20000108,2013-10-11 23:53:29,2013-10-12 00:08:44,15.3,1
474378,1381532021620000343,20000343,2013-10-11 23:53:41,2013-10-12 00:06:41,13.0,1
474543,1381532058620000008,20000008,2013-10-11 23:54:18,2013-10-12 00:07:18,13.0,1
479163,1381532086620000453,20000453,2013-10-11 23:54:46,2013-10-12 00:09:16,14.5,1
487652,1381532159620000902,20000902,2013-10-11 23:55:59,2013-10-12 04:28:29,272.5,1
474639,1381532166620000687,20000687,2013-10-11 23:56:06,2013-10-12 00:04:21,8.3,1
474489,1381532178620000333,20000333,2013-10-11 23:56:18,2013-10-12 00:04:03,7.8,1
474607,1381532188620000254,20000254,2013-10-11 23:56:28,2013-10-12 00:03:43,7.3,1
474565,1381532216620000249,20000249,2013-10-11 23:56:56,2013-10-12 00:15:41,18.8,1
474375,1381532217620000304,20000304,2013-10-11 23:56:57,2013-10-12 00:07:12,10.3,1
474413,1381532274620000154,20000154,2013-10-11 23:57:54,2013-10-12 00:01:24,3.5,1
474473,1381532333620000011,20000011,2013-10-11 23:58:53,2013-10-12 00:14:23,15.5,1
474478,1381532347620000157,20000157,2013-10-11 23:59:07,2013-10-12 00:21:22,22.3,1
474390,1381532362620000662,20000662,2013-10-11 23:59:22,2013-10-12 00:09:52,10.5,1
474507,1381532362620000201,20000201,2013-10-11 23:59:22,2013-10-12 00:03:22,4.0,1
474605,1381532375620000105,20000105,2013-10-11 23:59:35,2013-10-12 00:07:20,7.8,1
474511,1381532380620000529,20000529,2013-10-11 23:59:40,2013-10-12 00:28:25,28.8,1
474419,1381532390620000572,20000572,2013-10-11 23:59:50,2013-10-12 00:11:20,11.5,1
474433,1381532391620000570,20000570,2013-10-11 23:59:51,2013-10-12 00:09:51,10.0,1
480121,1381616372620000009,20000009,2013-10-12 23:19:32,2013-10-13 00:06:17,46.8,1
480178,1381617097620000901,20000901,2013-10-12 23:31:37,2013-10-13 00:09:52,38.3,1
480179,1381617354620000075,20000075,2013-10-12 23:35:54,2013-10-13 00:01:54,26.0,1
480063,1381617494620000381,20000381,2013-10-12 23:38:14,2013-10-13 00:06:59,28.8,1
480033,1381617970620000216,20000216,2013-10-12 23:46:10,2013-10-13 00:11:55,25.8,1
479969,1381617991620000201,20000201,2013-10-12 23:46:31,2013-10-13 00:00:01,13.5,1
480025,1381618018620000392,20000392,2013-10-12 23:46:58,2013-10-13 00:06:58,20.0,1
480084,1381618070620000465,20000465,2013-10-12 23:47:50,2013-10-13 00:03:50,16.0,1
480267,1381618099620000574,20000574,2013-10-12 23:48:19,2013-10-13 00:31:19,43.0,1
480022,1381618104620000618,20000618,2013-10-12 23:48:24,2013-10-13 00:01:39,13.3,1
480099,1381618115620000092,20000092,2013-10-12 23:48:35,2013-10-13 00:01:50,13.3,1
480181,1381618160620000904,20000904,2013-10-12 23:49:20,2013-10-13 00:14:20,25.0,1
479964,1381618215620000665,20000665,2013-10-12 23:50:15,2013-10-13 00:04:15,14.0,1
480259,1381618234620000398,20000398,2013-10-12 23:50:34,2013-10-13 00:02:49,12.3,1
480018,1381618236620000423,20000423,2013-10-12 23:50:36,2013-10-13 00:01:06,10.5,1
479979,1381618241620000601,20000601,2013-10-12 23:50:41,2013-10-13 00:02:11,11.5,1
480060,1381618281620000649,20000649,2013-10-12 23:51:21,2013-10-13 00:13:06,21.8,1
480162,1381618395620000497,20000497,2013-10-12 23:53:15,2013-10-13 00:05:00,11.8,1
480235,1381618398620000359,20000359,2013-10-12 23:53:18,2013-10-13 00:01:33,8.3,1
480054,1381618406620000598,20000598,2013-10-12 23:53:26,2013-10-13 00:00:56,7.5,1
480150,1381618462620000105,20000105,2013-10-12 23:54:22,2013-10-13 00:03:22,9.0,1
479963,1381618489620000364,20000364,2013-10-12 23:54:49,2013-10-13 00:05:34,10.8,1
480068,1381618492620000022,20000022,2013-10-12 23:54:52,2013-10-13 00:05:22,10.5,1
480163,1381618499620000251,20000251,2013-10-12 23:54:59,2013-10-13 00:05:44,10.8,1
480250,1381618505620000142,20000142,2013-10-12 23:55:05,2013-10-13 00:06:20,11.3,1
480206,1381618509620000626,20000626,2013-10-12 23:55:09,2013-10-13 00:04:24,9.3,1
480209,1381618509620000305,20000305,2013-10-12 23:55:09,2013-10-13 00:03:24,8.3,1
480370,1381618586620000060,20000060,2013-10-12 23:56:26,2013-10-13 00:06:11,9.8,1
480013,1381618613620000549,20000549,2013-10-12 23:56:53,2013-10-13 00:18:08,21.3,1
480208,1381618614620000617,20000617,2013-10-12 23:56:54,2013-10-13 00:16:24,19.5,1
480390,1381618634620000051,20000051,2013-10-12 23:57:14,2013-10-13 00:11:14,14.0,1
480221,1381618648620000042,20000042,2013-10-12 23:57:28,2013-10-13 00:06:43,9.3,1
480265,1381618666620000192,20000192,2013-10-12 23:57:46,2013-10-13 00:11:46,14.0,1
481142,1381618690620000554,20000554,2013-10-12 23:58:10,2013-10-13 00:25:10,27.0,1
480021,1381618694620000540,20000540,2013-10-12 23:58:14,2013-10-13 00:03:59,5.8,1
479997,1381618700620000671,20000671,2013-10-12 23:58:20,2013-10-13 00:09:05,10.8,1
480040,1381618712620000488,20000488,2013-10-12 23:58:32,2013-10-13 00:07:32,9.0,1
479965,1381618720620000472,20000472,2013-10-12 23:58:40,2013-10-13 00:05:40,7.0,1
480028,1381618729620000577,20000577,2013-10-12 23:58:49,2013-10-13 00:09:34,10.8,1
480123,1381618750620000541,20000541,2013-10-12 23:59:10,2013-10-13 00:05:25,6.3,1
480118,1381618761620000591,20000591,2013-10-12 23:59:21,2013-10-13 00:15:51,16.5,1
484566,1381618798620000509,20000509,2013-10-12 23:59:58,2013-10-13 00:06:28,6.5,1
485308,1381703802620000486,20000486,2013-10-13 23:36:42,2013-10-14 00:00:57,24.3,1
485250,1381704356620000325,20000325,2013-10-13 23:45:56,2013-10-14 00:04:11,18.3,1
485662,1381704397620000178,20000178,2013-10-13 23:46:37,2013-10-14 00:01:52,15.3,1
485244,1381704581620000233,20000233,2013-10-13 23:49:41,2013-10-14 00:02:41,13.0,1
486808,1381704644620000101,20000101,2013-10-13 23:50:44,2013-10-14 00:30:59,40.3,1
485262,1381704647620000610,20000610,2013-10-13 23:50:47,2013-10-14 00:00:32,9.8,1
485401,1381704703620000372,20000372,2013-10-13 23:51:43,2013-10-14 00:01:28,9.8,1
486177,1381704733620000686,20000686,2013-10-13 23:52:13,2013-10-14 00:01:13,9.0,1
486396,1381704785620000321,20000321,2013-10-13 23:53:05,2013-10-14 00:05:35,12.5,1
485375,1381704825620000688,20000688,2013-10-13 23:53:45,2013-10-14 00:17:00,23.3,1
485380,1381704902620000003,20000003,2013-10-13 23:55:02,2013-10-14 00:01:02,6.0,1
485347,1381705028620000121,20000121,2013-10-13 23:57:08,2013-10-14 00:08:53,11.8,1
486665,1381705098620000161,20000161,2013-10-13 23:58:18,2013-10-14 00:15:18,17.0,1
492701,1381767082620000520,20000520,2013-10-14 17:11:22,2013-10-15 01:46:52,515.5,1
490330,1381788143620000376,20000376,2013-10-14 23:02:23,2013-10-15 00:03:23,61.0,1
490178,1381789189620000668,20000668,2013-10-14 23:19:49,2013-10-15 00:21:19,61.5,1
490226,1381789316620000233,20000233,2013-10-14 23:21:56,2013-10-15 00:28:26,66.5,1
490195,1381790092620000308,20000308,2013-10-14 23:34:52,2013-10-15 00:00:52,26.0,1
490202,1381790687620000574,20000574,2013-10-14 23:44:47,2013-10-15 00:03:02,18.3,1
490235,1381790872620000356,20000356,2013-10-14 23:47:52,2013-10-15 00:00:07,12.3,1
490166,1381790918620000488,20000488,2013-10-14 23:48:38,2013-10-15 00:01:53,13.3,1
491409,1381790989620000453,20000453,2013-10-14 23:49:49,2013-10-15 00:00:19,10.5,1
490256,1381791073620000015,20000015,2013-10-14 23:51:13,2013-10-15 00:04:28,13.3,1
490389,1381791221620000372,20000372,2013-10-14 23:53:41,2013-10-15 00:13:11,19.5,1
490236,1381791399620000483,20000483,2013-10-14 23:56:39,2013-10-15 00:06:09,9.5,1
492309,1381791403620000216,20000216,2013-10-14 23:56:43,2013-10-15 00:10:28,13.8,1
491139,1381791459620000215,20000215,2013-10-14 23:57:39,2013-10-15 00:03:54,6.3,1
490244,1381791460620000688,20000688,2013-10-14 23:57:40,2013-10-15 00:06:25,8.8,1
490198,1381791556620000268,20000268,2013-10-14 23:59:16,2013-10-15 00:02:31,3.3,1
495052,1381875485620000680,20000680,2013-10-15 23:18:05,2013-10-16 00:47:20,89.3,1
495045,1381877027620000004,20000004,2013-10-15 23:43:47,2013-10-16 00:45:17,61.5,1
494861,1381877305620000626,20000626,2013-10-15 23:48:25,2013-10-16 00:05:25,17.0,1
494871,1381877447620000430,20000430,2013-10-15 23:50:47,2013-10-16 00:02:02,11.3,1
494868,1381877520620000453,20000453,2013-10-15 23:52:00,2013-10-16 00:06:15,14.3,1
494996,1381877624620000105,20000105,2013-10-15 23:53:44,2013-10-16 00:16:59,23.3,1
495185,1381877628620000424,20000424,2013-10-15 23:53:48,2013-10-16 00:14:33,20.8,1
495168,1381877637620000325,20000325,2013-10-15 23:53:57,2013-10-16 00:21:57,28.0,1
495086,1381877664620000022,20000022,2013-10-15 23:54:24,2013-10-16 00:22:39,28.3,1
494835,1381877681620000542,20000542,2013-10-15 23:54:41,2013-10-16 00:01:56,7.3,1
496191,1381877766620000256,20000256,2013-10-15 23:56:06,2013-10-16 00:01:06,5.0,1
495743,1381877772620000311,20000311,2013-10-15 23:56:12,2013-10-16 00:01:12,5.0,1
494897,1381877800620000483,20000483,2013-10-15 23:56:40,2013-10-16 00:03:40,7.0,1
495859,1381877812620000473,20000473,2013-10-15 23:56:52,2013-10-16 00:07:07,10.3,1
494836,1381877914620000376,20000376,2013-10-15 23:58:34,2013-10-16 00:13:04,14.5,1
494922,1381877932620000011,20000011,2013-10-15 23:58:52,2013-10-16 00:08:37,9.8,1
494956,1381877946620000179,20000179,2013-10-15 23:59:06,2013-10-16 00:03:06,4.0,1
499873,1381963246620000653,20000653,2013-10-16 23:40:46,2013-10-17 00:06:31,25.8,1
499834,1381963475620000621,20000621,2013-10-16 23:44:35,2013-10-17 00:03:20,18.8,1
499974,1381963525620000004,20000004,2013-10-16 23:45:25,2013-10-17 00:23:40,38.3,1
503993,1381963695620000570,20000570,2013-10-16 23:48:15,2013-10-17 00:03:00,14.8,1
499882,1381963777620000571,20000571,2013-10-16 23:49:37,2013-10-17 00:01:52,12.3,1
500054,1381963789620000276,20000276,2013-10-16 23:49:49,2013-10-17 00:03:19,13.5,1
499909,1381963803620000686,20000686,2013-10-16 23:50:03,2013-10-17 00:03:18,13.3,1
500027,1381963850620000451,20000451,2013-10-16 23:50:50,2013-10-17 00:06:20,15.5,1
500120,1381963879620000465,20000465,2013-10-16 23:51:19,2013-10-17 00:26:19,35.0,1
499739,1381963894620000483,20000483,2013-10-16 23:51:34,2013-10-17 00:00:04,8.5,1
499750,1381964022620000376,20000376,2013-10-16 23:53:42,2013-10-17 00:02:27,8.8,1
500478,1381964086620000184,20000184,2013-10-16 23:54:46,2013-10-17 00:12:31,17.8,1
499925,1381964153620000249,20000249,2013-10-16 23:55:53,2013-10-17 00:06:53,11.0,1
499766,1381964157620000231,20000231,2013-10-16 23:55:57,2013-10-17 00:04:12,8.3,1
499840,1381964157620000473,20000473,2013-10-16 23:55:57,2013-10-17 00:01:12,5.3,1
499799,1381964213620000344,20000344,2013-10-16 23:56:53,2013-10-17 00:06:53,10.0,1
500329,1381964223620000161,20000161,2013-10-16 23:57:03,2013-10-17 00:00:33,3.5,1
499694,1381964269620000235,20000235,2013-10-16 23:57:49,2013-10-17 00:05:49,8.0,1
499704,1381964321620000463,20000463,2013-10-16 23:58:41,2013-10-17 00:05:26,6.8,1
501793,1381964337620000509,20000509,2013-10-16 23:58:57,2013-10-17 00:16:27,17.5,1
499850,1381964343620000325,20000325,2013-10-16 23:59:03,2013-10-17 00:10:48,11.8,1
500191,1381964359620000403,20000403,2013-10-16 23:59:19,2013-10-17 00:05:34,6.3,1
504613,1382047041620000089,20000089,2013-10-17 22:57:21,2013-10-18 00:20:51,83.5,1
505873,1382049044620000902,20000902,2013-10-17 23:30:44,2013-10-18 00:05:29,34.8,1
504638,1382049176620000285,20000285,2013-10-17 23:32:56,2013-10-18 00:19:56,47.0,1
504555,1382049306620000215,20000215,2013-10-17 23:35:06,2013-10-18 00:21:21,46.3,1
504385,1382049596620000160,20000160,2013-10-17 23:39:56,2013-10-18 00:04:56,25.0,1
504399,1382049962620000598,20000598,2013-10-17 23:46:02,2013-10-18 00:01:02,15.0,1
504459,1382050182620000518,20000518,2013-10-17 23:49:42,2013-10-18 00:00:42,11.0,1
504527,1382050201620000173,20000173,2013-10-17 23:50:01,2013-10-18 00:06:01,16.0,1
506576,1382050245620000321,20000321,2013-10-17 23:50:45,2013-10-18 00:02:00,11.3,1
505024,1382050411620000901,20000901,2013-10-17 23:53:31,2013-10-18 00:00:16,6.8,1
504891,1382050444620000136,20000136,2013-10-17 23:54:04,2013-10-18 00:09:34,15.5,1
504703,1382050480620000454,20000454,2013-10-17 23:54:40,2013-10-18 00:01:10,6.5,1
505135,1382050587620000224,20000224,2013-10-17 23:56:27,2013-10-18 00:01:57,5.5,1
504526,1382050624620000589,20000589,2013-10-17 23:57:04,2013-10-18 00:08:49,11.8,1
504367,1382050631620000344,20000344,2013-10-17 23:57:11,2013-10-18 00:03:26,6.3,1
508434,1382050635620000108,20000108,2013-10-17 23:57:15,2013-10-18 00:02:45,5.5,1
504562,1382050703620000497,20000497,2013-10-17 23:58:23,2013-10-18 00:07:23,9.0,1
504486,1382050751620000235,20000235,2013-10-17 23:59:11,2013-10-18 00:02:41,3.5,1
504512,1382050777620000653,20000653,2013-10-17 23:59:37,2013-10-18 00:08:37,9.0,1
504586,1382050793620000337,20000337,2013-10-17 23:59:53,2013-10-18 00:05:38,5.8,1
510101,1382130432620000529,20000529,2013-10-18 22:07:12,2013-10-19 00:17:57,130.8,1
510468,1382131069620000560,20000560,2013-10-18 22:17:49,2013-10-19 00:53:34,155.8,1
510404,1382135590620000517,20000517,2013-10-18 23:33:10,2013-10-19 00:27:10,54.0,1
510643,1382136513620000554,20000554,2013-10-18 23:48:33,2013-10-19 00:06:18,17.8,1
510231,1382136561620000268,20000268,2013-10-18 23:49:21,2013-10-19 00:04:51,15.5,1
510276,1382136574620000167,20000167,2013-10-18 23:49:34,2013-10-19 00:09:04,19.5,1
510327,1382136598620000463,20000463,2013-10-18 23:49:58,2013-10-19 00:08:28,18.5,1
510361,1382136616620000398,20000398,2013-10-18 23:50:16,2013-10-19 00:04:01,13.8,1
511422,1382136709620000254,20000254,2013-10-18 23:51:49,2013-10-19 00:06:49,15.0,1
510253,1382136768620000066,20000066,2013-10-18 23:52:48,2013-10-19 00:03:03,10.3,1
510223,1382136818620000572,20000572,2013-10-18 23:53:38,2013-10-19 00:01:23,7.8,1
510417,1382136820620000434,20000434,2013-10-18 23:53:40,2013-10-19 00:06:40,13.0,1
510228,1382136864620000157,20000157,2013-10-18 23:54:24,2013-10-19 00:05:54,11.5,1
510144,1382136867620000160,20000160,2013-10-18 23:54:27,2013-10-19 00:13:57,19.5,1
510095,1382136884620000514,20000514,2013-10-18 23:54:44,2013-10-19 00:01:29,6.8,1
510109,1382136961620000038,20000038,2013-10-18 23:56:01,2013-10-19 00:03:16,7.3,1
510241,1382136963620000304,20000304,2013-10-18 23:56:03,2013-10-19 00:05:03,9.0,1
510313,1382136983620000239,20000239,2013-10-18 23:56:23,2013-10-19 00:11:53,15.5,1
510170,1382137007620000256,20000256,2013-10-18 23:56:47,2013-10-19 00:06:47,10.0,1
510147,1382137011620000453,20000453,2013-10-18 23:56:51,2013-10-19 00:07:21,10.5,1
510118,1382137054620000197,20000197,2013-10-18 23:57:34,2013-10-19 00:09:04,11.5,1
510193,1382137094620000081,20000081,2013-10-18 23:58:14,2013-10-19 00:04:14,6.0,1
510433,1382137126620000419,20000419,2013-10-18 23:58:46,2013-10-19 00:05:01,6.3,1
510311,1382137147620000540,20000540,2013-10-18 23:59:07,2013-10-19 00:03:52,4.8,1
510350,1382137154620000341,20000341,2013-10-18 23:59:14,2013-10-19 00:05:59,6.8,1
510146,1382137157620000657,20000657,2013-10-18 23:59:17,2013-10-19 00:14:02,14.8,1
515572,1382222426620000054,20000054,2013-10-19 23:40:26,2013-10-20 00:02:41,22.3,1
514728,1382222562620000173,20000173,2013-10-19 23:42:42,2013-10-20 00:02:27,19.8,1
514633,1382222734620000304,20000304,2013-10-19 23:45:34,2013-10-20 00:00:19,14.8,1
514789,1382222901620000616,20000616,2013-10-19 23:48:21,2013-10-20 00:02:21,14.0,1
514613,1382222907620000662,20000662,2013-10-19 23:48:27,2013-10-20 00:05:42,17.3,1
514788,1382222915620000239,20000239,2013-10-19 23:48:35,2013-10-20 00:03:05,14.5,1
514657,1382222925620000633,20000633,2013-10-19 23:48:45,2013-10-20 00:13:00,24.3,1
514642,1382222981620000451,20000451,2013-10-19 23:49:41,2013-10-20 00:03:26,13.8,1
515239,1382222981620000403,20000403,2013-10-19 23:49:41,2013-10-20 00:00:56,11.3,1
515718,1382222998620000305,20000305,2013-10-19 23:49:58,2013-10-20 00:04:13,14.3,1
514622,1382223036620000243,20000243,2013-10-19 23:50:36,2013-10-20 00:03:21,12.8,1
514782,1382223065620000285,20000285,2013-10-19 23:51:05,2013-10-20 00:26:20,35.3,1
514770,1382223094620000057,20000057,2013-10-19 23:51:34,2013-10-20 00:01:04,9.5,1
514661,1382223097620000570,20000570,2013-10-19 23:51:37,2013-10-20 00:00:52,9.3,1
514681,1382223106620000224,20000224,2013-10-19 23:51:46,2013-10-20 00:02:01,10.3,1
514690,1382223114620000370,20000370,2013-10-19 23:51:54,2013-10-20 00:00:54,9.0,1
514715,1382223171620000179,20000179,2013-10-19 23:52:51,2013-10-20 00:08:21,15.5,1
514747,1382223180620000376,20000376,2013-10-19 23:53:00,2013-10-20 00:17:30,24.5,1
514916,1382223215620000359,20000359,2013-10-19 23:53:35,2013-10-20 00:10:20,16.8,1
514653,1382223216620000008,20000008,2013-10-19 23:53:36,2013-10-20 00:00:36,7.0,1
515230,1382223220620000406,20000406,2013-10-19 23:53:40,2013-10-20 00:04:55,11.3,1
514655,1382223248620000009,20000009,2013-10-19 23:54:08,2013-10-20 00:04:53,10.8,1
514732,1382223252620000167,20000167,2013-10-19 23:54:12,2013-10-20 00:03:27,9.3,1
514628,1382223314620000398,20000398,2013-10-19 23:55:14,2013-10-20 00:04:44,9.5,1
514772,1382223318620000254,20000254,2013-10-19 23:55:18,2013-10-20 00:07:48,12.5,1
514614,1382223326620000423,20000423,2013-10-19 23:55:26,2013-10-20 00:01:11,5.8,1
514901,1382223356620000574,20000574,2013-10-19 23:55:56,2013-10-20 00:16:41,20.8,1
514675,1382223372620000320,20000320,2013-10-19 23:56:12,2013-10-20 00:10:42,14.5,1
514658,1382223464620000067,20000067,2013-10-19 23:57:44,2013-10-20 00:04:44,7.0,1
514723,1382223466620000600,20000600,2013-10-19 23:57:46,2013-10-20 00:03:46,6.0,1
515019,1382223512620000572,20000572,2013-10-19 23:58:32,2013-10-20 00:06:17,7.8,1
514730,1382223513620000508,20000508,2013-10-19 23:58:33,2013-10-20 00:03:03,4.5,1
514632,1382223529620000665,20000665,2013-10-19 23:58:49,2013-10-20 00:05:19,6.5,1
514668,1382223563620000038,20000038,2013-10-19 23:59:23,2013-10-20 00:05:53,6.5,1
514814,1382223567620000601,20000601,2013-10-19 23:59:27,2013-10-20 00:16:12,16.8,1
514791,1382223587620000325,20000325,2013-10-19 23:59:47,2013-10-20 00:12:32,12.8,1
519314,1382308618620000665,20000665,2013-10-20 23:36:58,2013-10-21 01:28:58,112.0,1
519069,1382309353620000280,20000280,2013-10-20 23:49:13,2013-10-21 00:00:13,11.0,1
518931,1382309394620000023,20000023,2013-10-20 23:49:54,2013-10-21 00:00:24,10.5,1
520963,1382309432620000527,20000527,2013-10-20 23:50:32,2013-10-21 00:00:47,10.3,1
519081,1382309564620000022,20000022,2013-10-20 23:52:44,2013-10-21 00:01:59,9.3,1
519007,1382309637620000423,20000423,2013-10-20 23:53:57,2013-10-21 00:00:57,7.0,1
518949,1382309690620000472,20000472,2013-10-20 23:54:50,2013-10-21 00:05:50,11.0,1
518974,1382309756620000571,20000571,2013-10-20 23:55:56,2013-10-21 00:04:56,9.0,1
519009,1382309805620000179,20000179,2013-10-20 23:56:45,2013-10-21 00:13:15,16.5,1
518963,1382309808620000574,20000574,2013-10-20 23:56:48,2013-10-21 00:13:18,16.5,1
519037,1382309848620000249,20000249,2013-10-20 23:57:28,2013-10-21 00:06:28,9.0,1
518964,1382309849620000465,20000465,2013-10-20 23:57:29,2013-10-21 00:02:44,5.3,1
519063,1382309873620000303,20000303,2013-10-20 23:57:53,2013-10-21 00:05:53,8.0,1
518936,1382309962620000195,20000195,2013-10-20 23:59:22,2013-10-21 00:06:07,6.8,1
518946,1382309993620000453,20000453,2013-10-20 23:59:53,2013-10-21 00:05:38,5.8,1
523683,1382395541620000621,20000621,2013-10-21 23:45:41,2013-10-22 00:14:11,28.5,1
523621,1382395711620000435,20000435,2013-10-21 23:48:31,2013-10-22 00:08:46,20.3,1
523651,1382395905620000054,20000054,2013-10-21 23:51:45,2013-10-22 00:00:45,9.0,1
523709,1382395954620000618,20000618,2013-10-21 23:52:34,2013-10-22 00:07:49,15.3,1
523622,1382395968620000179,20000179,2013-10-21 23:52:48,2013-10-22 00:00:48,8.0,1
523715,1382396008620000136,20000136,2013-10-21 23:53:28,2013-10-22 00:00:13,6.8,1
524098,1382396055620000483,20000483,2013-10-21 23:54:15,2013-10-22 00:04:45,10.5,1
537273,1382396074620000610,20000610,2013-10-21 23:54:34,2013-10-22 00:14:19,19.8,1
523699,1382396087620000632,20000632,2013-10-21 23:54:47,2013-10-22 00:03:17,8.5,1
523825,1382396178620000089,20000089,2013-10-21 23:56:18,2013-10-22 00:01:48,5.5,1
523691,1382396179620000196,20000196,2013-10-21 23:56:19,2013-10-22 00:07:19,11.0,1
523776,1382396224620000406,20000406,2013-10-21 23:57:04,2013-10-22 00:10:19,13.3,1
523792,1382396225620000436,20000436,2013-10-21 23:57:05,2013-10-22 00:06:35,9.5,1
524390,1382396227620000678,20000678,2013-10-21 23:57:07,2013-10-22 00:09:52,12.8,1
523789,1382396275620000307,20000307,2013-10-21 23:57:55,2013-10-22 00:10:25,12.5,1
523777,1382396281620000273,20000273,2013-10-21 23:58:01,2013-10-22 00:16:16,18.3,1
523642,1382396332620000231,20000231,2013-10-21 23:58:52,2013-10-22 00:06:52,8.0,1
523662,1382396393620000010,20000010,2013-10-21 23:59:53,2013-10-22 00:23:08,23.3,1
528958,1382481072620000252,20000252,2013-10-22 23:31:12,2013-10-23 00:07:42,36.5,1
528898,1382481609620000431,20000431,2013-10-22 23:40:09,2013-10-23 00:00:39,20.5,1
528915,1382481903620000453,20000453,2013-10-22 23:45:03,2013-10-23 00:22:03,37.0,1
528965,1382482057620000360,20000360,2013-10-22 23:47:37,2013-10-23 00:02:07,14.5,1
528997,1382482072620000684,20000684,2013-10-22 23:47:52,2013-10-23 00:04:22,16.5,1
529016,1382482261620000112,20000112,2013-10-22 23:51:01,2013-10-23 00:01:01,10.0,1
528963,1382482360620000388,20000388,2013-10-22 23:52:40,2013-10-23 00:02:55,10.3,1
528949,1382482395620000570,20000570,2013-10-22 23:53:15,2013-10-23 00:11:00,17.8,1
529453,1382482501620000497,20000497,2013-10-22 23:55:01,2013-10-23 00:06:16,11.3,1
528956,1382482508620000632,20000632,2013-10-22 23:55:08,2013-10-23 00:02:23,7.3,1
529038,1382482629620000370,20000370,2013-10-22 23:57:09,2013-10-23 00:06:09,9.0,1
529167,1382482653620000904,20000904,2013-10-22 23:57:33,2013-10-23 00:02:33,5.0,1
529048,1382482680620000345,20000345,2013-10-22 23:58:00,2013-10-23 00:07:30,9.5,1
528990,1382482712620000392,20000392,2013-10-22 23:58:32,2013-10-23 00:08:17,9.8,1
529070,1382482752620000446,20000446,2013-10-22 23:59:12,2013-10-23 00:08:57,9.8,1
529199,1382482779620000332,20000332,2013-10-22 23:59:39,2013-10-23 00:05:24,5.8,1
534576,1382561899620000902,20000902,2013-10-23 21:58:19,2013-10-24 00:20:04,141.8,1
533547,1382568074620000395,20000395,2013-10-23 23:41:14,2013-10-24 00:16:59,35.8,1
533533,1382568323620000004,20000004,2013-10-23 23:45:23,2013-10-24 00:00:38,15.3,1
533496,1382568541620000038,20000038,2013-10-23 23:49:01,2013-10-24 00:19:46,30.8,1
533477,1382568595620000574,20000574,2013-10-23 23:49:55,2013-10-24 00:01:40,11.8,1
533744,1382568718620000332,20000332,2013-10-23 23:51:58,2013-10-24 00:00:58,9.0,1
533500,1382568834620000108,20000108,2013-10-23 23:53:54,2013-10-24 00:04:24,10.5,1
533623,1382568911620000616,20000616,2013-10-23 23:55:11,2013-10-24 00:01:26,6.3,1
534693,1382568986620000665,20000665,2013-10-23 23:56:26,2013-10-24 00:07:41,11.3,1
533579,1382568990620000089,20000089,2013-10-23 23:56:30,2013-10-24 00:02:45,6.3,1
533568,1382568996620000612,20000612,2013-10-23 23:56:36,2013-10-24 00:11:06,14.5,1
533522,1382569075620000430,20000430,2013-10-23 23:57:55,2013-10-24 00:02:25,4.5,1
533692,1382569075620000648,20000648,2013-10-23 23:57:55,2013-10-24 00:09:25,11.5,1
534286,1382569101620000303,20000303,2013-10-23 23:58:21,2013-10-24 00:06:21,8.0,1
533542,1382569121620000363,20000363,2013-10-23 23:58:41,2013-10-24 00:06:11,7.5,1
533622,1382569146620000675,20000675,2013-10-23 23:59:06,2013-10-24 00:07:21,8.3,1
538520,1382654678620000304,20000304,2013-10-24 23:44:38,2013-10-25 00:16:53,32.3,1
538593,1382654931620000624,20000624,2013-10-24 23:48:51,2013-10-25 00:01:21,12.5,1
538732,1382655035620000672,20000672,2013-10-24 23:50:35,2013-10-25 00:00:50,10.3,1
539124,1382655112620000140,20000140,2013-10-24 23:51:52,2013-10-25 00:10:07,18.3,1
538662,1382655140620000589,20000589,2013-10-24 23:52:20,2013-10-25 00:09:35,17.3,1
538488,1382655145620000569,20000569,2013-10-24 23:52:25,2013-10-25 00:01:10,8.8,1
538518,1382655174620000233,20000233,2013-10-24 23:52:54,2013-10-25 00:06:39,13.8,1
538581,1382655209620000224,20000224,2013-10-24 23:53:29,2013-10-25 00:05:29,12.0,1
538641,1382655261620000022,20000022,2013-10-24 23:54:21,2013-10-25 00:09:06,14.8,1
538577,1382655286620000054,20000054,2013-10-24 23:54:46,2013-10-25 00:02:16,7.5,1
538596,1382655335620000648,20000648,2013-10-24 23:55:35,2013-10-25 00:03:20,7.8,1
538651,1382655340620000688,20000688,2013-10-24 23:55:40,2013-10-25 00:03:40,8.0,1
538649,1382655547620000245,20000245,2013-10-24 23:59:07,2013-10-25 00:06:37,7.5,1
540782,1382655570620000509,20000509,2013-10-24 23:59:30,2013-10-25 00:12:45,13.3,1
539047,1382655589620000657,20000657,2013-10-24 23:59:49,2013-10-25 00:15:04,15.3,1
546480,1382737577620000074,20000074,2013-10-25 22:46:17,2013-10-26 00:19:47,93.5,1
544040,1382739441620000376,20000376,2013-10-25 23:17:21,2013-10-26 00:18:51,61.5,1
543986,1382740398620000356,20000356,2013-10-25 23:33:18,2013-10-26 00:01:48,28.5,1
543932,1382740531620000668,20000668,2013-10-25 23:35:31,2013-10-26 00:15:46,40.3,1
543916,1382740717620000285,20000285,2013-10-25 23:38:37,2013-10-26 00:22:37,44.0,1
543853,1382740835620000451,20000451,2013-10-25 23:40:35,2013-10-26 00:01:20,20.8,1
543958,1382741022620000344,20000344,2013-10-25 23:43:42,2013-10-26 00:00:42,17.0,1
544046,1382741061620000540,20000540,2013-10-25 23:44:21,2013-10-26 00:00:21,16.0,1
543933,1382741126620000311,20000311,2013-10-25 23:45:26,2013-10-26 00:03:26,18.0,1
544035,1382741155620000503,20000503,2013-10-25 23:45:55,2013-10-26 00:01:55,16.0,1
543961,1382741172620000268,20000268,2013-10-25 23:46:12,2013-10-26 00:00:27,14.3,1
543981,1382741188620000542,20000542,2013-10-25 23:46:28,2013-10-26 00:01:13,14.8,1
544067,1382741272620000015,20000015,2013-10-25 23:47:52,2013-10-26 00:32:22,44.5,1
543840,1382741300620000601,20000601,2013-10-25 23:48:20,2013-10-26 00:06:20,18.0,1
543871,1382741355620000304,20000304,2013-10-25 23:49:15,2013-10-26 00:06:15,17.0,1
544112,1382741369620000022,20000022,2013-10-25 23:49:29,2013-10-26 00:17:59,28.5,1
544021,1382741436620000372,20000372,2013-10-25 23:50:36,2013-10-26 00:04:51,14.3,1
544065,1382741458620000037,20000037,2013-10-25 23:50:58,2013-10-26 00:11:58,21.0,1
544032,1382741471620000370,20000370,2013-10-25 23:51:11,2013-10-26 00:00:26,9.3,1
543927,1382741547620000483,20000483,2013-10-25 23:52:27,2013-10-26 00:05:57,13.5,1
543983,1382741556620000903,20000903,2013-10-25 23:52:36,2013-10-26 00:00:51,8.3,1
543924,1382741558620000387,20000387,2013-10-25 23:52:38,2013-10-26 00:00:23,7.8,1
543859,1382741564620000617,20000617,2013-10-25 23:52:44,2013-10-26 00:03:29,10.8,1
543957,1382741567620000554,20000554,2013-10-25 23:52:47,2013-10-26 00:22:32,29.8,1
544010,1382741599620000129,20000129,2013-10-25 23:53:19,2013-10-26 00:12:19,19.0,1
543984,1382741615620000054,20000054,2013-10-25 23:53:35,2013-10-26 00:07:20,13.8,1
543839,1382741641620000672,20000672,2013-10-25 23:54:01,2013-10-26 00:03:46,9.8,1
543931,1382741653620000256,20000256,2013-10-25 23:54:13,2013-10-26 00:03:13,9.0,1
544049,1382741673620000440,20000440,2013-10-25 23:54:33,2013-10-26 00:23:33,29.0,1
544043,1382741710620000351,20000351,2013-10-25 23:55:10,2013-10-26 00:01:25,6.3,1
543854,1382741714620000254,20000254,2013-10-25 23:55:14,2013-10-26 00:08:29,13.3,1
543884,1382741714620000527,20000527,2013-10-25 23:55:14,2013-10-26 00:06:14,11.0,1
543867,1382741744620000589,20000589,2013-10-25 23:55:44,2013-10-26 00:00:59,5.3,1
543860,1382741850620000320,20000320,2013-10-25 23:57:30,2013-10-26 00:00:45,3.3,1
544161,1382741874620000649,20000649,2013-10-25 23:57:54,2013-10-26 00:07:54,10.0,1
544084,1382741907620000235,20000235,2013-10-25 23:58:27,2013-10-26 00:10:57,12.5,1
543918,1382741915620000297,20000297,2013-10-25 23:58:35,2013-10-26 00:13:20,14.8,1
543868,1382741918620000431,20000431,2013-10-25 23:58:38,2013-10-26 00:07:23,8.8,1
543841,1382741923620000435,20000435,2013-10-25 23:58:43,2013-10-26 00:03:43,5.0,1
543914,1382741935620000570,20000570,2013-10-25 23:58:55,2013-10-26 00:04:10,5.3,1
543886,1382741937620000224,20000224,2013-10-25 23:58:57,2013-10-26 00:07:12,8.3,1
543879,1382741965620000343,20000343,2013-10-25 23:59:25,2013-10-26 00:15:40,16.3,1
543897,1382741980620000671,20000671,2013-10-25 23:59:40,2013-10-26 00:09:40,10.0,1
544054,1382741986620000612,20000612,2013-10-25 23:59:46,2013-10-26 00:06:16,6.5,1
549046,1382824446620000497,20000497,2013-10-26 22:54:06,2013-10-27 00:07:36,73.5,1
549322,1382826698620000038,20000038,2013-10-26 23:31:38,2013-10-27 00:00:53,29.3,1
549312,1382826794620000321,20000321,2013-10-26 23:33:14,2013-10-27 00:04:44,31.5,1
549125,1382827076620000239,20000239,2013-10-26 23:37:56,2013-10-27 00:07:56,30.0,1
549009,1382827211620000483,20000483,2013-10-26 23:40:11,2013-10-27 00:03:11,23.0,1
549038,1382827708620000173,20000173,2013-10-26 23:48:28,2013-10-27 00:07:58,19.5,1
549342,1382827831620000492,20000492,2013-10-26 23:50:31,2013-10-27 00:15:46,25.3,1
552244,1382827869620000295,20000295,2013-10-26 23:51:09,2013-10-27 00:00:39,9.5,1
549092,1382827880620000518,20000518,2013-10-26 23:51:20,2013-10-27 00:07:35,16.3,1
549104,1382827890620000688,20000688,2013-10-26 23:51:30,2013-10-27 00:05:45,14.3,1
549110,1382827917620000651,20000651,2013-10-26 23:51:57,2013-10-27 00:16:12,24.3,1
549077,1382827937620000285,20000285,2013-10-26 23:52:17,2013-10-27 00:22:47,30.5,1
549387,1382828044620000398,20000398,2013-10-26 23:54:04,2013-10-27 00:27:49,33.8,1
549119,1382828070620000376,20000376,2013-10-26 23:54:30,2013-10-27 00:09:00,14.5,1
549303,1382828093620000904,20000904,2013-10-26 23:54:53,2013-10-27 00:05:23,10.5,1
549401,1382828095620000446,20000446,2013-10-26 23:54:55,2013-10-27 00:01:25,6.5,1
549179,1382828102620000235,20000235,2013-10-26 23:55:02,2013-10-27 00:05:32,10.5,1
549260,1382828132620000359,20000359,2013-10-26 23:55:32,2013-10-27 00:08:47,13.3,1
549015,1382828138620000112,20000112,2013-10-26 23:55:38,2013-10-27 00:00:53,5.3,1
549127,1382828190620000023,20000023,2013-10-26 23:56:30,2013-10-27 00:28:00,31.5,1
549195,1382828214620000370,20000370,2013-10-26 23:56:54,2013-10-27 00:04:54,8.0,1
549247,1382828233620000153,20000153,2013-10-26 23:57:13,2013-10-27 00:23:28,26.3,1
549070,1382828248620000671,20000671,2013-10-26 23:57:28,2013-10-27 00:13:43,16.3,1
549245,1382828257620000004,20000004,2013-10-26 23:57:37,2013-10-27 00:10:37,13.0,1
549204,1382828271620000009,20000009,2013-10-26 23:57:51,2013-10-27 00:04:36,6.8,1
549035,1382828329620000529,20000529,2013-10-26 23:58:49,2013-10-27 00:05:49,7.0,1
549274,1382828360620000041,20000041,2013-10-26 23:59:20,2013-10-27 00:13:05,13.8,1
549052,1382828377620000574,20000574,2013-10-26 23:59:37,2013-10-27 00:11:37,12.0,1
555802,1382916973620000101,20000101,2013-10-27 23:36:13,2013-10-28 00:06:28,30.3,1
554062,1382917821620000376,20000376,2013-10-27 23:50:21,2013-10-28 00:09:36,19.3,1
554086,1382917904620000503,20000503,2013-10-27 23:51:44,2013-10-28 00:05:44,14.0,1
554109,1382917926620000129,20000129,2013-10-27 23:52:06,2013-10-28 00:13:21,21.3,1
554101,1382917966620000242,20000242,2013-10-27 23:52:46,2013-10-28 00:05:31,12.8,1
554117,1382918045620000458,20000458,2013-10-27 23:54:05,2013-10-28 00:00:35,6.5,1
555125,1382918059620000481,20000481,2013-10-27 23:54:19,2013-10-28 00:07:34,13.3,1
554045,1382918070620000688,20000688,2013-10-27 23:54:30,2013-10-28 00:04:15,9.8,1
554037,1382918089620000648,20000648,2013-10-27 23:54:49,2013-10-28 00:01:34,6.8,1
554077,1382918110620000092,20000092,2013-10-27 23:55:10,2013-10-28 00:10:10,15.0,1
554031,1382918263620000473,20000473,2013-10-27 23:57:43,2013-10-28 00:03:58,6.3,1
555051,1382918268620000007,20000007,2013-10-27 23:57:48,2013-10-28 00:04:33,6.8,1
554040,1382918353620000235,20000235,2013-10-27 23:59:13,2013-10-28 00:04:28,5.3,1
554152,1382918381620000233,20000233,2013-10-27 23:59:41,2013-10-28 00:11:26,11.8,1
558569,1383002554620000022,20000022,2013-10-28 23:22:34,2013-10-29 00:06:04,43.5,1
558456,1383003343620000179,20000179,2013-10-28 23:35:43,2013-10-29 00:01:13,25.5,1
558340,1383003907620000569,20000569,2013-10-28 23:45:07,2013-10-29 00:01:37,16.5,1
558411,1383004412620000649,20000649,2013-10-28 23:53:32,2013-10-29 00:03:47,10.3,1
558407,1383004417620000453,20000453,2013-10-28 23:53:37,2013-10-29 00:00:52,7.3,1
558326,1383004425620000311,20000311,2013-10-28 23:53:45,2013-10-29 00:06:45,13.0,1
558413,1383004425620000112,20000112,2013-10-28 23:53:45,2013-10-29 00:22:30,28.8,1
558366,1383004462620000431,20000431,2013-10-28 23:54:22,2013-10-29 00:00:37,6.3,1
558319,1383004556620000254,20000254,2013-10-28 23:55:56,2013-10-29 00:02:26,6.5,1
558514,1383004576620000403,20000403,2013-10-28 23:56:16,2013-10-29 00:08:01,11.8,1
558424,1383004653620000520,20000520,2013-10-28 23:57:33,2013-10-29 00:06:18,8.8,1
558426,1383004695620000488,20000488,2013-10-28 23:58:15,2013-10-29 00:12:15,14.0,1
558818,1383004761620000015,20000015,2013-10-28 23:59:21,2013-10-29 00:14:51,15.5,1
562803,1383090431620000101,20000101,2013-10-29 23:47:11,2013-10-30 00:25:41,38.5,1
562661,1383090877620000005,20000005,2013-10-29 23:54:37,2013-10-30 00:01:37,7.0,1
562785,1383090992620000632,20000632,2013-10-29 23:56:32,2013-10-30 00:06:47,10.3,1
562923,1383091137620000648,20000648,2013-10-29 23:58:57,2013-10-30 00:04:57,6.0,1
562865,1383091145620000633,20000633,2013-10-29 23:59:05,2013-10-30 00:09:50,10.8,1
567422,1383175496620000598,20000598,2013-10-30 23:24:56,2013-10-31 00:13:41,48.8,1
567491,1383176630620000273,20000273,2013-10-30 23:43:50,2013-10-31 00:04:50,21.0,1
567503,1383176944620000435,20000435,2013-10-30 23:49:04,2013-10-31 00:06:34,17.5,1
567293,1383177017620000023,20000023,2013-10-30 23:50:17,2013-10-31 00:01:32,11.3,1
567355,1383177044620000120,20000120,2013-10-30 23:50:44,2013-10-31 00:01:14,10.5,1
567238,1383177150620000662,20000662,2013-10-30 23:52:30,2013-10-31 00:03:30,11.0,1
567455,1383177309620000434,20000434,2013-10-30 23:55:09,2013-10-31 00:10:39,15.5,1
567268,1383177354620000360,20000360,2013-10-30 23:55:54,2013-10-31 00:03:24,7.5,1
567221,1383177398620000216,20000216,2013-10-30 23:56:38,2013-10-31 00:07:38,11.0,1
567710,1383177420620000153,20000153,2013-10-30 23:57:00,2013-10-31 00:03:00,6.0,1
567329,1383177423620000304,20000304,2013-10-30 23:57:03,2013-10-31 00:03:33,6.5,1
567479,1383177427620000364,20000364,2013-10-30 23:57:07,2013-10-31 00:02:22,5.3,1
570346,1383177427620000054,20000054,2013-10-30 23:57:07,2013-10-31 00:16:37,19.5,1
567255,1383177454620000680,20000680,2013-10-30 23:57:34,2013-10-31 00:00:49,3.3,1
567227,1383177513620000031,20000031,2013-10-30 23:58:33,2013-10-31 00:08:03,9.5,1
567975,1383177539620000311,20000311,2013-10-30 23:58:59,2013-10-31 00:23:59,25.0,1
567229,1383177569620000038,20000038,2013-10-30 23:59:29,2013-10-31 00:24:44,25.3,1
572174,1383263126620000665,20000665,2013-10-31 23:45:26,2013-11-01 00:03:56,18.5,1
572577,1383263164620000351,20000351,2013-10-31 23:46:04,2013-11-01 00:14:49,28.8,1
574091,1383263279620000215,20000215,2013-10-31 23:47:59,2013-11-01 00:00:14,12.3,1
571995,1383263290620000451,20000451,2013-10-31 23:48:10,2013-11-01 00:03:10,15.0,1
572055,1383263461620000450,20000450,2013-10-31 23:51:01,2013-11-01 00:00:16,9.3,1
572029,1383263493620000395,20000395,2013-10-31 23:51:33,2013-11-01 00:00:48,9.3,1
572017,1383263532620000686,20000686,2013-10-31 23:52:12,2013-11-01 00:08:12,16.0,1
572023,1383263604620000233,20000233,2013-10-31 23:53:24,2013-11-01 00:03:39,10.3,1
572061,1383263651620000529,20000529,2013-10-31 23:54:11,2013-11-01 00:02:56,8.8,1
572033,1383263675620000663,20000663,2013-10-31 23:54:35,2013-11-01 00:02:50,8.3,1
572014,1383263686620000520,20000520,2013-10-31 23:54:46,2013-11-01 00:00:31,5.8,1
572264,1383263699620000307,20000307,2013-10-31 23:54:59,2013-11-01 00:04:14,9.3,1
572149,1383263741620000009,20000009,2013-10-31 23:55:41,2013-11-01 00:04:11,8.5,1
572025,1383263790620000624,20000624,2013-10-31 23:56:30,2013-11-01 00:07:00,10.5,1
572003,1383263793620000054,20000054,2013-10-31 23:56:33,2013-11-01 00:01:18,4.8,1
572131,1383263802620000387,20000387,2013-10-31 23:56:42,2013-11-01 00:02:42,6.0,1
572041,1383263807620000239,20000239,2013-10-31 23:56:47,2013-11-01 00:00:32,3.8,1
573257,1383263845620000632,20000632,2013-10-31 23:57:25,2013-11-01 00:18:55,21.5,1
572019,1383263871620000904,20000904,2013-10-31 23:57:51,2013-11-01 00:01:51,4.0,1
572026,1383263923620000514,20000514,2013-10-31 23:58:43,2013-11-01 00:06:28,7.8,1
574109,1383263928620000453,20000453,2013-10-31 23:58:48,2013-11-01 00:14:18,15.5,1
571987,1383263941620000472,20000472,2013-10-31 23:59:01,2013-11-01 00:05:46,6.8,1
572225,1383263956620000066,20000066,2013-10-31 23:59:16,2013-11-01 00:16:46,17.5,1
572124,1383263960620000503,20000503,2013-10-31 23:59:20,2013-11-01 00:14:50,15.5,1
578556,1383293324620000520,20000520,2013-11-01 08:08:44,2013-11-02 00:07:29,958.8,1
578242,1383346982620000624,20000624,2013-11-01 23:03:02,2013-11-02 00:11:02,68.0,1
578527,1383348777620000517,20000517,2013-11-01 23:32:57,2013-11-02 00:04:42,31.8,1
578314,1383349115620000398,20000398,2013-11-01 23:38:35,2013-11-02 00:28:20,49.8,1
578086,1383349201620000112,20000112,2013-11-01 23:40:01,2013-11-02 00:00:31,20.5,1
578589,1383349290620000611,20000611,2013-11-01 23:41:30,2013-11-02 00:06:45,25.3,1
578295,1383349343620000360,20000360,2013-11-01 23:42:23,2013-11-02 00:08:08,25.8,1
578195,1383349350620000672,20000672,2013-11-01 23:42:30,2013-11-02 00:09:45,27.3,1
578105,1383349444620000254,20000254,2013-11-01 23:44:04,2013-11-02 00:13:19,29.3,1
578124,1383349453620000089,20000089,2013-11-01 23:44:13,2013-11-02 00:07:43,23.5,1
578227,1383349460620000540,20000540,2013-11-01 23:44:20,2013-11-02 00:19:20,35.0,1
578423,1383349470620000625,20000625,2013-11-01 23:44:30,2013-11-02 00:15:45,31.3,1
578136,1383349552620000320,20000320,2013-11-01 23:45:52,2013-11-02 00:01:22,15.5,1
578336,1383349566620000467,20000467,2013-11-01 23:46:06,2013-11-02 00:01:06,15.0,1
578042,1383349606620000658,20000658,2013-11-01 23:46:46,2013-11-02 00:03:01,16.3,1
578070,1383349629620000570,20000570,2013-11-01 23:47:09,2013-11-02 00:00:39,13.5,1
578214,1383349664620000304,20000304,2013-11-01 23:47:44,2013-11-02 00:08:59,21.3,1
578076,1383349692620000297,20000297,2013-11-01 23:48:12,2013-11-02 00:02:12,14.0,1
578194,1383349710620000004,20000004,2013-11-01 23:48:30,2013-11-02 00:06:30,18.0,1
578088,1383349713620000344,20000344,2013-11-01 23:48:33,2013-11-02 00:06:03,17.5,1
578367,1383349717620000009,20000009,2013-11-01 23:48:37,2013-11-02 00:08:22,19.8,1
578059,1383349790620000688,20000688,2013-11-01 23:49:50,2013-11-02 00:01:35,11.8,1
578154,1383349804620000600,20000600,2013-11-01 23:50:04,2013-11-02 00:02:04,12.0,1
578171,1383349811620000649,20000649,2013-11-01 23:50:11,2013-11-02 00:00:41,10.5,1
578208,1383349819620000119,20000119,2013-11-01 23:50:19,2013-11-02 00:06:19,16.0,1
578081,1383349823620000011,20000011,2013-11-01 23:50:23,2013-11-02 00:07:38,17.3,1
578350,1383349830620000612,20000612,2013-11-01 23:50:30,2013-11-02 00:01:15,10.8,1
578118,1383349839620000101,20000101,2013-11-01 23:50:39,2013-11-02 00:15:24,24.8,1
578092,1383349891620000167,20000167,2013-11-01 23:51:31,2013-11-02 00:03:16,11.8,1
578245,1383349905620000256,20000256,2013-11-01 23:51:45,2013-11-02 00:07:45,16.0,1
578095,1383349927620000671,20000671,2013-11-01 23:52:07,2013-11-02 00:08:52,16.8,1
578313,1383349929620000476,20000476,2013-11-01 23:52:09,2013-11-02 00:00:24,8.3,1
578166,1383349955620000436,20000436,2013-11-01 23:52:35,2013-11-02 00:01:05,8.5,1
578324,1383350027620000686,20000686,2013-11-01 23:53:47,2013-11-02 00:17:02,23.3,1
578106,1383350037620000372,20000372,2013-11-01 23:53:57,2013-11-02 00:08:12,14.3,1
578967,1383350047620000007,20000007,2013-11-01 23:54:07,2013-11-02 00:10:07,16.0,1
578188,1383350049620000201,20000201,2013-11-01 23:54:09,2013-11-02 00:01:54,7.8,1
578056,1383350064620000571,20000571,2013-11-01 23:54:24,2013-11-02 00:01:24,7.0,1
578100,1383350079620000157,20000157,2013-11-01 23:54:39,2013-11-02 00:02:09,7.5,1
578454,1383350092620000663,20000663,2013-11-01 23:54:52,2013-11-02 00:12:07,17.3,1
578185,1383350098620000423,20000423,2013-11-01 23:54:58,2013-11-02 00:10:28,15.5,1
578102,1383350118620000463,20000463,2013-11-01 23:55:18,2013-11-02 00:01:03,5.8,1
578157,1383350134620000591,20000591,2013-11-01 23:55:34,2013-11-02 00:11:04,15.5,1
578181,1383350161620000561,20000561,2013-11-01 23:56:01,2013-11-02 00:11:01,15.0,1
578307,1383350168620000458,20000458,2013-11-01 23:56:08,2013-11-02 00:00:23,4.3,1
578653,1383350175620000363,20000363,2013-11-01 23:56:15,2013-11-02 00:09:45,13.5,1
578231,1383350197620000359,20000359,2013-11-01 23:56:37,2013-11-02 00:11:22,14.8,1
578406,1383350209620000362,20000362,2013-11-01 23:56:49,2013-11-02 00:12:19,15.5,1
578355,1383350231620000341,20000341,2013-11-01 23:57:11,2013-11-02 00:05:26,8.3,1
578109,1383350257620000387,20000387,2013-11-01 23:57:37,2013-11-02 00:09:07,11.5,1
578302,1383350268620000450,20000450,2013-11-01 23:57:48,2013-11-02 00:02:03,4.3,1
578049,1383350286620000503,20000503,2013-11-01 23:58:06,2013-11-02 00:01:51,3.8,1
578202,1383350295620000013,20000013,2013-11-01 23:58:15,2013-11-02 00:06:30,8.3,1
578156,1383350318620000307,20000307,2013-11-01 23:58:38,2013-11-02 00:27:08,28.5,1
578310,1383350321620000120,20000120,2013-11-01 23:58:41,2013-11-02 00:14:26,15.8,1
578129,1383350327620000351,20000351,2013-11-01 23:58:47,2013-11-02 00:16:17,17.5,1
578284,1383350339620000233,20000233,2013-11-01 23:58:59,2013-11-02 00:07:44,8.8,1
578099,1383350342620000424,20000424,2013-11-01 23:59:02,2013-11-02 00:15:02,16.0,1
578251,1383350352620000010,20000010,2013-11-01 23:59:12,2013-11-02 00:07:42,8.5,1
578165,1383350356620000195,20000195,2013-11-01 23:59:16,2013-11-02 00:07:31,8.3,1
578134,1383350394620000252,20000252,2013-11-01 23:59:54,2013-11-02 00:19:54,20.0,1
584049,1383432847620000435,20000435,2013-11-02 22:54:07,2013-11-03 00:09:52,75.8,1
583943,1383435962620000598,20000598,2013-11-02 23:46:02,2013-11-03 00:12:47,26.8,1
583917,1383436021620000038,20000038,2013-11-02 23:47:01,2013-11-03 00:04:46,17.8,1
583924,1383436090620000488,20000488,2013-11-02 23:48:10,2013-11-03 00:04:55,16.8,1
584214,1383436107620000243,20000243,2013-11-02 23:48:27,2013-11-03 00:14:12,25.8,1
584083,1383436142620000453,20000453,2013-11-02 23:49:02,2013-11-03 00:00:17,11.3,1
583918,1383436219620000120,20000120,2013-11-02 23:50:19,2013-11-03 00:02:34,12.3,1
584119,1383436253620000014,20000014,2013-11-02 23:50:53,2013-11-03 00:03:38,12.8,1
584070,1383436261620000341,20000341,2013-11-02 23:51:01,2013-11-03 00:01:31,10.5,1
583856,1383436320620000020,20000020,2013-11-02 23:52:00,2013-11-03 00:00:45,8.8,1
583901,1383436346620000037,20000037,2013-11-02 23:52:26,2013-11-03 00:05:41,13.3,1
583959,1383436347620000492,20000492,2013-11-02 23:52:27,2013-11-03 00:06:42,14.3,1
584296,1383436356620000542,20000542,2013-11-02 23:52:36,2013-11-03 00:00:21,7.8,1
584107,1383436385620000242,20000242,2013-11-02 23:53:05,2013-11-03 00:08:50,15.8,1
584101,1383436435620000421,20000421,2013-11-02 23:53:55,2013-11-03 00:03:55,10.0,1
583949,1383436460620000142,20000142,2013-11-02 23:54:20,2013-11-03 00:01:05,6.8,1
584091,1383436461620000431,20000431,2013-11-02 23:54:21,2013-11-03 00:01:06,6.8,1
583979,1383436465620000687,20000687,2013-11-02 23:54:25,2013-11-03 00:03:40,9.3,1
584108,1383436467620000268,20000268,2013-11-02 23:54:27,2013-11-03 00:02:27,8.0,1
584092,1383436517620000451,20000451,2013-11-02 23:55:17,2013-11-03 00:03:32,8.3,1
584053,1383436575620000112,20000112,2013-11-02 23:56:15,2013-11-03 00:11:00,14.8,1
583876,1383436585620000481,20000481,2013-11-02 23:56:25,2013-11-03 00:02:55,6.5,1
584230,1383436590620000663,20000663,2013-11-02 23:56:30,2013-11-03 00:02:30,6.0,1
584007,1383436615620000008,20000008,2013-11-02 23:56:55,2013-11-03 00:02:25,5.5,1
584173,1383436624620000042,20000042,2013-11-02 23:57:04,2013-11-03 00:01:04,4.0,1
584104,1383436636620000092,20000092,2013-11-02 23:57:16,2013-11-03 00:09:31,12.3,1
583938,1383436646620000520,20000520,2013-11-02 23:57:26,2013-11-03 00:05:26,8.0,1
584339,1383436666620000633,20000633,2013-11-02 23:57:46,2013-11-03 00:06:01,8.3,1
584238,1383436680620000540,20000540,2013-11-02 23:58:00,2013-11-03 00:07:45,9.8,1
584073,1383436714620000251,20000251,2013-11-02 23:58:34,2013-11-03 00:07:49,9.3,1
583982,1383436751620000591,20000591,2013-11-02 23:59:11,2013-11-03 00:07:41,8.5,1
589611,1383436760620000045,20000045,2013-11-02 23:59:20,2013-11-03 00:07:20,8.0,1
584282,1383436771620000617,20000617,2013-11-02 23:59:31,2013-11-03 00:09:46,10.3,1
584152,1383436788620000075,20000075,2013-11-02 23:59:48,2013-11-03 00:05:18,5.5,1
588917,1383522714620000309,20000309,2013-11-03 23:51:54,2013-11-04 00:06:09,14.3,1
588799,1383522719620000395,20000395,2013-11-03 23:51:59,2013-11-04 00:02:44,10.8,1
588738,1383522881620000610,20000610,2013-11-03 23:54:41,2013-11-04 00:07:56,13.3,1
588719,1383522919620000388,20000388,2013-11-03 23:55:19,2013-11-04 00:06:49,11.5,1
588787,1383523188620000472,20000472,2013-11-03 23:59:48,2013-11-04 00:11:48,12.0,1
593221,1383605507620000197,20000197,2013-11-04 22:51:47,2013-11-05 00:37:47,106.0,1
593075,1383608826620000901,20000901,2013-11-04 23:47:06,2013-11-05 00:02:21,15.3,1
593105,1383608866620000395,20000395,2013-11-04 23:47:46,2013-11-05 00:01:01,13.3,1
593170,1383608986620000684,20000684,2013-11-04 23:49:46,2013-11-05 00:00:31,10.8,1
593094,1383609105620000554,20000554,2013-11-04 23:51:45,2013-11-05 00:00:15,8.5,1
593256,1383609238620000653,20000653,2013-11-04 23:53:58,2013-11-05 00:06:13,12.3,1
593129,1383609265620000633,20000633,2013-11-04 23:54:25,2013-11-05 00:06:40,12.3,1
593121,1383609390620000503,20000503,2013-11-04 23:56:30,2013-11-05 00:03:15,6.8,1
593073,1383609461620000297,20000297,2013-11-04 23:57:41,2013-11-05 00:05:56,8.3,1
593102,1383609503620000388,20000388,2013-11-04 23:58:23,2013-11-05 00:05:38,7.3,1
593166,1383609521620000662,20000662,2013-11-04 23:58:41,2013-11-05 00:06:41,8.0,1
593168,1383609527620000338,20000338,2013-11-04 23:58:47,2013-11-05 00:10:32,11.8,1
593074,1383609577620000424,20000424,2013-11-04 23:59:37,2013-11-05 00:05:07,5.5,1
593231,1383609585620000173,20000173,2013-11-04 23:59:45,2013-11-05 00:10:00,10.3,1
597475,1383694116620000160,20000160,2013-11-05 23:28:36,2013-11-06 00:07:06,38.5,1
597460,1383695170620000351,20000351,2013-11-05 23:46:10,2013-11-06 00:00:55,14.8,1
597315,1383695262620000080,20000080,2013-11-05 23:47:42,2013-11-06 00:00:57,13.3,1
597274,1383695484620000305,20000305,2013-11-05 23:51:24,2013-11-06 00:08:54,17.5,1
597410,1383695509620000672,20000672,2013-11-05 23:51:49,2013-11-06 00:05:34,13.8,1
599270,1383695721620000509,20000509,2013-11-05 23:55:21,2013-11-06 00:08:51,13.5,1
597644,1383695726620000054,20000054,2013-11-05 23:55:26,2013-11-06 00:06:56,11.5,1
597339,1383695812620000617,20000617,2013-11-05 23:56:52,2013-11-06 00:08:37,11.8,1
597415,1383695820620000325,20000325,2013-11-05 23:57:00,2013-11-06 00:05:15,8.3,1
597516,1383695861620000031,20000031,2013-11-05 23:57:41,2013-11-06 00:07:11,9.5,1
597760,1383695939620000640,20000640,2013-11-05 23:58:59,2013-11-06 00:13:29,14.5,1
602341,1383781182620000570,20000570,2013-11-06 23:39:42,2013-11-07 00:03:12,23.5,1
601402,1383781277620000574,20000574,2013-11-06 23:41:17,2013-11-07 00:04:32,23.3,1
602092,1383781610620000488,20000488,2013-11-06 23:46:50,2013-11-07 00:05:20,18.5,1
603643,1383781683620000665,20000665,2013-11-06 23:48:03,2013-11-07 00:03:33,15.5,1
601378,1383781959620000370,20000370,2013-11-06 23:52:39,2013-11-07 00:01:09,8.5,1
601522,1383781973620000672,20000672,2013-11-06 23:52:53,2013-11-07 00:08:23,15.5,1
601526,1383781991620000517,20000517,2013-11-06 23:53:11,2013-11-07 00:17:26,24.3,1
601507,1383782067620000066,20000066,2013-11-06 23:54:27,2013-11-07 00:09:27,15.0,1
601506,1383782074620000105,20000105,2013-11-06 23:54:34,2013-11-07 00:06:19,11.8,1
601493,1383782189620000356,20000356,2013-11-06 23:56:29,2013-11-07 00:00:29,4.0,1
601596,1383782298620000617,20000617,2013-11-06 23:58:18,2013-11-07 00:08:33,10.3,1
601520,1383782365620000337,20000337,2013-11-06 23:59:25,2013-11-07 00:09:10,9.8,1
601908,1383782394620000080,20000080,2013-11-06 23:59:54,2013-11-07 00:05:09,5.3,1
601397,1383782399620000380,20000380,2013-11-06 23:59:59,2013-11-07 00:04:59,5.0,1
607267,1383867788620000483,20000483,2013-11-07 23:43:08,2013-11-08 00:00:38,17.5,1
607290,1383867845620000688,20000688,2013-11-07 23:44:05,2013-11-08 00:07:05,23.0,1
611002,1383868033620000610,20000610,2013-11-07 23:47:13,2013-11-08 00:00:13,13.0,1
607646,1383868198620000351,20000351,2013-11-07 23:49:58,2013-11-08 00:02:43,12.8,1
607426,1383868303620000446,20000446,2013-11-07 23:51:43,2013-11-08 00:01:58,10.3,1
607370,1383868389620000196,20000196,2013-11-07 23:53:09,2013-11-08 00:04:54,11.8,1
608524,1383868453620000254,20000254,2013-11-07 23:54:13,2013-11-08 00:03:43,9.5,1
607436,1383868454620000626,20000626,2013-11-07 23:54:14,2013-11-08 00:02:59,8.8,1
607576,1383868482620000388,20000388,2013-11-07 23:54:42,2013-11-08 00:05:27,10.8,1
607504,1383868494620000529,20000529,2013-11-07 23:54:54,2013-11-08 00:03:54,9.0,1
607266,1383868495620000201,20000201,2013-11-07 23:54:55,2013-11-08 00:11:25,16.5,1
607312,1383868532620000256,20000256,2013-11-07 23:55:32,2013-11-08 00:06:02,10.5,1
607254,1383868561620000595,20000595,2013-11-07 23:56:01,2013-11-08 00:03:01,7.0,1
607242,1383868598620000398,20000398,2013-11-07 23:56:38,2013-11-08 00:08:38,12.0,1
607346,1383868671620000005,20000005,2013-11-07 23:57:51,2013-11-08 00:10:21,12.5,1
607428,1383868694620000423,20000423,2013-11-07 23:58:14,2013-11-08 00:03:44,5.5,1
607710,1383868716620000101,20000101,2013-11-07 23:58:36,2013-11-08 00:25:51,27.3,1
611932,1383868763620000570,20000570,2013-11-07 23:59:23,2013-11-08 00:12:08,12.8,1
607566,1383868794620000167,20000167,2013-11-07 23:59:54,2013-11-08 00:14:24,14.5,1
613121,1383940424620000520,20000520,2013-11-08 19:53:44,2013-11-09 01:49:44,356.0,1
624435,1383951933620000163,20000163,2013-11-08 23:05:33,2013-11-09 00:01:48,56.3,1
612705,1383954232620000042,20000042,2013-11-08 23:43:52,2013-11-09 00:11:52,28.0,1
612512,1383954263620000233,20000233,2013-11-08 23:44:23,2013-11-09 00:09:38,25.3,1
612484,1383954330620000243,20000243,2013-11-08 23:45:30,2013-11-09 00:09:30,24.0,1
612718,1383954427620000662,20000662,2013-11-08 23:47:07,2013-11-09 00:03:37,16.5,1
612418,1383954520620000527,20000527,2013-11-08 23:48:40,2013-11-09 00:02:55,14.3,1
612571,1383954530620000154,20000154,2013-11-08 23:48:50,2013-11-09 00:02:05,13.3,1
612480,1383954535620000004,20000004,2013-11-08 23:48:55,2013-11-09 00:03:25,14.5,1
612381,1383954538620000119,20000119,2013-11-08 23:48:58,2013-11-09 00:02:13,13.3,1
612576,1383954702620000129,20000129,2013-11-08 23:51:42,2013-11-09 00:27:12,35.5,1
614217,1383954770620000334,20000334,2013-11-08 23:52:50,2013-11-09 00:44:50,52.0,1
612434,1383954779620000011,20000011,2013-11-08 23:52:59,2013-11-09 00:03:29,10.5,1
612533,1383954780620000665,20000665,2013-11-08 23:53:00,2013-11-09 00:04:00,11.0,1
612417,1383954888620000297,20000297,2013-11-08 23:54:48,2013-11-09 00:01:33,6.8,1
612458,1383954895620000488,20000488,2013-11-08 23:54:55,2013-11-09 00:05:40,10.8,1
612605,1383954937620000398,20000398,2013-11-08 23:55:37,2013-11-09 00:04:37,9.0,1
612608,1383954944620000476,20000476,2013-11-08 23:55:44,2013-11-09 00:00:14,4.5,1
612473,1383955009620000112,20000112,2013-11-08 23:56:49,2013-11-09 00:05:19,8.5,1
612663,1383955089620000179,20000179,2013-11-08 23:58:09,2013-11-09 00:04:54,6.8,1
612518,1383955106620000577,20000577,2013-11-08 23:58:26,2013-11-09 00:09:11,10.8,1
612737,1383955139620000653,20000653,2013-11-08 23:58:59,2013-11-09 00:05:14,6.3,1
612485,1383955155620000347,20000347,2013-11-08 23:59:15,2013-11-09 00:06:00,6.8,1
612769,1383955156620000235,20000235,2013-11-08 23:59:16,2013-11-09 01:19:01,79.8,1
612536,1383955175620000251,20000251,2013-11-08 23:59:35,2013-11-09 00:08:35,9.0,1
612620,1383955198620000080,20000080,2013-11-08 23:59:58,2013-11-09 00:06:28,6.5,1
617435,1384036941620000037,20000037,2013-11-09 22:42:21,2013-11-10 00:36:21,114.0,1
617499,1384040385620000672,20000672,2013-11-09 23:39:45,2013-11-10 00:01:30,21.8,1
617400,1384040395620000305,20000305,2013-11-09 23:39:55,2013-11-10 00:19:40,39.8,1
617695,1384040692620000435,20000435,2013-11-09 23:44:52,2013-11-10 00:38:22,53.5,1
617472,1384040747620000688,20000688,2013-11-09 23:45:47,2013-11-10 00:00:17,14.5,1
617795,1384040817620000451,20000451,2013-11-09 23:46:57,2013-11-10 00:00:27,13.5,1
617449,1384040879620000216,20000216,2013-11-09 23:47:59,2013-11-10 00:01:59,14.0,1
617430,1384040968620000518,20000518,2013-11-09 23:49:28,2013-11-10 00:03:28,14.0,1
617495,1384041045620000031,20000031,2013-11-09 23:50:45,2013-11-10 00:04:00,13.3,1
617391,1384041184620000388,20000388,2013-11-09 23:53:04,2013-11-10 00:11:34,18.5,1
617623,1384041190620000009,20000009,2013-11-09 23:53:10,2013-11-10 00:09:25,16.3,1
617509,1384041216620000588,20000588,2013-11-09 23:53:36,2013-11-10 00:03:51,10.3,1
617387,1384041280620000304,20000304,2013-11-09 23:54:40,2013-11-10 00:01:55,7.3,1
617386,1384041337620000045,20000045,2013-11-09 23:55:37,2013-11-10 00:10:37,15.0,1
617412,1384041378620000320,20000320,2013-11-09 23:56:18,2013-11-10 00:12:48,16.5,1
617453,1384041416620000279,20000279,2013-11-09 23:56:56,2013-11-10 00:06:41,9.8,1
617417,1384041440620000179,20000179,2013-11-09 23:57:20,2013-11-10 00:02:20,5.0,1
617478,1384041451620000488,20000488,2013-11-09 23:57:31,2013-11-10 00:01:01,3.5,1
617418,1384041521620000569,20000569,2013-11-09 23:58:41,2013-11-10 00:03:11,4.5,1
617458,1384041525620000081,20000081,2013-11-09 23:58:45,2013-11-10 00:12:30,13.8,1
617501,1384041526620000657,20000657,2013-11-09 23:58:46,2013-11-10 00:14:01,15.3,1
617436,1384041580620000671,20000671,2013-11-09 23:59:40,2013-11-10 00:14:55,15.3,1
617622,1384041594620000129,20000129,2013-11-09 23:59:54,2013-11-10 00:10:09,10.3,1
621489,1384126871620000481,20000481,2013-11-10 23:41:11,2013-11-11 00:06:26,25.3,1
621463,1384127333620000167,20000167,2013-11-10 23:48:53,2013-11-11 00:00:08,11.3,1
621633,1384127354620000171,20000171,2013-11-10 23:49:14,2013-11-11 00:02:29,13.3,1
621574,1384127520620000023,20000023,2013-11-10 23:52:00,2013-11-11 00:09:00,17.0,1
621579,1384127520620000307,20000307,2013-11-10 23:52:00,2013-11-11 00:00:00,8.0,1
621546,1384127625620000589,20000589,2013-11-10 23:53:45,2013-11-11 00:00:45,7.0,1
621512,1384127673620000112,20000112,2013-11-10 23:54:33,2013-11-11 00:05:33,11.0,1
621443,1384127702620000570,20000570,2013-11-10 23:55:02,2013-11-11 00:02:17,7.3,1
621559,1384127733620000569,20000569,2013-11-10 23:55:33,2013-11-11 00:34:18,38.8,1
621606,1384127785620000089,20000089,2013-11-10 23:56:25,2013-11-11 00:02:40,6.3,1
621437,1384127786620000486,20000486,2013-11-10 23:56:26,2013-11-11 00:05:26,9.0,1
621525,1384127814620000542,20000542,2013-11-10 23:56:54,2013-11-11 00:04:09,7.3,1
621523,1384127847620000224,20000224,2013-11-10 23:57:27,2013-11-11 00:05:12,7.8,1
621900,1384127917620000325,20000325,2013-11-10 23:58:37,2013-11-11 00:02:22,3.8,1
621531,1384127924620000004,20000004,2013-11-10 23:58:44,2013-11-11 00:12:44,14.0,1
627407,1384213477620000448,20000448,2013-11-11 23:44:37,2013-11-12 00:01:22,16.8,1
625722,1384213785620000004,20000004,2013-11-11 23:49:45,2013-11-12 00:02:15,12.5,1
625742,1384213899620000406,20000406,2013-11-11 23:51:39,2013-11-12 00:39:09,47.5,1
625759,1384213922620000376,20000376,2013-11-11 23:52:02,2013-11-12 00:11:17,19.3,1
625693,1384214208620000105,20000105,2013-11-11 23:56:48,2013-11-12 00:00:33,3.8,1
629765,1384299391620000304,20000304,2013-11-12 23:36:31,2013-11-13 00:05:01,28.5,1
629661,1384300213620000387,20000387,2013-11-12 23:50:13,2013-11-13 00:04:43,14.5,1
629654,1384300255620000157,20000157,2013-11-12 23:50:55,2013-11-13 00:00:10,9.3,1
629918,1384300287620000235,20000235,2013-11-12 23:51:27,2013-11-13 00:04:12,12.8,1
630227,1384300324620000129,20000129,2013-11-12 23:52:04,2013-11-13 00:02:49,10.8,1
633070,1384300399620000610,20000610,2013-11-12 23:53:19,2013-11-13 00:10:49,17.5,1
629997,1384300502620000325,20000325,2013-11-12 23:55:02,2013-11-13 00:01:32,6.5,1
629735,1384300547620000066,20000066,2013-11-12 23:55:47,2013-11-13 00:13:32,17.8,1
629803,1384300581620000435,20000435,2013-11-12 23:56:21,2013-11-13 00:14:36,18.3,1
630022,1384300657620000409,20000409,2013-11-12 23:57:37,2013-11-13 00:08:07,10.5,1
634075,1384386011620000403,20000403,2013-11-13 23:40:11,2013-11-14 00:11:56,31.8,1
633715,1384386527620000574,20000574,2013-11-13 23:48:47,2013-11-14 00:00:47,12.0,1
633900,1384386686620000649,20000649,2013-11-13 23:51:26,2013-11-14 00:03:41,12.3,1
633901,1384386777620000453,20000453,2013-11-13 23:52:57,2013-11-14 00:02:57,10.0,1
634000,1384386873620000612,20000612,2013-11-13 23:54:33,2013-11-14 00:02:18,7.8,1
634529,1384386971620000482,20000482,2013-11-13 23:56:11,2013-11-14 00:02:11,6.0,1
633741,1384386982620000610,20000610,2013-11-13 23:56:22,2013-11-14 00:12:07,15.8,1
635110,1384386987620000506,20000506,2013-11-13 23:56:27,2013-11-14 01:58:27,122.0,1
633836,1384387009620000252,20000252,2013-11-13 23:56:49,2013-11-14 00:08:49,12.0,1
633917,1384387017620000695,20000695,2013-11-13 23:56:57,2013-11-14 00:07:12,10.3,1
634025,1384387128620000569,20000569,2013-11-13 23:58:48,2013-11-14 00:02:48,4.0,1
637976,1384471646620000554,20000554,2013-11-14 23:27:26,2013-11-15 01:19:26,112.0,1
637970,1384472577620000662,20000662,2013-11-14 23:42:57,2013-11-15 00:11:12,28.3,1
637973,1384472836620000201,20000201,2013-11-14 23:47:16,2013-11-15 00:05:46,18.5,1
638092,1384473212620000129,20000129,2013-11-14 23:53:32,2013-11-15 00:04:17,10.8,1
637982,1384473260620000610,20000610,2013-11-14 23:54:20,2013-11-15 00:12:35,18.3,1
637952,1384473284620000569,20000569,2013-11-14 23:54:44,2013-11-15 00:01:59,7.3,1
638030,1384473311620000160,20000160,2013-11-14 23:55:11,2013-11-15 00:07:56,12.8,1
637955,1384473355620000005,20000005,2013-11-14 23:55:55,2013-11-15 00:03:55,8.0,1
637877,1384473393620000664,20000664,2013-11-14 23:56:33,2013-11-15 00:02:18,5.8,1
639258,1384473414620000215,20000215,2013-11-14 23:56:54,2013-11-15 00:01:09,4.3,1
637938,1384473421620000010,20000010,2013-11-14 23:57:01,2013-11-15 00:03:31,6.5,1
637889,1384473485620000688,20000688,2013-11-14 23:58:05,2013-11-15 00:07:05,9.0,1
639712,1384473543620000321,20000321,2013-11-14 23:59:03,2013-11-15 00:06:03,7.0,1
653147,1384541809620000902,20000902,2013-11-15 18:56:49,2013-11-16 00:13:34,316.8,1
643194,1384558383620000671,20000671,2013-11-15 23:33:03,2013-11-16 00:36:33,63.5,1
642884,1384558487620000129,20000129,2013-11-15 23:34:47,2013-11-16 00:05:32,30.8,1
643004,1384558969620000632,20000632,2013-11-15 23:42:49,2013-11-16 00:01:49,19.0,1
643045,1384559083620000154,20000154,2013-11-15 23:44:43,2013-11-16 00:03:28,18.8,1
643966,1384559200620000451,20000451,2013-11-15 23:46:40,2013-11-16 00:10:25,23.8,1
642936,1384559436620000571,20000571,2013-11-15 23:50:36,2013-11-16 00:00:36,10.0,1
642771,1384559471620000554,20000554,2013-11-15 23:51:11,2013-11-16 00:15:56,24.8,1
642937,1384559534620000199,20000199,2013-11-15 23:52:14,2013-11-16 00:02:59,10.8,1
643390,1384559538620000561,20000561,2013-11-15 23:52:18,2013-11-16 00:09:03,16.8,1
645642,1384559546620000295,20000295,2013-11-15 23:52:26,2013-11-16 00:01:26,9.0,1
643055,1384559555620000633,20000633,2013-11-15 23:52:35,2013-11-16 00:01:20,8.8,1
642824,1384559566620000610,20000610,2013-11-15 23:52:46,2013-11-16 00:12:01,19.3,1
642768,1384559572620000574,20000574,2013-11-15 23:52:52,2013-11-16 00:05:22,12.5,1
643190,1384559574620000663,20000663,2013-11-15 23:52:54,2013-11-16 00:04:09,11.3,1
642888,1384559589620000363,20000363,2013-11-15 23:53:09,2013-11-16 00:17:24,24.3,1
643083,1384559594620000256,20000256,2013-11-15 23:53:14,2013-11-16 00:01:59,8.8,1
642804,1384559611620000108,20000108,2013-11-15 23:53:31,2013-11-16 00:00:31,7.0,1
646099,1384559671620000572,20000572,2013-11-15 23:54:31,2013-11-16 00:04:46,10.3,1
642808,1384559698620000409,20000409,2013-11-15 23:54:58,2013-11-16 00:00:13,5.3,1
642826,1384559702620000518,20000518,2013-11-15 23:55:02,2013-11-16 00:08:02,13.0,1
642865,1384559718620000503,20000503,2013-11-15 23:55:18,2013-11-16 00:00:33,5.3,1
642751,1384559742620000549,20000549,2013-11-15 23:55:42,2013-11-16 00:01:42,6.0,1
642963,1384559755620000458,20000458,2013-11-15 23:55:55,2013-11-16 00:11:40,15.8,1
642758,1384559798620000307,20000307,2013-11-15 23:56:38,2013-11-16 00:01:23,4.8,1
642777,1384559849620000529,20000529,2013-11-15 23:57:29,2013-11-16 00:05:29,8.0,1
642844,1384559888620000598,20000598,2013-11-15 23:58:08,2013-11-16 00:07:23,9.3,1
642837,1384559890620000060,20000060,2013-11-15 23:58:10,2013-11-16 00:15:10,17.0,1
642895,1384559946620000514,20000514,2013-11-15 23:59:06,2013-11-16 00:06:21,7.3,1
642861,1384559969620000288,20000288,2013-11-15 23:59:29,2013-11-16 00:15:14,15.8,1
642877,1384559977620000351,20000351,2013-11-15 23:59:37,2013-11-16 00:03:52,4.3,1
642903,1384559978620000476,20000476,2013-11-15 23:59:38,2013-11-16 00:08:38,9.0,1
642921,1384559981620000023,20000023,2013-11-15 23:59:41,2013-11-16 00:05:26,5.8,1
647831,1384645288620000129,20000129,2013-11-16 23:41:28,2013-11-17 00:01:28,20.0,1
647903,1384645307620000119,20000119,2013-11-16 23:41:47,2013-11-17 00:17:47,36.0,1
647772,1384645546620000569,20000569,2013-11-16 23:45:46,2013-11-17 00:02:16,16.5,1
647970,1384645631620000542,20000542,2013-11-16 23:47:11,2013-11-17 00:00:56,13.8,1
650391,1384645636620000254,20000254,2013-11-16 23:47:16,2013-11-17 00:02:16,15.0,1
647948,1384645719620000450,20000450,2013-11-16 23:48:39,2013-11-17 00:01:39,13.0,1
647695,1384645874620000112,20000112,2013-11-16 23:51:14,2013-11-17 00:03:14,12.0,1
647828,1384645898620000435,20000435,2013-11-16 23:51:38,2013-11-17 00:02:38,11.0,1
648207,1384645899620000648,20000648,2013-11-16 23:51:39,2013-11-17 00:29:39,38.0,1
647811,1384645923620000157,20000157,2013-11-16 23:52:03,2013-11-17 00:00:18,8.3,1
647839,1384645927620000013,20000013,2013-11-16 23:52:07,2013-11-17 00:00:07,8.0,1
647888,1384645963620000285,20000285,2013-11-16 23:52:43,2013-11-17 00:01:13,8.5,1
647706,1384645985620000610,20000610,2013-11-16 23:53:05,2013-11-17 00:11:05,18.0,1
647854,1384645994620000463,20000463,2013-11-16 23:53:14,2013-11-17 00:04:29,11.3,1
648018,1384646020620000904,20000904,2013-11-16 23:53:40,2013-11-17 00:24:55,31.3,1
647703,1384646039620000574,20000574,2013-11-16 23:53:59,2013-11-17 00:13:59,20.0,1
647965,1384646081620000023,20000023,2013-11-16 23:54:41,2013-11-17 00:04:26,9.8,1
647760,1384646088620000041,20000041,2013-11-16 23:54:48,2013-11-17 00:04:03,9.3,1
647861,1384646169620000324,20000324,2013-11-16 23:56:09,2013-11-17 00:02:09,6.0,1
647946,1384646194620000075,20000075,2013-11-16 23:56:34,2013-11-17 00:07:34,11.0,1
650247,1384646214620000389,20000389,2013-11-16 23:56:54,2013-11-17 00:03:54,7.0,1
647682,1384646236620000197,20000197,2013-11-16 23:57:16,2013-11-17 00:10:46,13.5,1
647851,1384646293620000280,20000280,2013-11-16 23:58:13,2013-11-17 00:01:28,3.3,1
647779,1384646309620000618,20000618,2013-11-16 23:58:29,2013-11-17 00:04:59,6.5,1
648069,1384646318620000430,20000430,2013-11-16 23:58:38,2013-11-17 00:19:08,20.5,1
647746,1384646337620000216,20000216,2013-11-16 23:58:57,2013-11-17 00:13:12,14.3,1
647774,1384646380620000081,20000081,2013-11-16 23:59:40,2013-11-17 00:05:55,6.3,1
651827,1384726848620000662,20000662,2013-11-17 22:20:48,2013-11-18 00:13:48,113.0,1
651660,1384730730620000009,20000009,2013-11-17 23:25:30,2013-11-18 00:02:30,37.0,1
651678,1384732139620000309,20000309,2013-11-17 23:48:59,2013-11-18 00:02:14,13.3,1
651581,1384732250620000398,20000398,2013-11-17 23:50:50,2013-11-18 00:21:05,30.3,1
651592,1384732352620000376,20000376,2013-11-17 23:52:32,2013-11-18 00:01:02,8.5,1
651572,1384732626620000529,20000529,2013-11-17 23:57:06,2013-11-18 00:06:36,9.5,1
652365,1384732662620000488,20000488,2013-11-17 23:57:42,2013-11-18 00:06:12,8.5,1
652551,1384732694620000574,20000574,2013-11-17 23:58:14,2013-11-18 00:24:44,26.5,1
654783,1384732769620000022,20000022,2013-11-17 23:59:29,2013-11-18 00:12:59,13.5,1
651833,1384732790620000254,20000254,2013-11-17 23:59:50,2013-11-18 00:08:35,8.8,1
655353,1384818110620000529,20000529,2013-11-18 23:41:50,2013-11-19 00:04:05,22.3,1
655600,1384818351620000640,20000640,2013-11-18 23:45:51,2013-11-19 00:02:36,16.8,1
655358,1384818479620000625,20000625,2013-11-18 23:47:59,2013-11-19 00:01:59,14.0,1
656157,1384818781620000020,20000020,2013-11-18 23:53:01,2013-11-19 00:00:01,7.0,1
655412,1384818798620000179,20000179,2013-11-18 23:53:18,2013-11-19 00:06:48,13.5,1
655402,1384818884620000616,20000616,2013-11-18 23:54:44,2013-11-19 00:03:14,8.5,1
656961,1384818964620000362,20000362,2013-11-18 23:56:04,2013-11-19 00:03:49,7.8,1
655473,1384818970620000653,20000653,2013-11-18 23:56:10,2013-11-19 00:02:40,6.5,1
655948,1384819023620000351,20000351,2013-11-18 23:57:03,2013-11-19 00:03:33,6.5,1
655420,1384819033620000503,20000503,2013-11-18 23:57:13,2013-11-19 00:10:43,13.5,1
656591,1384819161620000321,20000321,2013-11-18 23:59:21,2013-11-19 00:08:36,9.3,1
655408,1384819187620000171,20000171,2013-11-18 23:59:47,2013-11-19 00:09:02,9.3,1
659252,1384904907620000129,20000129,2013-11-19 23:48:27,2013-11-20 00:01:12,12.8,1
659222,1384904998620000179,20000179,2013-11-19 23:49:58,2013-11-20 00:03:13,13.3,1
659278,1384905418620000504,20000504,2013-11-19 23:56:58,2013-11-20 00:05:13,8.3,1
659180,1384905461620000680,20000680,2013-11-19 23:57:41,2013-11-20 00:06:56,9.3,1
659586,1384905470620000403,20000403,2013-11-19 23:57:50,2013-11-20 00:11:35,13.8,1
659211,1384905489620000337,20000337,2013-11-19 23:58:09,2013-11-20 00:13:24,15.3,1
659253,1384905582620000157,20000157,2013-11-19 23:59:42,2013-11-20 00:17:57,18.3,1
664755,1384983229620000904,20000904,2013-11-20 21:33:49,2013-11-21 05:40:34,486.8,1
663089,1384991136620000529,20000529,2013-11-20 23:45:36,2013-11-21 00:05:51,20.3,1
663193,1384991194620000235,20000235,2013-11-20 23:46:34,2013-11-21 00:05:49,19.3,1
663131,1384991297620000037,20000037,2013-11-20 23:48:17,2013-11-21 00:04:02,15.8,1
663266,1384991349620000345,20000345,2013-11-20 23:49:09,2013-11-21 00:05:24,16.3,1
663276,1384991502620000005,20000005,2013-11-20 23:51:42,2013-11-21 00:02:27,10.8,1
663260,1384991555620000640,20000640,2013-11-20 23:52:35,2013-11-21 00:07:05,14.5,1
663251,1384991606620000517,20000517,2013-11-20 23:53:26,2013-11-21 00:01:56,8.5,1
663184,1384991621620000472,20000472,2013-11-20 23:53:41,2013-11-21 00:02:56,9.3,1
663081,1384991644620000080,20000080,2013-11-20 23:54:04,2013-11-21 00:02:34,8.5,1
663361,1384991831620000136,20000136,2013-11-20 23:57:11,2013-11-21 00:02:56,5.8,1
663105,1384991882620000231,20000231,2013-11-20 23:58:02,2013-11-21 00:10:17,12.3,1
664388,1384991936620000586,20000586,2013-11-20 23:58:56,2013-11-21 00:04:56,6.0,1
663368,1384991940620000359,20000359,2013-11-20 23:59:00,2013-11-21 00:12:45,13.8,1
663187,1384991952620000684,20000684,2013-11-20 23:59:12,2013-11-21 00:12:57,13.8,1
663181,1384991991620000626,20000626,2013-11-20 23:59:51,2013-11-21 00:04:21,4.5,1
670995,1385066900620000902,20000902,2013-11-21 20:48:20,2013-11-22 04:11:05,442.8,1
667426,1385074978620000472,20000472,2013-11-21 23:02:58,2013-11-22 00:31:43,88.8,1
667422,1385076094620000430,20000430,2013-11-21 23:21:34,2013-11-22 00:07:34,46.0,1
670816,1385076896620000651,20000651,2013-11-21 23:34:56,2013-11-22 00:19:26,44.5,1
667435,1385076907620000481,20000481,2013-11-21 23:35:07,2013-11-22 00:09:52,34.8,1
667566,1385077128620000364,20000364,2013-11-21 23:38:48,2013-11-22 00:18:48,40.0,1
667393,1385077646620000337,20000337,2013-11-21 23:47:26,2013-11-22 00:02:41,15.3,1
667654,1385077966620000120,20000120,2013-11-21 23:52:46,2013-11-22 00:11:01,18.3,1
667526,1385078036620000136,20000136,2013-11-21 23:53:56,2013-11-22 00:09:41,15.8,1
667450,1385078068620000105,20000105,2013-11-21 23:54:28,2013-11-22 00:00:28,6.0,1
667492,1385078167620000440,20000440,2013-11-21 23:56:07,2013-11-22 00:05:22,9.3,1
667814,1385078172620000367,20000367,2013-11-21 23:56:12,2013-11-22 00:08:12,12.0,1
667728,1385078273620000057,20000057,2013-11-21 23:57:53,2013-11-22 00:02:38,4.8,1
667424,1385078278620000423,20000423,2013-11-21 23:57:58,2013-11-22 00:03:28,5.5,1
668724,1385078320620000586,20000586,2013-11-21 23:58:40,2013-11-22 00:10:25,11.8,1
667711,1385078349620000031,20000031,2013-11-21 23:59:09,2013-11-22 00:10:54,11.8,1
667449,1385078398620000233,20000233,2013-11-21 23:59:58,2013-11-22 00:28:28,28.5,1
672330,1385162740620000451,20000451,2013-11-22 23:25:40,2013-11-23 00:05:10,39.5,1
672441,1385163103620000381,20000381,2013-11-22 23:31:43,2013-11-23 00:03:43,32.0,1
672541,1385163191620000216,20000216,2013-11-22 23:33:11,2013-11-23 00:00:26,27.3,1
672770,1385163258620000066,20000066,2013-11-22 23:34:18,2013-11-23 00:05:18,31.0,1
672491,1385163572620000398,20000398,2013-11-22 23:39:32,2013-11-23 00:10:47,31.3,1
672341,1385163780620000307,20000307,2013-11-22 23:43:00,2013-11-23 00:14:45,31.8,1
672432,1385163781620000570,20000570,2013-11-22 23:43:01,2013-11-23 00:17:46,34.8,1
672475,1385163860620000465,20000465,2013-11-22 23:44:20,2013-11-23 00:09:35,25.3,1
672399,1385163991620000320,20000320,2013-11-22 23:46:31,2013-11-23 00:00:31,14.0,1
672458,1385164036620000395,20000395,2013-11-22 23:47:16,2013-11-23 00:09:16,22.0,1
672386,1385164272620000295,20000295,2013-11-22 23:51:12,2013-11-23 00:13:12,22.0,1
672642,1385164313620000680,20000680,2013-11-22 23:51:53,2013-11-23 00:02:08,10.3,1
672560,1385164332620000160,20000160,2013-11-22 23:52:12,2013-11-23 00:03:57,11.8,1
672320,1385164386620000653,20000653,2013-11-22 23:53:06,2013-11-23 00:02:51,9.8,1
672747,1385164433620000446,20000446,2013-11-22 23:53:53,2013-11-23 00:05:23,11.5,1
672508,1385164492620000101,20000101,2013-11-22 23:54:52,2013-11-23 00:00:07,5.3,1
672404,1385164524620000610,20000610,2013-11-22 23:55:24,2013-11-23 00:00:39,5.3,1
672623,1385164535620000268,20000268,2013-11-22 23:55:35,2013-11-23 00:07:05,11.5,1
672725,1385164553620000662,20000662,2013-11-22 23:55:53,2013-11-23 00:08:08,12.3,1
672380,1385164555620000904,20000904,2013-11-22 23:55:55,2013-11-23 00:05:40,9.8,1
672754,1385164619620000239,20000239,2013-11-22 23:56:59,2013-11-23 00:07:29,10.5,1
672588,1385164620620000436,20000436,2013-11-22 23:57:00,2013-11-23 00:06:30,9.5,1
672317,1385164623620000514,20000514,2013-11-22 23:57:03,2013-11-23 00:07:33,10.5,1
672463,1385164706620000901,20000901,2013-11-22 23:58:26,2013-11-23 00:09:41,11.3,1
672309,1385164722620000119,20000119,2013-11-22 23:58:42,2013-11-23 00:07:12,8.5,1
672418,1385164731620000031,20000031,2013-11-22 23:58:51,2013-11-23 00:15:06,16.3,1
672307,1385164732620000363,20000363,2013-11-22 23:58:52,2013-11-23 00:08:07,9.3,1
672531,1385164751620000108,20000108,2013-11-22 23:59:11,2013-11-23 00:04:26,5.3,1
672378,1385164783620000362,20000362,2013-11-22 23:59:43,2013-11-23 00:10:43,11.0,1
677385,1385249121620000020,20000020,2013-11-23 23:25:21,2013-11-24 00:01:51,36.5,1
677010,1385250661620000542,20000542,2013-11-23 23:51:01,2013-11-24 00:05:16,14.3,1
677148,1385250716620000436,20000436,2013-11-23 23:51:56,2013-11-24 00:13:56,22.0,1
676996,1385250820620000338,20000338,2013-11-23 23:53:40,2013-11-24 00:05:40,12.0,1
677579,1385250921620000492,20000492,2013-11-23 23:55:21,2013-11-24 00:06:36,11.3,1
676833,1385250974620000569,20000569,2013-11-23 23:56:14,2013-11-24 00:07:59,11.8,1
676823,1385250983620000288,20000288,2013-11-23 23:56:23,2013-11-24 00:07:08,10.8,1
676813,1385251048620000337,20000337,2013-11-23 23:57:28,2013-11-24 00:09:43,12.3,1
676971,1385251071620000347,20000347,2013-11-23 23:57:51,2013-11-24 00:12:21,14.5,1
677108,1385251074620000245,20000245,2013-11-23 23:57:54,2013-11-24 00:08:39,10.8,1
677132,1385251091620000010,20000010,2013-11-23 23:58:11,2013-11-24 00:11:26,13.3,1
676991,1385251117620000431,20000431,2013-11-23 23:58:37,2013-11-24 00:05:22,6.8,1
677001,1385251118620000626,20000626,2013-11-23 23:58:38,2013-11-24 00:16:38,18.0,1
677040,1385251138620000066,20000066,2013-11-23 23:58:58,2013-11-24 00:01:28,2.5,1
676900,1385251145620000395,20000395,2013-11-23 23:59:05,2013-11-24 00:34:35,35.5,1
676883,1385251174620000398,20000398,2013-11-23 23:59:34,2013-11-24 00:04:34,5.0,1
677134,1385251179620000517,20000517,2013-11-23 23:59:39,2013-11-24 00:11:24,11.8,1
676819,1385251192620000119,20000119,2013-11-23 23:59:52,2013-11-24 00:07:52,8.0,1
680824,1385336634620000008,20000008,2013-11-24 23:43:54,2013-11-25 00:03:24,19.5,1
680831,1385336690620000388,20000388,2013-11-24 23:44:50,2013-11-25 00:02:35,17.8,1
680837,1385336961620000009,20000009,2013-11-24 23:49:21,2013-11-25 00:01:06,11.8,1
680923,1385337115620000010,20000010,2013-11-24 23:51:55,2013-11-25 00:02:10,10.3,1
681760,1385337124620000321,20000321,2013-11-24 23:52:04,2013-11-25 00:01:34,9.5,1
681225,1385337231620000483,20000483,2013-11-24 23:53:51,2013-11-25 00:00:06,6.3,1
680849,1385337317620000687,20000687,2013-11-24 23:55:17,2013-11-25 00:12:02,16.8,1
680765,1385337426620000569,20000569,2013-11-24 23:57:06,2013-11-25 00:03:51,6.8,1
680927,1385337467620000341,20000341,2013-11-24 23:57:47,2013-11-25 00:06:17,8.5,1
681155,1385337501620000571,20000571,2013-11-24 23:58:21,2013-11-25 00:02:36,4.3,1
680775,1385337568620000037,20000037,2013-11-24 23:59:28,2013-11-25 00:07:13,7.8,1
684775,1385422680620000269,20000269,2013-11-25 23:38:00,2013-11-26 00:10:15,32.3,1
684892,1385422816620000616,20000616,2013-11-25 23:40:16,2013-11-26 00:07:31,27.3,1
685040,1385423343620000446,20000446,2013-11-25 23:49:03,2013-11-26 00:18:48,29.8,1
684848,1385423646620000569,20000569,2013-11-25 23:54:06,2013-11-26 00:05:36,11.5,1
684764,1385423703620000196,20000196,2013-11-25 23:55:03,2013-11-26 00:03:18,8.3,1
684936,1385423738620000436,20000436,2013-11-25 23:55:38,2013-11-26 00:02:38,7.0,1
686216,1385423742620000453,20000453,2013-11-25 23:55:42,2013-11-26 00:07:42,12.0,1
684889,1385423753620000372,20000372,2013-11-25 23:55:53,2013-11-26 00:03:53,8.0,1
684843,1385423771620000387,20000387,2013-11-25 23:56:11,2013-11-26 00:08:56,12.8,1
684861,1385423852620000662,20000662,2013-11-25 23:57:32,2013-11-26 00:12:17,14.8,1
684844,1385423901620000473,20000473,2013-11-25 23:58:21,2013-11-26 00:01:51,3.5,1
685071,1385423934620000031,20000031,2013-11-25 23:58:54,2013-11-26 00:05:39,6.8,1
684849,1385423966620000005,20000005,2013-11-25 23:59:26,2013-11-26 00:06:26,7.0,1
692796,1385508798620000517,20000517,2013-11-26 23:33:18,2013-11-27 00:15:18,42.0,1
692206,1385509533620000610,20000610,2013-11-26 23:45:33,2013-11-27 00:01:18,15.8,1
692191,1385509630620000671,20000671,2013-11-26 23:47:10,2013-11-27 00:05:40,18.5,1
692099,1385509930620000268,20000268,2013-11-26 23:52:10,2013-11-27 00:01:40,9.5,1
692080,1385509955620000598,20000598,2013-11-26 23:52:35,2013-11-27 00:00:20,7.8,1
692238,1385510001620000388,20000388,2013-11-26 23:53:21,2013-11-27 00:02:51,9.5,1
692564,1385510079620000525,20000525,2013-11-26 23:54:39,2013-11-27 00:11:09,16.5,1
692127,1385510107620000216,20000216,2013-11-26 23:55:07,2013-11-27 00:06:37,11.5,1
692108,1385510138620000668,20000668,2013-11-26 23:55:38,2013-11-27 00:03:08,7.5,1
692229,1385510161620000333,20000333,2013-11-26 23:56:01,2013-11-27 00:02:16,6.3,1
692263,1385510199620000688,20000688,2013-11-26 23:56:39,2013-11-27 00:08:24,11.8,1
692207,1385510206620000687,20000687,2013-11-26 23:56:46,2013-11-27 00:07:31,10.8,1
692324,1385510206620000381,20000381,2013-11-26 23:56:46,2013-11-27 00:08:46,12.0,1
692135,1385510212620000561,20000561,2013-11-26 23:56:52,2013-11-27 00:04:22,7.5,1
692070,1385510238620000263,20000263,2013-11-26 23:57:18,2013-11-27 00:01:03,3.8,1
692652,1385510263620000196,20000196,2013-11-26 23:57:43,2013-11-27 00:09:13,11.5,1
692244,1385510299620000080,20000080,2013-11-26 23:58:19,2013-11-27 00:03:19,5.0,1
692311,1385510312620000626,20000626,2013-11-26 23:58:32,2013-11-27 00:01:32,3.0,1
696881,1385595268620000547,20000547,2013-11-27 23:34:28,2013-11-28 00:09:13,34.8,1
697081,1385595453620000542,20000542,2013-11-27 23:37:33,2013-11-28 00:03:18,25.8,1
697226,1385595652620000167,20000167,2013-11-27 23:40:52,2013-11-28 00:13:37,32.8,1
696866,1385595764620000038,20000038,2013-11-27 23:42:44,2013-11-28 00:02:29,19.8,1
697350,1385595771620000173,20000173,2013-11-27 23:42:51,2013-11-28 00:00:21,17.5,1
697937,1385595818620000451,20000451,2013-11-27 23:43:38,2013-11-28 00:04:53,21.3,1
697004,1385596035620000179,20000179,2013-11-27 23:47:15,2013-11-28 00:01:30,14.3,1
697062,1385596397620000004,20000004,2013-11-27 23:53:17,2013-11-28 00:03:17,10.0,1
697058,1385596556620000344,20000344,2013-11-27 23:55:56,2013-11-28 00:00:41,4.8,1
697046,1385596610620000621,20000621,2013-11-27 23:56:50,2013-11-28 00:01:20,4.5,1
696936,1385596632620000569,20000569,2013-11-27 23:57:12,2013-11-28 00:01:42,4.5,1
696890,1385596664620000235,20000235,2013-11-27 23:57:44,2013-11-28 00:06:29,8.8,1
696969,1385596675620000574,20000574,2013-11-27 23:57:55,2013-11-28 00:19:25,21.5,1
696940,1385596681620000589,20000589,2013-11-27 23:58:01,2013-11-28 00:02:46,4.8,1
697019,1385596699620000201,20000201,2013-11-27 23:58:19,2013-11-28 00:02:19,4.0,1
697011,1385596714620000625,20000625,2013-11-27 23:58:34,2013-11-28 00:05:34,7.0,1
697192,1385596714620000540,20000540,2013-11-27 23:58:34,2013-11-28 00:05:04,6.5,1
701736,1385675262620000688,20000688,2013-11-28 21:47:42,2013-11-29 00:25:27,157.8,1
703562,1385680580620000250,20000250,2013-11-28 23:16:20,2013-11-29 00:10:35,54.3,1
701661,1385681306620000376,20000376,2013-11-28 23:28:26,2013-11-29 00:03:41,35.3,1
701653,1385682668620000160,20000160,2013-11-28 23:51:08,2013-11-29 00:00:53,9.8,1
701797,1385682675620000320,20000320,2013-11-28 23:51:15,2013-11-29 00:02:30,11.3,1
701752,1385682685620000598,20000598,2013-11-28 23:51:25,2013-11-29 00:02:10,10.8,1
701759,1385682715620000473,20000473,2013-11-28 23:51:55,2013-11-29 00:00:10,8.3,1
701876,1385682722620000618,20000618,2013-11-28 23:52:02,2013-11-29 00:05:02,13.0,1
701760,1385682732620000120,20000120,2013-11-28 23:52:12,2013-11-29 00:03:42,11.5,1
701783,1385682784620000054,20000054,2013-11-28 23:53:04,2013-11-29 00:03:19,10.3,1
701824,1385682786620000112,20000112,2013-11-28 23:53:06,2013-11-29 00:06:06,13.0,1
701761,1385682787620000481,20000481,2013-11-28 23:53:07,2013-11-29 00:05:37,12.5,1
701913,1385682838620000136,20000136,2013-11-28 23:53:58,2013-11-29 00:16:43,22.8,1
701934,1385682918620000157,20000157,2013-11-28 23:55:18,2013-11-29 00:05:48,10.5,1
701903,1385682926620000603,20000603,2013-11-28 23:55:26,2013-11-29 00:08:11,12.8,1
701689,1385682979620000249,20000249,2013-11-28 23:56:19,2013-11-29 00:01:04,4.8,1
701902,1385682999620000625,20000625,2013-11-28 23:56:39,2013-11-29 00:18:09,21.5,1
701767,1385683017620000450,20000450,2013-11-28 23:56:57,2013-11-29 00:01:42,4.8,1
701730,1385683150620000529,20000529,2013-11-28 23:59:10,2013-11-29 00:27:10,28.0,1
701852,1385683154620000161,20000161,2013-11-28 23:59:14,2013-11-29 00:11:59,12.8,1
707599,1385767432620000435,20000435,2013-11-29 23:23:52,2013-11-30 00:30:22,66.5,1
707268,1385768528620000436,20000436,2013-11-29 23:42:08,2013-11-30 00:05:08,23.0,1
711183,1385768555620000192,20000192,2013-11-29 23:42:35,2013-11-30 00:07:20,24.8,1
707142,1385768783620000662,20000662,2013-11-29 23:46:23,2013-11-30 00:00:08,13.8,1
707153,1385768820620000529,20000529,2013-11-29 23:47:00,2013-11-30 00:07:30,20.5,1
707061,1385768825620000574,20000574,2013-11-29 23:47:05,2013-11-30 00:05:20,18.3,1
707059,1385768870620000239,20000239,2013-11-29 23:47:50,2013-11-30 00:00:50,13.0,1
707133,1385768895620000610,20000610,2013-11-29 23:48:15,2013-11-30 00:18:30,30.3,1
707337,1385768984620000542,20000542,2013-11-29 23:49:44,2013-11-30 00:00:29,10.8,1
707122,1385769015620000179,20000179,2013-11-29 23:50:15,2013-11-30 00:01:15,11.0,1
707190,1385769060620000010,20000010,2013-11-29 23:51:00,2013-11-30 00:01:45,10.8,1
707055,1385769085620000395,20000395,2013-11-29 23:51:25,2013-11-30 00:02:40,11.3,1
707098,1385769092620000671,20000671,2013-11-29 23:51:32,2013-11-30 00:01:47,10.3,1
707311,1385769158620000151,20000151,2013-11-29 23:52:38,2013-11-30 00:04:08,11.5,1
707298,1385769164620000649,20000649,2013-11-29 23:52:44,2013-11-30 00:01:29,8.8,1
707349,1385769196620000633,20000633,2013-11-29 23:53:16,2013-11-30 00:11:31,18.3,1
707099,1385769197620000337,20000337,2013-11-29 23:53:17,2013-11-30 00:08:02,14.8,1
707249,1385769281620000060,20000060,2013-11-29 23:54:41,2013-11-30 00:00:41,6.0,1
707494,1385769333620000341,20000341,2013-11-29 23:55:33,2013-11-30 00:11:33,16.0,1
707091,1385769358620000235,20000235,2013-11-29 23:55:58,2013-11-30 00:21:43,25.8,1
708714,1385769399620000196,20000196,2013-11-29 23:56:39,2013-11-30 00:02:39,6.0,1
707135,1385769405620000042,20000042,2013-11-29 23:56:45,2013-11-30 00:10:30,13.8,1
707310,1385769446620000311,20000311,2013-11-29 23:57:26,2013-11-30 00:22:11,24.8,1
707130,1385769480620000086,20000086,2013-11-29 23:58:00,2013-11-30 00:28:00,30.0,1
707102,1385769481620000588,20000588,2013-11-29 23:58:01,2013-11-30 00:02:16,4.3,1
707182,1385769481620000243,20000243,2013-11-29 23:58:01,2013-11-30 00:19:46,21.8,1
707342,1385769495620000251,20000251,2013-11-29 23:58:15,2013-11-30 00:10:15,12.0,1
707300,1385769506620000446,20000446,2013-11-29 23:58:26,2013-11-30 00:12:41,14.3,1
707359,1385769562620000658,20000658,2013-11-29 23:59:22,2013-11-30 00:15:07,15.8,1
707251,1385769575620000547,20000547,2013-11-29 23:59:35,2013-11-30 00:11:50,12.3,1
707284,1385769582620000686,20000686,2013-11-29 23:59:42,2013-11-30 00:08:42,9.0,1
707340,1385769594620000611,20000611,2013-11-29 23:59:54,2013-11-30 00:51:39,51.8,1
707087,1385769597620000380,20000380,2013-11-29 23:59:57,2013-11-30 00:08:12,8.3,1
707325,1385769598620000363,20000363,2013-11-29 23:59:58,2013-11-30 00:07:13,7.3,1
712093,1385852855620000403,20000403,2013-11-30 23:07:35,2013-12-01 00:01:50,54.3,1
713152,1385853419620000435,20000435,2013-11-30 23:16:59,2013-12-01 00:32:59,76.0,1
712204,1385854891620000256,20000256,2013-11-30 23:41:31,2013-12-01 00:02:01,20.5,1
712203,1385854924620000173,20000173,2013-11-30 23:42:04,2013-12-01 00:00:49,18.8,1
711970,1385854956620000687,20000687,2013-11-30 23:42:36,2013-12-01 00:01:36,19.0,1
716793,1385855278620000389,20000389,2013-11-30 23:47:58,2013-12-01 00:08:43,20.8,1
715027,1385855312620000509,20000509,2013-11-30 23:48:32,2013-12-01 00:00:17,11.8,1
712000,1385855321620000574,20000574,2013-11-30 23:48:41,2013-12-01 00:03:26,14.8,1
712383,1385855352620000388,20000388,2013-11-30 23:49:12,2013-12-01 00:05:12,16.0,1
712042,1385855369620000372,20000372,2013-11-30 23:49:29,2013-12-01 00:06:59,17.5,1
712428,1385855445620000616,20000616,2013-11-30 23:50:45,2013-12-01 00:03:30,12.8,1
712029,1385855535620000304,20000304,2013-11-30 23:52:15,2013-12-01 00:07:45,15.5,1
712215,1385855596620000235,20000235,2013-11-30 23:53:16,2013-12-01 00:00:01,6.8,1
712145,1385855657620000024,20000024,2013-11-30 23:54:17,2013-12-01 00:09:47,15.5,1
712261,1385855719620000549,20000549,2013-11-30 23:55:19,2013-12-01 00:07:19,12.0,1
712052,1385855727620000120,20000120,2013-11-30 23:55:27,2013-12-01 00:00:57,5.5,1
712162,1385855730620000671,20000671,2013-11-30 23:55:30,2013-12-01 00:02:45,7.3,1
712190,1385855730620000325,20000325,2013-11-30 23:55:30,2013-12-01 00:01:45,6.3,1
712202,1385855777620000651,20000651,2013-11-30 23:56:17,2013-12-01 00:11:17,15.0,1
712073,1385855800620000467,20000467,2013-11-30 23:56:40,2013-12-01 00:07:40,11.0,1
712083,1385855808620000454,20000454,2013-11-30 23:56:48,2013-12-01 00:17:18,20.5,1
712117,1385855838620000092,20000092,2013-11-30 23:57:18,2013-12-01 00:02:33,5.3,1
712401,1385855853620000011,20000011,2013-11-30 23:57:33,2013-12-01 01:00:48,63.3,1
712068,1385855907620000483,20000483,2013-11-30 23:58:27,2013-12-01 00:09:12,10.8,1
712235,1385855908620000332,20000332,2013-11-30 23:58:28,2013-12-01 00:07:43,9.3,1
712040,1385855923620000005,20000005,2013-11-30 23:58:43,2013-12-01 00:08:43,10.0,1
712109,1385855960620000665,20000665,2013-11-30 23:59:20,2013-12-01 00:11:35,12.3,1
712144,1385855974620000054,20000054,2013-11-30 23:59:34,2013-12-01 00:07:34,8.0,1
712074,1385855978620000153,20000153,2013-11-30 23:59:38,2013-12-01 00:05:08,5.5,1
717522,1385939165620000334,20000334,2013-12-01 23:06:05,2013-12-02 00:03:05,57.0,1
716675,1385940594620000009,20000009,2013-12-01 23:29:54,2013-12-02 00:07:09,37.3,1
716653,1385940792620000595,20000595,2013-12-01 23:33:12,2013-12-02 00:33:12,60.0,1
716562,1385941153620000101,20000101,2013-12-01 23:39:13,2013-12-02 00:07:13,28.0,1
716614,1385941808620000067,20000067,2013-12-01 23:50:08,2013-12-02 00:01:38,11.5,1
716624,1385941903620000450,20000450,2013-12-01 23:51:43,2013-12-02 00:00:58,9.3,1
716878,1385942007620000010,20000010,2013-12-01 23:53:27,2013-12-02 00:00:27,7.0,1
716558,1385942008620000625,20000625,2013-12-01 23:53:28,2013-12-02 00:01:13,7.8,1
716586,1385942065620000529,20000529,2013-12-01 23:54:25,2013-12-02 00:12:25,18.0,1
716615,1385942097620000195,20000195,2013-12-01 23:54:57,2013-12-02 00:04:42,9.8,1
716543,1385942179620000406,20000406,2013-12-01 23:56:19,2013-12-02 00:06:49,10.5,1
716733,1385942225620000435,20000435,2013-12-01 23:57:05,2013-12-02 00:14:35,17.5,1
716619,1385942311620000662,20000662,2013-12-01 23:58:31,2013-12-02 00:11:16,12.8,1
720858,1386027957620000269,20000269,2013-12-02 23:45:57,2013-12-03 00:02:42,16.8,1
720999,1386028318620000424,20000424,2013-12-02 23:51:58,2013-12-03 00:09:58,18.0,1
721003,1386028515620000154,20000154,2013-12-02 23:55:15,2013-12-03 00:22:45,27.5,1
720833,1386028552620000455,20000455,2013-12-02 23:55:52,2013-12-03 00:00:37,4.8,1
720961,1386028707620000268,20000268,2013-12-02 23:58:27,2013-12-03 00:08:42,10.3,1
720842,1386028775620000015,20000015,2013-12-02 23:59:35,2013-12-03 00:29:35,30.0,1
720870,1386028787620000196,20000196,2013-12-02 23:59:47,2013-12-03 00:08:47,9.0,1
725106,1386114662620000450,20000450,2013-12-03 23:51:02,2013-12-04 00:06:32,15.5,1
725003,1386114796620000179,20000179,2013-12-03 23:53:16,2013-12-04 00:00:31,7.3,1
725323,1386114912620000167,20000167,2013-12-03 23:55:12,2013-12-04 00:10:27,15.3,1
724980,1386114925620000233,20000233,2013-12-03 23:55:25,2013-12-04 00:08:25,13.0,1
725084,1386114934620000269,20000269,2013-12-03 23:55:34,2013-12-04 00:02:34,7.0,1
725092,1386114979620000624,20000624,2013-12-03 23:56:19,2013-12-04 00:07:34,11.3,1
724976,1386114986620000598,20000598,2013-12-03 23:56:26,2013-12-04 00:07:26,11.0,1
725666,1386115027620000216,20000216,2013-12-03 23:57:07,2013-12-04 00:05:37,8.5,1
724972,1386115047620000351,20000351,2013-12-03 23:57:27,2013-12-04 00:04:12,6.8,1
725006,1386115073620000364,20000364,2013-12-03 23:57:53,2013-12-04 00:01:38,3.8,1
725096,1386115130620000359,20000359,2013-12-03 23:58:50,2013-12-04 00:11:05,12.3,1
729420,1386199512620000337,20000337,2013-12-04 23:25:12,2013-12-05 00:04:42,39.5,1
729392,1386201086620000618,20000618,2013-12-04 23:51:26,2013-12-05 00:09:26,18.0,1
729794,1386201128620000520,20000520,2013-12-04 23:52:08,2013-12-05 02:13:23,141.3,1
730099,1386201158620000903,20000903,2013-12-04 23:52:38,2013-12-05 00:06:08,13.5,1
729429,1386201187620000179,20000179,2013-12-04 23:53:07,2013-12-05 00:07:52,14.8,1
729748,1386201296620000089,20000089,2013-12-04 23:54:56,2013-12-05 00:02:26,7.5,1
729610,1386201378620000640,20000640,2013-12-04 23:56:18,2013-12-05 00:09:33,13.3,1
729348,1386201444620000171,20000171,2013-12-04 23:57:24,2013-12-05 00:04:54,7.5,1
729381,1386201500620000199,20000199,2013-12-04 23:58:20,2013-12-05 00:05:20,7.0,1
729440,1386201502620000569,20000569,2013-12-04 23:58:22,2013-12-05 00:02:22,4.0,1
729387,1386201510620000430,20000430,2013-12-04 23:58:30,2013-12-05 00:17:45,19.3,1
729357,1386201551620000624,20000624,2013-12-04 23:59:11,2013-12-05 00:03:41,4.5,1
729430,1386201564620000157,20000157,2013-12-04 23:59:24,2013-12-05 00:07:09,7.8,1
729658,1386201576620000009,20000009,2013-12-04 23:59:36,2013-12-05 00:24:36,25.0,1
729512,1386201580620000173,20000173,2013-12-04 23:59:40,2013-12-05 00:07:55,8.3,1
733914,1386277919620000616,20000616,2013-12-05 21:11:59,2013-12-06 00:38:59,207.0,1
737582,1386286575620000610,20000610,2013-12-05 23:36:15,2013-12-06 00:12:15,36.0,1
734030,1386287318620000004,20000004,2013-12-05 23:48:38,2013-12-06 00:01:38,13.0,1
733799,1386287440620000337,20000337,2013-12-05 23:50:40,2013-12-06 00:03:10,12.5,1
733827,1386287613620000509,20000509,2013-12-05 23:53:33,2013-12-06 00:12:03,18.5,1
733879,1386287627620000520,20000520,2013-12-05 23:53:47,2013-12-06 00:01:02,7.3,1
733893,1386287629620000488,20000488,2013-12-05 23:53:49,2013-12-06 00:02:49,9.0,1
733816,1386287690620000591,20000591,2013-12-05 23:54:50,2013-12-06 00:12:35,17.8,1
733850,1386287781620000013,20000013,2013-12-05 23:56:21,2013-12-06 00:11:51,15.5,1
733978,1386287821620000662,20000662,2013-12-05 23:57:01,2013-12-06 00:07:16,10.3,1
733972,1386287941620000344,20000344,2013-12-05 23:59:01,2013-12-06 00:13:01,14.0,1
733964,1386287958620000154,20000154,2013-12-05 23:59:18,2013-12-06 00:03:03,3.8,1
739386,1386372818620000009,20000009,2013-12-06 23:33:38,2013-12-07 00:40:38,67.0,1
739195,1386373656620000570,20000570,2013-12-06 23:47:36,2013-12-07 00:08:36,21.0,1
739248,1386373721620000011,20000011,2013-12-06 23:48:41,2013-12-07 00:02:11,13.5,1
739140,1386373726620000488,20000488,2013-12-06 23:48:46,2013-12-07 00:00:01,11.3,1
739272,1386373802620000687,20000687,2013-12-06 23:50:02,2013-12-07 00:02:02,12.0,1
739208,1386373815620000574,20000574,2013-12-06 23:50:15,2013-12-07 00:04:00,13.8,1
739198,1386373825620000600,20000600,2013-12-06 23:50:25,2013-12-07 00:04:10,13.8,1
739387,1386373849620000612,20000612,2013-12-06 23:50:49,2013-12-07 00:01:19,10.5,1
739250,1386373858620000455,20000455,2013-12-06 23:50:58,2013-12-07 00:00:58,10.0,1
739360,1386373874620000345,20000345,2013-12-06 23:51:14,2013-12-07 00:27:44,36.5,1
739443,1386373894620000024,20000024,2013-12-06 23:51:34,2013-12-07 00:07:19,15.8,1
739180,1386373920620000431,20000431,2013-12-06 23:52:00,2013-12-07 00:01:00,9.0,1
739205,1386373933620000154,20000154,2013-12-06 23:52:13,2013-12-07 00:01:13,9.0,1
739290,1386373938620000010,20000010,2013-12-06 23:52:18,2013-12-07 00:00:48,8.5,1
739194,1386373969620000657,20000657,2013-12-06 23:52:49,2013-12-07 00:07:34,14.8,1
739178,1386373985620000601,20000601,2013-12-06 23:53:05,2013-12-07 00:03:50,10.8,1
739859,1386374003620000419,20000419,2013-12-06 23:53:23,2013-12-07 00:09:53,16.5,1
739564,1386374017620000668,20000668,2013-12-06 23:53:37,2013-12-07 00:03:37,10.0,1
739382,1386374019620000662,20000662,2013-12-06 23:53:39,2013-12-07 00:17:24,23.8,1
739177,1386374068620000160,20000160,2013-12-06 23:54:28,2013-12-07 00:05:13,10.8,1
739415,1386374095620000525,20000525,2013-12-06 23:54:55,2013-12-07 00:20:40,25.8,1
739722,1386374109620000663,20000663,2013-12-06 23:55:09,2013-12-07 00:39:39,44.5,1
739293,1386374118620000610,20000610,2013-12-06 23:55:18,2013-12-07 00:14:03,18.8,1
739426,1386374130620000569,20000569,2013-12-06 23:55:30,2013-12-07 00:43:15,47.8,1
739257,1386374136620000520,20000520,2013-12-06 23:55:36,2013-12-07 00:05:51,10.3,1
739226,1386374152620000251,20000251,2013-12-06 23:55:52,2013-12-07 00:11:37,15.8,1
739203,1386374169620000547,20000547,2013-12-06 23:56:09,2013-12-07 00:05:09,9.0,1
739341,1386374182620000392,20000392,2013-12-06 23:56:22,2013-12-07 00:00:52,4.5,1
739265,1386374193620000450,20000450,2013-12-06 23:56:33,2013-12-07 00:00:48,4.3,1
739351,1386374202620000595,20000595,2013-12-06 23:56:42,2013-12-07 00:09:12,12.5,1
739471,1386374220620000338,20000338,2013-12-06 23:57:00,2013-12-07 00:03:00,6.0,1
739251,1386374224620000561,20000561,2013-12-06 23:57:04,2013-12-07 00:09:49,12.8,1
739247,1386374228620000370,20000370,2013-12-06 23:57:08,2013-12-07 00:00:08,3.0,1
739253,1386374234620000105,20000105,2013-12-06 23:57:14,2013-12-07 00:12:59,15.8,1
739216,1386374288620000901,20000901,2013-12-06 23:58:08,2013-12-07 00:10:23,12.3,1
739241,1386374308620000119,20000119,2013-12-06 23:58:28,2013-12-07 00:09:58,11.5,1
739215,1386374311620000157,20000157,2013-12-06 23:58:31,2013-12-07 00:09:31,11.0,1
739447,1386374357620000514,20000514,2013-12-06 23:59:17,2013-12-07 00:06:32,7.3,1
745071,1386458422620000045,20000045,2013-12-07 23:20:22,2013-12-08 00:04:07,43.8,1
745196,1386458592620000288,20000288,2013-12-07 23:23:12,2013-12-08 00:01:12,38.0,1
745201,1386459158620000589,20000589,2013-12-07 23:32:38,2013-12-08 00:26:38,54.0,1
745385,1386459803620000009,20000009,2013-12-07 23:43:23,2013-12-08 00:51:38,68.3,1
745353,1386459936620000454,20000454,2013-12-07 23:45:36,2013-12-08 00:01:21,15.8,1
745438,1386459993620000142,20000142,2013-12-07 23:46:33,2013-12-08 00:25:33,39.0,1
745105,1386460048620000403,20000403,2013-12-07 23:47:28,2013-12-08 00:01:58,14.5,1
745025,1386460080620000171,20000171,2013-12-07 23:48:00,2013-12-08 00:07:15,19.3,1
745291,1386460218620000308,20000308,2013-12-07 23:50:18,2013-12-08 00:11:33,21.3,1
745242,1386460340620000687,20000687,2013-12-07 23:52:20,2013-12-08 00:05:20,13.0,1
745037,1386460365620000450,20000450,2013-12-07 23:52:45,2013-12-08 00:07:30,14.8,1
745021,1386460476620000547,20000547,2013-12-07 23:54:36,2013-12-08 00:08:21,13.8,1
745266,1386460512620000337,20000337,2013-12-07 23:55:12,2013-12-08 00:11:12,16.0,1
744994,1386460522620000364,20000364,2013-12-07 23:55:22,2013-12-08 00:07:37,12.3,1
745229,1386460591620000051,20000051,2013-12-07 23:56:31,2013-12-08 00:09:46,13.3,1
745069,1386460595620000554,20000554,2013-12-07 23:56:35,2013-12-08 00:06:05,9.5,1
745241,1386460606620000057,20000057,2013-12-07 23:56:46,2013-12-08 00:04:31,7.8,1
745211,1386460636620000586,20000586,2013-12-07 23:57:16,2013-12-08 00:13:01,15.8,1
745185,1386460657620000381,20000381,2013-12-07 23:57:37,2013-12-08 00:03:37,6.0,1
745157,1386460711620000305,20000305,2013-12-07 23:58:31,2013-12-08 00:03:46,5.3,1
745123,1386460728620000161,20000161,2013-12-07 23:58:48,2013-12-08 00:16:03,17.3,1
745036,1386460734620000280,20000280,2013-12-07 23:58:54,2013-12-08 00:06:54,8.0,1
745169,1386460743620000688,20000688,2013-12-07 23:59:03,2013-12-08 00:09:18,10.3,1
745284,1386460754620000520,20000520,2013-12-07 23:59:14,2013-12-08 00:18:14,19.0,1
745006,1386460755620000574,20000574,2013-12-07 23:59:15,2013-12-08 00:02:45,3.5,1
745174,1386460786620000675,20000675,2013-12-07 23:59:46,2013-12-08 00:08:31,8.8,1
745107,1386460793620000320,20000320,2013-12-07 23:59:53,2013-12-08 00:08:23,8.5,1
745208,1386460799620000356,20000356,2013-12-07 23:59:59,2013-12-08 00:07:44,7.8,1
749969,1386544892620000376,20000376,2013-12-08 23:21:32,2013-12-09 01:02:02,100.5,1
749887,1386545536620000574,20000574,2013-12-08 23:32:16,2013-12-09 00:02:01,29.8,1
749900,1386546159620000435,20000435,2013-12-08 23:42:39,2013-12-09 00:05:54,23.3,1
749918,1386546401620000472,20000472,2013-12-08 23:46:41,2013-12-09 00:01:26,14.8,1
749898,1386546504620000233,20000233,2013-12-08 23:48:24,2013-12-09 00:04:24,16.0,1
749904,1386546658620000367,20000367,2013-12-08 23:50:58,2013-12-09 00:09:28,18.5,1
750049,1386546687620000542,20000542,2013-12-08 23:51:27,2013-12-09 00:03:57,12.5,1
751737,1386547044620000509,20000509,2013-12-08 23:57:24,2013-12-09 00:10:39,13.3,1
749916,1386547172620000450,20000450,2013-12-08 23:59:32,2013-12-09 00:05:47,6.3,1
758543,1386628835620000534,20000534,2013-12-09 22:40:35,2013-12-10 00:20:05,99.5,1
753946,1386632033620000651,20000651,2013-12-09 23:33:53,2013-12-10 00:03:38,29.8,1
754065,1386632360620000066,20000066,2013-12-09 23:39:20,2013-12-10 00:16:05,36.8,1
754011,1386632578620000454,20000454,2013-12-09 23:42:58,2013-12-10 00:00:13,17.3,1
753967,1386632894620000332,20000332,2013-12-09 23:48:14,2013-12-10 00:05:29,17.3,1
754059,1386633043620000151,20000151,2013-12-09 23:50:43,2013-12-10 00:11:28,20.8,1
754085,1386633064620000486,20000486,2013-12-09 23:51:04,2013-12-10 00:01:34,10.5,1
756868,1386633112620000020,20000020,2013-12-09 23:51:52,2013-12-10 00:12:07,20.3,1
753985,1386633138620000451,20000451,2013-12-09 23:52:18,2013-12-10 00:04:18,12.0,1
754050,1386633392620000424,20000424,2013-12-09 23:56:32,2013-12-10 00:11:02,14.5,1
754390,1386633420620000060,20000060,2013-12-09 23:57:00,2013-12-10 00:07:45,10.8,1
754036,1386633459620000370,20000370,2013-12-09 23:57:39,2013-12-10 00:07:09,9.5,1
755863,1386633593620000509,20000509,2013-12-09 23:59:53,2013-12-10 00:03:53,4.0,1
758415,1386717531620000517,20000517,2013-12-10 23:18:51,2013-12-11 00:21:06,62.3,1
758269,1386718561620000376,20000376,2013-12-10 23:36:01,2013-12-11 00:03:46,27.8,1
758800,1386719307620000157,20000157,2013-12-10 23:48:27,2013-12-11 00:04:42,16.3,1
758359,1386719471620000649,20000649,2013-12-10 23:51:11,2013-12-11 00:00:41,9.5,1
758353,1386719493620000337,20000337,2013-12-10 23:51:33,2013-12-11 00:11:18,19.8,1
758804,1386719581620000151,20000151,2013-12-10 23:53:01,2013-12-11 00:03:16,10.3,1
758292,1386719760620000431,20000431,2013-12-10 23:56:00,2013-12-11 00:04:00,8.0,1
758406,1386719774620000436,20000436,2013-12-10 23:56:14,2013-12-11 00:06:44,10.5,1
758445,1386719823620000256,20000256,2013-12-10 23:57:03,2013-12-11 00:09:33,12.5,1
758391,1386719859620000687,20000687,2013-12-10 23:57:39,2013-12-11 00:08:24,10.8,1
758349,1386719882620000004,20000004,2013-12-10 23:58:02,2013-12-11 00:21:17,23.3,1
758331,1386719908620000601,20000601,2013-12-10 23:58:28,2013-12-11 00:15:43,17.3,1
758307,1386719935620000252,20000252,2013-12-10 23:58:55,2013-12-11 00:06:25,7.5,1
758280,1386719938620000045,20000045,2013-12-10 23:58:58,2013-12-11 00:12:13,13.3,1
758374,1386719957620000154,20000154,2013-12-10 23:59:17,2013-12-11 00:03:47,4.5,1
758852,1386719967620000344,20000344,2013-12-10 23:59:27,2013-12-11 00:10:42,11.3,1
762549,1386805533620000486,20000486,2013-12-11 23:45:33,2013-12-12 00:09:33,24.0,1
762553,1386805630620000325,20000325,2013-12-11 23:47:10,2013-12-12 00:00:10,13.0,1
762828,1386805669620000451,20000451,2013-12-11 23:47:49,2013-12-12 00:01:04,13.3,1
762531,1386805720620000054,20000054,2013-12-11 23:48:40,2013-12-12 00:02:10,13.5,1
762566,1386805831620000424,20000424,2013-12-11 23:50:31,2013-12-12 00:05:01,14.5,1
762480,1386805871620000678,20000678,2013-12-11 23:51:11,2013-12-12 00:09:56,18.8,1
763685,1386805881620000434,20000434,2013-12-11 23:51:21,2013-12-12 00:25:21,34.0,1
762523,1386806156620000066,20000066,2013-12-11 23:55:56,2013-12-12 00:23:41,27.8,1
762574,1386806168620000309,20000309,2013-12-11 23:56:08,2013-12-12 00:06:53,10.8,1
762471,1386806191620000338,20000338,2013-12-11 23:56:31,2013-12-12 00:12:46,16.3,1
762386,1386806249620000569,20000569,2013-12-11 23:57:29,2013-12-12 00:01:44,4.3,1
762547,1386806320620000472,20000472,2013-12-11 23:58:40,2013-12-12 00:06:10,7.5,1
762937,1386806381620000904,20000904,2013-12-11 23:59:41,2013-12-12 00:05:26,5.8,1
767215,1386890803620000304,20000304,2013-12-12 23:26:43,2013-12-13 00:02:13,35.5,1
767098,1386892066620000359,20000359,2013-12-12 23:47:46,2013-12-13 00:01:31,13.8,1
767148,1386892153620000624,20000624,2013-12-12 23:49:13,2013-12-13 00:00:28,11.3,1
767187,1386892162620000621,20000621,2013-12-12 23:49:22,2013-12-13 00:00:37,11.3,1
768283,1386892170620000554,20000554,2013-12-12 23:49:30,2013-12-13 00:00:45,11.3,1
767090,1386892195620000591,20000591,2013-12-12 23:49:55,2013-12-13 00:02:55,13.0,1
767440,1386892257620000310,20000310,2013-12-12 23:50:57,2013-12-13 00:10:12,19.3,1
767571,1386892316620000561,20000561,2013-12-12 23:51:56,2013-12-13 00:01:26,9.5,1
767103,1386892369620000610,20000610,2013-12-12 23:52:49,2013-12-13 00:11:19,18.5,1
767313,1386892387620000364,20000364,2013-12-12 23:53:07,2013-12-13 00:02:52,9.8,1
767140,1386892397620000514,20000514,2013-12-12 23:53:17,2013-12-13 00:00:17,7.0,1
767091,1386892398620000337,20000337,2013-12-12 23:53:18,2013-12-13 00:06:03,12.8,1
767234,1386892504620000571,20000571,2013-12-12 23:55:04,2013-12-13 00:03:04,8.0,1
767121,1386892568620000387,20000387,2013-12-12 23:56:08,2013-12-13 00:01:53,5.8,1
767198,1386892628620000430,20000430,2013-12-12 23:57:08,2013-12-13 00:01:53,4.8,1
767177,1386892635620000476,20000476,2013-12-12 23:57:15,2013-12-13 00:00:45,3.5,1
767224,1386892689620000542,20000542,2013-12-12 23:58:09,2013-12-13 00:10:09,12.0,1
767262,1386892699620000649,20000649,2013-12-12 23:58:19,2013-12-13 00:07:49,9.5,1
767209,1386892732620000388,20000388,2013-12-12 23:58:52,2013-12-13 00:06:07,7.3,1
767132,1386892745620000570,20000570,2013-12-12 23:59:05,2013-12-13 00:08:35,9.5,1
767277,1386892781620000345,20000345,2013-12-12 23:59:41,2013-12-13 00:10:11,10.5,1
772630,1386977957620000398,20000398,2013-12-13 23:39:17,2013-12-14 00:11:47,32.5,1
775223,1386977966620000184,20000184,2013-12-13 23:39:26,2013-12-14 00:09:56,30.5,1
772702,1386978257620000472,20000472,2013-12-13 23:44:17,2013-12-14 00:13:02,28.8,1
772621,1386978384620000664,20000664,2013-12-13 23:46:24,2013-12-14 00:01:54,15.5,1
772762,1386978436620000508,20000508,2013-12-13 23:47:16,2013-12-14 00:05:31,18.3,1
772740,1386978505620000610,20000610,2013-12-13 23:48:25,2013-12-14 00:06:55,18.5,1
772627,1386978524620000010,20000010,2013-12-13 23:48:44,2013-12-14 00:04:14,15.5,1
772873,1386978529620000173,20000173,2013-12-13 23:48:49,2013-12-14 00:01:19,12.5,1
773086,1386978533620000653,20000653,2013-12-13 23:48:53,2013-12-14 00:13:23,24.5,1
772564,1386978576620000231,20000231,2013-12-13 23:49:36,2013-12-14 00:00:21,10.8,1
772610,1386978614620000307,20000307,2013-12-13 23:50:14,2013-12-14 00:01:59,11.8,1
772620,1386978619620000687,20000687,2013-12-13 23:50:19,2013-12-14 00:00:04,9.8,1
772649,1386978755620000572,20000572,2013-12-13 23:52:35,2013-12-14 00:01:20,8.8,1
772699,1386978801620000119,20000119,2013-12-13 23:53:21,2013-12-14 00:10:06,16.8,1
772978,1386978876620000009,20000009,2013-12-13 23:54:36,2013-12-14 00:54:51,60.3,1
772748,1386978877620000243,20000243,2013-12-13 23:54:37,2013-12-14 00:06:37,12.0,1
772717,1386978888620000372,20000372,2013-12-13 23:54:48,2013-12-14 00:00:48,6.0,1
772962,1386978901620000345,20000345,2013-12-13 23:55:01,2013-12-14 00:02:46,7.8,1
772880,1386978913620000481,20000481,2013-12-13 23:55:13,2013-12-14 00:00:43,5.5,1
772589,1386978942620000031,20000031,2013-12-13 23:55:42,2013-12-14 00:05:57,10.3,1
772679,1386978945620000588,20000588,2013-12-13 23:55:45,2013-12-14 00:05:00,9.3,1
772881,1386978955620000423,20000423,2013-12-13 23:55:55,2013-12-14 00:05:55,10.0,1
772616,1386978960620000450,20000450,2013-12-13 23:56:00,2013-12-14 00:07:15,11.3,1
772714,1386978966620000430,20000430,2013-12-13 23:56:06,2013-12-14 00:02:51,6.8,1
773881,1386978972620000030,20000030,2013-12-13 23:56:12,2013-12-14 00:02:27,6.3,1
772641,1386978979620000663,20000663,2013-12-13 23:56:19,2013-12-14 00:04:49,8.5,1
772676,1386978986620000473,20000473,2013-12-13 23:56:26,2013-12-14 00:03:26,7.0,1
772660,1386978991620000668,20000668,2013-12-13 23:56:31,2013-12-14 00:05:46,9.3,1
772889,1386978992620000245,20000245,2013-12-13 23:56:32,2013-12-14 00:06:02,9.5,1
772730,1386978997620000476,20000476,2013-12-13 23:56:37,2013-12-14 00:01:52,5.3,1
772745,1386979007620000589,20000589,2013-12-13 23:56:47,2013-12-14 00:08:02,11.3,1
772606,1386979039620000217,20000217,2013-12-13 23:57:19,2013-12-14 00:02:04,4.8,1
772650,1386979067620000601,20000601,2013-12-13 23:57:47,2013-12-14 00:03:47,6.0,1
772688,1386979082620000338,20000338,2013-12-13 23:58:02,2013-12-14 00:08:32,10.5,1
772790,1386979097620000362,20000362,2013-12-13 23:58:17,2013-12-14 00:16:47,18.5,1
776956,1386979108620000075,20000075,2013-12-13 23:58:28,2013-12-14 00:03:28,5.0,1
772764,1386979118620000309,20000309,2013-12-13 23:58:38,2013-12-14 00:04:08,5.5,1
772948,1386979185620000520,20000520,2013-12-13 23:59:45,2013-12-14 00:58:45,59.0,1
772611,1386979186620000109,20000109,2013-12-13 23:59:46,2013-12-14 00:18:16,18.5,1
772561,1386979195620000080,20000080,2013-12-13 23:59:55,2013-12-14 00:00:25,0.5,1
777836,1387060931620000196,20000196,2013-12-14 22:42:11,2013-12-15 00:01:26,79.3,1
777994,1387064656620000252,20000252,2013-12-14 23:44:16,2013-12-15 00:00:01,15.8,1
777941,1387064674620000337,20000337,2013-12-14 23:44:34,2013-12-15 00:20:34,36.0,1
778004,1387064683620000488,20000488,2013-12-14 23:44:43,2013-12-15 00:00:13,15.5,1
777935,1387064714620000901,20000901,2013-12-14 23:45:14,2013-12-15 00:01:44,16.5,1
777981,1387064839620000610,20000610,2013-12-14 23:47:19,2013-12-15 00:07:34,20.3,1
777866,1387064841620000006,20000006,2013-12-14 23:47:21,2013-12-15 00:00:36,13.3,1
777964,1387065088620000688,20000688,2013-12-14 23:51:28,2013-12-15 00:00:28,9.0,1
777976,1387065109620000589,20000589,2013-12-14 23:51:49,2013-12-15 00:01:49,10.0,1
778161,1387065120620000108,20000108,2013-12-14 23:52:00,2013-12-15 00:11:15,19.3,1
777870,1387065137620000529,20000529,2013-12-14 23:52:17,2013-12-15 00:03:17,11.0,1
778146,1387065137620000648,20000648,2013-12-14 23:52:17,2013-12-15 00:00:47,8.5,1
778098,1387065151620000251,20000251,2013-12-14 23:52:31,2013-12-15 00:02:16,9.8,1
778144,1387065169620000570,20000570,2013-12-14 23:52:49,2013-12-15 00:00:19,7.5,1
777975,1387065243620000903,20000903,2013-12-14 23:54:03,2013-12-15 00:03:33,9.5,1
777860,1387065260620000004,20000004,2013-12-14 23:54:20,2013-12-15 00:01:35,7.3,1
777849,1387065301620000345,20000345,2013-12-14 23:55:01,2013-12-15 00:02:46,7.8,1
777996,1387065306620000042,20000042,2013-12-14 23:55:06,2013-12-15 00:08:06,13.0,1
778054,1387065317620000328,20000328,2013-12-14 23:55:17,2013-12-15 00:02:32,7.3,1
777918,1387065322620000450,20000450,2013-12-14 23:55:22,2013-12-15 00:04:37,9.3,1
778083,1387065324620000557,20000557,2013-12-14 23:55:24,2013-12-15 00:06:09,10.8,1
778162,1387065332620000492,20000492,2013-12-14 23:55:32,2013-12-15 00:06:02,10.5,1
778006,1387065363620000595,20000595,2013-12-14 23:56:03,2013-12-15 00:10:33,14.5,1
777945,1387065372620000376,20000376,2013-12-14 23:56:12,2013-12-15 00:05:42,9.5,1
777968,1387065389620000516,20000516,2013-12-14 23:56:29,2013-12-15 00:10:14,13.8,1
778229,1387065402620000684,20000684,2013-12-14 23:56:42,2013-12-15 00:15:42,19.0,1
777879,1387065412620000254,20000254,2013-12-14 23:56:52,2013-12-15 00:07:22,10.5,1
778112,1387065426620000031,20000031,2013-12-14 23:57:06,2013-12-15 00:04:06,7.0,1
778072,1387065444620000574,20000574,2013-12-14 23:57:24,2013-12-15 00:08:54,11.5,1
778376,1387065457620000173,20000173,2013-12-14 23:57:37,2013-12-15 00:09:37,12.0,1
778032,1387065468620000904,20000904,2013-12-14 23:57:48,2013-12-15 00:11:03,13.3,1
778035,1387065481620000372,20000372,2013-12-14 23:58:01,2013-12-15 00:18:31,20.5,1
777922,1387065494620000389,20000389,2013-12-14 23:58:14,2013-12-15 00:09:14,11.0,1
778201,1387065508620000424,20000424,2013-12-14 23:58:28,2013-12-15 00:12:28,14.0,1
778096,1387065525620000308,20000308,2013-12-14 23:58:45,2013-12-15 00:30:15,31.5,1
777897,1387065540620000621,20000621,2013-12-14 23:59:00,2013-12-15 00:08:45,9.8,1
777971,1387065552620000179,20000179,2013-12-14 23:59:12,2013-12-15 00:05:42,6.5,1
780662,1387065553620000586,20000586,2013-12-14 23:59:13,2013-12-15 00:09:13,10.0,1
777871,1387065580620000398,20000398,2013-12-14 23:59:40,2013-12-15 00:10:25,10.8,1
782618,1387150989620000263,20000263,2013-12-15 23:43:09,2013-12-16 00:09:54,26.8,1
782613,1387151525620000042,20000042,2013-12-15 23:52:05,2013-12-16 00:19:05,27.0,1
782510,1387151616620000542,20000542,2013-12-15 23:53:36,2013-12-16 00:00:21,6.8,1
782595,1387151760620000473,20000473,2013-12-15 23:56:00,2013-12-16 00:04:30,8.5,1
782558,1387151798620000398,20000398,2013-12-15 23:56:38,2013-12-16 00:03:38,7.0,1
782512,1387151874620000101,20000101,2013-12-15 23:57:54,2013-12-16 00:08:54,11.0,1
782484,1387151944620000574,20000574,2013-12-15 23:59:04,2013-12-16 00:16:34,17.5,1
782559,1387151989620000472,20000472,2013-12-15 23:59:49,2013-12-16 00:12:34,12.8,1
782609,1387151992620000201,20000201,2013-12-15 23:59:52,2013-12-16 00:12:22,12.5,1
786663,1387237626620000621,20000621,2013-12-16 23:47:06,2013-12-17 00:03:06,16.0,1
789364,1387237833620000610,20000610,2013-12-16 23:50:33,2013-12-17 00:09:18,18.8,1
786763,1387237921620000372,20000372,2013-12-16 23:52:01,2013-12-17 00:06:01,14.0,1
786636,1387237946620000233,20000233,2013-12-16 23:52:26,2013-12-17 00:06:11,13.8,1
786651,1387238080620000684,20000684,2013-12-16 23:54:40,2013-12-17 00:02:40,8.0,1
786617,1387238207620000307,20000307,2013-12-16 23:56:47,2013-12-17 00:04:17,7.5,1
786666,1387238287620000015,20000015,2013-12-16 23:58:07,2013-12-17 00:15:07,17.0,1
786761,1387238381620000042,20000042,2013-12-16 23:59:41,2013-12-17 00:07:11,7.5,1
793066,1387320387620000561,20000561,2013-12-17 22:46:27,2013-12-18 00:04:12,77.8,1
791168,1387324066620000435,20000435,2013-12-17 23:47:46,2013-12-18 00:14:01,26.3,1
791041,1387324155620000589,20000589,2013-12-17 23:49:15,2013-12-18 00:01:45,12.5,1
790957,1387324262620000179,20000179,2013-12-17 23:51:02,2013-12-18 00:05:47,14.8,1
790970,1387324331620000392,20000392,2013-12-17 23:52:11,2013-12-18 00:00:56,8.8,1
790832,1387324551620000196,20000196,2013-12-17 23:55:51,2013-12-18 00:00:06,4.3,1
790846,1387324614620000569,20000569,2013-12-17 23:56:54,2013-12-18 00:01:24,4.5,1
790880,1387324628620000304,20000304,2013-12-17 23:57:08,2013-12-18 00:09:38,12.5,1
792898,1387324640620000570,20000570,2013-12-17 23:57:20,2013-12-18 00:13:20,16.0,1
790981,1387324641620000192,20000192,2013-12-17 23:57:21,2013-12-18 00:03:51,6.5,1
790980,1387324667620000105,20000105,2013-12-17 23:57:47,2013-12-18 00:05:32,7.8,1
790953,1387324692620000376,20000376,2013-12-17 23:58:12,2013-12-18 00:05:12,7.0,1
790911,1387324732620000325,20000325,2013-12-17 23:58:52,2013-12-18 00:02:22,3.5,1
791006,1387324737620000903,20000903,2013-12-17 23:58:57,2013-12-18 00:09:27,10.5,1
791735,1387324775620000151,20000151,2013-12-17 23:59:35,2013-12-18 00:05:35,6.0,1
791461,1387324799620000470,20000470,2013-12-17 23:59:59,2013-12-18 00:11:29,11.5,1
796366,1387403475620000376,20000376,2013-12-18 21:51:15,2013-12-19 00:16:00,144.8,1
796310,1387410126620000589,20000589,2013-12-18 23:42:06,2013-12-19 00:13:36,31.5,1
796414,1387410200620000167,20000167,2013-12-18 23:43:20,2013-12-19 00:02:20,19.0,1
796257,1387410262620000060,20000060,2013-12-18 23:44:22,2013-12-19 00:02:52,18.5,1
796245,1387410400620000483,20000483,2013-12-18 23:46:40,2013-12-19 00:02:10,15.5,1
796158,1387410442620000625,20000625,2013-12-18 23:47:22,2013-12-19 00:04:37,17.3,1
796150,1387410477620000520,20000520,2013-12-18 23:47:57,2013-12-19 00:11:12,23.3,1
796222,1387410583620000574,20000574,2013-12-18 23:49:43,2013-12-19 00:06:13,16.5,1
796425,1387410671620000364,20000364,2013-12-18 23:51:11,2013-12-19 00:00:41,9.5,1
796200,1387410682620000157,20000157,2013-12-18 23:51:22,2013-12-19 00:00:37,9.3,1
796178,1387410718620000089,20000089,2013-12-18 23:51:58,2013-12-19 00:00:58,9.0,1
796647,1387410782620000497,20000497,2013-12-18 23:53:02,2013-12-19 00:14:47,21.8,1
796236,1387410795620000387,20000387,2013-12-18 23:53:15,2013-12-19 00:01:30,8.3,1
796171,1387410825620000311,20000311,2013-12-18 23:53:45,2013-12-19 00:08:30,14.8,1
796286,1387410870620000010,20000010,2013-12-18 23:54:30,2013-12-19 00:04:45,10.3,1
796279,1387410894620000455,20000455,2013-12-18 23:54:54,2013-12-19 00:02:39,7.8,1
796227,1387410969620000011,20000011,2013-12-18 23:56:09,2013-12-19 00:05:54,9.8,1
796250,1387410969620000197,20000197,2013-12-18 23:56:09,2013-12-19 00:07:54,11.8,1
797861,1387410995620000327,20000327,2013-12-18 23:56:35,2013-12-19 00:01:05,4.5,1
796252,1387411060620000309,20000309,2013-12-18 23:57:40,2013-12-19 00:03:55,6.3,1
796213,1387411093620000359,20000359,2013-12-18 23:58:13,2013-12-19 00:03:13,5.0,1
796300,1387411099620000224,20000224,2013-12-18 23:58:19,2013-12-19 00:04:49,6.5,1
799958,1387411109620000610,20000610,2013-12-18 23:58:29,2013-12-19 00:16:29,18.0,1
796233,1387411165620000042,20000042,2013-12-18 23:59:25,2013-12-19 00:03:55,4.5,1
796137,1387411170620000304,20000304,2013-12-18 23:59:30,2013-12-19 00:16:15,16.8,1
801409,1387496578620000023,20000023,2013-12-19 23:42:58,2013-12-20 00:05:43,22.8,1
801290,1387496659620000610,20000610,2013-12-19 23:44:19,2013-12-20 00:13:04,28.8,1
801244,1387496727620000529,20000529,2013-12-19 23:45:27,2013-12-20 00:04:27,19.0,1
801253,1387496764620000598,20000598,2013-12-19 23:46:04,2013-12-20 00:08:04,22.0,1
801321,1387496958620000305,20000305,2013-12-19 23:49:18,2013-12-20 00:05:48,16.5,1
801438,1387497064620000307,20000307,2013-12-19 23:51:04,2013-12-20 01:07:04,76.0,1
801328,1387497108620000626,20000626,2013-12-19 23:51:48,2013-12-20 00:00:33,8.8,1
801560,1387497114620000403,20000403,2013-12-19 23:51:54,2013-12-20 00:10:09,18.3,1
801330,1387497123620000154,20000154,2013-12-19 23:52:03,2013-12-20 00:01:03,9.0,1
801296,1387497137620000520,20000520,2013-12-19 23:52:17,2013-12-20 00:01:02,8.8,1
801361,1387497273620000022,20000022,2013-12-19 23:54:33,2013-12-20 00:00:48,6.3,1
801305,1387497278620000541,20000541,2013-12-19 23:54:38,2013-12-20 00:04:53,10.3,1
801358,1387497310620000488,20000488,2013-12-19 23:55:10,2013-12-20 00:04:25,9.3,1
801395,1387497367620000235,20000235,2013-12-19 23:56:07,2013-12-20 00:00:22,4.3,1
801247,1387497371620000351,20000351,2013-12-19 23:56:11,2013-12-20 00:08:41,12.5,1
801233,1387497373620000129,20000129,2013-12-19 23:56:13,2013-12-20 00:02:43,6.5,1
801384,1387497389620000492,20000492,2013-12-19 23:56:29,2013-12-20 00:01:44,5.3,1
801381,1387497403620000387,20000387,2013-12-19 23:56:43,2013-12-20 00:06:28,9.8,1
801371,1387497456620000465,20000465,2013-12-19 23:57:36,2013-12-20 00:02:21,4.8,1
801314,1387497482620000338,20000338,2013-12-19 23:58:02,2013-12-20 00:16:17,18.3,1
801435,1387497495620000273,20000273,2013-12-19 23:58:15,2013-12-20 00:06:00,7.8,1
808653,1387579946620000648,20000648,2013-12-20 22:52:26,2013-12-21 00:02:26,70.0,1
808177,1387580718620000341,20000341,2013-12-20 23:05:18,2013-12-21 00:02:18,57.0,1
807882,1387582511620000304,20000304,2013-12-20 23:35:11,2013-12-21 00:02:26,27.3,1
820156,1387582604620000040,20000040,2013-12-20 23:36:44,2013-12-21 00:14:59,38.3,1
808684,1387582659620000486,20000486,2013-12-20 23:37:39,2013-12-21 00:11:24,33.8,1
808029,1387582982620000108,20000108,2013-12-20 23:43:02,2013-12-21 00:04:32,21.5,1
808251,1387583016620000624,20000624,2013-12-20 23:43:36,2013-12-21 00:06:36,23.0,1
808033,1387583017620000465,20000465,2013-12-20 23:43:37,2013-12-21 00:07:37,24.0,1
808203,1387583064620000450,20000450,2013-12-20 23:44:24,2013-12-21 00:01:54,17.5,1
808220,1387583141620000632,20000632,2013-12-20 23:45:41,2013-12-21 00:03:11,17.5,1
807914,1387583164620000395,20000395,2013-12-20 23:46:04,2013-12-21 00:11:19,25.3,1
808548,1387583190620000057,20000057,2013-12-20 23:46:30,2013-12-21 00:04:15,17.8,1
808580,1387583242620000653,20000653,2013-12-20 23:47:22,2013-12-21 00:12:07,24.8,1
811151,1387583303620000619,20000619,2013-12-20 23:48:23,2013-12-21 00:00:08,11.8,1
807941,1387583392620000473,20000473,2013-12-20 23:49:52,2013-12-21 00:02:37,12.8,1
807931,1387583398620000045,20000045,2013-12-20 23:49:58,2013-12-21 00:03:28,13.5,1
808068,1387583405620000031,20000031,2013-12-20 23:50:05,2013-12-21 00:10:35,20.5,1
808089,1387583458620000345,20000345,2013-12-20 23:50:58,2013-12-21 00:01:43,10.8,1
815921,1387583466620000453,20000453,2013-12-20 23:51:06,2013-12-21 00:06:51,15.8,1
808059,1387583506620000470,20000470,2013-12-20 23:51:46,2013-12-21 00:03:46,12.0,1
808015,1387583512620000325,20000325,2013-12-20 23:51:52,2013-12-21 00:09:07,17.3,1
807911,1387583531620000577,20000577,2013-12-20 23:52:11,2013-12-21 00:06:11,14.0,1
808268,1387583596620000687,20000687,2013-12-20 23:53:16,2013-12-21 00:14:31,21.3,1
807923,1387583663620000686,20000686,2013-12-20 23:54:23,2013-12-21 00:03:53,9.5,1
807963,1387583678620000430,20000430,2013-12-20 23:54:38,2013-12-21 00:11:53,17.3,1
807945,1387583714620000351,20000351,2013-12-20 23:55:14,2013-12-21 00:05:59,10.8,1
808148,1387583749620000216,20000216,2013-12-20 23:55:49,2013-12-21 00:10:19,14.5,1
808004,1387583814620000524,20000524,2013-12-20 23:56:54,2013-12-21 00:02:54,6.0,1
808030,1387583826620000356,20000356,2013-12-20 23:57:06,2013-12-21 00:03:06,6.0,1
807910,1387583894620000488,20000488,2013-12-20 23:58:14,2013-12-21 00:03:44,5.5,1
808088,1387583927620000446,20000446,2013-12-20 23:58:47,2013-12-21 00:14:32,15.8,1
808014,1387583939620000517,20000517,2013-12-20 23:58:59,2013-12-21 00:10:14,11.3,1
808110,1387583972620000675,20000675,2013-12-20 23:59:32,2013-12-21 00:13:32,14.0,1
807958,1387583977620000621,20000621,2013-12-20 23:59:37,2013-12-21 00:08:37,9.0,1
808106,1387583989620000129,20000129,2013-12-20 23:59:49,2013-12-21 00:13:49,14.0,1
808054,1387583990620000081,20000081,2013-12-20 23:59:50,2013-12-21 00:06:50,7.0,1
814767,1387666100620000542,20000542,2013-12-21 22:48:20,2013-12-22 00:43:35,115.3,1
814454,1387668034620000101,20000101,2013-12-21 23:20:34,2013-12-22 00:08:04,47.5,1
814406,1387668433620000435,20000435,2013-12-21 23:27:13,2013-12-22 00:19:13,52.0,1
814446,1387668790620000022,20000022,2013-12-21 23:33:10,2013-12-22 00:10:10,37.0,1
814481,1387669138620000419,20000419,2013-12-21 23:38:58,2013-12-22 00:01:13,22.3,1
814459,1387669218620000173,20000173,2013-12-21 23:40:18,2013-12-22 00:00:33,20.3,1
817964,1387669483620000030,20000030,2013-12-21 23:44:43,2013-12-22 00:02:13,17.5,1
814476,1387669590620000075,20000075,2013-12-21 23:46:30,2013-12-22 00:00:45,14.3,1
814582,1387669633620000251,20000251,2013-12-21 23:47:13,2013-12-22 00:03:43,16.5,1
815236,1387669654620000297,20000297,2013-12-21 23:47:34,2013-12-22 00:07:49,20.3,1
818957,1387669682620000377,20000377,2013-12-21 23:48:02,2013-12-22 00:02:02,14.0,1
814509,1387669721620000632,20000632,2013-12-21 23:48:41,2013-12-22 00:05:41,17.0,1
814583,1387669728620000616,20000616,2013-12-21 23:48:48,2013-12-22 00:13:18,24.5,1
814389,1387669736620000516,20000516,2013-12-21 23:48:56,2013-12-22 00:10:41,21.8,1
814470,1387669772620000901,20000901,2013-12-21 23:49:32,2013-12-22 00:00:17,10.8,1
815471,1387669779620000376,20000376,2013-12-21 23:49:39,2013-12-22 00:23:39,34.0,1
814452,1387669834620000598,20000598,2013-12-21 23:50:34,2013-12-22 00:01:19,10.8,1
814473,1387669867620000235,20000235,2013-12-21 23:51:07,2013-12-22 00:03:37,12.5,1
814427,1387669872620000356,20000356,2013-12-21 23:51:12,2013-12-22 00:02:57,11.8,1
814428,1387669879620000668,20000668,2013-12-21 23:51:19,2013-12-22 00:12:49,21.5,1
814484,1387669880620000624,20000624,2013-12-21 23:51:20,2013-12-22 00:00:50,9.5,1
814579,1387669913620000483,20000483,2013-12-21 23:51:53,2013-12-22 00:04:08,12.3,1
814451,1387669946620000332,20000332,2013-12-21 23:52:26,2013-12-22 00:01:11,8.8,1
814411,1387669956620000309,20000309,2013-12-21 23:52:36,2013-12-22 00:02:06,9.5,1
814563,1387669977620000142,20000142,2013-12-21 23:52:57,2013-12-22 00:01:12,8.3,1
814570,1387670047620000497,20000497,2013-12-21 23:54:07,2013-12-22 00:13:52,19.8,1
814468,1387670049620000904,20000904,2013-12-21 23:54:09,2013-12-22 00:02:54,8.8,1
814413,1387670059620000398,20000398,2013-12-21 23:54:19,2013-12-22 00:14:19,20.0,1
814399,1387670061620000153,20000153,2013-12-21 23:54:21,2013-12-22 00:04:21,10.0,1
814438,1387670077620000617,20000617,2013-12-21 23:54:37,2013-12-22 00:12:07,17.5,1
814466,1387670077620000525,20000525,2013-12-21 23:54:37,2013-12-22 00:01:37,7.0,1
814329,1387670151620000473,20000473,2013-12-21 23:55:51,2013-12-22 00:03:06,7.3,1
814531,1387670196620000254,20000254,2013-12-21 23:56:36,2013-12-22 00:05:51,9.3,1
814482,1387670217620000359,20000359,2013-12-21 23:56:57,2013-12-22 00:09:57,13.0,1
814386,1387670242620000305,20000305,2013-12-21 23:57:22,2013-12-22 00:12:07,14.8,1
814544,1387670243620000600,20000600,2013-12-21 23:57:23,2013-12-22 00:07:53,10.5,1
814520,1387670287620000488,20000488,2013-12-21 23:58:07,2013-12-22 00:07:22,9.3,1
814351,1387670315620000389,20000389,2013-12-21 23:58:35,2013-12-22 00:05:20,6.8,1
814384,1387670344620000119,20000119,2013-12-21 23:59:04,2013-12-22 00:08:04,9.0,1
820078,1387755573620000497,20000497,2013-12-22 23:39:33,2013-12-23 00:07:48,28.3,1
819818,1387755656620000009,20000009,2013-12-22 23:40:56,2013-12-23 00:40:41,59.8,1
819732,1387755759620000657,20000657,2013-12-22 23:42:39,2013-12-23 00:09:09,26.5,1
819741,1387756157620000231,20000231,2013-12-22 23:49:17,2013-12-23 00:02:02,12.8,1
819734,1387756248620000574,20000574,2013-12-22 23:50:48,2013-12-23 00:16:03,25.3,1
819740,1387756257620000481,20000481,2013-12-22 23:50:57,2013-12-23 00:05:12,14.3,1
819697,1387756412620000569,20000569,2013-12-22 23:53:32,2013-12-23 00:01:32,8.0,1
820250,1387756524620000251,20000251,2013-12-22 23:55:24,2013-12-23 00:17:39,22.3,1
819803,1387756595620000473,20000473,2013-12-22 23:56:35,2013-12-23 00:01:35,5.0,1
819809,1387756643620000303,20000303,2013-12-22 23:57:23,2013-12-23 00:01:23,4.0,1
820382,1387756721620000042,20000042,2013-12-22 23:58:41,2013-12-23 00:05:11,6.5,1
819833,1387756776620000341,20000341,2013-12-22 23:59:36,2013-12-23 00:04:51,5.3,1
819853,1387756783620000398,20000398,2013-12-22 23:59:43,2013-12-23 00:03:58,4.3,1
824916,1387840559620000199,20000199,2013-12-23 23:15:59,2013-12-24 00:14:59,59.0,1
824572,1387842013620000616,20000616,2013-12-23 23:40:13,2013-12-24 00:10:43,30.5,1
824606,1387842472620000136,20000136,2013-12-23 23:47:52,2013-12-24 00:04:07,16.3,1
824465,1387842532620000304,20000304,2013-12-23 23:48:52,2013-12-24 00:16:37,27.8,1
824747,1387842676620000372,20000372,2013-12-23 23:51:16,2013-12-24 00:39:16,48.0,1
824415,1387842755620000518,20000518,2013-12-23 23:52:35,2013-12-24 00:01:35,9.0,1
825344,1387842781620000325,20000325,2013-12-23 23:53:01,2013-12-24 00:05:31,12.5,1
824469,1387842797620000529,20000529,2013-12-23 23:53:17,2013-12-24 00:14:02,20.8,1
824519,1387842903620000045,20000045,2013-12-23 23:55:03,2013-12-24 00:02:48,7.8,1
824561,1387842906620000376,20000376,2013-12-23 23:55:06,2013-12-24 00:44:21,49.3,1
824422,1387842957620000337,20000337,2013-12-23 23:55:57,2013-12-24 00:04:42,8.8,1
824455,1387842998620000268,20000268,2013-12-23 23:56:38,2013-12-24 00:02:53,6.3,1
824458,1387843048620000362,20000362,2013-12-23 23:57:28,2013-12-24 00:02:58,5.5,1
824485,1387843050620000640,20000640,2013-12-23 23:57:30,2013-12-24 00:00:45,3.3,1
824598,1387843065620000031,20000031,2013-12-23 23:57:45,2013-12-24 00:23:15,25.5,1
824658,1387843081620000067,20000067,2013-12-23 23:58:01,2013-12-24 00:07:31,9.5,1
824447,1387843108620000192,20000192,2013-12-23 23:58:28,2013-12-24 00:07:28,9.0,1
824542,1387843111620000454,20000454,2013-12-23 23:58:31,2013-12-24 00:05:46,7.3,1
824459,1387843130620000577,20000577,2013-12-23 23:58:50,2013-12-24 00:07:05,8.3,1
824559,1387843183620000688,20000688,2013-12-23 23:59:43,2013-12-24 00:10:13,10.5,1
829061,1387927733620000610,20000610,2013-12-24 23:28:53,2013-12-25 00:02:53,34.0,1
830214,1387927928620000325,20000325,2013-12-24 23:32:08,2013-12-25 00:50:53,78.8,1
829122,1387927986620000574,20000574,2013-12-24 23:33:06,2013-12-25 00:03:21,30.3,1
829081,1387928596620000324,20000324,2013-12-24 23:43:16,2013-12-25 00:02:46,19.5,1
829068,1387928684620000015,20000015,2013-12-24 23:44:44,2013-12-25 00:02:59,18.3,1
829107,1387928842620000483,20000483,2013-12-24 23:47:22,2013-12-25 00:00:52,13.5,1
829060,1387928919620000006,20000006,2013-12-24 23:48:39,2013-12-25 00:02:54,14.3,1
829147,1387928931620000020,20000020,2013-12-24 23:48:51,2013-12-25 00:03:21,14.5,1
829120,1387929014620000256,20000256,2013-12-24 23:50:14,2013-12-25 00:02:59,12.8,1
829043,1387929061620000542,20000542,2013-12-24 23:51:01,2013-12-25 00:00:31,9.5,1
829062,1387929175620000618,20000618,2013-12-24 23:52:55,2013-12-25 00:04:40,11.8,1
829126,1387929177620000481,20000481,2013-12-24 23:52:57,2013-12-25 00:00:27,7.5,1
829076,1387929240620000435,20000435,2013-12-24 23:54:00,2013-12-25 00:11:30,17.5,1
829085,1387929268620000520,20000520,2013-12-24 23:54:28,2013-12-25 00:10:13,15.8,1
829101,1387929289620000651,20000651,2013-12-24 23:54:49,2013-12-25 00:05:34,10.8,1
829141,1387929414620000010,20000010,2013-12-24 23:56:54,2013-12-25 00:05:09,8.3,1
829153,1387929451620000140,20000140,2013-12-24 23:57:31,2013-12-25 00:04:16,6.8,1
829064,1387929463620000453,20000453,2013-12-24 23:57:43,2013-12-25 00:05:58,8.3,1
829098,1387929522620000395,20000395,2013-12-24 23:58:42,2013-12-25 00:14:27,15.8,1
829057,1387929565620000119,20000119,2013-12-24 23:59:25,2013-12-25 00:08:25,9.0,1
831301,1388014519620000455,20000455,2013-12-25 23:35:19,2013-12-26 00:20:49,45.5,1
831284,1388014879620000332,20000332,2013-12-25 23:41:19,2013-12-26 00:06:49,25.5,1
831448,1388015010620000435,20000435,2013-12-25 23:43:30,2013-12-26 00:03:15,19.8,1
831277,1388015119620000450,20000450,2013-12-25 23:45:19,2013-12-26 00:02:04,16.8,1
831253,1388015441620000324,20000324,2013-12-25 23:50:41,2013-12-26 00:11:41,21.0,1
832193,1388015560620000057,20000057,2013-12-25 23:52:40,2013-12-26 00:00:40,8.0,1
831231,1388015713620000406,20000406,2013-12-25 23:55:13,2013-12-26 00:05:13,10.0,1
831296,1388015770620000370,20000370,2013-12-25 23:56:10,2013-12-26 00:04:40,8.5,1
831317,1388015788620000011,20000011,2013-12-25 23:56:28,2013-12-26 00:02:58,6.5,1
831240,1388015812620000280,20000280,2013-12-25 23:56:52,2013-12-26 00:06:22,9.5,1
831523,1388015851620000486,20000486,2013-12-25 23:57:31,2013-12-26 00:08:01,10.5,1
831244,1388015852620000367,20000367,2013-12-25 23:57:32,2013-12-26 00:08:02,10.5,1
831423,1388015902620000249,20000249,2013-12-25 23:58:22,2013-12-26 00:09:07,10.8,1
836586,1388101538620000216,20000216,2013-12-26 23:45:38,2013-12-27 00:17:23,31.8,1
835200,1388101669620000589,20000589,2013-12-26 23:47:49,2013-12-27 00:12:19,24.5,1
835294,1388101987620000067,20000067,2013-12-26 23:53:07,2013-12-27 00:06:07,13.0,1
835202,1388102009620000280,20000280,2013-12-26 23:53:29,2013-12-27 00:01:29,8.0,1
835513,1388102122620000042,20000042,2013-12-26 23:55:22,2013-12-27 00:02:22,7.0,1
835326,1388102137620000233,20000233,2013-12-26 23:55:37,2013-12-27 00:23:52,28.3,1
835135,1388102138620000651,20000651,2013-12-26 23:55:38,2013-12-27 00:06:38,11.0,1
835193,1388102157620000013,20000013,2013-12-26 23:55:57,2013-12-27 00:01:27,5.5,1
835230,1388102293620000577,20000577,2013-12-26 23:58:13,2013-12-27 00:02:43,4.5,1
835353,1388102311620000338,20000338,2013-12-26 23:58:31,2013-12-27 00:02:46,4.3,1
835186,1388102363620000488,20000488,2013-12-26 23:59:23,2013-12-27 00:09:23,10.0,1
835209,1388102397620000285,20000285,2013-12-26 23:59:57,2013-12-27 00:09:57,10.0,1
837418,1388102399620000509,20000509,2013-12-26 23:59:59,2013-12-27 00:09:44,9.8,1
840175,1388184277620000179,20000179,2013-12-27 22:44:37,2013-12-28 00:59:07,134.5,1
839850,1388187801620000309,20000309,2013-12-27 23:43:21,2013-12-28 00:10:06,26.8,1
839819,1388187919620000249,20000249,2013-12-27 23:45:19,2013-12-28 00:03:19,18.0,1
839817,1388188121620000235,20000235,2013-12-27 23:48:41,2013-12-28 00:06:11,17.5,1
839948,1388188224620000688,20000688,2013-12-27 23:50:24,2013-12-28 00:05:39,15.3,1
840000,1388188286620000042,20000042,2013-12-27 23:51:26,2013-12-28 00:01:26,10.0,1
840008,1388188373620000662,20000662,2013-12-27 23:52:53,2013-12-28 00:03:23,10.5,1
839913,1388188376620000201,20000201,2013-12-27 23:52:56,2013-12-28 00:06:26,13.5,1
839940,1388188423620000067,20000067,2013-12-27 23:53:43,2013-12-28 00:05:28,11.8,1
839880,1388188534620000311,20000311,2013-12-27 23:55:34,2013-12-28 00:05:19,9.8,1
839738,1388188539620000142,20000142,2013-12-27 23:55:39,2013-12-28 00:04:24,8.8,1
839833,1388188571620000004,20000004,2013-12-27 23:56:11,2013-12-28 00:05:41,9.5,1
839955,1388188593620000454,20000454,2013-12-27 23:56:33,2013-12-28 00:04:48,8.3,1
839874,1388188655620000430,20000430,2013-12-27 23:57:35,2013-12-28 00:19:35,22.0,1
839937,1388188661620000616,20000616,2013-12-27 23:57:41,2013-12-28 00:03:11,5.5,1
839785,1388188677620000547,20000547,2013-12-27 23:57:57,2013-12-28 00:04:42,6.8,1
840074,1388188680620000005,20000005,2013-12-27 23:58:00,2013-12-28 00:04:00,6.0,1
839933,1388188747620000658,20000658,2013-12-27 23:59:07,2013-12-28 00:10:07,11.0,1
839787,1388188774620000307,20000307,2013-12-27 23:59:34,2013-12-28 00:09:49,10.3,1
839779,1388188777620000395,20000395,2013-12-27 23:59:37,2013-12-28 00:09:22,9.8,1
839742,1388188785620000280,20000280,2013-12-27 23:59:45,2013-12-28 00:07:30,7.8,1
842172,1388188796620000347,20000347,2013-12-27 23:59:56,2013-12-28 00:09:11,9.3,1
844518,1388273904620000525,20000525,2013-12-28 23:38:24,2013-12-29 00:01:24,23.0,1
844478,1388274070620000651,20000651,2013-12-28 23:41:10,2013-12-29 00:17:10,36.0,1
844849,1388274101620000179,20000179,2013-12-28 23:41:41,2013-12-29 00:01:11,19.5,1
844605,1388274472620000685,20000685,2013-12-28 23:47:52,2013-12-29 00:01:07,13.3,1
844628,1388274610620000625,20000625,2013-12-28 23:50:10,2013-12-29 00:06:40,16.5,1
844824,1388274632620000012,20000012,2013-12-28 23:50:32,2013-12-29 00:16:02,25.5,1
844638,1388274641620000610,20000610,2013-12-28 23:50:41,2013-12-29 00:15:26,24.8,1
844447,1388274675620000483,20000483,2013-12-28 23:51:15,2013-12-29 00:05:00,13.8,1
844611,1388274680620000089,20000089,2013-12-28 23:51:20,2013-12-29 00:00:50,9.5,1
844509,1388274709620000569,20000569,2013-12-28 23:51:49,2013-12-29 00:14:19,22.5,1
844637,1388274734620000129,20000129,2013-12-28 23:52:14,2013-12-29 00:00:44,8.5,1
844477,1388274797620000086,20000086,2013-12-28 23:53:17,2013-12-29 00:02:32,9.3,1
844535,1388274814620000618,20000618,2013-12-28 23:53:34,2013-12-29 00:03:19,9.8,1
844606,1388274829620000488,20000488,2013-12-28 23:53:49,2013-12-29 00:02:19,8.5,1
844436,1388274866620000074,20000074,2013-12-28 23:54:26,2013-12-29 00:07:41,13.3,1
844679,1388274867620000356,20000356,2013-12-28 23:54:27,2013-12-29 00:18:27,24.0,1
844630,1388274868620000067,20000067,2013-12-28 23:54:28,2013-12-29 00:12:13,17.8,1
844531,1388274883620000196,20000196,2013-12-28 23:54:43,2013-12-29 00:07:28,12.8,1
845108,1388274928620000540,20000540,2013-12-28 23:55:28,2013-12-29 00:04:28,9.0,1
844421,1388274981620000657,20000657,2013-12-28 23:56:21,2013-12-29 00:07:51,11.5,1
844642,1388275036620000680,20000680,2013-12-28 23:57:16,2013-12-29 00:11:16,14.0,1
844569,1388275075620000435,20000435,2013-12-28 23:57:55,2013-12-29 00:11:10,13.3,1
847681,1388275140620000410,20000410,2013-12-28 23:59:00,2013-12-29 00:05:45,6.8,1
844576,1388275155620000432,20000432,2013-12-28 23:59:15,2013-12-29 00:03:45,4.5,1
848678,1388360155620000395,20000395,2013-12-29 23:35:55,2013-12-30 00:05:40,29.8,1
848655,1388360496620000529,20000529,2013-12-29 23:41:36,2013-12-30 00:00:51,19.3,1
848705,1388360548620000337,20000337,2013-12-29 23:42:28,2013-12-30 00:11:43,29.3,1
849421,1388360881620000569,20000569,2013-12-29 23:48:01,2013-12-30 00:05:46,17.8,1
848787,1388361005620000173,20000173,2013-12-29 23:50:05,2013-12-30 00:01:05,11.0,1
848686,1388361172620000057,20000057,2013-12-29 23:52:52,2013-12-30 00:06:22,13.5,1
848641,1388361257620000688,20000688,2013-12-29 23:54:17,2013-12-30 00:01:32,7.3,1
848964,1388361359620000101,20000101,2013-12-29 23:55:59,2013-12-30 00:33:14,37.3,1
848703,1388361412620000231,20000231,2013-12-29 23:56:52,2013-12-30 00:05:07,8.3,1
869618,1388434092620000160,20000160,2013-12-30 20:08:12,2013-12-31 00:11:42,243.5,1
853673,1388443505620000520,20000520,2013-12-30 22:45:05,2013-12-31 02:44:20,239.3,1
853779,1388447007620000054,20000054,2013-12-30 23:43:27,2013-12-31 00:23:27,40.0,1
853273,1388447008620000307,20000307,2013-12-30 23:43:28,2013-12-31 00:09:43,26.3,1
853363,1388447154620000167,20000167,2013-12-30 23:45:54,2013-12-31 00:04:24,18.5,1
853187,1388447259620000901,20000901,2013-12-30 23:47:39,2013-12-31 00:04:09,16.5,1
853275,1388447364620000288,20000288,2013-12-30 23:49:24,2013-12-31 00:00:09,10.8,1
853546,1388447539620000633,20000633,2013-12-30 23:52:19,2013-12-31 00:08:34,16.3,1
854803,1388447593620000362,20000362,2013-12-30 23:53:13,2013-12-31 00:02:13,9.0,1
853196,1388447624620000678,20000678,2013-12-30 23:53:44,2013-12-31 00:05:29,11.8,1
853326,1388447690620000004,20000004,2013-12-30 23:54:50,2013-12-31 00:05:50,11.0,1
853239,1388447701620000612,20000612,2013-12-30 23:55:01,2013-12-31 00:02:31,7.5,1
853714,1388447730620000030,20000030,2013-12-30 23:55:30,2013-12-31 00:08:30,13.0,1
853812,1388447829620000598,20000598,2013-12-30 23:57:09,2013-12-31 00:12:54,15.8,1
853219,1388447830620000688,20000688,2013-12-30 23:57:10,2013-12-31 00:17:55,20.8,1
853346,1388447851620000171,20000171,2013-12-30 23:57:31,2013-12-31 00:01:46,4.3,1
853163,1388447852620000285,20000285,2013-12-30 23:57:32,2013-12-31 00:06:32,9.0,1
853286,1388447895620000057,20000057,2013-12-30 23:58:15,2013-12-31 00:04:30,6.3,1
854051,1388447896620000384,20000384,2013-12-30 23:58:16,2013-12-31 00:03:46,5.5,1
853212,1388447936620000626,20000626,2013-12-30 23:58:56,2013-12-31 00:11:26,12.5,1
853337,1388447971620000154,20000154,2013-12-30 23:59:31,2013-12-31 00:19:01,19.5,1
853194,1388447978620000569,20000569,2013-12-30 23:59:38,2013-12-31 00:04:38,5.0,1
853248,1388447981620000424,20000424,2013-12-30 23:59:41,2013-12-31 00:09:11,9.5,1
853296,1388447984620000224,20000224,2013-12-30 23:59:44,2013-12-31 00:06:29,6.8,1
860341,1388525083620000224,20000224,2013-12-31 21:24:43,2014-01-01 02:13:58,289.3,1
858287,1388529844620000571,20000571,2013-12-31 22:44:04,2014-01-01 00:00:04,76.0,1
858216,1388532707620000252,20000252,2013-12-31 23:31:47,2014-01-01 00:04:32,32.8,1
858346,1388533117620000681,20000681,2013-12-31 23:38:37,2014-01-01 00:04:37,26.0,1
858325,1388533188620000311,20000311,2013-12-31 23:39:48,2014-01-01 00:05:33,25.8,1
858608,1388533523620000332,20000332,2013-12-31 23:45:23,2014-01-01 00:30:53,45.5,1
858300,1388533595620000105,20000105,2013-12-31 23:46:35,2014-01-01 00:00:05,13.5,1
858406,1388533782620000435,20000435,2013-12-31 23:49:42,2014-01-01 00:18:57,29.3,1
858234,1388533841620000057,20000057,2013-12-31 23:50:41,2014-01-01 00:07:56,17.3,1
858220,1388533849620000901,20000901,2013-12-31 23:50:49,2014-01-01 00:01:19,10.5,1
858222,1388533897620000513,20000513,2013-12-31 23:51:37,2014-01-01 00:00:52,9.3,1
858534,1388533909620000518,20000518,2013-12-31 23:51:49,2014-01-01 00:19:19,27.5,1
858238,1388533923620000453,20000453,2013-12-31 23:52:03,2014-01-01 00:01:33,9.5,1
858318,1388533958620000074,20000074,2013-12-31 23:52:38,2014-01-01 00:13:38,21.0,1
858488,1388533963620000108,20000108,2013-12-31 23:52:43,2014-01-01 00:02:43,10.0,1
858244,1388533970620000327,20000327,2013-12-31 23:52:50,2014-01-01 00:06:35,13.8,1
858236,1388533987620000256,20000256,2013-12-31 23:53:07,2014-01-01 00:05:22,12.3,1
858531,1388534038620000372,20000372,2013-12-31 23:53:58,2014-01-01 00:01:43,7.8,1
858267,1388534057620000430,20000430,2013-12-31 23:54:17,2014-01-01 00:14:47,20.5,1
858365,1388534057620000201,20000201,2013-12-31 23:54:17,2014-01-01 00:02:32,8.3,1
858423,1388534059620000171,20000171,2013-12-31 23:54:19,2014-01-01 00:03:49,9.5,1
858269,1388534071620000217,20000217,2013-12-31 23:54:31,2014-01-01 00:02:16,7.8,1
858263,1388534075620000686,20000686,2013-12-31 23:54:35,2014-01-01 00:05:50,11.3,1
858272,1388534112620000020,20000020,2013-12-31 23:55:12,2014-01-01 00:03:12,8.0,1
858229,1388534140620000341,20000341,2013-12-31 23:55:40,2014-01-01 00:01:55,6.3,1
858363,1388534157620000307,20000307,2013-12-31 23:55:57,2014-01-01 00:08:12,12.3,1
858277,1388534199620000285,20000285,2013-12-31 23:56:39,2014-01-01 00:18:09,21.5,1
858246,1388534206620000280,20000280,2013-12-31 23:56:46,2014-01-01 00:06:46,10.0,1
858434,1388534226620000392,20000392,2013-12-31 23:57:06,2014-01-01 00:02:51,5.8,1
858239,1388534289620000012,20000012,2013-12-31 23:58:09,2014-01-01 00:01:09,3.0,1
858247,1388534290620000570,20000570,2013-12-31 23:58:10,2014-01-01 00:04:55,6.8,1
858241,1388534337620000632,20000632,2013-12-31 23:58:57,2014-01-01 00:08:27,9.5,1
858380,1388534345620000255,20000255,2013-12-31 23:59:05,2014-01-01 00:08:50,9.8,1
858397,1388534363620000216,20000216,2013-12-31 23:59:23,2014-01-01 00:07:38,8.3,1
865731,1388617783620000201,20000201,2014-01-01 23:09:43,2014-01-02 00:07:58,58.3,1
865785,1388618416620000395,20000395,2014-01-01 23:20:16,2014-01-02 00:04:46,44.5,1
865755,1388619265620000005,20000005,2014-01-01 23:34:25,2014-01-02 00:03:55,29.5,1
865808,1388619947620000632,20000632,2014-01-01 23:45:47,2014-01-02 00:03:17,17.5,1
865927,1388620328620000497,20000497,2014-01-01 23:52:08,2014-01-02 00:21:23,29.3,1
865767,1388620340620000235,20000235,2014-01-01 23:52:20,2014-01-02 00:12:50,20.5,1
865722,1388620345620000680,20000680,2014-01-01 23:52:25,2014-01-02 00:02:55,10.5,1
866241,1388620454620000057,20000057,2014-01-01 23:54:14,2014-01-02 00:03:59,9.8,1
865712,1388620471620000657,20000657,2014-01-01 23:54:31,2014-01-02 00:04:31,10.0,1
866229,1388620544620000589,20000589,2014-01-01 23:55:44,2014-01-02 00:06:29,10.8,1
865736,1388620650620000101,20000101,2014-01-01 23:57:30,2014-01-02 00:02:30,5.0,1
865716,1388620652620000450,20000450,2014-01-01 23:57:32,2014-01-02 00:05:02,7.5,1
865815,1388620697620000307,20000307,2014-01-01 23:58:17,2014-01-02 00:14:32,16.3,1
865751,1388620706620000476,20000476,2014-01-01 23:58:26,2014-01-02 00:02:41,4.3,1
865842,1388620761620000492,20000492,2014-01-01 23:59:21,2014-01-02 00:05:21,6.0,1
865810,1388620762620000324,20000324,2014-01-01 23:59:22,2014-01-02 00:05:22,6.0,1
870544,1388705726620000486,20000486,2014-01-02 23:35:26,2014-01-03 00:08:56,33.5,1
870755,1388705910620000364,20000364,2014-01-02 23:38:30,2014-01-03 00:06:15,27.8,1
870363,1388706229620000154,20000154,2014-01-02 23:43:49,2014-01-03 00:12:49,29.0,1
870389,1388706615620000197,20000197,2014-01-02 23:50:15,2014-01-03 00:11:15,21.0,1
870302,1388706729620000363,20000363,2014-01-02 23:52:09,2014-01-03 00:04:24,12.3,1
870347,1388706787620000089,20000089,2014-01-02 23:53:07,2014-01-03 00:01:52,8.8,1
870280,1388706853620000476,20000476,2014-01-02 23:54:13,2014-01-03 00:06:43,12.5,1
870281,1388706888620000196,20000196,2014-01-02 23:54:48,2014-01-03 00:30:48,36.0,1
870361,1388706920620000903,20000903,2014-01-02 23:55:20,2014-01-03 00:03:20,8.0,1
870355,1388706959620000057,20000057,2014-01-02 23:55:59,2014-01-03 00:13:59,18.0,1
870230,1388706983620000395,20000395,2014-01-02 23:56:23,2014-01-03 00:02:23,6.0,1
870373,1388707000620000455,20000455,2014-01-02 23:56:40,2014-01-03 00:01:10,4.5,1
870396,1388707013620000514,20000514,2014-01-02 23:56:53,2014-01-03 00:09:23,12.5,1
870414,1388707032620000612,20000612,2014-01-02 23:57:12,2014-01-03 00:02:12,5.0,1
870223,1388707061620000011,20000011,2014-01-02 23:57:41,2014-01-03 00:01:56,4.3,1
870286,1388707076620000625,20000625,2014-01-02 23:57:56,2014-01-03 00:06:56,9.0,1
870245,1388707159620000610,20000610,2014-01-02 23:59:19,2014-01-03 00:04:04,4.8,1
874647,1388792593620000488,20000488,2014-01-03 23:43:13,2014-01-04 00:05:28,22.3,1
874390,1388792868620000297,20000297,2014-01-03 23:47:48,2014-01-04 00:03:33,15.8,1
874488,1388792898620000157,20000157,2014-01-03 23:48:18,2014-01-04 00:07:18,19.0,1
874508,1388792912620000686,20000686,2014-01-03 23:48:32,2014-01-04 00:00:17,11.8,1
874371,1388792951620000129,20000129,2014-01-03 23:49:11,2014-01-04 00:02:11,13.0,1
874622,1388792973620000304,20000304,2014-01-03 23:49:33,2014-01-04 00:09:03,19.5,1
874368,1388793065620000486,20000486,2014-01-03 23:51:05,2014-01-04 00:02:35,11.5,1
874458,1388793176620000004,20000004,2014-01-03 23:52:56,2014-01-04 00:05:11,12.3,1
874495,1388793194620000574,20000574,2014-01-03 23:53:14,2014-01-04 00:08:59,15.8,1
874480,1388793233620000423,20000423,2014-01-03 23:53:53,2014-01-04 00:07:23,13.5,1
874418,1388793254620000549,20000549,2014-01-03 23:54:14,2014-01-04 00:13:44,19.5,1
874482,1388793317620000251,20000251,2014-01-03 23:55:17,2014-01-04 00:04:17,9.0,1
874524,1388793353620000307,20000307,2014-01-03 23:55:53,2014-01-04 00:07:53,12.0,1
874594,1388793388620000120,20000120,2014-01-03 23:56:28,2014-01-04 00:08:28,12.0,1
874735,1388793410620000653,20000653,2014-01-03 23:56:50,2014-01-04 00:10:35,13.8,1
874434,1388793458620000671,20000671,2014-01-03 23:57:38,2014-01-04 00:01:38,4.0,1
874621,1388793478620000031,20000031,2014-01-03 23:57:58,2014-01-04 00:10:13,12.3,1
874633,1388793527620000142,20000142,2014-01-03 23:58:47,2014-01-04 00:07:02,8.3,1
874384,1388793557620000353,20000353,2014-01-03 23:59:17,2014-01-04 00:14:17,15.0,1
874561,1388793557620000009,20000009,2014-01-03 23:59:17,2014-01-04 00:12:02,12.8,1
880226,1388874505620000520,20000520,2014-01-04 22:28:25,2014-01-05 05:55:10,446.8,1
879087,1388876966620000486,20000486,2014-01-04 23:09:26,2014-01-05 00:01:26,52.0,1
878636,1388878915620000662,20000662,2014-01-04 23:41:55,2014-01-05 00:01:25,19.5,1
878435,1388879086620000387,20000387,2014-01-04 23:44:46,2014-01-05 00:00:46,16.0,1
878604,1388879310620000010,20000010,2014-01-04 23:48:30,2014-01-05 00:09:30,21.0,1
878483,1388879357620000901,20000901,2014-01-04 23:49:17,2014-01-05 00:06:47,17.5,1
878413,1388879379620000224,20000224,2014-01-04 23:49:39,2014-01-05 00:09:24,19.8,1
878779,1388879413620000255,20000255,2014-01-04 23:50:13,2014-01-05 00:02:43,12.5,1
878558,1388879456620000304,20000304,2014-01-04 23:50:56,2014-01-05 00:33:26,42.5,1
878459,1388879503620000328,20000328,2014-01-04 23:51:43,2014-01-05 00:06:13,14.5,1
878615,1388879558620000672,20000672,2014-01-04 23:52:38,2014-01-05 00:29:08,36.5,1
878479,1388879587620000216,20000216,2014-01-04 23:53:07,2014-01-05 00:00:07,7.0,1
878488,1388879623620000612,20000612,2014-01-04 23:53:43,2014-01-05 00:10:43,17.0,1
878506,1388879628620000269,20000269,2014-01-04 23:53:48,2014-01-05 00:00:48,7.0,1
878996,1388879631620000675,20000675,2014-01-04 23:53:51,2014-01-05 00:13:51,20.0,1
878564,1388879639620000081,20000081,2014-01-04 23:53:59,2014-01-05 00:02:59,9.0,1
878412,1388879649620000119,20000119,2014-01-04 23:54:09,2014-01-05 00:00:39,6.5,1
878453,1388879659620000045,20000045,2014-01-04 23:54:19,2014-01-05 00:01:49,7.5,1
878681,1388879659620000664,20000664,2014-01-04 23:54:19,2014-01-05 00:01:49,7.5,1
878464,1388879660620000488,20000488,2014-01-04 23:54:20,2014-01-05 00:06:50,12.5,1
878441,1388879690620000554,20000554,2014-01-04 23:54:50,2014-01-05 00:04:05,9.3,1
878596,1388879717620000600,20000600,2014-01-04 23:55:17,2014-01-05 00:02:02,6.8,1
878638,1388879729620000136,20000136,2014-01-04 23:55:29,2014-01-05 00:05:29,10.0,1
880460,1388879736620000343,20000343,2014-01-04 23:55:36,2014-01-05 00:09:06,13.5,1
878545,1388879791620000101,20000101,2014-01-04 23:56:31,2014-01-05 00:03:46,7.3,1
878612,1388879800620000476,20000476,2014-01-04 23:56:40,2014-01-05 00:03:25,6.8,1
878417,1388879809620000372,20000372,2014-01-04 23:56:49,2014-01-05 00:11:04,14.3,1
878452,1388879818620000482,20000482,2014-01-04 23:56:58,2014-01-05 00:04:43,7.8,1
878709,1388879862620000013,20000013,2014-01-04 23:57:42,2014-01-05 00:19:12,21.5,1
878477,1388879875620000129,20000129,2014-01-04 23:57:55,2014-01-05 00:20:25,22.5,1
878467,1388879902620000231,20000231,2014-01-04 23:58:22,2014-01-05 00:03:52,5.5,1
878465,1388879956620000529,20000529,2014-01-04 23:59:16,2014-01-05 00:09:46,10.5,1
878478,1388879999620000395,20000395,2014-01-04 23:59:59,2014-01-05 00:18:59,19.0,1
882335,1388961675620000904,20000904,2014-01-05 22:41:15,2014-01-06 00:04:15,83.0,1
882427,1388965252620000042,20000042,2014-01-05 23:40:52,2014-01-06 00:01:37,20.8,1
884384,1388965439620000570,20000570,2014-01-05 23:43:59,2014-01-06 00:01:59,18.0,1
882446,1388965691620000333,20000333,2014-01-05 23:48:11,2014-01-06 00:00:26,12.3,1
882124,1388965855620000325,20000325,2014-01-05 23:50:55,2014-01-06 00:03:40,12.8,1
882107,1388965909620000009,20000009,2014-01-05 23:51:49,2014-01-06 00:05:34,13.8,1
882030,1388966047620000473,20000473,2014-01-05 23:54:07,2014-01-06 00:00:22,6.3,1
882964,1388966057620000626,20000626,2014-01-05 23:54:17,2014-01-06 00:04:17,10.0,1
883873,1388966158620000303,20000303,2014-01-05 23:55:58,2014-01-06 00:06:28,10.5,1
882155,1388966280620000657,20000657,2014-01-05 23:58:00,2014-01-06 00:13:30,15.5,1
882072,1388966382620000503,20000503,2014-01-05 23:59:42,2014-01-06 00:10:42,11.0,1
886563,1389051876620000140,20000140,2014-01-06 23:44:36,2014-01-07 00:00:51,16.3,1
886513,1389052298620000307,20000307,2014-01-06 23:51:38,2014-01-07 00:04:08,12.5,1
886546,1389052423620000610,20000610,2014-01-06 23:53:43,2014-01-07 00:26:28,32.8,1
886726,1389052572620000167,20000167,2014-01-06 23:56:12,2014-01-07 00:02:42,6.5,1
886655,1389052622620000446,20000446,2014-01-06 23:57:02,2014-01-07 00:01:47,4.8,1
886590,1389052657620000632,20000632,2014-01-06 23:57:37,2014-01-07 00:04:07,6.5,1
886714,1389052669620000333,20000333,2014-01-06 23:57:49,2014-01-07 00:05:04,7.3,1
886533,1389052709620000305,20000305,2014-01-06 23:58:29,2014-01-07 00:10:29,12.0,1
886561,1389052729620000518,20000518,2014-01-06 23:58:49,2014-01-07 00:07:04,8.3,1
890574,1389136893620000338,20000338,2014-01-07 23:21:33,2014-01-08 00:04:33,43.0,1
890619,1389137143620000233,20000233,2014-01-07 23:25:43,2014-01-08 00:21:58,56.3,1
890492,1389137149620000129,20000129,2014-01-07 23:25:49,2014-01-08 00:08:49,43.0,1
890896,1389137691620000486,20000486,2014-01-07 23:34:51,2014-01-08 00:00:06,25.3,1
890523,1389138676620000688,20000688,2014-01-07 23:51:16,2014-01-08 00:07:01,15.8,1
890640,1389138732620000167,20000167,2014-01-07 23:52:12,2014-01-08 00:11:27,19.3,1
891668,1389138744620000697,20000697,2014-01-07 23:52:24,2014-01-08 00:06:24,14.0,1
890472,1389138756620000589,20000589,2014-01-07 23:52:36,2014-01-08 00:01:06,8.5,1
890498,1389138780620000616,20000616,2014-01-07 23:53:00,2014-01-08 00:02:00,9.0,1
890534,1389138801620000216,20000216,2014-01-07 23:53:21,2014-01-08 00:01:06,7.8,1
890548,1389138806620000304,20000304,2014-01-07 23:53:26,2014-01-08 00:07:11,13.8,1
890540,1389138851620000325,20000325,2014-01-07 23:54:11,2014-01-08 00:03:26,9.3,1
890665,1389138876620000089,20000089,2014-01-07 23:54:36,2014-01-08 00:13:36,19.0,1
890537,1389139088620000157,20000157,2014-01-07 23:58:08,2014-01-08 00:04:08,6.0,1
890769,1389139110620000483,20000483,2014-01-07 23:58:30,2014-01-08 00:04:45,6.3,1
890522,1389139172620000472,20000472,2014-01-07 23:59:32,2014-01-08 00:06:02,6.5,1
897943,1389211136620000250,20000250,2014-01-08 19:58:56,2014-01-09 03:19:56,441.0,1
895164,1389224019620000518,20000518,2014-01-08 23:33:39,2014-01-09 00:34:24,60.8,1
894786,1389224107620000008,20000008,2014-01-08 23:35:07,2014-01-09 00:06:37,31.5,1
896261,1389224566620000288,20000288,2014-01-08 23:42:46,2014-01-09 00:00:31,17.8,1
895558,1389225043620000362,20000362,2014-01-08 23:50:43,2014-01-09 00:00:13,9.5,1
896227,1389225158620000216,20000216,2014-01-08 23:52:38,2014-01-09 00:00:08,7.5,1
894738,1389225160620000395,20000395,2014-01-08 23:52:40,2014-01-09 00:00:55,8.3,1
895335,1389225264620000657,20000657,2014-01-08 23:54:24,2014-01-09 00:02:09,7.8,1
894553,1389225265620000423,20000423,2014-01-08 23:54:25,2014-01-09 00:12:55,18.5,1
895342,1389225281620000151,20000151,2014-01-08 23:54:41,2014-01-09 00:06:41,12.0,1
894494,1389225349620000364,20000364,2014-01-08 23:55:49,2014-01-09 00:04:49,9.0,1
894515,1389225450620000338,20000338,2014-01-08 23:57:30,2014-01-09 00:02:45,5.3,1
894621,1389225458620000387,20000387,2014-01-08 23:57:38,2014-01-09 00:01:38,4.0,1
896770,1389225475620000453,20000453,2014-01-08 23:57:55,2014-01-09 00:03:55,6.0,1
894586,1389225483620000067,20000067,2014-01-08 23:58:03,2014-01-09 00:03:48,5.8,1
894665,1389225566620000675,20000675,2014-01-08 23:59:26,2014-01-09 00:07:41,8.3,1
895153,1389225597620000252,20000252,2014-01-08 23:59:57,2014-01-09 00:32:27,32.5,1
898706,1389309921620000598,20000598,2014-01-09 23:25:21,2014-01-10 00:07:36,42.3,1
899019,1389310094620000665,20000665,2014-01-09 23:28:14,2014-01-10 00:08:59,40.8,1
899852,1389311014620000901,20000901,2014-01-09 23:43:34,2014-01-10 00:00:19,16.8,1
898681,1389311353620000688,20000688,2014-01-09 23:49:13,2014-01-10 00:00:28,11.3,1
898880,1389311600620000591,20000591,2014-01-09 23:53:20,2014-01-10 00:03:35,10.3,1
899758,1389311650620000303,20000303,2014-01-09 23:54:10,2014-01-10 00:13:55,19.8,1
898781,1389311656620000542,20000542,2014-01-09 23:54:16,2014-01-10 00:02:46,8.5,1
898764,1389311709620000054,20000054,2014-01-09 23:55:09,2014-01-10 00:04:09,9.0,1
898682,1389311741620000305,20000305,2014-01-09 23:55:41,2014-01-10 00:01:11,5.5,1
898763,1389311742620000574,20000574,2014-01-09 23:55:42,2014-01-10 00:19:27,23.8,1
899563,1389311754620000387,20000387,2014-01-09 23:55:54,2014-01-10 00:05:39,9.8,1
899259,1389311807620000120,20000120,2014-01-09 23:56:47,2014-01-10 00:06:17,9.5,1
898796,1389311905620000569,20000569,2014-01-09 23:58:25,2014-01-10 00:01:40,3.3,1
898813,1389311961620000233,20000233,2014-01-09 23:59:21,2014-01-10 00:13:06,13.8,1
904203,1389394000620000243,20000243,2014-01-10 22:46:40,2014-01-11 00:45:55,119.3,1
903699,1389394530620000105,20000105,2014-01-10 22:55:30,2014-01-11 00:47:45,112.3,1
903485,1389395838620000045,20000045,2014-01-10 23:17:18,2014-01-11 00:31:33,74.3,1
903409,1389397267620000497,20000497,2014-01-10 23:41:07,2014-01-11 00:06:07,25.0,1
903475,1389397474620000199,20000199,2014-01-10 23:44:34,2014-01-11 00:06:34,22.0,1
903440,1389397554620000529,20000529,2014-01-10 23:45:54,2014-01-11 00:36:39,50.8,1
903497,1389397581620000554,20000554,2014-01-10 23:46:21,2014-01-11 00:08:21,22.0,1
903477,1389397593620000304,20000304,2014-01-10 23:46:33,2014-01-11 00:32:03,45.5,1
903529,1389397595620000603,20000603,2014-01-10 23:46:35,2014-01-11 00:24:20,37.8,1
903467,1389397714620000233,20000233,2014-01-10 23:48:34,2014-01-11 00:01:04,12.5,1
903569,1389397741620000012,20000012,2014-01-10 23:49:01,2014-01-11 00:03:16,14.3,1
903663,1389397866620000020,20000020,2014-01-10 23:51:06,2014-01-11 00:07:21,16.3,1
903755,1389397915620000263,20000263,2014-01-10 23:51:55,2014-01-11 00:06:10,14.3,1
903612,1389397944620000688,20000688,2014-01-10 23:52:24,2014-01-11 00:01:24,9.0,1
903460,1389397956620000446,20000446,2014-01-10 23:52:36,2014-01-11 00:08:21,15.8,1
903370,1389397971620000392,20000392,2014-01-10 23:52:51,2014-01-11 00:01:51,9.0,1
903328,1389397982620000542,20000542,2014-01-10 23:53:02,2014-01-11 00:02:32,9.5,1
903344,1389397991620000119,20000119,2014-01-10 23:53:11,2014-01-11 00:03:56,10.8,1
903330,1389397993620000116,20000116,2014-01-10 23:53:13,2014-01-11 00:03:43,10.5,1
903629,1389398019620000217,20000217,2014-01-10 23:53:39,2014-01-11 00:03:39,10.0,1
903926,1389398021620000617,20000617,2014-01-10 23:53:41,2014-01-11 00:07:26,13.8,1
903625,1389398066620000612,20000612,2014-01-10 23:54:26,2014-01-11 00:10:26,16.0,1
903391,1389398117620000295,20000295,2014-01-10 23:55:17,2014-01-11 00:16:32,21.3,1
903425,1389398160620000089,20000089,2014-01-10 23:56:00,2014-01-11 00:00:30,4.5,1
903469,1389398190620000473,20000473,2014-01-10 23:56:30,2014-01-11 00:08:00,11.5,1
903395,1389398199620000624,20000624,2014-01-10 23:56:39,2014-01-11 00:09:24,12.8,1
903551,1389398238620000024,20000024,2014-01-10 23:57:18,2014-01-11 00:09:03,11.8,1
903555,1389398244620000372,20000372,2014-01-10 23:57:24,2014-01-11 00:09:09,11.8,1
903360,1389398250620000362,20000362,2014-01-10 23:57:30,2014-01-11 00:06:15,8.8,1
903427,1389398279620000192,20000192,2014-01-10 23:57:59,2014-01-11 00:05:14,7.3,1
903545,1389398303620000686,20000686,2014-01-10 23:58:23,2014-01-11 00:00:08,1.8,1
903719,1389398315620000245,20000245,2014-01-10 23:58:35,2014-01-11 00:22:05,23.5,1
903549,1389398324620000600,20000600,2014-01-10 23:58:44,2014-01-11 00:12:14,13.5,1
903698,1389398328620000492,20000492,2014-01-10 23:58:48,2014-01-11 00:09:33,10.8,1
904825,1389398381620000254,20000254,2014-01-10 23:59:41,2014-01-11 00:06:41,7.0,1
903618,1389398399620000167,20000167,2014-01-10 23:59:59,2014-01-11 00:07:29,7.5,1
907743,1389481149620000435,20000435,2014-01-11 22:59:09,2014-01-12 00:01:09,62.0,1
907804,1389483261620000574,20000574,2014-01-11 23:34:21,2014-01-12 01:01:21,87.0,1
907566,1389483967620000171,20000171,2014-01-11 23:46:07,2014-01-12 00:09:07,23.0,1
907780,1389483989620000101,20000101,2014-01-11 23:46:29,2014-01-12 00:03:14,16.8,1
907859,1389484108620000542,20000542,2014-01-11 23:48:28,2014-01-12 00:03:58,15.5,1
907985,1389484116620000403,20000403,2014-01-11 23:48:36,2014-01-12 00:03:21,14.8,1
907708,1389484227620000024,20000024,2014-01-11 23:50:27,2014-01-12 00:01:12,10.8,1
907674,1389484238620000470,20000470,2014-01-11 23:50:38,2014-01-12 00:01:08,10.5,1
907681,1389484241620000424,20000424,2014-01-11 23:50:41,2014-01-12 00:00:56,10.3,1
907632,1389484252620000617,20000617,2014-01-11 23:50:52,2014-01-12 00:01:07,10.3,1
907669,1389484337620000904,20000904,2014-01-11 23:52:17,2014-01-12 00:05:32,13.3,1
907936,1389484358620000665,20000665,2014-01-11 23:52:38,2014-01-12 00:14:23,21.8,1
907718,1389484373620000305,20000305,2014-01-11 23:52:53,2014-01-12 00:07:23,14.5,1
907629,1389484467620000684,20000684,2014-01-11 23:54:27,2014-01-12 00:01:57,7.5,1
907583,1389484490620000179,20000179,2014-01-11 23:54:50,2014-01-12 00:22:35,27.8,1
907615,1389484533620000010,20000010,2014-01-11 23:55:33,2014-01-12 00:07:18,11.8,1
907549,1389484564620000658,20000658,2014-01-11 23:56:04,2014-01-12 00:04:49,8.8,1
907577,1389484592620000529,20000529,2014-01-11 23:56:32,2014-01-12 00:06:47,10.3,1
907817,1389484604620000022,20000022,2014-01-11 23:56:44,2014-01-12 00:07:44,11.0,1
907714,1389484664620000328,20000328,2014-01-11 23:57:44,2014-01-12 00:15:29,17.8,1
907668,1389484678620000235,20000235,2014-01-11 23:57:58,2014-01-12 00:08:28,10.5,1
907832,1389484701620000569,20000569,2014-01-11 23:58:21,2014-01-12 00:03:36,5.3,1
907598,1389484749620000430,20000430,2014-01-11 23:59:09,2014-01-12 00:19:09,20.0,1
907631,1389484756620000337,20000337,2014-01-11 23:59:16,2014-01-12 00:08:46,9.5,1
907727,1389484793620000577,20000577,2014-01-11 23:59:53,2014-01-12 00:14:23,14.5,1
911546,1389569968620000367,20000367,2014-01-12 23:39:28,2014-01-13 00:17:28,38.0,1
911383,1389570286620000129,20000129,2014-01-12 23:44:46,2014-01-13 00:08:16,23.5,1
911356,1389570287620000179,20000179,2014-01-12 23:44:47,2014-01-13 00:05:17,20.5,1
911366,1389570640620000657,20000657,2014-01-12 23:50:40,2014-01-13 00:00:40,10.0,1
912815,1389570647620000295,20000295,2014-01-12 23:50:47,2014-01-13 00:11:32,20.8,1
911352,1389570733620000670,20000670,2014-01-12 23:52:13,2014-01-13 00:08:28,16.3,1
911377,1389570744620000481,20000481,2014-01-12 23:52:24,2014-01-13 00:17:24,25.0,1
911336,1389570890620000372,20000372,2014-01-12 23:54:50,2014-01-13 00:02:50,8.0,1
911385,1389570914620000171,20000171,2014-01-12 23:55:14,2014-01-13 00:00:44,5.5,1
911467,1389570946620000288,20000288,2014-01-12 23:55:46,2014-01-13 00:21:16,25.5,1
911375,1389570951620000333,20000333,2014-01-12 23:55:51,2014-01-13 00:03:51,8.0,1
911303,1389571031620000688,20000688,2014-01-12 23:57:11,2014-01-13 00:06:26,9.3,1
911350,1389571078620000233,20000233,2014-01-12 23:57:58,2014-01-13 00:02:28,4.5,1
911341,1389571116620000012,20000012,2014-01-12 23:58:36,2014-01-13 00:08:06,9.5,1
911293,1389571117620000235,20000235,2014-01-12 23:58:37,2014-01-13 00:10:07,11.5,1
911338,1389571118620000403,20000403,2014-01-12 23:58:38,2014-01-13 00:04:23,5.8,1
911291,1389571153620000196,20000196,2014-01-12 23:59:13,2014-01-13 00:00:58,1.8,1
916010,1389655957620000020,20000020,2014-01-13 23:32:37,2014-01-14 00:13:37,41.0,1
915359,1389656903620000011,20000011,2014-01-13 23:48:23,2014-01-14 00:08:53,20.5,1
915451,1389656920620000179,20000179,2014-01-13 23:48:40,2014-01-14 00:05:55,17.3,1
917199,1389657323620000151,20000151,2014-01-13 23:55:23,2014-01-14 00:06:23,11.0,1
915344,1389657345620000066,20000066,2014-01-13 23:55:45,2014-01-14 00:06:00,10.3,1
918950,1389657387620000570,20000570,2014-01-13 23:56:27,2014-01-14 00:24:57,28.5,1
915393,1389657412620000395,20000395,2014-01-13 23:56:52,2014-01-14 00:02:37,5.8,1
915351,1389657486620000610,20000610,2014-01-13 23:58:06,2014-01-14 00:17:36,19.5,1
915379,1389657576620000569,20000569,2014-01-13 23:59:36,2014-01-14 00:03:36,4.0,1
915693,1389657597620000618,20000618,2014-01-13 23:59:57,2014-01-14 00:09:27,9.5,1
922026,1389742686620000598,20000598,2014-01-14 23:38:06,2014-01-15 00:20:51,42.8,1
920353,1389743106620000594,20000594,2014-01-14 23:45:06,2014-01-15 00:07:21,22.3,1
919397,1389743117620000435,20000435,2014-01-14 23:45:17,2014-01-15 00:05:32,20.3,1
919255,1389743504620000179,20000179,2014-01-14 23:51:44,2014-01-15 00:00:44,9.0,1
919588,1389743708620000030,20000030,2014-01-14 23:55:08,2014-01-15 00:07:23,12.3,1
922413,1389743721620000610,20000610,2014-01-14 23:55:21,2014-01-15 00:12:51,17.5,1
919293,1389743749620000672,20000672,2014-01-14 23:55:49,2014-01-15 00:11:19,15.5,1
919603,1389743795620000233,20000233,2014-01-14 23:56:35,2014-01-15 00:08:50,12.3,1
919260,1389743841620000688,20000688,2014-01-14 23:57:21,2014-01-15 00:05:51,8.5,1
919321,1389743878620000197,20000197,2014-01-14 23:57:58,2014-01-15 00:14:13,16.3,1
919251,1389743925620000392,20000392,2014-01-14 23:58:45,2014-01-15 00:04:45,6.0,1
919301,1389743957620000624,20000624,2014-01-14 23:59:17,2014-01-15 00:01:02,1.8,1
919263,1389743985620000360,20000360,2014-01-14 23:59:45,2014-01-15 00:11:00,11.3,1
923583,1389816324620000179,20000179,2014-01-15 20:05:24,2014-01-16 02:48:24,403.0,1
923432,1389829558620000304,20000304,2014-01-15 23:45:58,2014-01-16 00:01:58,16.0,1
923387,1389829900620000610,20000610,2014-01-15 23:51:40,2014-01-16 00:06:10,14.5,1
923520,1389829974620000684,20000684,2014-01-15 23:52:54,2014-01-16 00:06:54,14.0,1
923386,1389829976620000011,20000011,2014-01-15 23:52:56,2014-01-16 00:09:41,16.8,1
924606,1389830007620000392,20000392,2014-01-15 23:53:27,2014-01-16 00:00:42,7.3,1
924248,1389830052620000216,20000216,2014-01-15 23:54:12,2014-01-16 00:19:42,25.5,1
923471,1389830108620000395,20000395,2014-01-15 23:55:08,2014-01-16 00:04:38,9.5,1
923481,1389830113620000129,20000129,2014-01-15 23:55:13,2014-01-16 00:12:43,17.5,1
923567,1389830137620000173,20000173,2014-01-15 23:55:37,2014-01-16 00:01:22,5.8,1
923369,1389830172620000688,20000688,2014-01-15 23:56:12,2014-01-16 00:00:57,4.8,1
923431,1389830211620000012,20000012,2014-01-15 23:56:51,2014-01-16 00:02:06,5.3,1
923456,1389830220620000569,20000569,2014-01-15 23:57:00,2014-01-16 00:02:45,5.8,1
923840,1389830234620000030,20000030,2014-01-15 23:57:14,2014-01-16 00:02:14,5.0,1
923463,1389830289620000360,20000360,2014-01-15 23:58:09,2014-01-16 00:05:24,7.3,1
923451,1389830351620000387,20000387,2014-01-15 23:59:11,2014-01-16 00:04:26,5.3,1
927921,1389906667620000305,20000305,2014-01-16 21:11:07,2014-01-17 00:02:22,171.3,1
929217,1389908215620000509,20000509,2014-01-16 21:36:55,2014-01-17 00:30:10,173.3,1
928020,1389914691620000007,20000007,2014-01-16 23:24:51,2014-01-17 00:00:36,35.8,1
927617,1389915683620000595,20000595,2014-01-16 23:41:23,2014-01-17 00:03:08,21.8,1
927626,1389916080620000598,20000598,2014-01-16 23:48:00,2014-01-17 00:00:30,12.5,1
928513,1389916200620000157,20000157,2014-01-16 23:50:00,2014-01-17 00:03:00,13.0,1
927620,1389916247620000012,20000012,2014-01-16 23:50:47,2014-01-17 00:02:32,11.8,1
927655,1389916427620000670,20000670,2014-01-16 23:53:47,2014-01-17 00:03:47,10.0,1
927778,1389916492620000307,20000307,2014-01-16 23:54:52,2014-01-17 00:15:07,20.3,1
928254,1389916535620000664,20000664,2014-01-16 23:55:35,2014-01-17 00:14:05,18.5,1
927818,1389916569620000569,20000569,2014-01-16 23:56:09,2014-01-17 00:00:24,4.3,1
927688,1389916605620000173,20000173,2014-01-16 23:56:45,2014-01-17 00:09:15,12.5,1
927719,1389916608620000406,20000406,2014-01-16 23:56:48,2014-01-17 00:05:03,8.3,1
927762,1389916634620000633,20000633,2014-01-16 23:57:14,2014-01-17 00:01:44,4.5,1
927630,1389916674620000160,20000160,2014-01-16 23:57:54,2014-01-17 00:12:09,14.3,1
927686,1389916708620000492,20000492,2014-01-16 23:58:28,2014-01-17 00:03:58,5.5,1
927798,1389916732620000140,20000140,2014-01-16 23:58:52,2014-01-17 00:08:22,9.5,1
927611,1389916747620000617,20000617,2014-01-16 23:59:07,2014-01-17 00:09:37,10.5,1
927745,1389916747620000657,20000657,2014-01-16 23:59:07,2014-01-17 00:11:37,12.5,1
927816,1389916754620000446,20000446,2014-01-16 23:59:14,2014-01-17 00:14:44,15.5,1
932114,1390002549620000251,20000251,2014-01-17 23:49:09,2014-01-18 00:03:54,14.8,1
932358,1390002660620000333,20000333,2014-01-17 23:51:00,2014-01-18 00:13:15,22.3,1
932130,1390002711620000612,20000612,2014-01-17 23:51:51,2014-01-18 00:03:36,11.8,1
932275,1390002807620000901,20000901,2014-01-17 23:53:27,2014-01-18 00:01:12,7.8,1
932176,1390002818620000649,20000649,2014-01-17 23:53:38,2014-01-18 00:04:08,10.5,1
932171,1390002853620000472,20000472,2014-01-17 23:54:13,2014-01-18 00:01:28,7.3,1
932109,1390002860620000254,20000254,2014-01-17 23:54:20,2014-01-18 00:04:20,10.0,1
932236,1390002872620000089,20000089,2014-01-17 23:54:32,2014-01-18 00:05:47,11.3,1
932059,1390002953620000450,20000450,2014-01-17 23:55:53,2014-01-18 00:08:23,12.5,1
932192,1390002996620000338,20000338,2014-01-17 23:56:36,2014-01-18 00:08:51,12.3,1
932187,1390003028620000178,20000178,2014-01-17 23:57:08,2014-01-18 00:10:38,13.5,1
932085,1390003044620000297,20000297,2014-01-17 23:57:24,2014-01-18 00:02:24,5.0,1
932257,1390003091620000398,20000398,2014-01-17 23:58:11,2014-01-18 00:01:26,3.3,1
932107,1390003177620000041,20000041,2014-01-17 23:59:37,2014-01-18 00:09:37,10.0,1
936382,1390088108620000570,20000570,2014-01-18 23:35:08,2014-01-19 00:00:53,25.8,1
936552,1390088821620000517,20000517,2014-01-18 23:47:01,2014-01-19 00:09:16,22.3,1
936541,1390088975620000483,20000483,2014-01-18 23:49:35,2014-01-19 00:05:20,15.8,1
936547,1390088983620000360,20000360,2014-01-18 23:49:43,2014-01-19 00:06:43,17.0,1
937210,1390089052620000157,20000157,2014-01-18 23:50:52,2014-01-19 02:37:07,166.3,1
936748,1390089067620000554,20000554,2014-01-18 23:51:07,2014-01-19 00:15:52,24.8,1
936372,1390089116620000651,20000651,2014-01-18 23:51:56,2014-01-19 00:19:41,27.8,1
936435,1390089118620000589,20000589,2014-01-18 23:51:58,2014-01-19 00:01:58,10.0,1
936351,1390089119620000136,20000136,2014-01-18 23:51:59,2014-01-19 00:00:44,8.8,1
936467,1390089122620000440,20000440,2014-01-18 23:52:02,2014-01-19 00:08:47,16.8,1
936373,1390089134620000625,20000625,2014-01-18 23:52:14,2014-01-19 00:00:29,8.3,1
936731,1390089156620000314,20000314,2014-01-18 23:52:36,2014-01-19 00:03:06,10.5,1
936588,1390089198620000345,20000345,2014-01-18 23:53:18,2014-01-19 00:02:18,9.0,1
936598,1390089206620000309,20000309,2014-01-18 23:53:26,2014-01-19 00:06:26,13.0,1
936628,1390089247620000624,20000624,2014-01-18 23:54:07,2014-01-19 00:22:22,28.3,1
936468,1390089267620000901,20000901,2014-01-18 23:54:27,2014-01-19 00:08:57,14.5,1
936483,1390089268620000054,20000054,2014-01-18 23:54:28,2014-01-19 00:05:28,11.0,1
936337,1390089274620000089,20000089,2014-01-18 23:54:34,2014-01-19 00:02:04,7.5,1
936374,1390089278620000435,20000435,2014-01-18 23:54:38,2014-01-19 00:03:23,8.8,1
936601,1390089281620000341,20000341,2014-01-18 23:54:41,2014-01-19 00:00:11,5.5,1
936363,1390089302620000598,20000598,2014-01-18 23:55:02,2014-01-19 00:08:17,13.3,1
936449,1390089381620000667,20000667,2014-01-18 23:56:21,2014-01-19 00:00:36,4.3,1
936504,1390089416620000199,20000199,2014-01-18 23:56:56,2014-01-19 00:14:26,17.5,1
936509,1390089494620000067,20000067,2014-01-18 23:58:14,2014-01-19 00:06:29,8.3,1
936471,1390089506620000269,20000269,2014-01-18 23:58:26,2014-01-19 00:12:11,13.8,1
936436,1390089513620000370,20000370,2014-01-18 23:58:33,2014-01-19 00:06:03,7.5,1
936883,1390089521620000140,20000140,2014-01-18 23:58:41,2014-01-19 00:07:56,9.3,1
936412,1390089525620000359,20000359,2014-01-18 23:58:45,2014-01-19 00:05:30,6.8,1
936431,1390089541620000009,20000009,2014-01-18 23:59:01,2014-01-19 00:11:31,12.5,1
936548,1390089584620000129,20000129,2014-01-18 23:59:44,2014-01-19 00:11:44,12.0,1
940024,1390175395620000687,20000687,2014-01-19 23:49:55,2014-01-20 00:01:10,11.3,1
940124,1390175483620000653,20000653,2014-01-19 23:51:23,2014-01-20 00:23:23,32.0,1
939965,1390175706620000423,20000423,2014-01-19 23:55:06,2014-01-20 00:01:36,6.5,1
940214,1390175731620000167,20000167,2014-01-19 23:55:31,2014-01-20 00:06:16,10.8,1
939981,1390175755620000617,20000617,2014-01-19 23:55:55,2014-01-20 00:01:25,5.5,1
940040,1390175891620000518,20000518,2014-01-19 23:58:11,2014-01-20 00:05:26,7.3,1
940118,1390175916620000004,20000004,2014-01-19 23:58:36,2014-01-20 00:07:51,9.3,1
939976,1390175951620000670,20000670,2014-01-19 23:59:11,2014-01-20 00:22:41,23.5,1
945892,1390261694620000624,20000624,2014-01-20 23:48:14,2014-01-21 00:00:44,12.5,1
943797,1390262153620000569,20000569,2014-01-20 23:55:53,2014-01-21 00:00:23,4.5,1
943778,1390262174620000577,20000577,2014-01-20 23:56:14,2014-01-21 00:16:59,20.8,1
943833,1390262175620000436,20000436,2014-01-20 23:56:15,2014-01-21 00:00:15,4.0,1
943947,1390262207620000617,20000617,2014-01-20 23:56:47,2014-01-21 00:02:02,5.3,1
943752,1390262232620000529,20000529,2014-01-20 23:57:12,2014-01-21 00:03:42,6.5,1
943796,1390262353620000680,20000680,2014-01-20 23:59:13,2014-01-21 00:04:58,5.8,1
943839,1390262395620000280,20000280,2014-01-20 23:59:55,2014-01-21 00:08:10,8.3,1
947951,1390346815620000903,20000903,2014-01-21 23:26:55,2014-01-22 00:15:40,48.8,1
947955,1390348071620000503,20000503,2014-01-21 23:47:51,2014-01-22 00:02:21,14.5,1
947792,1390348108620000625,20000625,2014-01-21 23:48:28,2014-01-22 00:10:28,22.0,1
947893,1390348112620000233,20000233,2014-01-21 23:48:32,2014-01-22 00:01:32,13.0,1
948315,1390348212620000451,20000451,2014-01-21 23:50:12,2014-01-22 00:00:57,10.8,1
947706,1390348246620000406,20000406,2014-01-21 23:50:46,2014-01-22 00:00:01,9.3,1
947783,1390348287620000345,20000345,2014-01-21 23:51:27,2014-01-22 00:07:57,16.5,1
947818,1390348297620000483,20000483,2014-01-21 23:51:37,2014-01-22 00:01:07,9.5,1
949979,1390348325620000570,20000570,2014-01-21 23:52:05,2014-01-22 00:12:05,20.0,1
947705,1390348326620000453,20000453,2014-01-21 23:52:06,2014-01-22 00:15:36,23.5,1
947892,1390348401620000640,20000640,2014-01-21 23:53:21,2014-01-22 00:02:51,9.5,1
947757,1390348491620000476,20000476,2014-01-21 23:54:51,2014-01-22 00:12:21,17.5,1
947720,1390348550620000904,20000904,2014-01-21 23:55:50,2014-01-22 00:06:50,11.0,1
947777,1390348613620000004,20000004,2014-01-21 23:56:53,2014-01-22 00:18:38,21.8,1
947686,1390348622620000569,20000569,2014-01-21 23:57:02,2014-01-22 00:02:47,5.8,1
948236,1390348745620000687,20000687,2014-01-21 23:59:05,2014-01-22 00:10:50,11.8,1
951486,1390433952620000129,20000129,2014-01-22 23:39:12,2014-01-23 00:08:57,29.8,1
951689,1390434600620000903,20000903,2014-01-22 23:50:00,2014-01-23 00:07:45,17.8,1
953435,1390434626620000448,20000448,2014-01-22 23:50:26,2014-01-23 00:05:26,15.0,1
951784,1390434634620000435,20000435,2014-01-22 23:50:34,2014-01-23 00:02:04,11.5,1
952254,1390434658620000242,20000242,2014-01-22 23:50:58,2014-01-23 00:00:58,10.0,1
951627,1390434696620000157,20000157,2014-01-22 23:51:36,2014-01-23 00:05:36,14.0,1
951727,1390434787620000611,20000611,2014-01-22 23:53:07,2014-01-23 00:20:22,27.3,1
951534,1390434817620000392,20000392,2014-01-22 23:53:37,2014-01-23 00:02:07,8.5,1
951542,1390434851620000423,20000423,2014-01-22 23:54:11,2014-01-23 00:00:56,6.8,1
952085,1390435046620000325,20000325,2014-01-22 23:57:26,2014-01-23 00:06:56,9.5,1
951505,1390435069620000626,20000626,2014-01-22 23:57:49,2014-01-23 00:03:04,5.3,1
951858,1390435190620000171,20000171,2014-01-22 23:59:50,2014-01-23 00:35:50,36.0,1
955998,1390520157620000497,20000497,2014-01-23 23:35:57,2014-01-24 00:15:42,39.8,1
956238,1390520681620000030,20000030,2014-01-23 23:44:41,2014-01-24 00:00:56,16.3,1
955591,1390520863620000380,20000380,2014-01-23 23:47:43,2014-01-24 00:00:43,13.0,1
955655,1390520901620000338,20000338,2014-01-23 23:48:21,2014-01-24 00:00:06,11.8,1
955578,1390520963620000406,20000406,2014-01-23 23:49:23,2014-01-24 00:06:38,17.3,1
955575,1390521050620000395,20000395,2014-01-23 23:50:50,2014-01-24 00:01:05,10.3,1
956745,1390521078620000518,20000518,2014-01-23 23:51:18,2014-01-24 00:00:18,9.0,1
955617,1390521084620000304,20000304,2014-01-23 23:51:24,2014-01-24 00:00:54,9.5,1
955756,1390521089620000409,20000409,2014-01-23 23:51:29,2014-01-24 00:00:14,8.8,1
955618,1390521254620000004,20000004,2014-01-23 23:54:14,2014-01-24 00:04:14,10.0,1
955610,1390521292620000671,20000671,2014-01-23 23:54:52,2014-01-24 00:02:52,8.0,1
955636,1390521348620000161,20000161,2014-01-23 23:55:48,2014-01-24 00:01:18,5.5,1
955624,1390521356620000303,20000303,2014-01-23 23:55:56,2014-01-24 00:04:11,8.3,1
955650,1390521424620000520,20000520,2014-01-23 23:57:04,2014-01-24 00:06:04,9.0,1
958471,1390521542620000570,20000570,2014-01-23 23:59:02,2014-01-24 00:17:32,18.5,1
960390,1390606728620000235,20000235,2014-01-24 23:38:48,2014-01-25 00:17:48,39.0,1
960526,1390606788620000611,20000611,2014-01-24 23:39:48,2014-01-25 00:02:48,23.0,1
960274,1390606793620000678,20000678,2014-01-24 23:39:53,2014-01-25 00:00:08,20.3,1
960509,1390607297620000610,20000610,2014-01-24 23:48:17,2014-01-25 00:01:17,13.0,1
963320,1390607334620000024,20000024,2014-01-24 23:48:54,2014-01-25 00:02:54,14.0,1
961342,1390607363620000612,20000612,2014-01-24 23:49:23,2014-01-25 00:00:53,11.5,1
961082,1390607487620000497,20000497,2014-01-24 23:51:27,2014-01-25 00:10:57,19.5,1
960309,1390607585620000161,20000161,2014-01-24 23:53:05,2014-01-25 00:00:35,7.5,1
960412,1390607625620000351,20000351,2014-01-24 23:53:45,2014-01-25 00:05:00,11.3,1
960426,1390607633620000233,20000233,2014-01-24 23:53:53,2014-01-25 00:07:38,13.8,1
960470,1390607665620000624,20000624,2014-01-24 23:54:25,2014-01-25 00:06:10,11.8,1
962585,1390607668620000184,20000184,2014-01-24 23:54:28,2014-01-25 00:23:58,29.5,1
960388,1390607672620000356,20000356,2014-01-24 23:54:32,2014-01-25 00:08:17,13.8,1
960401,1390607721620000570,20000570,2014-01-24 23:55:21,2014-01-25 00:05:51,10.5,1
960567,1390607730620000688,20000688,2014-01-24 23:55:30,2014-01-25 00:09:00,13.5,1
960335,1390607760620000269,20000269,2014-01-24 23:56:00,2014-01-25 00:02:30,6.5,1
960386,1390607763620000398,20000398,2014-01-24 23:56:03,2014-01-25 00:13:48,17.8,1
960294,1390607803620000171,20000171,2014-01-24 23:56:43,2014-01-25 00:12:58,16.3,1
960698,1390607806620000243,20000243,2014-01-24 23:56:46,2014-01-25 00:06:46,10.0,1
960382,1390607812620000333,20000333,2014-01-24 23:56:52,2014-01-25 00:09:37,12.8,1
960387,1390607813620000698,20000698,2014-01-24 23:56:53,2014-01-25 00:09:08,12.3,1
960278,1390607826620000453,20000453,2014-01-24 23:57:06,2014-01-25 00:02:06,5.0,1
961668,1390607844620000554,20000554,2014-01-24 23:57:24,2014-01-25 00:04:54,7.5,1
960411,1390607870620000154,20000154,2014-01-24 23:57:50,2014-01-25 00:08:05,10.3,1
960524,1390607883620000195,20000195,2014-01-24 23:58:03,2014-01-25 00:06:33,8.5,1
965844,1390607899620000201,20000201,2014-01-24 23:58:19,2014-01-25 00:06:49,8.5,1
964681,1390607911620000075,20000075,2014-01-24 23:58:31,2014-01-25 00:03:31,5.0,1
960323,1390607935620000011,20000011,2014-01-24 23:58:55,2014-01-25 00:11:25,12.5,1
964666,1390692955620000245,20000245,2014-01-25 23:35:55,2014-01-26 00:11:10,35.3,1
964727,1390693421620000136,20000136,2014-01-25 23:43:41,2014-01-26 00:03:11,19.5,1
965158,1390693692620000616,20000616,2014-01-25 23:48:12,2014-01-26 00:01:27,13.3,1
964513,1390693785620000495,20000495,2014-01-25 23:49:45,2014-01-26 00:01:15,11.5,1
964675,1390693867620000101,20000101,2014-01-25 23:51:07,2014-01-26 00:04:52,13.8,1
964465,1390693907620000303,20000303,2014-01-25 23:51:47,2014-01-26 00:04:17,12.5,1
964500,1390693929620000508,20000508,2014-01-25 23:52:09,2014-01-26 00:01:24,9.3,1
964489,1390694042620000649,20000649,2014-01-25 23:54:02,2014-01-26 00:01:32,7.5,1
964452,1390694044620000529,20000529,2014-01-25 23:54:04,2014-01-26 00:06:04,12.0,1
964461,1390694075620000362,20000362,2014-01-25 23:54:35,2014-01-26 00:09:20,14.8,1
964517,1390694123620000333,20000333,2014-01-25 23:55:23,2014-01-26 00:09:53,14.5,1
964628,1390694134620000279,20000279,2014-01-25 23:55:34,2014-01-26 00:23:49,28.3,1
964476,1390694138620000387,20000387,2014-01-25 23:55:38,2014-01-26 00:03:53,8.3,1
964645,1390694141620000235,20000235,2014-01-25 23:55:41,2014-01-26 00:02:26,6.8,1
964606,1390694153620000157,20000157,2014-01-25 23:55:53,2014-01-26 00:08:08,12.3,1
964670,1390694159620000020,20000020,2014-01-25 23:55:59,2014-01-26 00:06:14,10.3,1
964726,1390694192620000160,20000160,2014-01-25 23:56:32,2014-01-26 00:16:32,20.0,1
964486,1390694213620000419,20000419,2014-01-25 23:56:53,2014-01-26 00:09:53,13.0,1
964674,1390694269620000005,20000005,2014-01-25 23:57:49,2014-01-26 00:05:19,7.5,1
964531,1390694272620000338,20000338,2014-01-25 23:57:52,2014-01-26 00:14:52,17.0,1
964410,1390694289620000542,20000542,2014-01-25 23:58:09,2014-01-26 00:03:24,5.3,1
964421,1390694294620000031,20000031,2014-01-25 23:58:14,2014-01-26 00:07:44,9.5,1
964601,1390694301620000658,20000658,2014-01-25 23:58:21,2014-01-26 00:03:21,5.0,1
964622,1390694301620000199,20000199,2014-01-25 23:58:21,2014-01-26 00:10:21,12.0,1
964514,1390694324620000423,20000423,2014-01-25 23:58:44,2014-01-26 00:06:14,7.5,1
964437,1390694331620000403,20000403,2014-01-25 23:58:51,2014-01-26 00:10:36,11.8,1
964393,1390694353620000520,20000520,2014-01-25 23:59:13,2014-01-26 00:00:13,1.0,1
964612,1390694370620000153,20000153,2014-01-25 23:59:30,2014-01-26 00:10:30,11.0,1
968456,1390779399620000435,20000435,2014-01-26 23:36:39,2014-01-27 00:03:24,26.8,1
968461,1390779503620000529,20000529,2014-01-26 23:38:23,2014-01-27 00:02:08,23.8,1
968442,1390780255620000325,20000325,2014-01-26 23:50:55,2014-01-27 00:04:25,13.5,1
968414,1390780304620000574,20000574,2014-01-26 23:51:44,2014-01-27 00:04:14,12.5,1
968444,1390780561620000520,20000520,2014-01-26 23:56:01,2014-01-27 00:06:16,10.3,1
968408,1390780744620000571,20000571,2014-01-26 23:59:04,2014-01-27 00:11:49,12.8,1
972401,1390865550620000617,20000617,2014-01-27 23:32:30,2014-01-28 00:33:45,61.3,1
974149,1390865845620000509,20000509,2014-01-27 23:37:25,2014-01-28 00:01:55,24.5,1
972240,1390866024620000307,20000307,2014-01-27 23:40:24,2014-01-28 00:07:09,26.8,1
972279,1390866194620000473,20000473,2014-01-27 23:43:14,2014-01-28 00:01:14,18.0,1
974111,1390866364620000448,20000448,2014-01-27 23:46:04,2014-01-28 00:04:34,18.5,1
975065,1390866667620000610,20000610,2014-01-27 23:51:07,2014-01-28 00:04:37,13.5,1
972328,1390866705620000304,20000304,2014-01-27 23:51:45,2014-01-28 00:14:00,22.3,1
972376,1390866747620000395,20000395,2014-01-27 23:52:27,2014-01-28 00:08:12,15.8,1
973649,1390866971620000570,20000570,2014-01-27 23:56:11,2014-01-28 00:01:11,5.0,1
972939,1390867035620000453,20000453,2014-01-27 23:57:15,2014-01-28 00:06:00,8.8,1
972192,1390867117620000651,20000651,2014-01-27 23:58:37,2014-01-28 00:06:37,8.0,1
976360,1390951283620000617,20000617,2014-01-28 23:21:23,2014-01-29 00:08:23,47.0,1
976477,1390952349620000598,20000598,2014-01-28 23:39:09,2014-01-29 00:00:09,21.0,1
976405,1390952820620000341,20000341,2014-01-28 23:47:00,2014-01-29 00:07:00,20.0,1
976293,1390952824620000486,20000486,2014-01-28 23:47:04,2014-01-29 00:16:49,29.8,1
977168,1390952830620000668,20000668,2014-01-28 23:47:10,2014-01-29 00:00:25,13.3,1
976252,1390952922620000688,20000688,2014-01-28 23:48:42,2014-01-29 00:15:42,27.0,1
976265,1390952941620000288,20000288,2014-01-28 23:49:01,2014-01-29 00:01:16,12.3,1
976232,1390953052620000651,20000651,2014-01-28 23:50:52,2014-01-29 00:01:52,11.0,1
976460,1390953060620000525,20000525,2014-01-28 23:51:00,2014-01-29 00:01:45,10.8,1
976325,1390953142620000129,20000129,2014-01-28 23:52:22,2014-01-29 00:01:07,8.8,1
976319,1390953149620000022,20000022,2014-01-28 23:52:29,2014-01-29 00:04:59,12.5,1
977525,1390953176620000574,20000574,2014-01-28 23:52:56,2014-01-29 00:20:56,28.0,1
976234,1390953186620000045,20000045,2014-01-28 23:53:06,2014-01-29 00:02:06,9.0,1
976221,1390953296620000345,20000345,2014-01-28 23:54:56,2014-01-29 00:04:41,9.8,1
976250,1390953360620000231,20000231,2014-01-28 23:56:00,2014-01-29 00:00:15,4.3,1
976393,1390953410620000476,20000476,2014-01-28 23:56:50,2014-01-29 00:15:35,18.8,1
976556,1390953448620000454,20000454,2014-01-28 23:57:28,2014-01-29 00:04:28,7.0,1
976245,1390953498620000610,20000610,2014-01-28 23:58:18,2014-01-29 00:02:48,4.5,1
980074,1391038395620000617,20000617,2014-01-29 23:33:15,2014-01-30 00:03:00,29.8,1
980131,1391038507620000561,20000561,2014-01-29 23:35:07,2014-01-30 00:08:22,33.3,1
980098,1391038783620000254,20000254,2014-01-29 23:39:43,2014-01-30 00:00:28,20.8,1
980045,1391038805620000529,20000529,2014-01-29 23:40:05,2014-01-30 00:01:50,21.8,1
980044,1391039109620000351,20000351,2014-01-29 23:45:09,2014-01-30 00:10:09,25.0,1
980069,1391039182620000514,20000514,2014-01-29 23:46:22,2014-01-30 00:03:22,17.0,1
980181,1391039390620000006,20000006,2014-01-29 23:49:50,2014-01-30 00:08:20,18.5,1
980037,1391039581620000651,20000651,2014-01-29 23:53:01,2014-01-30 00:15:31,22.5,1
980056,1391039606620000015,20000015,2014-01-29 23:53:26,2014-01-30 00:06:26,13.0,1
980208,1391039606620000359,20000359,2014-01-29 23:53:26,2014-01-30 00:04:56,11.5,1
980111,1391039615620000235,20000235,2014-01-29 23:53:35,2014-01-30 00:06:20,12.8,1
980205,1391039664620000360,20000360,2014-01-29 23:54:24,2014-01-30 00:01:09,6.8,1
980157,1391039691620000611,20000611,2014-01-29 23:54:51,2014-01-30 00:04:36,9.8,1
980071,1391039845620000297,20000297,2014-01-29 23:57:25,2014-01-30 00:07:55,10.5,1
980243,1391039941620000424,20000424,2014-01-29 23:59:01,2014-01-30 00:05:16,6.3,1
980227,1391039946620000338,20000338,2014-01-29 23:59:06,2014-01-30 00:02:36,3.5,1
980113,1391039954620000621,20000621,2014-01-29 23:59:14,2014-01-30 00:03:29,4.3,1
980228,1391039969620000455,20000455,2014-01-29 23:59:29,2014-01-30 00:10:44,11.3,1
984374,1391122280620000517,20000517,2014-01-30 22:51:20,2014-01-31 00:06:20,75.0,1
984400,1391125166620000235,20000235,2014-01-30 23:39:26,2014-01-31 00:05:41,26.3,1
984433,1391125404620000617,20000617,2014-01-30 23:43:24,2014-01-31 00:20:24,37.0,1
984371,1391125619620000167,20000167,2014-01-30 23:46:59,2014-01-31 00:03:44,16.8,1
984289,1391125668620000304,20000304,2014-01-30 23:47:48,2014-01-31 00:19:18,31.5,1
984333,1391125720620000406,20000406,2014-01-30 23:48:40,2014-01-31 00:05:40,17.0,1
984477,1391125737620000403,20000403,2014-01-30 23:48:57,2014-01-31 00:12:42,23.8,1
984233,1391125847620000361,20000361,2014-01-30 23:50:47,2014-01-31 00:00:02,9.3,1
984358,1391125942620000624,20000624,2014-01-30 23:52:22,2014-01-31 00:03:07,10.8,1
984354,1391125989620000492,20000492,2014-01-30 23:53:09,2014-01-31 00:05:09,12.0,1
984442,1391126080620000140,20000140,2014-01-30 23:54:40,2014-01-31 00:02:40,8.0,1
984314,1391126103620000307,20000307,2014-01-30 23:55:03,2014-01-31 00:06:03,11.0,1
984264,1391126135620000436,20000436,2014-01-30 23:55:35,2014-01-31 00:00:20,4.8,1
984306,1391126182620000245,20000245,2014-01-30 23:56:22,2014-01-31 00:05:37,9.3,1
984357,1391126350620000004,20000004,2014-01-30 23:59:10,2014-01-31 00:10:40,11.5,1
989140,1391211833620000618,20000618,2014-01-31 23:43:53,2014-02-01 00:16:08,32.3,1
989152,1391212003620000670,20000670,2014-01-31 23:46:43,2014-02-01 00:00:43,14.0,1
989124,1391212126620000529,20000529,2014-01-31 23:48:46,2014-02-01 00:00:01,11.3,1
989170,1391212274620000324,20000324,2014-01-31 23:51:14,2014-02-01 00:15:29,24.3,1
989267,1391212318620000004,20000004,2014-01-31 23:51:58,2014-02-01 00:06:28,14.5,1
989200,1391212402620000013,20000013,2014-01-31 23:53:22,2014-02-01 00:00:22,7.0,1
989280,1391212418620000574,20000574,2014-01-31 23:53:38,2014-02-01 00:01:53,8.3,1
989287,1391212450620000524,20000524,2014-01-31 23:54:10,2014-02-01 00:06:25,12.3,1
990152,1391212457620000007,20000007,2014-01-31 23:54:17,2014-02-01 00:09:17,15.0,1
995290,1391212475620000586,20000586,2014-01-31 23:54:35,2014-02-01 00:13:35,19.0,1
989099,1391212483620000276,20000276,2014-01-31 23:54:43,2014-02-01 00:01:13,6.5,1
989205,1391212509620000321,20000321,2014-01-31 23:55:09,2014-02-01 00:09:54,14.8,1
989513,1391212512620000256,20000256,2014-01-31 23:55:12,2014-02-01 00:03:42,8.5,1
989400,1391212582620000249,20000249,2014-01-31 23:56:22,2014-02-01 00:09:37,13.3,1
989416,1391212608620000436,20000436,2014-01-31 23:56:48,2014-02-01 00:33:18,36.5,1
989108,1391212632620000395,20000395,2014-01-31 23:57:12,2014-02-01 00:05:12,8.0,1
989096,1391212647620000542,20000542,2014-01-31 23:57:27,2014-02-01 00:06:12,8.8,1
989209,1391212668620000157,20000157,2014-01-31 23:57:48,2014-02-01 00:07:03,9.3,1
989162,1391212706620000514,20000514,2014-01-31 23:58:26,2014-02-01 00:04:56,6.5,1
992266,1391212709620000363,20000363,2014-01-31 23:58:29,2014-02-01 00:05:44,7.3,1
990422,1391212763620000598,20000598,2014-01-31 23:59:23,2014-02-01 00:02:23,3.0,1
993804,1391297125620000288,20000288,2014-02-01 23:25:25,2014-02-02 00:07:55,42.5,1
993843,1391298092620000337,20000337,2014-02-01 23:41:32,2014-02-02 00:09:32,28.0,1
993901,1391298464620000572,20000572,2014-02-01 23:47:44,2014-02-02 00:01:59,14.3,1
993703,1391298611620000279,20000279,2014-02-01 23:50:11,2014-02-02 00:00:41,10.5,1
993828,1391298629620000495,20000495,2014-02-01 23:50:29,2014-02-02 00:00:14,9.8,1
994075,1391298689620000560,20000560,2014-02-01 23:51:29,2014-02-02 00:07:14,15.8,1
993695,1391298758620000436,20000436,2014-02-01 23:52:38,2014-02-02 00:00:53,8.3,1
993832,1391298764620000624,20000624,2014-02-01 23:52:44,2014-02-02 00:05:44,13.0,1
993728,1391298782620000351,20000351,2014-02-01 23:53:02,2014-02-02 00:01:02,8.0,1
993965,1391298791620000662,20000662,2014-02-01 23:53:11,2014-02-02 00:07:26,14.3,1
993730,1391298805620000334,20000334,2014-02-01 23:53:25,2014-02-02 00:00:10,6.8,1
993830,1391298879620000362,20000362,2014-02-01 23:54:39,2014-02-02 00:04:54,10.3,1
993802,1391298956620000588,20000588,2014-02-01 23:55:56,2014-02-02 00:03:56,8.0,1
993856,1391298973620000075,20000075,2014-02-01 23:56:13,2014-02-02 00:00:13,4.0,1
993867,1391298986620000547,20000547,2014-02-01 23:56:26,2014-02-02 00:02:11,5.8,1
993725,1391298998620000621,20000621,2014-02-01 23:56:38,2014-02-02 00:04:38,8.0,1
993709,1391299000620000057,20000057,2014-02-01 23:56:40,2014-02-02 00:03:40,7.0,1
993839,1391299009620000625,20000625,2014-02-01 23:56:49,2014-02-02 00:15:49,19.0,1
994004,1391299032620000101,20000101,2014-02-01 23:57:12,2014-02-02 00:03:42,6.5,1
993814,1391299039620000136,20000136,2014-02-01 23:57:19,2014-02-02 00:04:04,6.8,1
993750,1391299074620000260,20000260,2014-02-01 23:57:54,2014-02-02 00:10:54,13.0,1
993854,1391299092620000667,20000667,2014-02-01 23:58:12,2014-02-02 00:04:57,6.8,1
993732,1391299118620000657,20000657,2014-02-01 23:58:38,2014-02-02 00:06:38,8.0,1
993758,1391299128620000904,20000904,2014-02-01 23:58:48,2014-02-02 00:02:48,4.0,1
993782,1391299135620000006,20000006,2014-02-01 23:58:55,2014-02-02 00:06:10,7.3,1
993705,1391299140620000171,20000171,2014-02-01 23:59:00,2014-02-02 00:05:30,6.5,1
993968,1391299143620000574,20000574,2014-02-01 23:59:03,2014-02-02 00:11:33,12.5,1
998105,1391385085620000387,20000387,2014-02-02 23:51:25,2014-02-03 00:09:25,18.0,1
998747,1391385262620000359,20000359,2014-02-02 23:54:22,2014-02-03 00:15:07,20.8,1
998127,1391385292620000129,20000129,2014-02-02 23:54:52,2014-02-03 00:13:37,18.8,1
998600,1391385345620000325,20000325,2014-02-02 23:55:45,2014-02-03 00:05:00,9.3,1
998295,1391385461620000254,20000254,2014-02-02 23:57:41,2014-02-03 00:15:26,17.8,1
998063,1391385588620000657,20000657,2014-02-02 23:59:48,2014-02-03 00:07:03,7.3,1
998071,1391385590620000370,20000370,2014-02-02 23:59:50,2014-02-03 00:04:20,4.5,1
1003829,1391442237620000902,20000902,2014-02-03 15:43:57,2014-02-04 02:53:27,669.5,1
1003036,1391466042620000576,20000576,2014-02-03 22:20:42,2014-02-04 00:00:57,100.3,1
1002169,1391467788620000577,20000577,2014-02-03 22:49:48,2014-02-04 00:08:18,78.5,1
1002048,1391470965620000595,20000595,2014-02-03 23:42:45,2014-02-04 00:04:30,21.8,1
1002077,1391471385620000307,20000307,2014-02-03 23:49:45,2014-02-04 00:18:15,28.5,1
1002230,1391471507620000067,20000067,2014-02-03 23:51:47,2014-02-04 00:02:47,11.0,1
1002590,1391471521620000242,20000242,2014-02-03 23:52:01,2014-02-04 00:01:01,9.0,1
1002062,1391471650620000525,20000525,2014-02-03 23:54:10,2014-02-04 00:04:10,10.0,1
1002033,1391471676620000435,20000435,2014-02-03 23:54:36,2014-02-04 00:04:21,9.8,1
1005974,1391471811620000603,20000603,2014-02-03 23:56:51,2014-02-04 00:04:06,7.3,1
1002135,1391471815620000066,20000066,2014-02-03 23:56:55,2014-02-04 00:26:25,29.5,1
1002379,1391471931620000254,20000254,2014-02-03 23:58:51,2014-02-04 00:04:21,5.5,1
1002041,1391471959620000492,20000492,2014-02-03 23:59:19,2014-02-04 00:08:04,8.8,1
1006830,1391554018620000009,20000009,2014-02-04 22:46:58,2014-02-05 00:00:58,74.0,1
1006798,1391557684620000435,20000435,2014-02-04 23:48:04,2014-02-05 00:03:34,15.5,1
1006750,1391557709620000598,20000598,2014-02-04 23:48:29,2014-02-05 00:03:44,15.3,1
1007089,1391557844620000038,20000038,2014-02-04 23:50:44,2014-02-05 00:02:14,11.5,1
1007192,1391557963620000013,20000013,2014-02-04 23:52:43,2014-02-05 00:00:43,8.0,1
1006779,1391557989620000269,20000269,2014-02-04 23:53:09,2014-02-05 00:03:54,10.8,1
1006902,1391558009620000356,20000356,2014-02-04 23:53:29,2014-02-05 00:04:44,11.3,1
1006934,1391558101620000626,20000626,2014-02-04 23:55:01,2014-02-05 00:00:46,5.8,1
1006736,1391558135620000216,20000216,2014-02-04 23:55:35,2014-02-05 00:03:20,7.8,1
1007046,1391558178620000010,20000010,2014-02-04 23:56:18,2014-02-05 00:08:33,12.3,1
1006759,1391558293620000470,20000470,2014-02-04 23:58:13,2014-02-05 00:13:13,15.0,1
1010855,1391643141620000617,20000617,2014-02-05 23:32:21,2014-02-06 00:08:06,35.8,1
1012180,1391643621620000288,20000288,2014-02-05 23:40:21,2014-02-06 00:00:51,20.5,1
1010612,1391644102620000304,20000304,2014-02-05 23:48:22,2014-02-06 00:03:07,14.8,1
1010849,1391644184620000235,20000235,2014-02-05 23:49:44,2014-02-06 00:04:59,15.3,1
1010759,1391644219620000305,20000305,2014-02-05 23:50:19,2014-02-06 00:03:19,13.0,1
1010640,1391644277620000610,20000610,2014-02-05 23:51:17,2014-02-06 00:10:47,19.5,1
1010639,1391644279620000435,20000435,2014-02-05 23:51:19,2014-02-06 00:02:49,11.5,1
1010720,1391644398620000303,20000303,2014-02-05 23:53:18,2014-02-06 00:01:18,8.0,1
1010623,1391644435620000067,20000067,2014-02-05 23:53:55,2014-02-06 00:02:25,8.5,1
1011494,1391644543620000161,20000161,2014-02-05 23:55:43,2014-02-06 00:03:58,8.3,1
1010617,1391644546620000398,20000398,2014-02-05 23:55:46,2014-02-06 00:04:01,8.3,1
1010634,1391644638620000338,20000338,2014-02-05 23:57:18,2014-02-06 00:04:33,7.3,1
1010829,1391644645620000057,20000057,2014-02-05 23:57:25,2014-02-06 00:06:10,8.8,1
1010618,1391644653620000307,20000307,2014-02-05 23:57:33,2014-02-06 00:07:48,10.3,1
1010664,1391644742620000042,20000042,2014-02-05 23:59:02,2014-02-06 00:06:17,7.3,1
1010701,1391644792620000333,20000333,2014-02-05 23:59:52,2014-02-06 00:03:22,3.5,1
1015514,1391730709620000038,20000038,2014-02-06 23:51:49,2014-02-07 00:01:34,9.8,1
1015427,1391730751620000007,20000007,2014-02-06 23:52:31,2014-02-07 00:01:01,8.5,1
1015412,1391730853620000101,20000101,2014-02-06 23:54:13,2014-02-07 00:12:28,18.3,1
1015386,1391730869620000304,20000304,2014-02-06 23:54:29,2014-02-07 00:19:29,25.0,1
1015362,1391730923620000610,20000610,2014-02-06 23:55:23,2014-02-07 00:09:53,14.5,1
1015513,1391730942620000517,20000517,2014-02-06 23:55:42,2014-02-07 00:09:42,14.0,1
1015570,1391730947620000626,20000626,2014-02-06 23:55:47,2014-02-07 00:01:17,5.5,1
1018895,1391731023620000254,20000254,2014-02-06 23:57:03,2014-02-07 00:00:48,3.8,1
1015589,1391731071620000066,20000066,2014-02-06 23:57:51,2014-02-07 00:10:21,12.5,1
1015469,1391731132620000570,20000570,2014-02-06 23:58:52,2014-02-07 00:08:22,9.5,1
1015708,1391731182620000392,20000392,2014-02-06 23:59:42,2014-02-07 00:07:42,8.0,1
1015433,1391731191620000370,20000370,2014-02-06 23:59:51,2014-02-07 00:10:51,11.0,1
1020561,1391816356620000311,20000311,2014-02-07 23:39:16,2014-02-08 00:03:16,24.0,1
1020876,1391816403620000081,20000081,2014-02-07 23:40:03,2014-02-08 00:18:03,38.0,1
1020771,1391816698620000653,20000653,2014-02-07 23:44:58,2014-02-08 00:02:28,17.5,1
1020389,1391816715620000233,20000233,2014-02-07 23:45:15,2014-02-08 00:03:15,18.0,1
1020846,1391816814620000617,20000617,2014-02-07 23:46:54,2014-02-08 01:01:24,74.5,1
1020323,1391816934620000022,20000022,2014-02-07 23:48:54,2014-02-08 00:00:24,11.5,1
1020249,1391816948620000686,20000686,2014-02-07 23:49:08,2014-02-08 00:00:23,11.3,1
1020438,1391816949620000199,20000199,2014-02-07 23:49:09,2014-02-08 00:00:09,11.0,1
1020510,1391817028620000497,20000497,2014-02-07 23:50:28,2014-02-08 00:03:28,13.0,1
1020292,1391817038620000435,20000435,2014-02-07 23:50:38,2014-02-08 00:08:23,17.8,1
1020291,1391817044620000171,20000171,2014-02-07 23:50:44,2014-02-08 00:01:44,11.0,1
1020410,1391817057620000167,20000167,2014-02-07 23:50:57,2014-02-08 00:01:27,10.5,1
1020329,1391817084620000662,20000662,2014-02-07 23:51:24,2014-02-08 00:06:54,15.5,1
1020314,1391817112620000504,20000504,2014-02-07 23:51:52,2014-02-08 00:00:37,8.8,1
1020370,1391817118620000101,20000101,2014-02-07 23:51:58,2014-02-08 00:04:28,12.5,1
1020457,1391817125620000547,20000547,2014-02-07 23:52:05,2014-02-08 00:02:05,10.0,1
1020458,1391817126620000481,20000481,2014-02-07 23:52:06,2014-02-08 00:08:51,16.8,1
1020386,1391817197620000011,20000011,2014-02-07 23:53:17,2014-02-08 00:01:02,7.8,1
1020372,1391817231620000612,20000612,2014-02-07 23:53:51,2014-02-08 00:03:21,9.5,1
1020520,1391817297620000321,20000321,2014-02-07 23:54:57,2014-02-08 00:21:27,26.5,1
1020381,1391817333620000670,20000670,2014-02-07 23:55:33,2014-02-08 00:02:48,7.3,1
1020339,1391817336620000436,20000436,2014-02-07 23:55:36,2014-02-08 00:01:21,5.8,1
1020464,1391817366620000574,20000574,2014-02-07 23:56:06,2014-02-08 00:04:21,8.3,1
1020495,1391817395620000303,20000303,2014-02-07 23:56:35,2014-02-08 00:10:20,13.8,1
1020263,1391817407620000626,20000626,2014-02-07 23:56:47,2014-02-08 00:01:47,5.0,1
1020367,1391817409620000076,20000076,2014-02-07 23:56:49,2014-02-08 00:00:19,3.5,1
1020433,1391817440620000009,20000009,2014-02-07 23:57:20,2014-02-08 00:07:20,10.0,1
1020306,1391817451620000625,20000625,2014-02-07 23:57:31,2014-02-08 00:18:16,20.8,1
1020448,1391817471620000245,20000245,2014-02-07 23:57:51,2014-02-08 00:10:51,13.0,1
1020504,1391817475620000333,20000333,2014-02-07 23:57:55,2014-02-08 00:10:40,12.8,1
1020375,1391817498620000304,20000304,2014-02-07 23:58:18,2014-02-08 00:15:18,17.0,1
1020373,1391817516620000542,20000542,2014-02-07 23:58:36,2014-02-08 00:01:51,3.3,1
1020456,1391817555620000012,20000012,2014-02-07 23:59:15,2014-02-08 00:18:00,18.8,1
1020483,1391817571620000243,20000243,2014-02-07 23:59:31,2014-02-08 00:04:46,5.3,1
1024918,1391903395620000129,20000129,2014-02-08 23:49:55,2014-02-09 00:02:10,12.3,1
1025238,1391903439620000280,20000280,2014-02-08 23:50:39,2014-02-09 00:07:09,16.5,1
1025010,1391903533620000671,20000671,2014-02-08 23:52:13,2014-02-09 00:01:13,9.0,1
1025148,1391903572620000288,20000288,2014-02-08 23:52:52,2014-02-09 00:04:37,11.8,1
1025272,1391903643620000472,20000472,2014-02-08 23:54:03,2014-02-09 00:05:18,11.3,1
1024928,1391903657620000649,20000649,2014-02-08 23:54:17,2014-02-09 00:01:32,7.3,1
1025155,1391903678620000273,20000273,2014-02-08 23:54:38,2014-02-09 00:01:08,6.5,1
1024927,1391903692620000625,20000625,2014-02-08 23:54:52,2014-02-09 00:01:07,6.3,1
1025080,1391903693620000012,20000012,2014-02-08 23:54:53,2014-02-09 00:00:23,5.5,1
1024936,1391903707620000308,20000308,2014-02-08 23:55:07,2014-02-09 00:05:52,10.8,1
1025147,1391903747620000662,20000662,2014-02-08 23:55:47,2014-02-09 00:08:17,12.5,1
1025098,1391903785620000483,20000483,2014-02-08 23:56:25,2014-02-09 00:06:10,9.8,1
1024947,1391903791620000520,20000520,2014-02-08 23:56:31,2014-02-09 00:01:31,5.0,1
1024975,1391903804620000345,20000345,2014-02-08 23:56:44,2014-02-09 00:02:14,5.5,1
1025090,1391903810620000529,20000529,2014-02-08 23:56:50,2014-02-09 00:12:20,15.5,1
1024986,1391903846620000395,20000395,2014-02-08 23:57:26,2014-02-09 00:04:11,6.8,1
1025204,1391903863620000157,20000157,2014-02-08 23:57:43,2014-02-09 00:06:28,8.8,1
1025077,1391903873620000574,20000574,2014-02-08 23:57:53,2014-02-09 00:12:23,14.5,1
1024920,1391903894620000196,20000196,2014-02-08 23:58:14,2014-02-09 00:05:44,7.5,1
1025075,1391903896620000440,20000440,2014-02-08 23:58:16,2014-02-09 00:04:01,5.8,1
1025216,1391903905620000481,20000481,2014-02-08 23:58:25,2014-02-09 00:24:40,26.3,1
1025240,1391903917620000434,20000434,2014-02-08 23:58:37,2014-02-09 00:03:22,4.8,1
1029894,1391989899620000167,20000167,2014-02-09 23:51:39,2014-02-10 00:04:24,12.8,1
1029636,1391989974620000672,20000672,2014-02-09 23:52:54,2014-02-10 00:00:39,7.8,1
1029637,1391990040620000199,20000199,2014-02-09 23:54:00,2014-02-10 00:06:45,12.8,1
1029852,1391990066620000007,20000007,2014-02-09 23:54:26,2014-02-10 00:02:11,7.8,1
1029655,1391990109620000003,20000003,2014-02-09 23:55:09,2014-02-10 00:00:54,5.8,1
1029705,1391990221620000473,20000473,2014-02-09 23:57:01,2014-02-10 00:02:01,5.0,1
1029662,1391990251620000621,20000621,2014-02-09 23:57:31,2014-02-10 00:02:16,4.8,1
1029697,1391990312620000600,20000600,2014-02-09 23:58:32,2014-02-10 00:02:32,4.0,1
1029670,1391990371620000101,20000101,2014-02-09 23:59:31,2014-02-10 00:03:31,4.0,1
1029679,1391990398620000197,20000197,2014-02-09 23:59:58,2014-02-10 00:11:13,11.3,1
1033718,1392076270620000066,20000066,2014-02-10 23:51:10,2014-02-11 00:05:40,14.5,1
1033817,1392076593620000308,20000308,2014-02-10 23:56:33,2014-02-11 00:04:18,7.8,1
1033804,1392076689620000356,20000356,2014-02-10 23:58:09,2014-02-11 00:01:24,3.3,1
1033803,1392076721620000005,20000005,2014-02-10 23:58:41,2014-02-11 00:10:41,12.0,1
1033723,1392076722620000008,20000008,2014-02-10 23:58:42,2014-02-11 00:02:57,4.3,1
1033880,1392076748620000678,20000678,2014-02-10 23:59:08,2014-02-11 00:02:38,3.5,1
1037771,1392161992620000304,20000304,2014-02-11 23:39:52,2014-02-12 00:08:52,29.0,1
1037939,1392162135620000435,20000435,2014-02-11 23:42:15,2014-02-12 00:01:30,19.3,1
1037806,1392162518620000406,20000406,2014-02-11 23:48:38,2014-02-12 00:02:08,13.5,1
1037786,1392162806620000589,20000589,2014-02-11 23:53:26,2014-02-12 00:00:26,7.0,1
1037717,1392162839620000387,20000387,2014-02-11 23:53:59,2014-02-12 00:01:29,7.5,1
1037816,1392162881620000569,20000569,2014-02-11 23:54:41,2014-02-12 00:06:41,12.0,1
1038808,1392162975620000045,20000045,2014-02-11 23:56:15,2014-02-12 00:03:15,7.0,1
1037932,1392163020620000476,20000476,2014-02-11 23:57:00,2014-02-12 00:06:30,9.5,1
1037784,1392163155620000455,20000455,2014-02-11 23:59:15,2014-02-12 00:03:30,4.3,1
1046164,1392227681620000902,20000902,2014-02-12 17:54:41,2014-02-13 01:52:56,478.3,1
1042279,1392245086620000009,20000009,2014-02-12 22:44:46,2014-02-13 00:21:16,96.5,1
1042151,1392248918620000529,20000529,2014-02-12 23:48:38,2014-02-13 00:03:53,15.3,1
1042271,1392248989620000252,20000252,2014-02-12 23:49:49,2014-02-13 00:02:49,13.0,1
1042263,1392249356620000197,20000197,2014-02-12 23:55:56,2014-02-13 00:11:26,15.5,1
1042422,1392249424620000273,20000273,2014-02-12 23:57:04,2014-02-13 00:04:19,7.3,1
1042318,1392249498620000303,20000303,2014-02-12 23:58:18,2014-02-13 00:06:03,7.8,1
1042225,1392249526620000569,20000569,2014-02-12 23:58:46,2014-02-13 00:00:31,1.8,1
1044496,1392249543620000362,20000362,2014-02-12 23:59:03,2014-02-13 00:03:03,4.0,1
1049030,1392334509620000108,20000108,2014-02-13 23:35:09,2014-02-14 00:52:54,77.8,1
1047443,1392335146620000497,20000497,2014-02-13 23:45:46,2014-02-14 00:00:31,14.8,1
1046808,1392335215620000476,20000476,2014-02-13 23:46:55,2014-02-14 00:03:40,16.8,1
1046853,1392335578620000589,20000589,2014-02-13 23:52:58,2014-02-14 00:02:13,9.3,1
1046833,1392335612620000007,20000007,2014-02-13 23:53:32,2014-02-14 00:02:02,8.5,1
1046903,1392335664620000151,20000151,2014-02-13 23:54:24,2014-02-14 00:05:24,11.0,1
1046775,1392335914620000325,20000325,2014-02-13 23:58:34,2014-02-14 00:03:04,4.5,1
1046739,1392335936620000651,20000651,2014-02-13 23:58:56,2014-02-14 00:08:11,9.3,1
1053007,1392421222620000235,20000235,2014-02-14 23:40:22,2014-02-15 00:00:22,20.0,1
1053202,1392421834620000004,20000004,2014-02-14 23:50:34,2014-02-15 00:05:04,14.5,1
1052966,1392421862620000255,20000255,2014-02-14 23:51:02,2014-02-15 00:01:02,10.0,1
1053038,1392421880620000129,20000129,2014-02-14 23:51:20,2014-02-15 00:06:50,15.5,1
1053419,1392421900620000680,20000680,2014-02-14 23:51:40,2014-02-15 00:03:55,12.3,1
1052999,1392421992620000594,20000594,2014-02-14 23:53:12,2014-02-15 00:02:27,9.3,1
1053035,1392422010620000216,20000216,2014-02-14 23:53:30,2014-02-15 00:10:45,17.3,1
1053087,1392422034620000161,20000161,2014-02-14 23:53:54,2014-02-15 00:02:09,8.3,1
1053043,1392422104620000570,20000570,2014-02-14 23:55:04,2014-02-15 00:05:04,10.0,1
1053036,1392422162620000586,20000586,2014-02-14 23:56:02,2014-02-15 00:06:17,10.3,1
1053014,1392422178620000456,20000456,2014-02-14 23:56:18,2014-02-15 00:05:33,9.3,1
1053229,1392422221620000395,20000395,2014-02-14 23:57:01,2014-02-15 00:16:01,19.0,1
1053138,1392422255620000179,20000179,2014-02-14 23:57:35,2014-02-15 00:47:50,50.3,1
1053077,1392422323620000337,20000337,2014-02-14 23:58:43,2014-02-15 00:02:13,3.5,1
1053121,1392422360620000547,20000547,2014-02-14 23:59:20,2014-02-15 00:12:50,13.5,1
1053304,1392422390620000005,20000005,2014-02-14 23:59:50,2014-02-15 00:04:50,5.0,1
1057529,1392507852620000547,20000547,2014-02-15 23:44:12,2014-02-16 00:00:57,16.8,1
1057630,1392508094620000041,20000041,2014-02-15 23:48:14,2014-02-16 00:06:59,18.8,1
1057621,1392508136620000051,20000051,2014-02-15 23:48:56,2014-02-16 00:03:26,14.5,1
1060083,1392508205620000465,20000465,2014-02-15 23:50:05,2014-02-16 00:06:50,16.8,1
1057504,1392508223620000129,20000129,2014-02-15 23:50:23,2014-02-16 00:04:53,14.5,1
1063111,1392508384620000594,20000594,2014-02-15 23:53:04,2014-02-16 00:02:34,9.5,1
1057588,1392508449620000450,20000450,2014-02-15 23:54:09,2014-02-16 00:06:24,12.3,1
1057693,1392508479620000495,20000495,2014-02-15 23:54:39,2014-02-16 00:08:39,14.0,1
1057805,1392508492620000314,20000314,2014-02-15 23:54:52,2014-02-16 00:00:07,5.3,1
1057478,1392508533620000015,20000015,2014-02-15 23:55:33,2014-02-16 00:01:33,6.0,1
1057601,1392508566620000011,20000011,2014-02-15 23:56:06,2014-02-16 00:34:06,38.0,1
1057610,1392508614620000231,20000231,2014-02-15 23:56:54,2014-02-16 00:13:39,16.8,1
1057518,1392508639620000216,20000216,2014-02-15 23:57:19,2014-02-16 00:08:49,11.5,1
1057592,1392508660620000675,20000675,2014-02-15 23:57:40,2014-02-16 00:05:25,7.8,1
1057577,1392508701620000591,20000591,2014-02-15 23:58:21,2014-02-16 00:11:21,13.0,1
1057483,1392508703620000569,20000569,2014-02-15 23:58:23,2014-02-16 00:09:38,11.3,1
1057856,1392508710620000328,20000328,2014-02-15 23:58:30,2014-02-16 00:06:45,8.3,1
1057461,1392508717620000664,20000664,2014-02-15 23:58:37,2014-02-16 00:03:07,4.5,1
1057468,1392508731620000010,20000010,2014-02-15 23:58:51,2014-02-16 00:01:21,2.5,1
1057467,1392508736620000105,20000105,2014-02-15 23:58:56,2014-02-16 00:01:56,3.0,1
1057532,1392508777620000572,20000572,2014-02-15 23:59:37,2014-02-16 00:07:52,8.3,1
1057700,1392508788620000472,20000472,2014-02-15 23:59:48,2014-02-16 00:07:48,8.0,1
1061603,1392594960620000307,20000307,2014-02-16 23:56:00,2014-02-17 00:02:00,6.0,1
1061544,1392595108620000387,20000387,2014-02-16 23:58:28,2014-02-17 00:02:58,4.5,1
1061481,1392595114620000529,20000529,2014-02-16 23:58:34,2014-02-17 00:00:49,2.3,1
1062283,1392595139620000520,20000520,2014-02-16 23:58:59,2014-02-17 00:17:14,18.3,1
1065689,1392680810620000529,20000529,2014-02-17 23:46:50,2014-02-18 00:08:35,21.8,1
1065654,1392680924620000446,20000446,2014-02-17 23:48:44,2014-02-18 00:16:29,27.8,1
1065769,1392681117620000633,20000633,2014-02-17 23:51:57,2014-02-18 00:03:12,11.3,1
1066514,1392681181620000045,20000045,2014-02-17 23:53:01,2014-02-18 00:06:46,13.8,1
1065912,1392681210620000492,20000492,2014-02-17 23:53:30,2014-02-18 00:01:30,8.0,1
1065658,1392681284620000216,20000216,2014-02-17 23:54:44,2014-02-18 00:07:59,13.3,1
1068292,1392681310620000570,20000570,2014-02-17 23:55:10,2014-02-18 00:16:25,21.3,1
1065859,1392681383620000403,20000403,2014-02-17 23:56:23,2014-02-18 00:44:08,47.8,1
1065796,1392681446620000269,20000269,2014-02-17 23:57:26,2014-02-18 00:32:41,35.3,1
1065723,1392681484620000197,20000197,2014-02-17 23:58:04,2014-02-18 00:00:49,2.8,1
1065726,1392681516620000450,20000450,2014-02-17 23:58:36,2014-02-18 00:07:36,9.0,1
1069684,1392766972620000542,20000542,2014-02-18 23:42:52,2014-02-19 00:08:37,25.8,1
1069784,1392767165620000235,20000235,2014-02-18 23:46:05,2014-02-19 00:14:20,28.3,1
1069627,1392767417620000129,20000129,2014-02-18 23:50:17,2014-02-19 00:00:02,9.8,1
1069864,1392767594620000345,20000345,2014-02-18 23:53:14,2014-02-19 00:15:59,22.8,1
1069755,1392767622620000196,20000196,2014-02-18 23:53:42,2014-02-19 00:03:12,9.5,1
1069669,1392767639620000467,20000467,2014-02-18 23:53:59,2014-02-19 00:12:44,18.8,1
1069882,1392767820620000023,20000023,2014-02-18 23:57:00,2014-02-19 00:07:45,10.8,1
1069771,1392767856620000653,20000653,2014-02-18 23:57:36,2014-02-19 00:09:21,11.8,1
1069915,1392767868620000022,20000022,2014-02-18 23:57:48,2014-02-19 00:01:48,4.0,1
1069787,1392767922620000903,20000903,2014-02-18 23:58:42,2014-02-19 00:03:57,5.3,1
1069644,1392767933620000569,20000569,2014-02-18 23:58:53,2014-02-19 00:02:38,3.8,1
1077586,1392839283620000902,20000902,2014-02-19 19:48:03,2014-02-20 00:09:48,261.8,1
1074429,1392853654620000651,20000651,2014-02-19 23:47:34,2014-02-20 00:15:19,27.8,1
1074149,1392853735620000671,20000671,2014-02-19 23:48:55,2014-02-20 00:01:40,12.8,1
1074253,1392853920620000431,20000431,2014-02-19 23:52:00,2014-02-20 00:02:15,10.3,1
1074164,1392853983620000625,20000625,2014-02-19 23:53:03,2014-02-20 00:00:48,7.8,1
1074430,1392854017620000597,20000597,2014-02-19 23:53:37,2014-02-20 00:01:52,8.3,1
1074188,1392854106620000157,20000157,2014-02-19 23:55:06,2014-02-20 00:04:51,9.8,1
1074305,1392854131620000621,20000621,2014-02-19 23:55:31,2014-02-20 00:08:01,12.5,1
1074100,1392854168620000233,20000233,2014-02-19 23:56:08,2014-02-20 00:02:08,6.0,1
1074304,1392854186620000571,20000571,2014-02-19 23:56:26,2014-02-20 00:05:41,9.3,1
1074213,1392854190620000467,20000467,2014-02-19 23:56:30,2014-02-20 00:02:30,6.0,1
1074143,1392854206620000529,20000529,2014-02-19 23:56:46,2014-02-20 00:13:16,16.5,1
1074115,1392854213620000472,20000472,2014-02-19 23:56:53,2014-02-20 00:08:08,11.3,1
1074118,1392854255620000356,20000356,2014-02-19 23:57:35,2014-02-20 00:03:20,5.8,1
1074193,1392854289620000140,20000140,2014-02-19 23:58:09,2014-02-20 00:02:54,4.8,1
1074207,1392854307620000392,20000392,2014-02-19 23:58:27,2014-02-20 00:03:42,5.3,1
1074578,1392854309620000173,20000173,2014-02-19 23:58:29,2014-02-20 00:03:14,4.8,1
1074239,1392854362620000345,20000345,2014-02-19 23:59:22,2014-02-20 00:03:22,4.0,1
1074111,1392854379620000360,20000360,2014-02-19 23:59:39,2014-02-20 00:04:09,4.5,1
1074211,1392854394620000297,20000297,2014-02-19 23:59:54,2014-02-20 00:03:39,3.8,1
1077875,1392854399620000456,20000456,2014-02-19 23:59:59,2014-02-20 00:18:29,18.5,1
1081951,1392939595620000184,20000184,2014-02-20 23:39:55,2014-02-21 00:00:10,20.3,1
1080116,1392939684620000610,20000610,2014-02-20 23:41:24,2014-02-21 00:14:24,33.0,1
1079967,1392939707620000616,20000616,2014-02-20 23:41:47,2014-02-21 00:01:47,20.0,1
1080562,1392939799620000276,20000276,2014-02-20 23:43:19,2014-02-21 00:10:34,27.3,1
1080027,1392939858620000406,20000406,2014-02-20 23:44:18,2014-02-21 00:09:18,25.0,1
1079962,1392939934620000129,20000129,2014-02-20 23:45:34,2014-02-21 00:01:34,16.0,1
1079963,1392940173620000488,20000488,2014-02-20 23:49:33,2014-02-21 00:01:33,12.0,1
1080125,1392940283620000359,20000359,2014-02-20 23:51:23,2014-02-21 00:02:53,11.5,1
1079988,1392940296620000633,20000633,2014-02-20 23:51:36,2014-02-21 00:02:51,11.3,1
1080108,1392940302620000548,20000548,2014-02-20 23:51:42,2014-02-21 00:23:42,32.0,1
1081408,1392940365620000030,20000030,2014-02-20 23:52:45,2014-02-21 00:04:30,11.8,1
1080810,1392940381620000577,20000577,2014-02-20 23:53:01,2014-02-21 00:03:16,10.3,1
1079991,1392940391620000012,20000012,2014-02-20 23:53:11,2014-02-21 00:00:26,7.3,1
1080126,1392940461620000658,20000658,2014-02-20 23:54:21,2014-02-21 00:02:06,7.8,1
1080229,1392940464620000395,20000395,2014-02-20 23:54:24,2014-02-21 00:04:09,9.8,1
1080285,1392940492620000360,20000360,2014-02-20 23:54:52,2014-02-21 00:02:22,7.5,1
1079974,1392940523620000525,20000525,2014-02-20 23:55:23,2014-02-21 00:01:08,5.8,1
1080427,1392940544620000492,20000492,2014-02-20 23:55:44,2014-02-21 00:01:29,5.8,1
1080185,1392940562620000333,20000333,2014-02-20 23:56:02,2014-02-21 00:03:32,7.5,1
1083449,1392940588620000243,20000243,2014-02-20 23:56:28,2014-02-21 00:03:28,7.0,1
1081619,1392940602620000667,20000667,2014-02-20 23:56:42,2014-02-21 00:02:12,5.5,1
1081770,1392940645620000020,20000020,2014-02-20 23:57:25,2014-02-21 00:28:25,31.0,1
1080072,1392940664620000403,20000403,2014-02-20 23:57:44,2014-02-21 00:04:29,6.8,1
1080012,1392940669620000304,20000304,2014-02-20 23:57:49,2014-02-21 00:05:49,8.0,1
1080009,1392940678620000367,20000367,2014-02-20 23:57:58,2014-02-21 00:09:58,12.0,1
1080095,1392940689620000013,20000013,2014-02-20 23:58:09,2014-02-21 00:06:09,8.0,1
1080055,1392940690620000067,20000067,2014-02-20 23:58:10,2014-02-21 00:04:10,6.0,1
1079977,1392940703620000680,20000680,2014-02-20 23:58:23,2014-02-21 00:03:23,5.0,1
1080028,1392940730620000601,20000601,2014-02-20 23:58:50,2014-02-21 00:00:50,2.0,1
1080202,1392940730620000310,20000310,2014-02-20 23:58:50,2014-02-21 00:00:50,2.0,1
1080373,1392940730620000042,20000042,2014-02-20 23:58:50,2014-02-21 00:08:05,9.3,1
1080052,1392940735620000337,20000337,2014-02-20 23:58:55,2014-02-21 00:10:55,12.0,1
1080224,1392940745620000015,20000015,2014-02-20 23:59:05,2014-02-21 00:04:35,5.5,1
1079984,1392940749620000520,20000520,2014-02-20 23:59:09,2014-02-21 00:02:39,3.5,1
1085991,1393025819620000031,20000031,2014-02-21 23:36:59,2014-02-22 00:02:29,25.5,1
1085936,1393025980620000288,20000288,2014-02-21 23:39:40,2014-02-22 00:05:25,25.8,1
1086018,1393026147620000058,20000058,2014-02-21 23:42:27,2014-02-22 00:14:42,32.3,1
1085982,1393026372620000129,20000129,2014-02-21 23:46:12,2014-02-22 00:03:12,17.0,1
1086760,1393026483620000616,20000616,2014-02-21 23:48:03,2014-02-22 00:00:33,12.5,1
1085940,1393026499620000216,20000216,2014-02-21 23:48:19,2014-02-22 00:06:34,18.3,1
1086227,1393026567620000303,20000303,2014-02-21 23:49:27,2014-02-22 00:05:57,16.5,1
1086236,1393026572620000042,20000042,2014-02-21 23:49:32,2014-02-22 00:05:17,15.8,1
1085954,1393026646620000561,20000561,2014-02-21 23:50:46,2014-02-22 00:02:31,11.8,1
1085920,1393026681620000680,20000680,2014-02-21 23:51:21,2014-02-22 00:05:36,14.3,1
1086031,1393026698620000024,20000024,2014-02-21 23:51:38,2014-02-22 00:00:38,9.0,1
1086049,1393026807620000067,20000067,2014-02-21 23:53:27,2014-02-22 00:04:12,10.8,1
1086026,1393026816620000370,20000370,2014-02-21 23:53:36,2014-02-22 00:00:51,7.3,1
1085915,1393026822620000600,20000600,2014-02-21 23:53:42,2014-02-22 00:02:42,9.0,1
1086348,1393026855620000351,20000351,2014-02-21 23:54:15,2014-02-22 00:01:45,7.5,1
1086097,1393026865620000387,20000387,2014-02-21 23:54:25,2014-02-22 00:02:40,8.3,1
1086065,1393026894620000903,20000903,2014-02-21 23:54:54,2014-02-22 00:02:39,7.8,1
1086004,1393026899620000455,20000455,2014-02-21 23:54:59,2014-02-22 00:03:29,8.5,1
1085928,1393026903620000119,20000119,2014-02-21 23:55:03,2014-02-22 00:05:48,10.8,1
1086351,1393026919620000178,20000178,2014-02-21 23:55:19,2014-02-22 00:04:04,8.8,1
1086023,1393026938620000280,20000280,2014-02-21 23:55:38,2014-02-22 00:01:23,5.8,1
1085997,1393026995620000392,20000392,2014-02-21 23:56:35,2014-02-22 00:07:05,10.5,1
1086106,1393027021620000446,20000446,2014-02-21 23:57:01,2014-02-22 00:01:16,4.3,1
1086111,1393027046620000686,20000686,2014-02-21 23:57:26,2014-02-22 00:02:11,4.8,1
1086129,1393027080620000503,20000503,2014-02-21 23:58:00,2014-02-22 00:07:30,9.5,1
1086182,1393027089620000624,20000624,2014-02-21 23:58:09,2014-02-22 00:02:39,4.5,1
1086057,1393027096620000260,20000260,2014-02-21 23:58:16,2014-02-22 00:09:31,11.3,1
1085905,1393027098620000620,20000620,2014-02-21 23:58:18,2014-02-22 00:01:48,3.5,1
1085944,1393027098620000591,20000591,2014-02-21 23:58:18,2014-02-22 00:12:33,14.3,1
1086006,1393027143620000320,20000320,2014-02-21 23:59:03,2014-02-22 00:04:03,5.0,1
1086142,1393027177620000192,20000192,2014-02-21 23:59:37,2014-02-22 00:10:07,10.5,1
1086906,1393027187620000569,20000569,2014-02-21 23:59:47,2014-02-22 00:04:47,5.0,1
1086124,1393027199620000662,20000662,2014-02-21 23:59:59,2014-02-22 00:08:44,8.8,1
1093669,1393061275620000681,20000681,2014-02-22 09:27:55,2014-02-23 01:37:55,970.0,1
1090905,1393112610620000688,20000688,2014-02-22 23:43:30,2014-02-23 00:00:15,16.8,1
1090831,1393112645620000140,20000140,2014-02-22 23:44:05,2014-02-23 00:01:05,17.0,1
1090877,1393112652620000529,20000529,2014-02-22 23:44:12,2014-02-23 00:14:42,30.5,1
1091000,1393112838620000387,20000387,2014-02-22 23:47:18,2014-02-23 00:06:33,19.3,1
1090988,1393112843620000423,20000423,2014-02-22 23:47:23,2014-02-23 00:05:53,18.5,1
1091107,1393112948620000184,20000184,2014-02-22 23:49:08,2014-02-23 00:01:08,12.0,1
1091009,1393112988620000610,20000610,2014-02-22 23:49:48,2014-02-23 00:00:33,10.8,1
1090972,1393113173620000279,20000279,2014-02-22 23:52:53,2014-02-23 00:05:53,13.0,1
1090924,1393113274620000621,20000621,2014-02-22 23:54:34,2014-02-23 00:02:49,8.3,1
1093523,1393113296620000389,20000389,2014-02-22 23:54:56,2014-02-23 00:03:56,9.0,1
1091108,1393113306620000517,20000517,2014-02-22 23:55:06,2014-02-23 00:03:21,8.3,1
1090929,1393113319620000675,20000675,2014-02-22 23:55:19,2014-02-23 00:02:04,6.8,1
1091025,1393113323620000632,20000632,2014-02-22 23:55:23,2014-02-23 00:04:53,9.5,1
1090885,1393113411620000288,20000288,2014-02-22 23:56:51,2014-02-23 00:01:51,5.0,1
1090869,1393113415620000473,20000473,2014-02-22 23:56:55,2014-02-23 00:03:55,7.0,1
1091013,1393113449620000454,20000454,2014-02-22 23:57:29,2014-02-23 00:00:14,2.8,1
1091046,1393113455620000455,20000455,2014-02-22 23:57:35,2014-02-23 00:10:50,13.3,1
1090851,1393113464620000260,20000260,2014-02-22 23:57:44,2014-02-23 00:01:44,4.0,1
1090827,1393113486620000066,20000066,2014-02-22 23:58:06,2014-02-23 00:02:21,4.3,1
1091184,1393113493620000006,20000006,2014-02-22 23:58:13,2014-02-23 00:03:58,5.8,1
1090936,1393113505620000598,20000598,2014-02-22 23:58:25,2014-02-23 00:07:55,9.5,1
1090888,1393113518620000509,20000509,2014-02-22 23:58:38,2014-02-23 00:09:53,11.3,1
1090993,1393113521620000569,20000569,2014-02-22 23:58:41,2014-02-23 00:03:41,5.0,1
1092068,1393113566620000453,20000453,2014-02-22 23:59:26,2014-02-23 00:04:41,5.3,1
1091126,1393113581620000024,20000024,2014-02-22 23:59:41,2014-02-23 00:17:41,18.0,1
1095283,1393196877620000004,20000004,2014-02-23 23:07:57,2014-02-24 00:17:27,69.5,1
1096132,1393198382620000651,20000651,2014-02-23 23:33:02,2014-02-24 00:05:32,32.5,1
1095270,1393198538620000624,20000624,2014-02-23 23:35:38,2014-02-24 00:06:08,30.5,1
1095197,1393199122620000307,20000307,2014-02-23 23:45:22,2014-02-24 00:03:22,18.0,1
1095219,1393199565620000680,20000680,2014-02-23 23:52:45,2014-02-24 00:03:15,10.5,1
1095317,1393199595620000589,20000589,2014-02-23 23:53:15,2014-02-24 00:06:15,13.0,1
1095234,1393199602620000242,20000242,2014-02-23 23:53:22,2014-02-24 00:01:52,8.5,1
1095827,1393199685620000492,20000492,2014-02-23 23:54:45,2014-02-24 00:07:15,12.5,1
1095260,1393199799620000600,20000600,2014-02-23 23:56:39,2014-02-24 00:04:09,7.5,1
1095427,1393199862620000179,20000179,2014-02-23 23:57:42,2014-02-24 00:22:57,25.3,1
1095343,1393199915620000173,20000173,2014-02-23 23:58:35,2014-02-24 00:05:05,6.5,1
1095953,1393199971620000569,20000569,2014-02-23 23:59:31,2014-02-24 00:03:31,4.0,1
1099587,1393284048620000497,20000497,2014-02-24 23:20:48,2014-02-25 00:09:33,48.8,1
1099392,1393285249620000435,20000435,2014-02-24 23:40:49,2014-02-25 00:03:19,22.5,1
1099190,1393285693620000620,20000620,2014-02-24 23:48:13,2014-02-25 00:14:13,26.0,1
1099828,1393285845620000648,20000648,2014-02-24 23:50:45,2014-02-25 00:00:15,9.5,1
1099372,1393285981620000672,20000672,2014-02-24 23:53:01,2014-02-25 00:01:31,8.5,1
1099421,1393286145620000577,20000577,2014-02-24 23:55:45,2014-02-25 00:08:15,12.5,1
1099394,1393286295620000305,20000305,2014-02-24 23:58:15,2014-02-25 00:06:30,8.3,1
1099195,1393286314620000503,20000503,2014-02-24 23:58:34,2014-02-25 00:08:19,9.8,1
1099243,1393286384620000333,20000333,2014-02-24 23:59:44,2014-02-25 00:02:44,3.0,1
1099375,1393286390620000101,20000101,2014-02-24 23:59:50,2014-02-25 00:08:20,8.5,1
1104552,1393369788620000020,20000020,2014-02-25 23:09:48,2014-02-26 00:07:48,58.0,1
1103734,1393370960620000529,20000529,2014-02-25 23:29:20,2014-02-26 00:56:35,87.3,1
1105377,1393371830620000363,20000363,2014-02-25 23:43:50,2014-02-26 00:06:50,23.0,1
1103481,1393372024620000688,20000688,2014-02-25 23:47:04,2014-02-26 00:02:19,15.3,1
1103610,1393372144620000359,20000359,2014-02-25 23:49:04,2014-02-26 00:06:04,17.0,1
1104160,1393372160620000525,20000525,2014-02-25 23:49:20,2014-02-26 00:01:20,12.0,1
1103502,1393372186620000325,20000325,2014-02-25 23:49:46,2014-02-26 00:03:31,13.8,1
1103611,1393372223620000492,20000492,2014-02-25 23:50:23,2014-02-26 00:02:08,11.8,1
1103686,1393372284620000160,20000160,2014-02-25 23:51:24,2014-02-26 00:01:24,10.0,1
1103512,1393372289620000610,20000610,2014-02-25 23:51:29,2014-02-26 00:12:44,21.3,1
1103715,1393372294620000167,20000167,2014-02-25 23:51:34,2014-02-26 00:07:19,15.8,1
1103531,1393372295620000621,20000621,2014-02-25 23:51:35,2014-02-26 00:08:50,17.3,1
1103564,1393372297620000297,20000297,2014-02-25 23:51:37,2014-02-26 00:11:37,20.0,1
1103693,1393372327620000488,20000488,2014-02-25 23:52:07,2014-02-26 00:11:07,19.0,1
1104887,1393372382620000321,20000321,2014-02-25 23:53:02,2014-02-26 00:16:32,23.5,1
1103588,1393372393620000616,20000616,2014-02-25 23:53:13,2014-02-26 00:03:58,10.8,1
1104868,1393372433620000600,20000600,2014-02-25 23:53:53,2014-02-26 00:12:38,18.8,1
1103662,1393372541620000517,20000517,2014-02-25 23:55:41,2014-02-26 00:02:56,7.3,1
1104127,1393372557620000030,20000030,2014-02-25 23:55:57,2014-02-26 00:05:42,9.8,1
1103533,1393372707620000380,20000380,2014-02-25 23:58:27,2014-02-26 00:02:42,4.3,1
1108240,1393453677620000233,20000233,2014-02-26 22:27:57,2014-02-27 00:22:57,115.0,1
1108088,1393457623620000288,20000288,2014-02-26 23:33:43,2014-02-27 00:01:28,27.8,1
1108192,1393457860620000337,20000337,2014-02-26 23:37:40,2014-02-27 00:58:25,80.8,1
1108241,1393458386620000057,20000057,2014-02-26 23:46:26,2014-02-27 00:01:56,15.5,1
1108526,1393458387620000089,20000089,2014-02-26 23:46:27,2014-02-27 00:02:27,16.0,1
1108312,1393458646620000403,20000403,2014-02-26 23:50:46,2014-02-27 00:35:31,44.8,1
1108098,1393458848620000678,20000678,2014-02-26 23:54:08,2014-02-27 00:11:38,17.5,1
1108116,1393458855620000529,20000529,2014-02-26 23:54:15,2014-02-27 00:18:30,24.3,1
1108283,1393458871620000285,20000285,2014-02-26 23:54:31,2014-02-27 00:01:16,6.8,1
1109171,1393458906620000363,20000363,2014-02-26 23:55:06,2014-02-27 00:05:36,10.5,1
1108169,1393458929620000520,20000520,2014-02-26 23:55:29,2014-02-27 00:02:59,7.5,1
1108246,1393458958620000269,20000269,2014-02-26 23:55:58,2014-02-27 00:12:13,16.3,1
1108838,1393459160620000030,20000030,2014-02-26 23:59:20,2014-02-27 00:10:20,11.0,1
1113195,1393544719620000304,20000304,2014-02-27 23:45:19,2014-02-28 00:14:19,29.0,1
1113274,1393544765620000472,20000472,2014-02-27 23:46:05,2014-02-28 00:14:05,28.0,1
1113447,1393544776620000653,20000653,2014-02-27 23:46:16,2014-02-28 00:12:16,26.0,1
1114046,1393544815620000651,20000651,2014-02-27 23:46:55,2014-02-28 00:09:40,22.8,1
1113292,1393544892620000013,20000013,2014-02-27 23:48:12,2014-02-28 00:04:27,16.3,1
1113170,1393544967620000305,20000305,2014-02-27 23:49:27,2014-02-28 00:00:42,11.3,1
1113174,1393545019620000233,20000233,2014-02-27 23:50:19,2014-02-28 00:02:34,12.3,1
1113161,1393545174620000395,20000395,2014-02-27 23:52:54,2014-02-28 00:09:54,17.0,1
1113290,1393545220620000473,20000473,2014-02-27 23:53:40,2014-02-28 00:01:55,8.3,1
1113252,1393545224620000467,20000467,2014-02-27 23:53:44,2014-02-28 00:03:14,9.5,1
1113366,1393545235620000663,20000663,2014-02-27 23:53:55,2014-02-28 00:02:25,8.5,1
1113164,1393545270620000625,20000625,2014-02-27 23:54:30,2014-02-28 00:02:15,7.8,1
1113296,1393545371620000171,20000171,2014-02-27 23:56:11,2014-02-28 00:03:56,7.8,1
1113178,1393545439620000190,20000190,2014-02-27 23:57:19,2014-02-28 00:03:19,6.0,1
1113324,1393545473620000009,20000009,2014-02-27 23:57:53,2014-02-28 00:04:38,6.8,1
1113349,1393545543620000328,20000328,2014-02-27 23:59:03,2014-02-28 00:09:33,10.5,1
1119295,1393630655620000311,20000311,2014-02-28 23:37:35,2014-03-01 00:24:35,47.0,1
1119274,1393630915620000454,20000454,2014-02-28 23:41:55,2014-03-01 00:00:55,19.0,1
1119160,1393631021620000591,20000591,2014-02-28 23:43:41,2014-03-01 00:01:41,18.0,1
1119128,1393631192620000216,20000216,2014-02-28 23:46:32,2014-03-01 00:05:02,18.5,1
1119143,1393631252620000116,20000116,2014-02-28 23:47:32,2014-03-01 00:07:47,20.3,1
1119042,1393631283620000570,20000570,2014-02-28 23:48:03,2014-03-01 00:11:18,23.3,1
1119022,1393631393620000310,20000310,2014-02-28 23:49:53,2014-03-01 00:00:23,10.5,1
1119185,1393631466620000179,20000179,2014-02-28 23:51:06,2014-03-01 00:10:51,19.8,1
1119280,1393631585620000333,20000333,2014-02-28 23:53:05,2014-03-01 00:11:35,18.5,1
1119039,1393631593620000624,20000624,2014-02-28 23:53:13,2014-03-01 00:02:58,9.8,1
1119071,1393631600620000067,20000067,2014-02-28 23:53:20,2014-03-01 00:09:05,15.8,1
1119133,1393631616620000129,20000129,2014-02-28 23:53:36,2014-03-01 00:04:36,11.0,1
1119084,1393631627620000031,20000031,2014-02-28 23:53:47,2014-03-01 00:04:32,10.8,1
1119069,1393631647620000108,20000108,2014-02-28 23:54:07,2014-03-01 00:03:22,9.3,1
1118983,1393631678620000011,20000011,2014-02-28 23:54:38,2014-03-01 00:04:38,10.0,1
1118998,1393631690620000598,20000598,2014-02-28 23:54:50,2014-03-01 00:19:35,24.8,1
1119149,1393631713620000005,20000005,2014-02-28 23:55:13,2014-03-01 00:06:43,11.5,1
1119164,1393631743620000657,20000657,2014-02-28 23:55:43,2014-03-01 00:07:28,11.8,1
1119038,1393631764620000472,20000472,2014-02-28 23:56:04,2014-03-01 00:01:34,5.5,1
1122143,1393631770620000509,20000509,2014-02-28 23:56:10,2014-03-01 00:00:40,4.5,1
1119136,1393631796620000450,20000450,2014-02-28 23:56:36,2014-03-01 00:05:06,8.5,1
1119044,1393631797620000188,20000188,2014-02-28 23:56:37,2014-03-01 00:02:52,6.3,1
1118992,1393631847620000561,20000561,2014-02-28 23:57:27,2014-03-01 00:10:12,12.8,1
1121829,1393631865620000085,20000085,2014-02-28 23:57:45,2014-03-01 00:20:00,22.3,1
1119121,1393631890620000004,20000004,2014-02-28 23:58:10,2014-03-01 00:04:40,6.5,1
1119000,1393631897620000022,20000022,2014-02-28 23:58:17,2014-03-01 00:22:02,23.8,1
1119565,1393631916620000540,20000540,2014-02-28 23:58:36,2014-03-01 00:07:21,8.8,1
1119057,1393631919620000328,20000328,2014-02-28 23:58:39,2014-03-01 00:04:39,6.0,1
1118989,1393631943620000012,20000012,2014-02-28 23:59:03,2014-03-01 00:10:03,11.0,1
1119114,1393631995620000620,20000620,2014-02-28 23:59:55,2014-03-01 00:18:40,18.8,1
1125636,1393716453620000395,20000395,2014-03-01 23:27:33,2014-03-02 00:42:03,74.5,1
1127380,1393716751620000074,20000074,2014-03-01 23:32:31,2014-03-02 00:03:16,30.8,1
1124982,1393717304620000190,20000190,2014-03-01 23:41:44,2014-03-02 01:05:29,83.8,1
1124796,1393717624620000620,20000620,2014-03-01 23:47:04,2014-03-02 00:00:19,13.3,1
1124775,1393717751620000333,20000333,2014-03-01 23:49:11,2014-03-02 00:01:11,12.0,1
1124913,1393717802620000081,20000081,2014-03-01 23:50:02,2014-03-02 00:06:47,16.8,1
1124879,1393717816620000591,20000591,2014-03-01 23:50:16,2014-03-02 00:24:31,34.3,1
1124803,1393717844620000337,20000337,2014-03-01 23:50:44,2014-03-02 00:00:14,9.5,1
1124802,1393717852620000356,20000356,2014-03-01 23:50:52,2014-03-02 00:02:22,11.5,1
1124841,1393717887620000105,20000105,2014-03-01 23:51:27,2014-03-02 00:01:42,10.3,1
1124837,1393717964620000618,20000618,2014-03-01 23:52:44,2014-03-02 00:00:14,7.5,1
1124710,1393717986620000251,20000251,2014-03-01 23:53:06,2014-03-02 00:01:51,8.8,1
1125125,1393717996620000004,20000004,2014-03-01 23:53:16,2014-03-02 00:04:01,10.8,1
1124906,1393717999620000542,20000542,2014-03-01 23:53:19,2014-03-02 00:01:49,8.5,1
1126166,1393718036620000597,20000597,2014-03-01 23:53:56,2014-03-02 00:30:11,36.3,1
1124903,1393718050620000157,20000157,2014-03-01 23:54:10,2014-03-02 00:08:25,14.3,1
1124915,1393718070620000192,20000192,2014-03-01 23:54:30,2014-03-02 00:12:30,18.0,1
1124715,1393718081620000051,20000051,2014-03-01 23:54:41,2014-03-02 00:03:56,9.3,1
1124878,1393718088620000453,20000453,2014-03-01 23:54:48,2014-03-02 00:19:33,24.8,1
1124773,1393718156620000554,20000554,2014-03-01 23:55:56,2014-03-02 00:05:11,9.3,1
1124851,1393718162620000045,20000045,2014-03-01 23:56:02,2014-03-02 00:02:32,6.5,1
1125023,1393718162620000546,20000546,2014-03-01 23:56:02,2014-03-02 00:11:32,15.5,1
1126050,1393718170620000904,20000904,2014-03-01 23:56:10,2014-03-02 00:01:55,5.8,1
1125186,1393718214620000359,20000359,2014-03-01 23:56:54,2014-03-02 00:03:39,6.8,1
1124926,1393718220620000695,20000695,2014-03-01 23:57:00,2014-03-02 00:05:15,8.3,1
1124782,1393718233620000067,20000067,2014-03-01 23:57:13,2014-03-02 00:03:13,6.0,1
1124804,1393718273620000488,20000488,2014-03-01 23:57:53,2014-03-02 00:00:53,3.0,1
1124745,1393718291620000370,20000370,2014-03-01 23:58:11,2014-03-02 00:07:11,9.0,1
1124780,1393718313620000624,20000624,2014-03-01 23:58:33,2014-03-02 00:07:03,8.5,1
1124894,1393718317620000321,20000321,2014-03-01 23:58:37,2014-03-02 00:04:52,6.3,1
1124917,1393718335620000372,20000372,2014-03-01 23:58:55,2014-03-02 00:13:10,14.3,1
1125135,1393718343620000520,20000520,2014-03-01 23:59:03,2014-03-02 00:14:18,15.3,1
1124737,1393718351620000196,20000196,2014-03-01 23:59:11,2014-03-02 00:06:26,7.3,1
1124823,1393718351620000260,20000260,2014-03-01 23:59:11,2014-03-02 00:02:11,3.0,1
1124769,1393718377620000108,20000108,2014-03-01 23:59:37,2014-03-02 00:07:07,7.5,1
1125222,1393718389620000403,20000403,2014-03-01 23:59:49,2014-03-02 00:07:34,7.8,1
1124885,1393718395620000309,20000309,2014-03-01 23:59:55,2014-03-02 00:03:40,3.8,1
1129699,1393802626620000621,20000621,2014-03-02 23:23:46,2014-03-03 00:44:31,80.8,1
1129518,1393802985620000129,20000129,2014-03-02 23:29:45,2014-03-03 00:02:45,33.0,1
1129748,1393803620620000057,20000057,2014-03-02 23:40:20,2014-03-03 00:03:20,23.0,1
1129525,1393803868620000570,20000570,2014-03-02 23:44:28,2014-03-03 00:03:13,18.8,1
1129756,1393804204620000154,20000154,2014-03-02 23:50:04,2014-03-03 00:01:34,11.5,1
1129614,1393804654620000007,20000007,2014-03-02 23:57:34,2014-03-03 00:10:04,12.5,1
1130204,1393804666620000119,20000119,2014-03-02 23:57:46,2014-03-03 00:04:01,6.3,1
1129949,1393804672620000525,20000525,2014-03-02 23:57:52,2014-03-03 00:05:22,7.5,1
1129562,1393804680620000008,20000008,2014-03-02 23:58:00,2014-03-03 00:11:45,13.8,1
1129520,1393804701620000610,20000610,2014-03-02 23:58:21,2014-03-03 00:15:06,16.8,1
1129659,1393804788620000473,20000473,2014-03-02 23:59:48,2014-03-03 00:50:48,51.0,1
1133932,1393888710620000446,20000446,2014-03-03 23:18:30,2014-03-04 00:20:45,62.3,1
1134039,1393890318620000497,20000497,2014-03-03 23:45:18,2014-03-04 00:18:03,32.8,1
1133737,1393890377620000167,20000167,2014-03-03 23:46:17,2014-03-04 00:03:17,17.0,1
1133774,1393890726620000120,20000120,2014-03-03 23:52:06,2014-03-04 00:06:51,14.8,1
1133938,1393890727620000184,20000184,2014-03-03 23:52:07,2014-03-04 00:01:07,9.0,1
1133688,1393890767620000178,20000178,2014-03-03 23:52:47,2014-03-04 00:04:32,11.8,1
1133889,1393890831620000239,20000239,2014-03-03 23:53:51,2014-03-04 00:07:51,14.0,1
1133978,1393890880620000451,20000451,2014-03-03 23:54:40,2014-03-04 00:09:10,14.5,1
1133935,1393890922620000067,20000067,2014-03-03 23:55:22,2014-03-04 00:06:52,11.5,1
1133844,1393891011620000269,20000269,2014-03-03 23:56:51,2014-03-04 00:08:21,11.5,1
1134114,1393891047620000173,20000173,2014-03-03 23:57:27,2014-03-04 00:04:12,6.8,1
1133817,1393891071620000610,20000610,2014-03-03 23:57:51,2014-03-04 00:14:51,17.0,1
1133857,1393891081620000619,20000619,2014-03-03 23:58:01,2014-03-04 00:11:16,13.3,1
1133698,1393891113620000649,20000649,2014-03-03 23:58:33,2014-03-04 00:06:03,7.5,1
1134015,1393891182620000268,20000268,2014-03-03 23:59:42,2014-03-04 00:10:42,11.0,1
1133830,1393891196620000119,20000119,2014-03-03 23:59:56,2014-03-04 00:13:56,14.0,1
1139546,1393976402620000598,20000598,2014-03-04 23:40:02,2014-03-05 00:07:47,27.8,1
1140022,1393977307620000303,20000303,2014-03-04 23:55:07,2014-03-05 00:04:07,9.0,1
1139291,1393977318620000403,20000403,2014-03-04 23:55:18,2014-03-05 00:00:03,4.8,1
1139310,1393977363620000454,20000454,2014-03-04 23:56:03,2014-03-05 00:02:18,6.3,1
1142819,1393977384620000570,20000570,2014-03-04 23:56:24,2014-03-05 00:03:09,6.8,1
1139357,1393977401620000171,20000171,2014-03-04 23:56:41,2014-03-05 00:06:41,10.0,1
1139385,1393977403620000345,20000345,2014-03-04 23:56:43,2014-03-05 00:23:13,26.5,1
1139325,1393977408620000003,20000003,2014-03-04 23:56:48,2014-03-05 00:16:33,19.8,1
1139443,1393977456620000446,20000446,2014-03-04 23:57:36,2014-03-05 00:09:36,12.0,1
1140306,1393977576620000045,20000045,2014-03-04 23:59:36,2014-03-05 00:03:51,4.3,1
1139272,1393977583620000066,20000066,2014-03-04 23:59:43,2014-03-05 00:01:58,2.3,1
1143523,1394058938620000009,20000009,2014-03-05 22:35:38,2014-03-06 00:01:38,86.0,1
1143675,1394061113620000904,20000904,2014-03-05 23:11:53,2014-03-06 00:11:38,59.8,1
1143386,1394061247620000574,20000574,2014-03-05 23:14:07,2014-03-06 00:04:07,50.0,1
1143446,1394062653620000662,20000662,2014-03-05 23:37:33,2014-03-06 00:00:03,22.5,1
1143603,1394062978620000598,20000598,2014-03-05 23:42:58,2014-03-06 00:05:28,22.5,1
1143415,1394063021620000304,20000304,2014-03-05 23:43:41,2014-03-06 00:01:11,17.5,1
1143323,1394063514620000363,20000363,2014-03-05 23:51:54,2014-03-06 00:00:39,8.8,1
1143380,1394063629620000161,20000161,2014-03-05 23:53:49,2014-03-06 00:04:19,10.5,1
1143539,1394063633620000424,20000424,2014-03-05 23:53:53,2014-03-06 00:04:53,11.0,1
1144088,1394063717620000430,20000430,2014-03-05 23:55:17,2014-03-06 00:08:17,13.0,1
1151890,1394063786620000610,20000610,2014-03-05 23:56:26,2014-03-06 00:13:41,17.3,1
1143473,1394063818620000008,20000008,2014-03-05 23:56:58,2014-03-06 00:03:58,7.0,1
1143369,1394063836620000435,20000435,2014-03-05 23:57:16,2014-03-06 00:25:01,27.8,1
1143503,1394063850620000333,20000333,2014-03-05 23:57:30,2014-03-06 00:10:00,12.5,1
1143353,1394063930620000233,20000233,2014-03-05 23:58:50,2014-03-06 00:01:05,2.3,1
1143336,1394063956620000529,20000529,2014-03-05 23:59:16,2014-03-06 00:13:31,14.3,1
1143495,1394063962620000179,20000179,2014-03-05 23:59:22,2014-03-06 00:14:37,15.3,1
1143559,1394063983620000657,20000657,2014-03-05 23:59:43,2014-03-06 00:10:13,10.5,1
1143451,1394063989620000436,20000436,2014-03-05 23:59:49,2014-03-06 00:08:34,8.8,1
1147787,1394144132620000305,20000305,2014-03-06 22:15:32,2014-03-07 00:02:47,107.3,1
1148652,1394145837620000692,20000692,2014-03-06 22:43:57,2014-03-07 01:17:27,153.5,1
1148148,1394147640620000446,20000446,2014-03-06 23:14:00,2014-03-07 00:08:45,54.8,1
1147881,1394149713620000626,20000626,2014-03-06 23:48:33,2014-03-07 00:02:03,13.5,1
1147890,1394149917620000337,20000337,2014-03-06 23:51:57,2014-03-07 00:01:57,10.0,1
1147933,1394149989620000600,20000600,2014-03-06 23:53:09,2014-03-07 00:10:39,17.5,1
1147849,1394150034620000356,20000356,2014-03-06 23:53:54,2014-03-07 00:01:24,7.5,1
1147766,1394150035620000574,20000574,2014-03-06 23:53:55,2014-03-07 00:11:25,17.5,1
1147867,1394150068620000006,20000006,2014-03-06 23:54:28,2014-03-07 00:05:58,11.5,1
1147762,1394150095620000487,20000487,2014-03-06 23:54:55,2014-03-07 00:00:10,5.3,1
1147877,1394150252620000486,20000486,2014-03-06 23:57:32,2014-03-07 00:07:47,10.3,1
1147907,1394150269620000364,20000364,2014-03-06 23:57:49,2014-03-07 00:02:49,5.0,1
1147829,1394150288620000308,20000308,2014-03-06 23:58:08,2014-03-07 00:00:23,2.3,1
1153205,1394232261620000009,20000009,2014-03-07 22:44:21,2014-03-08 00:06:06,81.8,1
1152957,1394236037620000004,20000004,2014-03-07 23:47:17,2014-03-08 00:07:47,20.5,1
1153168,1394236084620000351,20000351,2014-03-07 23:48:04,2014-03-08 00:03:19,15.3,1
1153066,1394236108620000233,20000233,2014-03-07 23:48:28,2014-03-08 00:02:13,13.8,1
1153130,1394236275620000010,20000010,2014-03-07 23:51:15,2014-03-08 00:01:45,10.5,1
1152915,1394236278620000904,20000904,2014-03-07 23:51:18,2014-03-08 00:00:18,9.0,1
1152985,1394236300620000363,20000363,2014-03-07 23:51:40,2014-03-08 00:03:25,11.8,1
1154456,1394236383620000188,20000188,2014-03-07 23:53:03,2014-03-08 00:03:48,10.8,1
1152813,1394236396620000307,20000307,2014-03-07 23:53:16,2014-03-08 00:04:01,10.8,1
1152858,1394236410620000343,20000343,2014-03-07 23:53:30,2014-03-08 00:06:15,12.8,1
1152847,1394236441620000651,20000651,2014-03-07 23:54:01,2014-03-08 00:10:31,16.5,1
1152833,1394236450620000419,20000419,2014-03-07 23:54:10,2014-03-08 00:02:40,8.5,1
1153159,1394236464620000588,20000588,2014-03-07 23:54:24,2014-03-08 00:06:39,12.3,1
1152971,1394236473620000901,20000901,2014-03-07 23:54:33,2014-03-08 00:09:48,15.3,1
1153691,1394236473620000231,20000231,2014-03-07 23:54:33,2014-03-08 00:09:48,15.3,1
1152886,1394236486620000054,20000054,2014-03-07 23:54:46,2014-03-08 00:02:01,7.3,1
1152967,1394236494620000116,20000116,2014-03-07 23:54:54,2014-03-08 00:03:39,8.8,1
1152907,1394236496620000285,20000285,2014-03-07 23:54:56,2014-03-08 00:02:26,7.5,1
1152852,1394236620620000482,20000482,2014-03-07 23:57:00,2014-03-08 00:01:15,4.3,1
1152931,1394236635620000620,20000620,2014-03-07 23:57:15,2014-03-08 00:17:30,20.3,1
1152977,1394236693620000309,20000309,2014-03-07 23:58:13,2014-03-08 00:06:43,8.5,1
1152937,1394236791620000108,20000108,2014-03-07 23:59:51,2014-03-08 00:08:36,8.8,1
1157630,1394321709620000119,20000119,2014-03-08 23:35:09,2014-03-09 00:02:39,27.5,1
1157598,1394322037620000450,20000450,2014-03-08 23:40:37,2014-03-09 00:10:37,30.0,1
1157595,1394322313620000345,20000345,2014-03-08 23:45:13,2014-03-09 00:18:13,33.0,1
1157699,1394322335620000554,20000554,2014-03-08 23:45:35,2014-03-09 00:01:05,15.5,1
1157634,1394322341620000058,20000058,2014-03-08 23:45:41,2014-03-09 00:10:11,24.5,1
1157733,1394322360620000057,20000057,2014-03-08 23:46:00,2014-03-09 00:12:15,26.3,1
1157616,1394322475620000239,20000239,2014-03-08 23:47:55,2014-03-09 00:00:40,12.8,1
1157876,1394322478620000160,20000160,2014-03-08 23:47:58,2014-03-09 00:05:58,18.0,1
1157560,1394322638620000280,20000280,2014-03-08 23:50:38,2014-03-09 00:00:08,9.5,1
1157548,1394322658620000455,20000455,2014-03-08 23:50:58,2014-03-09 00:01:28,10.5,1
1157950,1394322660620000514,20000514,2014-03-08 23:51:00,2014-03-09 00:02:45,11.8,1
1157710,1394322734620000015,20000015,2014-03-08 23:52:14,2014-03-09 00:03:14,11.0,1
1157749,1394322792620000288,20000288,2014-03-08 23:53:12,2014-03-09 00:25:12,32.0,1
1157965,1394322820620000653,20000653,2014-03-08 23:53:40,2014-03-09 00:08:40,15.0,1
1157546,1394322829620000161,20000161,2014-03-08 23:53:49,2014-03-09 00:04:49,11.0,1
1157576,1394322838620000625,20000625,2014-03-08 23:53:58,2014-03-09 00:00:13,6.3,1
1157804,1394322877620000576,20000576,2014-03-08 23:54:37,2014-03-09 00:04:22,9.8,1
1157721,1394322884620000436,20000436,2014-03-08 23:54:44,2014-03-09 00:16:29,21.8,1
1157575,1394322888620000561,20000561,2014-03-08 23:54:48,2014-03-09 00:07:03,12.3,1
1157843,1394322891620000662,20000662,2014-03-08 23:54:51,2014-03-09 00:04:36,9.8,1
1157803,1394322899620000503,20000503,2014-03-08 23:54:59,2014-03-09 00:10:29,15.5,1
1157745,1394322949620000482,20000482,2014-03-08 23:55:49,2014-03-09 00:03:49,8.0,1
1157835,1394322957620000089,20000089,2014-03-08 23:55:57,2014-03-09 00:01:27,5.5,1
1157649,1394323018620000403,20000403,2014-03-08 23:56:58,2014-03-09 00:08:58,12.0,1
1157655,1394323024620000353,20000353,2014-03-08 23:57:04,2014-03-09 00:08:49,11.8,1
1157579,1394323046620000054,20000054,2014-03-08 23:57:26,2014-03-09 00:05:26,8.0,1
1157541,1394323049620000591,20000591,2014-03-08 23:57:29,2014-03-09 00:01:29,4.0,1
1157566,1394323052620000333,20000333,2014-03-08 23:57:32,2014-03-09 00:17:32,20.0,1
1157892,1394323066620000105,20000105,2014-03-08 23:57:46,2014-03-09 00:07:16,9.5,1
1157855,1394323102620000031,20000031,2014-03-08 23:58:22,2014-03-09 00:11:37,13.3,1
1157574,1394323104620000589,20000589,2014-03-08 23:58:24,2014-03-09 00:04:24,6.0,1
1157670,1394323118620000423,20000423,2014-03-08 23:58:38,2014-03-09 00:12:53,14.3,1
1157760,1394323122620000467,20000467,2014-03-08 23:58:42,2014-03-09 00:09:42,11.0,1
1157688,1394323151620000518,20000518,2014-03-08 23:59:11,2014-03-09 00:10:11,11.0,1
1157629,1394323155620000612,20000612,2014-03-08 23:59:15,2014-03-09 00:10:00,10.8,1
1157626,1394323159620000640,20000640,2014-03-08 23:59:19,2014-03-09 00:00:19,1.0,1
1157742,1394323189620000304,20000304,2014-03-08 23:59:49,2014-03-09 00:21:49,22.0,1
1161919,1394404926620000009,20000009,2014-03-09 22:42:06,2014-03-10 00:51:06,129.0,1
1161903,1394409070620000653,20000653,2014-03-09 23:51:10,2014-03-10 00:02:25,11.3,1
1161906,1394409102620000574,20000574,2014-03-09 23:51:42,2014-03-10 00:42:42,51.0,1
1161904,1394409164620000196,20000196,2014-03-09 23:52:44,2014-03-10 00:00:29,7.8,1
1161853,1394409166620000617,20000617,2014-03-09 23:52:46,2014-03-10 00:05:01,12.3,1
1161821,1394409190620000688,20000688,2014-03-09 23:53:10,2014-03-10 00:01:25,8.3,1
1162478,1394409242620000554,20000554,2014-03-09 23:54:02,2014-03-10 00:12:02,18.0,1
1161841,1394409406620000476,20000476,2014-03-09 23:56:46,2014-03-10 00:02:16,5.5,1
1162221,1394409410620000589,20000589,2014-03-09 23:56:50,2014-03-10 00:05:35,8.8,1
1166576,1394493799620000252,20000252,2014-03-10 23:23:19,2014-03-11 00:24:34,61.3,1
1165947,1394495450620000612,20000612,2014-03-10 23:50:50,2014-03-11 00:00:50,10.0,1
1166115,1394495521620000488,20000488,2014-03-10 23:52:01,2014-03-11 00:02:31,10.5,1
1165975,1394495673620000648,20000648,2014-03-10 23:54:33,2014-03-11 00:06:33,12.0,1
1165972,1394495695620000672,20000672,2014-03-10 23:54:55,2014-03-11 00:07:55,13.0,1
1165871,1394495783620000359,20000359,2014-03-10 23:56:23,2014-03-11 00:03:53,7.5,1
1165886,1394495794620000529,20000529,2014-03-10 23:56:34,2014-03-11 00:14:04,17.5,1
1165887,1394495795620000012,20000012,2014-03-10 23:56:35,2014-03-11 00:10:35,14.0,1
1167660,1394495804620000509,20000509,2014-03-10 23:56:44,2014-03-11 00:00:44,4.0,1
1167051,1394495807620000574,20000574,2014-03-10 23:56:47,2014-03-11 00:13:47,17.0,1
1165937,1394495824620000197,20000197,2014-03-10 23:57:04,2014-03-11 00:01:19,4.3,1
1170403,1394578156620000009,20000009,2014-03-11 22:49:16,2014-03-12 00:15:16,86.0,1
1170279,1394580173620000360,20000360,2014-03-11 23:22:53,2014-03-12 00:01:38,38.8,1
1170676,1394581069620000497,20000497,2014-03-11 23:37:49,2014-03-12 00:21:04,43.3,1
1170267,1394581583620000387,20000387,2014-03-11 23:46:23,2014-03-12 00:01:08,14.8,1
1170606,1394581683620000486,20000486,2014-03-11 23:48:03,2014-03-12 00:28:33,40.5,1
1170286,1394581753620000216,20000216,2014-03-11 23:49:13,2014-03-12 00:01:58,12.8,1
1170338,1394581755620000372,20000372,2014-03-11 23:49:15,2014-03-12 00:04:45,15.5,1
1170246,1394581774620000031,20000031,2014-03-11 23:49:34,2014-03-12 00:01:34,12.0,1
1170224,1394581847620000268,20000268,2014-03-11 23:50:47,2014-03-12 00:00:02,9.3,1
1170352,1394581954620000332,20000332,2014-03-11 23:52:34,2014-03-12 00:19:34,27.0,1
1170265,1394581989620000066,20000066,2014-03-11 23:53:09,2014-03-12 00:12:09,19.0,1
1170406,1394582048620000304,20000304,2014-03-11 23:54:08,2014-03-12 00:08:53,14.8,1
1170236,1394582062620000192,20000192,2014-03-11 23:54:22,2014-03-12 00:00:37,6.3,1
1170216,1394582064620000610,20000610,2014-03-11 23:54:24,2014-03-12 00:01:54,7.5,1
1170414,1394582078620000621,20000621,2014-03-11 23:54:38,2014-03-12 00:03:08,8.5,1
1170274,1394582192620000004,20000004,2014-03-11 23:56:32,2014-03-12 00:02:47,6.3,1
1170313,1394582199620000345,20000345,2014-03-11 23:56:39,2014-03-12 00:01:54,5.3,1
1170703,1394582227620000632,20000632,2014-03-11 23:57:07,2014-03-12 00:03:37,6.5,1
1170486,1394582249620000653,20000653,2014-03-11 23:57:29,2014-03-12 00:24:29,27.0,1
1170937,1394582304620000467,20000467,2014-03-11 23:58:24,2014-03-12 00:06:39,8.3,1
1170305,1394582323620000010,20000010,2014-03-11 23:58:43,2014-03-12 00:06:43,8.0,1
1170484,1394582345620000525,20000525,2014-03-11 23:59:05,2014-03-12 00:02:50,3.8,1
1174703,1394664387620000009,20000009,2014-03-12 22:46:27,2014-03-13 00:00:27,74.0,1
1174544,1394667442620000574,20000574,2014-03-12 23:37:22,2014-03-13 00:02:07,24.8,1
1174701,1394667594620000042,20000042,2014-03-12 23:39:54,2014-03-13 00:18:54,39.0,1
1174613,1394667598620000423,20000423,2014-03-12 23:39:58,2014-03-13 00:17:28,37.5,1
1174456,1394667926620000688,20000688,2014-03-12 23:45:26,2014-03-13 00:02:11,16.8,1
1174516,1394668087620000309,20000309,2014-03-12 23:48:07,2014-03-13 00:01:37,13.5,1
1174710,1394668088620000297,20000297,2014-03-12 23:48:08,2014-03-13 00:04:08,16.0,1
1174498,1394668181620000345,20000345,2014-03-12 23:49:41,2014-03-13 00:01:11,11.5,1
1174596,1394668259620000233,20000233,2014-03-12 23:50:59,2014-03-13 00:03:44,12.8,1
1174603,1394668394620000007,20000007,2014-03-12 23:53:14,2014-03-13 00:02:44,9.5,1
1175563,1394668466620000586,20000586,2014-03-12 23:54:26,2014-03-13 00:00:56,6.5,1
1174524,1394668472620000307,20000307,2014-03-12 23:54:32,2014-03-13 00:07:32,13.0,1
1174454,1394668491620000529,20000529,2014-03-12 23:54:51,2014-03-13 00:03:21,8.5,1
1174578,1394668498620000409,20000409,2014-03-12 23:54:58,2014-03-13 00:03:58,9.0,1
1174936,1394668552620000112,20000112,2014-03-12 23:55:52,2014-03-13 00:06:22,10.5,1
1174466,1394668694620000472,20000472,2014-03-12 23:58:14,2014-03-13 00:08:29,10.3,1
1174517,1394668703620000621,20000621,2014-03-12 23:58:23,2014-03-13 00:04:23,6.0,1
1174612,1394668707620000648,20000648,2014-03-12 23:58:27,2014-03-13 00:02:12,3.8,1
1174484,1394668709620000388,20000388,2014-03-12 23:58:29,2014-03-13 00:03:44,5.3,1
1175135,1394668731620000120,20000120,2014-03-12 23:58:51,2014-03-13 00:09:36,10.8,1
1174559,1394668737620000101,20000101,2014-03-12 23:58:57,2014-03-13 00:09:12,10.3,1
1174512,1394668789620000324,20000324,2014-03-12 23:59:49,2014-03-13 00:35:49,36.0,1
1179130,1394753912620000472,20000472,2014-03-13 23:38:32,2014-03-14 00:09:47,31.3,1
1178989,1394754306620000171,20000171,2014-03-13 23:45:06,2014-03-14 00:12:21,27.3,1
1179483,1394754809620000347,20000347,2014-03-13 23:53:29,2014-03-14 00:04:29,11.0,1
1179128,1394754863620000364,20000364,2014-03-13 23:54:23,2014-03-14 00:03:08,8.8,1
1179117,1394754881620000015,20000015,2014-03-13 23:54:41,2014-03-14 00:16:41,22.0,1
1179252,1394754900620000625,20000625,2014-03-13 23:55:00,2014-03-14 00:01:30,6.5,1
1179300,1394754923620000101,20000101,2014-03-13 23:55:23,2014-03-14 00:01:23,6.0,1
1179140,1394754927620000542,20000542,2014-03-13 23:55:27,2014-03-14 00:05:27,10.0,1
1179053,1394754935620000662,20000662,2014-03-13 23:55:35,2014-03-14 00:09:05,13.5,1
1179118,1394754945620000179,20000179,2014-03-13 23:55:45,2014-03-14 00:18:45,23.0,1
1179243,1394755047620000307,20000307,2014-03-13 23:57:27,2014-03-14 00:04:57,7.5,1
1179194,1394755049620000006,20000006,2014-03-13 23:57:29,2014-03-14 00:11:44,14.3,1
1178979,1394755173620000252,20000252,2014-03-13 23:59:33,2014-03-14 00:14:33,15.0,1
1184132,1394837271620000338,20000338,2014-03-14 22:47:51,2014-03-15 00:08:36,80.8,1
1183862,1394840387620000129,20000129,2014-03-14 23:39:47,2014-03-15 00:04:47,25.0,1
1183915,1394840662620000233,20000233,2014-03-14 23:44:22,2014-03-15 00:14:22,30.0,1
1186533,1394840690620000111,20000111,2014-03-14 23:44:50,2014-03-15 00:30:35,45.8,1
1183972,1394840850620000529,20000529,2014-03-14 23:47:30,2014-03-15 00:04:30,17.0,1
1183876,1394840967620000105,20000105,2014-03-14 23:49:27,2014-03-15 00:08:42,19.3,1
1183976,1394841003620000321,20000321,2014-03-14 23:50:03,2014-03-15 00:05:03,15.0,1
1183963,1394841080620000178,20000178,2014-03-14 23:51:20,2014-03-15 00:00:05,8.8,1
1185494,1394841080620000692,20000692,2014-03-14 23:51:20,2014-03-15 00:04:20,13.0,1
1184374,1394841111620000190,20000190,2014-03-14 23:51:51,2014-03-15 00:25:21,33.5,1
1183899,1394841122620000356,20000356,2014-03-14 23:52:02,2014-03-15 00:02:32,10.5,1
1184002,1394841155620000372,20000372,2014-03-14 23:52:35,2014-03-15 00:03:20,10.8,1
1183944,1394841188620000520,20000520,2014-03-14 23:53:08,2014-03-15 00:02:23,9.3,1
1184257,1394841226620000588,20000588,2014-03-14 23:53:46,2014-03-15 00:02:16,8.5,1
1184084,1394841307620000260,20000260,2014-03-14 23:55:07,2014-03-15 00:08:52,13.8,1
1183866,1394841308620000092,20000092,2014-03-14 23:55:08,2014-03-15 00:03:53,8.8,1
1183907,1394841315620000574,20000574,2014-03-14 23:55:15,2014-03-15 00:02:45,7.5,1
1184154,1394841352620000042,20000042,2014-03-14 23:55:52,2014-03-15 00:06:07,10.3,1
1183889,1394841395620000554,20000554,2014-03-14 23:56:35,2014-03-15 00:07:05,10.5,1
1183965,1394841420620000333,20000333,2014-03-14 23:57:00,2014-03-15 00:03:30,6.5,1
1184146,1394841456620000488,20000488,2014-03-14 23:57:36,2014-03-15 00:04:51,7.3,1
1185220,1394841488620000030,20000030,2014-03-14 23:58:08,2014-03-15 00:08:53,10.8,1
1184131,1394841511620000364,20000364,2014-03-14 23:58:31,2014-03-15 00:22:46,24.3,1
1184045,1394841528620000904,20000904,2014-03-14 23:58:48,2014-03-15 00:08:18,9.5,1
1184051,1394841534620000154,20000154,2014-03-14 23:58:54,2014-03-15 00:09:39,10.8,1
1183945,1394841549620000011,20000011,2014-03-14 23:59:09,2014-03-15 00:34:24,35.3,1
1183880,1394841563620000435,20000435,2014-03-14 23:59:23,2014-03-15 00:02:23,3.0,1
1184138,1394841583620000476,20000476,2014-03-14 23:59:43,2014-03-15 00:05:28,5.8,1
1183922,1394841598620000160,20000160,2014-03-14 23:59:58,2014-03-15 00:11:58,12.0,1
1188586,1394923527620000009,20000009,2014-03-15 22:45:27,2014-03-16 00:47:27,122.0,1
1188234,1394926208620000617,20000617,2014-03-15 23:30:08,2014-03-16 00:03:23,33.3,1
1190552,1394926926620000601,20000601,2014-03-15 23:42:06,2014-03-16 00:11:21,29.3,1
1189277,1394927243620000434,20000434,2014-03-15 23:47:23,2014-03-16 00:04:08,16.8,1
1188327,1394927327620000004,20000004,2014-03-15 23:48:47,2014-03-16 00:01:02,12.3,1
1189224,1394927346620000453,20000453,2014-03-15 23:49:06,2014-03-16 00:00:21,11.3,1
1188271,1394927470620000467,20000467,2014-03-15 23:51:10,2014-03-16 00:01:55,10.8,1
1188612,1394927514620000473,20000473,2014-03-15 23:51:54,2014-03-16 00:00:39,8.8,1
1188270,1394927575620000554,20000554,2014-03-15 23:52:55,2014-03-16 00:07:40,14.8,1
1188294,1394927591620000231,20000231,2014-03-15 23:53:11,2014-03-16 00:00:26,7.3,1
1188242,1394927593620000337,20000337,2014-03-15 23:53:13,2014-03-16 00:20:43,27.5,1
1188316,1394927630620000370,20000370,2014-03-15 23:53:50,2014-03-16 00:03:50,10.0,1
1188268,1394927641620000518,20000518,2014-03-15 23:54:01,2014-03-16 00:03:16,9.3,1
1188299,1394927684620000269,20000269,2014-03-15 23:54:44,2014-03-16 00:06:29,11.8,1
1188219,1394927724620000216,20000216,2014-03-15 23:55:24,2014-03-16 00:00:24,5.0,1
1188246,1394927742620000435,20000435,2014-03-15 23:55:42,2014-03-16 00:09:12,13.5,1
1188771,1394927751620000653,20000653,2014-03-15 23:55:51,2014-03-16 00:02:51,7.0,1
1188360,1394927793620000450,20000450,2014-03-15 23:56:33,2014-03-16 00:06:48,10.3,1
1188399,1394927837620000424,20000424,2014-03-15 23:57:17,2014-03-16 00:07:17,10.0,1
1188372,1394927914620000621,20000621,2014-03-15 23:58:34,2014-03-16 00:09:49,11.3,1
1188324,1394927925620000042,20000042,2014-03-15 23:58:45,2014-03-16 00:07:00,8.3,1
1188397,1394927954620000092,20000092,2014-03-15 23:59:14,2014-03-16 00:04:14,5.0,1
1188494,1394927979620000288,20000288,2014-03-15 23:59:39,2014-03-16 00:26:09,26.5,1
1188336,1394927984620000540,20000540,2014-03-15 23:59:44,2014-03-16 00:07:59,8.3,1
1192274,1395012663620000574,20000574,2014-03-16 23:31:03,2014-03-17 00:55:18,84.3,1
1193555,1395013855620000456,20000456,2014-03-16 23:50:55,2014-03-17 00:02:25,11.5,1
1192289,1395014058620000004,20000004,2014-03-16 23:54:18,2014-03-17 00:07:03,12.8,1
1192276,1395014118620000621,20000621,2014-03-16 23:55:18,2014-03-17 00:00:18,5.0,1
1192323,1395014130620000672,20000672,2014-03-16 23:55:30,2014-03-17 00:06:30,11.0,1
1192235,1395014169620000129,20000129,2014-03-16 23:56:09,2014-03-17 00:06:09,10.0,1
1192408,1395014173620000195,20000195,2014-03-16 23:56:13,2014-03-17 00:09:43,13.5,1
1192268,1395014303620000662,20000662,2014-03-16 23:58:23,2014-03-17 00:13:08,14.8,1
1192254,1395014326620000201,20000201,2014-03-16 23:58:46,2014-03-17 00:10:46,12.0,1
1192282,1395014366620000197,20000197,2014-03-16 23:59:26,2014-03-17 00:13:11,13.8,1
1192281,1395014393620000640,20000640,2014-03-16 23:59:53,2014-03-17 00:19:23,19.5,1
1199069,1395081407620000904,20000904,2014-03-17 18:36:47,2014-03-18 06:01:17,684.5,1
1196175,1395100012620000263,20000263,2014-03-17 23:46:52,2014-03-18 00:01:07,14.3,1
1196209,1395100379620000434,20000434,2014-03-17 23:52:59,2014-03-18 00:02:59,10.0,1
1196174,1395100419620000626,20000626,2014-03-17 23:53:39,2014-03-18 00:02:09,8.5,1
1196273,1395100428620000367,20000367,2014-03-17 23:53:48,2014-03-18 00:02:03,8.3,1
1196280,1395100617620000529,20000529,2014-03-17 23:56:57,2014-03-18 00:00:57,4.0,1
1196357,1395100620620000424,20000424,2014-03-17 23:57:00,2014-03-18 00:11:30,14.5,1
1196541,1395100671620000640,20000640,2014-03-17 23:57:51,2014-03-18 00:01:51,4.0,1
1196260,1395100726620000540,20000540,2014-03-17 23:58:46,2014-03-18 00:04:46,6.0,1
1200762,1395184515620000036,20000036,2014-03-18 23:15:15,2014-03-19 00:23:15,68.0,1
1199984,1395185215620000338,20000338,2014-03-18 23:26:55,2014-03-19 01:06:55,100.0,1
1200876,1395186362620000321,20000321,2014-03-18 23:46:02,2014-03-19 00:01:32,15.5,1
1199846,1395186372620000263,20000263,2014-03-18 23:46:12,2014-03-19 00:02:27,16.3,1
1200074,1395186548620000577,20000577,2014-03-18 23:49:08,2014-03-19 00:08:23,19.3,1
1199780,1395186693620000455,20000455,2014-03-18 23:51:33,2014-03-19 00:03:18,11.8,1
1199949,1395186705620000671,20000671,2014-03-18 23:51:45,2014-03-19 00:21:45,30.0,1
1199907,1395186719620000472,20000472,2014-03-18 23:51:59,2014-03-19 00:02:44,10.8,1
1199958,1395186720620000540,20000540,2014-03-18 23:52:00,2014-03-19 00:03:15,11.3,1
1199915,1395186722620000360,20000360,2014-03-18 23:52:02,2014-03-19 00:17:32,25.5,1
1200820,1395186920620000392,20000392,2014-03-18 23:55:20,2014-03-19 00:06:35,11.3,1
1199911,1395186926620000328,20000328,2014-03-18 23:55:26,2014-03-19 00:00:41,5.3,1
1199833,1395186961620000351,20000351,2014-03-18 23:56:01,2014-03-19 00:03:16,7.3,1
1199811,1395186999620000060,20000060,2014-03-18 23:56:39,2014-03-19 00:11:24,14.8,1
1200485,1395187015620000467,20000467,2014-03-18 23:56:55,2014-03-19 00:10:10,13.3,1
1200585,1395187046620000600,20000600,2014-03-18 23:57:26,2014-03-19 00:01:41,4.3,1
1203539,1395187068620000520,20000520,2014-03-18 23:57:48,2014-03-19 00:04:48,7.0,1
1200208,1395187189620000395,20000395,2014-03-18 23:59:49,2014-03-19 00:11:49,12.0,1
1204026,1395269471620000009,20000009,2014-03-19 22:51:11,2014-03-20 00:20:26,89.3,1
1204201,1395272899620000089,20000089,2014-03-19 23:48:19,2014-03-20 00:01:34,13.3,1
1203981,1395273243620000338,20000338,2014-03-19 23:54:03,2014-03-20 00:00:18,6.3,1
1203879,1395273302620000006,20000006,2014-03-19 23:55:02,2014-03-20 00:05:47,10.8,1
1204005,1395273332620000625,20000625,2014-03-19 23:55:32,2014-03-20 00:03:02,7.5,1
1204044,1395273350620000192,20000192,2014-03-19 23:55:50,2014-03-20 00:04:20,8.5,1
1203840,1395273439620000295,20000295,2014-03-19 23:57:19,2014-03-20 00:02:34,5.3,1
1203897,1395273457620000446,20000446,2014-03-19 23:57:37,2014-03-20 00:10:22,12.8,1
1203882,1395273464620000370,20000370,2014-03-19 23:57:44,2014-03-20 00:06:14,8.5,1
1204103,1395273477620000012,20000012,2014-03-19 23:57:57,2014-03-20 00:06:57,9.0,1
1203986,1395273490620000304,20000304,2014-03-19 23:58:10,2014-03-20 00:15:25,17.3,1
1203999,1395273509620000057,20000057,2014-03-19 23:58:29,2014-03-20 00:16:44,18.3,1
1208157,1395357969620000305,20000305,2014-03-20 23:26:09,2014-03-21 00:05:09,39.0,1
1209126,1395359108620000334,20000334,2014-03-20 23:45:08,2014-03-21 00:03:08,18.0,1
1208180,1395359143620000007,20000007,2014-03-20 23:45:43,2014-03-21 01:15:43,90.0,1
1208150,1395359250620000409,20000409,2014-03-20 23:47:30,2014-03-21 00:06:30,19.0,1
1208145,1395359299620000004,20000004,2014-03-20 23:48:19,2014-03-21 00:00:19,12.0,1
1208139,1395359610620000649,20000649,2014-03-20 23:53:30,2014-03-21 00:03:15,9.8,1
1207968,1395359618620000010,20000010,2014-03-20 23:53:38,2014-03-21 00:01:08,7.5,1
1208046,1395359619620000011,20000011,2014-03-20 23:53:39,2014-03-21 00:00:09,6.5,1
1207986,1395359649620000249,20000249,2014-03-20 23:54:09,2014-03-21 00:10:24,16.3,1
1207982,1395359721620000574,20000574,2014-03-20 23:55:21,2014-03-21 00:03:36,8.3,1
1208069,1395359738620000066,20000066,2014-03-20 23:55:38,2014-03-21 00:04:08,8.5,1
1208068,1395359755620000662,20000662,2014-03-20 23:55:55,2014-03-21 00:01:55,6.0,1
1208454,1395359774620000617,20000617,2014-03-20 23:56:14,2014-03-21 00:10:59,14.8,1
1208098,1395359792620000216,20000216,2014-03-20 23:56:32,2014-03-21 00:00:17,3.8,1
1208327,1395359809620000488,20000488,2014-03-20 23:56:49,2014-03-21 00:03:04,6.3,1
1208034,1395359851620000548,20000548,2014-03-20 23:57:31,2014-03-21 00:02:16,4.8,1
1208106,1395359856620000672,20000672,2014-03-20 23:57:36,2014-03-21 00:05:51,8.3,1
1208066,1395359975620000324,20000324,2014-03-20 23:59:35,2014-03-21 00:11:35,12.0,1
1213371,1395441923620000009,20000009,2014-03-21 22:45:23,2014-03-22 00:34:53,109.5,1
1212928,1395441973620000179,20000179,2014-03-21 22:46:13,2014-03-22 00:08:28,82.3,1
1215448,1395444071620000074,20000074,2014-03-21 23:21:11,2014-03-22 00:01:56,40.8,1
1212984,1395445257620000011,20000011,2014-03-21 23:40:57,2014-03-22 00:00:12,19.3,1
1212973,1395445519620000199,20000199,2014-03-21 23:45:19,2014-03-22 00:31:34,46.3,1
1213073,1395445660620000129,20000129,2014-03-21 23:47:40,2014-03-22 00:01:25,13.8,1
1212899,1395445795620000540,20000540,2014-03-21 23:49:55,2014-03-22 00:02:10,12.3,1
1212974,1395445836620000395,20000395,2014-03-21 23:50:36,2014-03-22 00:11:51,21.3,1
1212898,1395445878620000260,20000260,2014-03-21 23:51:18,2014-03-22 00:00:03,8.8,1
1213025,1395445945620000370,20000370,2014-03-21 23:52:25,2014-03-22 00:00:40,8.3,1
1212936,1395445955620000233,20000233,2014-03-21 23:52:35,2014-03-22 00:01:20,8.8,1
1212988,1395445971620000325,20000325,2014-03-21 23:52:51,2014-03-22 00:00:06,7.3,1
1213127,1395445980620000142,20000142,2014-03-21 23:53:00,2014-03-22 00:03:00,10.0,1
1213128,1395446022620000251,20000251,2014-03-21 23:53:42,2014-03-22 00:07:27,13.8,1
1213165,1395446060620000435,20000435,2014-03-21 23:54:20,2014-03-22 00:03:50,9.5,1
1213211,1395446106620000421,20000421,2014-03-21 23:55:06,2014-03-22 00:02:21,7.3,1
1213243,1395446185620000196,20000196,2014-03-21 23:56:25,2014-03-22 00:02:10,5.8,1
1213188,1395446205620000307,20000307,2014-03-21 23:56:45,2014-03-22 00:04:45,8.0,1
1213250,1395446210620000456,20000456,2014-03-21 23:56:50,2014-03-22 00:12:35,15.8,1
1213297,1395446211620000403,20000403,2014-03-21 23:56:51,2014-03-22 00:10:51,14.0,1
1213199,1395446237620000625,20000625,2014-03-21 23:57:17,2014-03-22 00:08:47,11.5,1
1212935,1395446265620000271,20000271,2014-03-21 23:57:45,2014-03-22 00:07:15,9.5,1
1213153,1395446273620000662,20000662,2014-03-21 23:57:53,2014-03-22 00:07:38,9.8,1
1213111,1395446291620000473,20000473,2014-03-21 23:58:11,2014-03-22 00:07:11,9.0,1
1212947,1395446294620000060,20000060,2014-03-21 23:58:14,2014-03-22 00:21:44,23.5,1
1212990,1395446298620000509,20000509,2014-03-21 23:58:18,2014-03-22 00:10:48,12.5,1
1212933,1395446382620000031,20000031,2014-03-21 23:59:42,2014-03-22 00:08:12,8.5,1
1217617,1395528229620000009,20000009,2014-03-22 22:43:49,2014-03-23 00:11:04,87.3,1
1217470,1395530876620000252,20000252,2014-03-22 23:27:56,2014-03-23 00:06:41,38.8,1
1217828,1395530950620000129,20000129,2014-03-22 23:29:10,2014-03-23 00:20:25,51.3,1
1217509,1395531952620000591,20000591,2014-03-22 23:45:52,2014-03-23 00:01:37,15.8,1
1217379,1395532143620000012,20000012,2014-03-22 23:49:03,2014-03-23 00:00:48,11.8,1
1217438,1395532187620000649,20000649,2014-03-22 23:49:47,2014-03-23 00:16:17,26.5,1
1217442,1395532225620000279,20000279,2014-03-22 23:50:25,2014-03-23 00:00:10,9.8,1
1217530,1395532241620000060,20000060,2014-03-22 23:50:41,2014-03-23 00:06:56,16.3,1
1217452,1395532246620000216,20000216,2014-03-22 23:50:46,2014-03-23 00:10:46,20.0,1
1217618,1395532266620000120,20000120,2014-03-22 23:51:06,2014-03-23 00:06:06,15.0,1
1218028,1395532274620000540,20000540,2014-03-22 23:51:14,2014-03-23 00:13:59,22.8,1
1217451,1395532280620000255,20000255,2014-03-22 23:51:20,2014-03-23 00:10:35,19.3,1
1217474,1395532282620000688,20000688,2014-03-22 23:51:22,2014-03-23 00:08:22,17.0,1
1217561,1395532490620000362,20000362,2014-03-22 23:54:50,2014-03-23 00:04:05,9.3,1
1217494,1395532562620000509,20000509,2014-03-22 23:56:02,2014-03-23 00:07:02,11.0,1
1217446,1395532565620000353,20000353,2014-03-22 23:56:05,2014-03-23 00:05:05,9.0,1
1217448,1395532577620000488,20000488,2014-03-22 23:56:17,2014-03-23 00:08:32,12.3,1
1217665,1395532585620000432,20000432,2014-03-22 23:56:25,2014-03-23 00:13:55,17.5,1
1217603,1395532630620000450,20000450,2014-03-22 23:57:10,2014-03-23 00:10:10,13.0,1
1217590,1395532651620000360,20000360,2014-03-22 23:57:31,2014-03-23 00:10:16,12.8,1
1217716,1395532655620000260,20000260,2014-03-22 23:57:35,2014-03-23 00:17:35,20.0,1
1217625,1395532659620000455,20000455,2014-03-22 23:57:39,2014-03-23 00:08:54,11.3,1
1220277,1395532688620000254,20000254,2014-03-22 23:58:08,2014-03-23 00:02:08,4.0,1
1217646,1395532699620000242,20000242,2014-03-22 23:58:19,2014-03-23 00:06:04,7.8,1
1218482,1395532731620000620,20000620,2014-03-22 23:58:51,2014-03-23 00:03:21,4.5,1
1217508,1395532732620000576,20000576,2014-03-22 23:58:52,2014-03-23 00:04:37,5.8,1
1217539,1395532759620000268,20000268,2014-03-22 23:59:19,2014-03-23 00:04:19,5.0,1
1221930,1395614632620000009,20000009,2014-03-23 22:43:52,2014-03-24 00:36:37,112.8,1
1222838,1395616950620000250,20000250,2014-03-23 23:22:30,2014-03-24 00:16:45,54.3,1
1221681,1395618172620000527,20000527,2014-03-23 23:42:52,2014-03-24 00:04:52,22.0,1
1221697,1395618426620000160,20000160,2014-03-23 23:47:06,2014-03-24 00:12:51,25.8,1
1221768,1395618517620000657,20000657,2014-03-23 23:48:37,2014-03-24 00:06:07,17.5,1
1222360,1395618560620000483,20000483,2014-03-23 23:49:20,2014-03-24 00:03:05,13.8,1
1221824,1395618657620000076,20000076,2014-03-23 23:50:57,2014-03-24 00:03:57,13.0,1
1221915,1395618908620000309,20000309,2014-03-23 23:55:08,2014-03-24 00:03:23,8.3,1
1222159,1395619005620000453,20000453,2014-03-23 23:56:45,2014-03-24 00:04:00,7.3,1
1221701,1395619028620000574,20000574,2014-03-23 23:57:08,2014-03-24 00:02:08,5.0,1
1221786,1395619029620000197,20000197,2014-03-23 23:57:09,2014-03-24 00:05:39,8.5,1
1224274,1395619065620000518,20000518,2014-03-23 23:57:45,2014-03-24 00:04:00,6.3,1
1221843,1395619088620000620,20000620,2014-03-23 23:58:08,2014-03-24 00:13:53,15.8,1
1221851,1395619097620000231,20000231,2014-03-23 23:58:17,2014-03-24 00:01:47,3.5,1
1221809,1395619151620000008,20000008,2014-03-23 23:59:11,2014-03-24 00:01:41,2.5,1
1225998,1395700997620000009,20000009,2014-03-24 22:43:17,2014-03-25 01:03:02,139.8,1
1225814,1395704502620000066,20000066,2014-03-24 23:41:42,2014-03-25 00:01:42,20.0,1
1227075,1395704720620000023,20000023,2014-03-24 23:45:20,2014-03-25 00:02:35,17.3,1
1225965,1395704746620000011,20000011,2014-03-24 23:45:46,2014-03-25 00:03:31,17.8,1
1226280,1395705072620000007,20000007,2014-03-24 23:51:12,2014-03-25 00:04:42,13.5,1
1226064,1395705082620000903,20000903,2014-03-24 23:51:22,2014-03-25 00:22:07,30.8,1
1225841,1395705276620000005,20000005,2014-03-24 23:54:36,2014-03-25 00:15:06,20.5,1
1225842,1395705283620000598,20000598,2014-03-24 23:54:43,2014-03-25 00:08:28,13.8,1
1225896,1395705293620000657,20000657,2014-03-24 23:54:53,2014-03-25 00:01:23,6.5,1
1225838,1395705322620000252,20000252,2014-03-24 23:55:22,2014-03-25 00:12:07,16.8,1
1226009,1395705380620000184,20000184,2014-03-24 23:56:20,2014-03-25 00:08:35,12.3,1
1226397,1395705425620000254,20000254,2014-03-24 23:57:05,2014-03-25 00:02:05,5.0,1
1225967,1395705485620000678,20000678,2014-03-24 23:58:05,2014-03-25 00:01:50,3.8,1
1226001,1395705543620000409,20000409,2014-03-24 23:59:03,2014-03-25 00:09:03,10.0,1
1226302,1395705575620000242,20000242,2014-03-24 23:59:35,2014-03-25 00:03:35,4.0,1
1232821,1395790423620000610,20000610,2014-03-25 23:33:43,2014-03-26 00:00:13,26.5,1
1230037,1395790751620000548,20000548,2014-03-25 23:39:11,2014-03-26 00:01:26,22.3,1
1230759,1395790989620000031,20000031,2014-03-25 23:43:09,2014-03-26 00:00:24,17.3,1
1230061,1395791176620000492,20000492,2014-03-25 23:46:16,2014-03-26 00:28:46,42.5,1
1230387,1395791178620000334,20000334,2014-03-25 23:46:18,2014-03-26 00:02:03,15.8,1
1230368,1395791633620000196,20000196,2014-03-25 23:53:53,2014-03-26 00:02:38,8.8,1
1230148,1395791742620000497,20000497,2014-03-25 23:55:42,2014-03-26 00:04:57,9.3,1
1229959,1395791814620000561,20000561,2014-03-25 23:56:54,2014-03-26 00:05:54,9.0,1
1230130,1395791818620000042,20000042,2014-03-25 23:56:58,2014-03-26 00:03:28,6.5,1
1230011,1395791845620000285,20000285,2014-03-25 23:57:25,2014-03-26 00:08:25,11.0,1
1230073,1395791899620000173,20000173,2014-03-25 23:58:19,2014-03-26 00:14:34,16.3,1
1229995,1395791911620000409,20000409,2014-03-25 23:58:31,2014-03-26 00:19:31,21.0,1
1234428,1395874238620000009,20000009,2014-03-26 22:50:38,2014-03-27 00:20:53,90.3,1
1234181,1395875534620000338,20000338,2014-03-26 23:12:14,2014-03-27 00:01:44,49.5,1
1234230,1395877377620000360,20000360,2014-03-26 23:42:57,2014-03-27 00:06:42,23.8,1
1235369,1395877548620000045,20000045,2014-03-26 23:45:48,2014-03-27 00:19:48,34.0,1
1234714,1395877569620000120,20000120,2014-03-26 23:46:09,2014-03-27 00:01:39,15.5,1
1234306,1395877620620000423,20000423,2014-03-26 23:47:00,2014-03-27 00:03:45,16.8,1
1234269,1395877703620000503,20000503,2014-03-26 23:48:23,2014-03-27 00:04:38,16.3,1
1237330,1395877884620000053,20000053,2014-03-26 23:51:24,2014-03-27 00:02:39,11.3,1
1234409,1395877929620000076,20000076,2014-03-26 23:52:09,2014-03-27 00:01:09,9.0,1
1234261,1395877946620000089,20000089,2014-03-26 23:52:26,2014-03-27 00:03:26,11.0,1
1234285,1395877947620000320,20000320,2014-03-26 23:52:27,2014-03-27 00:05:57,13.5,1
1234231,1395877999620000618,20000618,2014-03-26 23:53:19,2014-03-27 00:02:49,9.5,1
1234677,1395878019620000904,20000904,2014-03-26 23:53:39,2014-03-27 00:03:54,10.3,1
1234403,1395878042620000129,20000129,2014-03-26 23:54:02,2014-03-27 00:09:32,15.5,1
1234200,1395878204620000688,20000688,2014-03-26 23:56:44,2014-03-27 00:06:14,9.5,1
1234447,1395878208620000341,20000341,2014-03-26 23:56:48,2014-03-27 00:04:33,7.8,1
1234294,1395878224620000304,20000304,2014-03-26 23:57:04,2014-03-27 00:11:04,14.0,1
1234267,1395878310620000105,20000105,2014-03-26 23:58:30,2014-03-27 00:01:30,3.0,1
1234255,1395878337620000370,20000370,2014-03-26 23:58:57,2014-03-27 00:08:57,10.0,1
1236671,1395878340620000280,20000280,2014-03-26 23:59:00,2014-03-27 00:10:15,11.3,1
1238520,1395963597620000529,20000529,2014-03-27 23:39:57,2014-03-28 00:02:12,22.3,1
1238720,1395963756620000328,20000328,2014-03-27 23:42:36,2014-03-28 00:15:51,33.3,1
1238949,1395963898620000403,20000403,2014-03-27 23:44:58,2014-03-28 00:01:13,16.3,1
1238717,1395963899620000603,20000603,2014-03-27 23:44:59,2014-03-28 00:00:29,15.5,1
1238919,1395963956620000305,20000305,2014-03-27 23:45:56,2014-03-28 00:00:41,14.8,1
1238496,1395964113620000392,20000392,2014-03-27 23:48:33,2014-03-28 00:03:48,15.3,1
1238546,1395964304620000346,20000346,2014-03-27 23:51:44,2014-03-28 00:00:29,8.8,1
1238621,1395964305620000688,20000688,2014-03-27 23:51:45,2014-03-28 00:00:00,8.3,1
1238537,1395964326620000076,20000076,2014-03-27 23:52:06,2014-03-28 00:03:21,11.3,1
1240849,1395964381620000508,20000508,2014-03-27 23:53:01,2014-03-28 00:14:16,21.3,1
1238645,1395964424620000003,20000003,2014-03-27 23:53:44,2014-03-28 00:00:14,6.5,1
1238767,1395964446620000332,20000332,2014-03-27 23:54:06,2014-03-28 00:05:06,11.0,1
1238770,1395964479620000663,20000663,2014-03-27 23:54:39,2014-03-28 00:01:39,7.0,1
1238526,1395964527620000598,20000598,2014-03-27 23:55:27,2014-03-28 00:08:57,13.5,1
1238598,1395964552620000012,20000012,2014-03-27 23:55:52,2014-03-28 00:08:07,12.3,1
1238706,1395964570620000488,20000488,2014-03-27 23:56:10,2014-03-28 00:05:40,9.5,1
1238687,1395964593620000621,20000621,2014-03-27 23:56:33,2014-03-28 00:01:18,4.8,1
1239038,1395964625620000434,20000434,2014-03-27 23:57:05,2014-03-28 00:05:50,8.8,1
1238819,1395964739620000171,20000171,2014-03-27 23:58:59,2014-03-28 00:11:59,13.0,1
1238547,1395964797620000624,20000624,2014-03-27 23:59:57,2014-03-28 00:07:57,8.0,1
1244233,1396046273620000009,20000009,2014-03-28 22:37:53,2014-03-29 00:02:08,84.3,1
1244148,1396050129620000269,20000269,2014-03-28 23:42:09,2014-03-29 00:06:24,24.3,1
1244222,1396050296620000624,20000624,2014-03-28 23:44:56,2014-03-29 00:01:11,16.3,1
1244282,1396050393620000066,20000066,2014-03-28 23:46:33,2014-03-29 00:00:18,13.8,1
1244176,1396050506620000011,20000011,2014-03-28 23:48:26,2014-03-29 00:05:56,17.5,1
1244340,1396050599620000672,20000672,2014-03-28 23:49:59,2014-03-29 00:02:14,12.3,1
1244136,1396050611620000157,20000157,2014-03-28 23:50:11,2014-03-29 00:02:56,12.8,1
1244346,1396050635620000577,20000577,2014-03-28 23:50:35,2014-03-29 00:03:05,12.5,1
1244228,1396050662620000426,20000426,2014-03-28 23:51:02,2014-03-29 00:04:47,13.8,1
1244194,1396050663620000338,20000338,2014-03-28 23:51:03,2014-03-29 00:12:33,21.5,1
1244185,1396050766620000190,20000190,2014-03-28 23:52:46,2014-03-29 00:08:16,15.5,1
1244270,1396050841620000620,20000620,2014-03-28 23:54:01,2014-03-29 00:00:31,6.5,1
1244184,1396050847620000101,20000101,2014-03-28 23:54:07,2014-03-29 00:05:52,11.8,1
1244227,1396050850620000572,20000572,2014-03-28 23:54:10,2014-03-29 00:00:10,6.0,1
1244277,1396050868620000321,20000321,2014-03-28 23:54:28,2014-03-29 00:08:43,14.3,1
1244349,1396050870620000492,20000492,2014-03-28 23:54:30,2014-03-29 00:01:45,7.3,1
1244126,1396050889620000648,20000648,2014-03-28 23:54:49,2014-03-29 00:02:34,7.8,1
1244262,1396050896620000216,20000216,2014-03-28 23:54:56,2014-03-29 00:07:41,12.8,1
1244193,1396050930620000436,20000436,2014-03-28 23:55:30,2014-03-29 00:05:15,9.8,1
1244171,1396050931620000161,20000161,2014-03-28 23:55:31,2014-03-29 00:09:01,13.5,1
1244399,1396050940620000481,20000481,2014-03-28 23:55:40,2014-03-29 00:02:55,7.3,1
1244221,1396050960620000041,20000041,2014-03-28 23:56:00,2014-03-29 00:13:00,17.0,1
1244236,1396050968620000657,20000657,2014-03-28 23:56:08,2014-03-29 00:09:23,13.3,1
1245140,1396050984620000904,20000904,2014-03-28 23:56:24,2014-03-29 00:13:24,17.0,1
1244297,1396051067620000067,20000067,2014-03-28 23:57:47,2014-03-29 00:16:02,18.3,1
1244195,1396051099620000233,20000233,2014-03-28 23:58:19,2014-03-29 00:14:34,16.3,1
1244177,1396051123620000092,20000092,2014-03-28 23:58:43,2014-03-29 00:09:13,10.5,1
1244341,1396051173620000497,20000497,2014-03-28 23:59:33,2014-03-29 00:05:18,5.8,1
1244414,1396051175620000010,20000010,2014-03-28 23:59:35,2014-03-29 00:15:20,15.8,1
1244292,1396051181620000901,20000901,2014-03-28 23:59:41,2014-03-29 00:11:11,11.5,1
1244268,1396051186620000640,20000640,2014-03-28 23:59:46,2014-03-29 00:21:31,21.8,1
1249458,1396133159620000525,20000525,2014-03-29 22:45:59,2014-03-30 00:38:44,112.8,1
1249274,1396136166620000561,20000561,2014-03-29 23:36:06,2014-03-30 00:32:51,56.8,1
1249202,1396136447620000309,20000309,2014-03-29 23:40:47,2014-03-30 00:02:32,21.8,1
1249281,1396136685620000031,20000031,2014-03-29 23:44:45,2014-03-30 00:12:00,27.3,1
1249135,1396136931620000598,20000598,2014-03-29 23:48:51,2014-03-30 00:06:21,17.5,1
1249081,1396136948620000554,20000554,2014-03-29 23:49:08,2014-03-30 00:00:23,11.3,1
1249147,1396136986620000503,20000503,2014-03-29 23:49:46,2014-03-30 00:07:31,17.8,1
1249179,1396137000620000066,20000066,2014-03-29 23:50:00,2014-03-30 00:10:45,20.8,1
1249200,1396137028620000157,20000157,2014-03-29 23:50:28,2014-03-30 00:00:58,10.5,1
1249457,1396137173620000542,20000542,2014-03-29 23:52:53,2014-03-30 00:17:08,24.3,1
1249303,1396137178620000389,20000389,2014-03-29 23:52:58,2014-03-30 00:05:58,13.0,1
1249092,1396137187620000178,20000178,2014-03-29 23:53:07,2014-03-30 00:04:52,11.8,1
1249339,1396137199620000520,20000520,2014-03-29 23:53:19,2014-03-30 00:01:34,8.3,1
1249338,1396137203620000334,20000334,2014-03-29 23:53:23,2014-03-30 00:03:23,10.0,1
1249395,1396137238620000251,20000251,2014-03-29 23:53:58,2014-03-30 00:03:13,9.3,1
1249255,1396137276620000060,20000060,2014-03-29 23:54:36,2014-03-30 00:02:36,8.0,1
1249126,1396137284620000179,20000179,2014-03-29 23:54:44,2014-03-30 00:05:59,11.3,1
1249466,1396137343620000136,20000136,2014-03-29 23:55:43,2014-03-30 00:08:13,12.5,1
1249409,1396137364620000171,20000171,2014-03-29 23:56:04,2014-03-30 00:09:04,13.0,1
1249428,1396137387620000279,20000279,2014-03-29 23:56:27,2014-03-30 00:07:57,11.5,1
1249257,1396137401620000252,20000252,2014-03-29 23:56:41,2014-03-30 00:04:41,8.0,1
1249195,1396137408620000423,20000423,2014-03-29 23:56:48,2014-03-30 00:05:03,8.3,1
1249293,1396137417620000574,20000574,2014-03-29 23:56:57,2014-03-30 00:03:42,6.8,1
1249117,1396137449620000529,20000529,2014-03-29 23:57:29,2014-03-30 00:05:14,7.8,1
1249100,1396137514620000297,20000297,2014-03-29 23:58:34,2014-03-30 00:03:04,4.5,1
1249199,1396137530620000492,20000492,2014-03-29 23:58:50,2014-03-30 00:24:05,25.3,1
1249291,1396137570620000101,20000101,2014-03-29 23:59:30,2014-03-30 00:08:30,9.0,1
1249619,1396137582620000381,20000381,2014-03-29 23:59:42,2014-03-30 00:12:12,12.5,1
1249388,1396137584620000075,20000075,2014-03-29 23:59:44,2014-03-30 00:13:44,14.0,1
1253771,1396219301620000101,20000101,2014-03-30 23:41:41,2014-03-31 00:06:26,24.8,1
1253895,1396219626620000616,20000616,2014-03-30 23:47:06,2014-03-31 00:00:21,13.3,1
1253930,1396219634620000621,20000621,2014-03-30 23:47:14,2014-03-31 00:07:59,20.8,1
1253726,1396219875620000688,20000688,2014-03-30 23:51:15,2014-03-31 00:01:15,10.0,1
1253826,1396220011620000450,20000450,2014-03-30 23:53:31,2014-03-31 00:01:01,7.5,1
1253780,1396220053620000076,20000076,2014-03-30 23:54:13,2014-03-31 00:01:28,7.3,1
1253781,1396220203620000196,20000196,2014-03-30 23:56:43,2014-03-31 00:04:43,8.0,1
1255496,1396220210620000508,20000508,2014-03-30 23:56:50,2014-03-31 00:03:20,6.5,1
1253743,1396220297620000423,20000423,2014-03-30 23:58:17,2014-03-31 00:02:47,4.5,1
1254026,1396220319620000197,20000197,2014-03-30 23:58:39,2014-03-31 00:06:24,7.8,1
1258966,1396303429620000207,20000207,2014-03-31 23:03:49,2014-04-01 00:05:04,61.3,1
1257853,1396305536620000598,20000598,2014-03-31 23:38:56,2014-04-01 00:06:11,27.3,1
1257967,1396305779620000671,20000671,2014-03-31 23:42:59,2014-04-01 00:00:59,18.0,1
1258027,1396306203620000010,20000010,2014-03-31 23:50:03,2014-04-01 00:03:18,13.3,1
1257848,1396306374620000453,20000453,2014-03-31 23:52:54,2014-04-01 00:02:09,9.3,1
1257836,1396306584620000045,20000045,2014-03-31 23:56:24,2014-04-01 00:00:39,4.3,1
1258132,1396306614620000359,20000359,2014-03-31 23:56:54,2014-04-01 00:07:24,10.5,1
1257929,1396306717620000372,20000372,2014-03-31 23:58:37,2014-04-01 00:10:37,12.0,1
1262305,1396391886620000297,20000297,2014-04-01 23:38:06,2014-04-02 00:00:21,22.3,1
1262409,1396392237620000698,20000698,2014-04-01 23:43:57,2014-04-02 00:08:42,24.8,1
1262414,1396392388620000263,20000263,2014-04-01 23:46:28,2014-04-02 00:01:13,14.8,1
1262348,1396392559620000057,20000057,2014-04-01 23:49:19,2014-04-02 00:04:34,15.3,1
1262457,1396392609620000624,20000624,2014-04-01 23:50:09,2014-04-02 00:01:39,11.5,1
1262353,1396392636620000672,20000672,2014-04-01 23:50:36,2014-04-02 00:07:36,17.0,1
1262350,1396392957620000341,20000341,2014-04-01 23:55:57,2014-04-02 00:06:12,10.3,1
1262469,1396392970620000671,20000671,2014-04-01 23:56:10,2014-04-02 00:07:25,11.3,1
1262301,1396392983620000546,20000546,2014-04-01 23:56:23,2014-04-02 00:01:23,5.0,1
1262598,1396393002620000625,20000625,2014-04-01 23:56:42,2014-04-02 00:21:42,25.0,1
1262417,1396393004620000520,20000520,2014-04-01 23:56:44,2014-04-02 00:04:44,8.0,1
1262354,1396393042620000472,20000472,2014-04-01 23:57:22,2014-04-02 00:13:07,15.8,1
1262449,1396393115620000031,20000031,2014-04-01 23:58:35,2014-04-02 00:13:35,15.0,1
1262293,1396393139620000435,20000435,2014-04-01 23:58:59,2014-04-02 00:02:29,3.5,1
1262454,1396393153620000610,20000610,2014-04-01 23:59:13,2014-04-02 00:18:58,19.8,1
1262371,1396393170620000199,20000199,2014-04-01 23:59:30,2014-04-02 00:14:15,14.8,1
1266846,1396475129620000009,20000009,2014-04-02 22:45:29,2014-04-03 00:48:44,123.3,1
1266757,1396479137620000620,20000620,2014-04-02 23:52:17,2014-04-03 00:12:17,20.0,1
1266548,1396479203620000520,20000520,2014-04-02 23:53:23,2014-04-03 00:00:53,7.5,1
1266625,1396479219620000698,20000698,2014-04-02 23:53:39,2014-04-03 00:06:54,13.3,1
1266716,1396479221620000561,20000561,2014-04-02 23:53:41,2014-04-03 00:00:26,6.8,1
1266718,1396479246620000372,20000372,2014-04-02 23:54:06,2014-04-03 00:05:21,11.3,1
1266674,1396479308620000610,20000610,2014-04-02 23:55:08,2014-04-03 00:13:08,18.0,1
1266569,1396479469620000435,20000435,2014-04-02 23:57:49,2014-04-03 00:05:49,8.0,1
1266994,1396479501620000589,20000589,2014-04-02 23:58:21,2014-04-03 00:13:51,15.5,1
1266839,1396479529620000548,20000548,2014-04-02 23:58:49,2014-04-03 00:07:04,8.3,1
1267800,1396479529620000045,20000045,2014-04-02 23:58:49,2014-04-03 00:06:04,7.3,1
1266795,1396479544620000662,20000662,2014-04-02 23:59:04,2014-04-03 00:11:49,12.8,1
1266586,1396479574620000450,20000450,2014-04-02 23:59:34,2014-04-03 00:06:34,7.0,1
1271563,1396561623620000009,20000009,2014-04-03 22:47:03,2014-04-04 00:51:33,124.5,1
1271345,1396564863620000497,20000497,2014-04-03 23:41:03,2014-04-04 00:04:03,23.0,1
1271420,1396564872620000359,20000359,2014-04-03 23:41:12,2014-04-04 00:07:42,26.5,1
1271440,1396565285620000598,20000598,2014-04-03 23:48:05,2014-04-04 00:08:05,20.0,1
1271359,1396565304620000620,20000620,2014-04-03 23:48:24,2014-04-04 00:13:09,24.8,1
1271497,1396565377620000333,20000333,2014-04-03 23:49:37,2014-04-04 00:09:22,19.8,1
1271541,1396565393620000195,20000195,2014-04-03 23:49:53,2014-04-04 00:00:23,10.5,1
1271461,1396565419620000015,20000015,2014-04-03 23:50:19,2014-04-04 00:07:19,17.0,1
1271503,1396565526620000424,20000424,2014-04-03 23:52:06,2014-04-04 00:01:51,9.8,1
1271443,1396565677620000129,20000129,2014-04-03 23:54:37,2014-04-04 00:05:52,11.3,1
1271707,1396565681620000589,20000589,2014-04-03 23:54:41,2014-04-04 00:00:41,6.0,1
1271377,1396565720620000031,20000031,2014-04-03 23:55:20,2014-04-04 00:04:05,8.8,1
1274103,1396565724620000256,20000256,2014-04-03 23:55:24,2014-04-04 00:04:24,9.0,1
1271432,1396565731620000610,20000610,2014-04-03 23:55:31,2014-04-04 00:11:46,16.3,1
1271502,1396565738620000483,20000483,2014-04-03 23:55:38,2014-04-04 00:15:23,19.8,1
1271544,1396565829620000341,20000341,2014-04-03 23:57:09,2014-04-04 00:12:54,15.8,1
1273542,1396565869620000362,20000362,2014-04-03 23:57:49,2014-04-04 00:10:04,12.3,1
1271727,1396565961620000154,20000154,2014-04-03 23:59:21,2014-04-04 00:08:36,9.3,1
1271418,1396565977620000361,20000361,2014-04-03 23:59:37,2014-04-04 00:07:37,8.0,1
1271691,1396565977620000540,20000540,2014-04-03 23:59:37,2014-04-04 00:05:52,6.3,1
1277027,1396648787620000486,20000486,2014-04-04 22:59:47,2014-04-05 00:15:17,75.5,1
1279252,1396650359620000502,20000502,2014-04-04 23:25:59,2014-04-05 01:05:29,99.5,1
1277227,1396651082620000617,20000617,2014-04-04 23:38:02,2014-04-05 00:03:02,25.0,1
1280232,1396651145620000594,20000594,2014-04-04 23:39:05,2014-04-05 00:15:35,36.5,1
1277162,1396651647620000589,20000589,2014-04-04 23:47:27,2014-04-05 00:03:57,16.5,1
1277038,1396651659620000684,20000684,2014-04-04 23:47:39,2014-04-05 00:08:54,21.3,1
1277082,1396651676620000529,20000529,2014-04-04 23:47:56,2014-04-05 00:01:56,14.0,1
1277018,1396651768620000488,20000488,2014-04-04 23:49:28,2014-04-05 00:03:13,13.8,1
1277113,1396651943620000268,20000268,2014-04-04 23:52:23,2014-04-05 00:03:53,11.5,1
1277284,1396651983620000309,20000309,2014-04-04 23:53:03,2014-04-05 00:20:33,27.5,1
1277078,1396652043620000670,20000670,2014-04-04 23:54:03,2014-04-05 00:04:33,10.5,1
1277298,1396652116620000610,20000610,2014-04-04 23:55:16,2014-04-05 00:13:46,18.5,1
1278234,1396652170620000030,20000030,2014-04-04 23:56:10,2014-04-05 00:12:25,16.3,1
1277188,1396652184620000092,20000092,2014-04-04 23:56:24,2014-04-05 00:05:09,8.8,1
1277102,1396652186620000492,20000492,2014-04-04 23:56:26,2014-04-05 00:13:41,17.3,1
1277241,1396652187620000119,20000119,2014-04-04 23:56:27,2014-04-05 00:12:57,16.5,1
1279134,1396652189620000216,20000216,2014-04-04 23:56:29,2014-04-05 00:06:14,9.8,1
1277089,1396652211620000360,20000360,2014-04-04 23:56:51,2014-04-05 00:02:51,6.0,1
1277032,1396652215620000233,20000233,2014-04-04 23:56:55,2014-04-05 00:04:25,7.5,1
1277132,1396652281620000453,20000453,2014-04-04 23:58:01,2014-04-05 00:04:31,6.5,1
1277068,1396652307620000518,20000518,2014-04-04 23:58:27,2014-04-05 00:05:57,7.5,1
1277128,1396652371620000392,20000392,2014-04-04 23:59:31,2014-04-05 00:08:01,8.5,1
1277398,1396652378620000591,20000591,2014-04-04 23:59:38,2014-04-05 00:14:08,14.5,1
1277165,1396652395620000081,20000081,2014-04-04 23:59:55,2014-04-05 00:05:40,5.8,1
1277118,1396652397620000506,20000506,2014-04-04 23:59:57,2014-04-05 00:11:57,12.0,1
1281679,1396737064620000092,20000092,2014-04-05 23:31:04,2014-04-06 00:03:19,32.3,1
1281942,1396737869620000297,20000297,2014-04-05 23:44:29,2014-04-06 00:01:14,16.8,1
1281687,1396737888620000529,20000529,2014-04-05 23:44:48,2014-04-06 00:03:18,18.5,1
1282432,1396737977620000434,20000434,2014-04-05 23:46:17,2014-04-06 00:03:32,17.3,1
1282266,1396738011620000482,20000482,2014-04-05 23:46:51,2014-04-06 00:11:21,24.5,1
1281712,1396738171620000012,20000012,2014-04-05 23:49:31,2014-04-06 00:03:16,13.8,1
1282221,1396738178620000255,20000255,2014-04-05 23:49:38,2014-04-06 00:09:08,19.5,1
1281753,1396738195620000525,20000525,2014-04-05 23:49:55,2014-04-06 00:00:40,10.8,1
1281913,1396738242620000671,20000671,2014-04-05 23:50:42,2014-04-06 00:21:42,31.0,1
1281880,1396738280620000548,20000548,2014-04-05 23:51:20,2014-04-06 00:04:50,13.5,1
1285671,1396738289620000377,20000377,2014-04-05 23:51:29,2014-04-06 00:08:29,17.0,1
1284919,1396738349620000389,20000389,2014-04-05 23:52:29,2014-04-06 00:24:29,32.0,1
1287898,1396738350620000594,20000594,2014-04-05 23:52:30,2014-04-06 00:00:30,8.0,1
1282202,1396738384620000140,20000140,2014-04-05 23:53:04,2014-04-06 00:25:19,32.3,1
1281775,1396738413620000243,20000243,2014-04-05 23:53:33,2014-04-06 00:05:33,12.0,1
1282098,1396738417620000199,20000199,2014-04-05 23:53:37,2014-04-06 00:11:22,17.8,1
1281892,1396738441620000436,20000436,2014-04-05 23:54:01,2014-04-06 00:13:16,19.3,1
1282116,1396738459620000554,20000554,2014-04-05 23:54:19,2014-04-06 00:09:49,15.5,1
1281947,1396738496620000327,20000327,2014-04-05 23:54:56,2014-04-06 00:01:56,7.0,1
1281643,1396738497620000010,20000010,2014-04-05 23:54:57,2014-04-06 00:08:27,13.5,1
1281642,1396738509620000618,20000618,2014-04-05 23:55:09,2014-04-06 00:07:24,12.3,1
1281835,1396738532620000136,20000136,2014-04-05 23:55:32,2014-04-06 00:22:02,26.5,1
1281671,1396738557620000020,20000020,2014-04-05 23:55:57,2014-04-06 00:10:12,14.3,1
1281709,1396738620620000472,20000472,2014-04-05 23:57:00,2014-04-06 00:04:15,7.3,1
1281830,1396738637620000101,20000101,2014-04-05 23:57:17,2014-04-06 00:08:47,11.5,1
1281886,1396738638620000451,20000451,2014-04-05 23:57:18,2014-04-06 00:01:03,3.8,1
1281731,1396738642620000687,20000687,2014-04-05 23:57:22,2014-04-06 00:08:07,10.8,1
1281820,1396738658620000325,20000325,2014-04-05 23:57:38,2014-04-06 00:12:23,14.8,1
1281808,1396738669620000465,20000465,2014-04-05 23:57:49,2014-04-06 00:12:04,14.3,1
1281704,1396738671620000672,20000672,2014-04-05 23:57:51,2014-04-06 00:07:21,9.5,1
1281686,1396738676620000688,20000688,2014-04-05 23:57:56,2014-04-06 00:08:11,10.3,1
1281715,1396738677620000075,20000075,2014-04-05 23:57:57,2014-04-06 00:05:27,7.5,1
1281785,1396738689620000483,20000483,2014-04-05 23:58:09,2014-04-06 00:07:09,9.0,1
1281843,1396738689620000160,20000160,2014-04-05 23:58:09,2014-04-06 00:14:09,16.0,1
1281640,1396738713620000467,20000467,2014-04-05 23:58:33,2014-04-06 00:07:18,8.8,1
1282085,1396738733620000403,20000403,2014-04-05 23:58:53,2014-04-06 00:18:08,19.3,1
1281789,1396738739620000602,20000602,2014-04-05 23:58:59,2014-04-06 00:11:14,12.3,1
1281648,1396738751620000395,20000395,2014-04-05 23:59:11,2014-04-06 00:15:26,16.3,1
1281801,1396738762620000506,20000506,2014-04-05 23:59:22,2014-04-06 00:07:22,8.0,1
1281729,1396738789620000503,20000503,2014-04-05 23:59:49,2014-04-06 00:18:34,18.8,1
1286797,1396823303620000668,20000668,2014-04-06 23:28:23,2014-04-07 00:14:38,46.3,1
1286681,1396823680620000626,20000626,2014-04-06 23:34:40,2014-04-07 00:41:55,67.3,1
1287379,1396824388620000311,20000311,2014-04-06 23:46:28,2014-04-07 00:01:28,15.0,1
1288634,1396824444620000454,20000454,2014-04-06 23:47:24,2014-04-07 00:06:09,18.8,1
1286565,1396824483620000060,20000060,2014-04-06 23:48:03,2014-04-07 00:13:33,25.5,1
1286507,1396824506620000576,20000576,2014-04-06 23:48:26,2014-04-07 00:06:41,18.3,1
1286478,1396824509620000171,20000171,2014-04-06 23:48:29,2014-04-07 00:06:44,18.3,1
1286569,1396824515620000089,20000089,2014-04-06 23:48:35,2014-04-07 00:05:50,17.3,1
1286519,1396824538620000662,20000662,2014-04-06 23:48:58,2014-04-07 00:01:43,12.8,1
1286502,1396824570620000020,20000020,2014-04-06 23:49:30,2014-04-07 00:07:00,17.5,1
1286572,1396824599620000476,20000476,2014-04-06 23:49:59,2014-04-07 00:00:14,10.3,1
1286475,1396824925620000337,20000337,2014-04-06 23:55:25,2014-04-07 00:01:25,6.0,1
1287084,1396825004620000242,20000242,2014-04-06 23:56:44,2014-04-07 00:02:44,6.0,1
1286488,1396825174620000525,20000525,2014-04-06 23:59:34,2014-04-07 00:02:19,2.8,1
1290613,1396910661620000529,20000529,2014-04-07 23:44:21,2014-04-08 00:04:21,20.0,1
1292336,1396910778620000288,20000288,2014-04-07 23:46:18,2014-04-08 00:18:48,32.5,1
1290603,1396910842620000179,20000179,2014-04-07 23:47:22,2014-04-08 00:02:07,14.8,1
1292288,1396910886620000362,20000362,2014-04-07 23:48:06,2014-04-08 00:00:06,12.0,1
1291332,1396910982620000363,20000363,2014-04-07 23:49:42,2014-04-08 00:15:57,26.3,1
1290932,1396911067620000254,20000254,2014-04-07 23:51:07,2014-04-08 00:07:37,16.5,1
1290787,1396911170620000546,20000546,2014-04-07 23:52:50,2014-04-08 00:00:50,8.0,1
1290737,1396911246620000184,20000184,2014-04-07 23:54:06,2014-04-08 00:03:36,9.5,1
1290739,1396911342620000431,20000431,2014-04-07 23:55:42,2014-04-08 00:09:57,14.3,1
1290665,1396911424620000548,20000548,2014-04-07 23:57:04,2014-04-08 00:03:49,6.8,1
1290674,1396911552620000305,20000305,2014-04-07 23:59:12,2014-04-08 00:11:27,12.3,1
1294912,1396993625620000009,20000009,2014-04-08 22:47:05,2014-04-09 01:08:05,141.0,1
1294816,1396996459620000576,20000576,2014-04-08 23:34:19,2014-04-09 00:05:19,31.0,1
1294786,1396996838620000372,20000372,2014-04-08 23:40:38,2014-04-09 00:00:53,20.3,1
1295590,1396997493620000311,20000311,2014-04-08 23:51:33,2014-04-09 00:04:03,12.5,1
1294747,1396997611620000450,20000450,2014-04-08 23:53:31,2014-04-09 00:02:46,9.3,1
1294739,1396997620620000610,20000610,2014-04-08 23:53:40,2014-04-09 00:00:10,6.5,1
1294781,1396997693620000304,20000304,2014-04-08 23:54:53,2014-04-09 00:08:38,13.8,1
1294774,1396997851620000297,20000297,2014-04-08 23:57:31,2014-04-09 00:10:16,12.8,1
1294832,1396997886620000618,20000618,2014-04-08 23:58:06,2014-04-09 00:05:36,7.5,1
1294732,1396997922620000380,20000380,2014-04-08 23:58:42,2014-04-09 00:05:12,6.5,1
1294806,1396997928620000395,20000395,2014-04-08 23:58:48,2014-04-09 00:11:18,12.5,1
1294740,1396997968620000363,20000363,2014-04-08 23:59:28,2014-04-09 00:09:43,10.3,1
1299313,1397080119620000009,20000009,2014-04-09 22:48:39,2014-04-10 00:22:54,94.3,1
1299223,1397083670620000395,20000395,2014-04-09 23:47:50,2014-04-10 00:04:50,17.0,1
1299169,1397083680620000598,20000598,2014-04-09 23:48:00,2014-04-10 00:03:00,15.0,1
1299254,1397083905620000042,20000042,2014-04-09 23:51:45,2014-04-10 00:09:30,17.8,1
1299180,1397083997620000167,20000167,2014-04-09 23:53:17,2014-04-10 00:11:32,18.3,1
1299227,1397084092620000179,20000179,2014-04-09 23:54:52,2014-04-10 00:02:37,7.8,1
1306513,1397084113620000280,20000280,2014-04-09 23:55:13,2014-04-10 00:00:28,5.3,1
1299365,1397084135620000595,20000595,2014-04-09 23:55:35,2014-04-10 00:06:35,11.0,1
1299880,1397084147620000081,20000081,2014-04-09 23:55:47,2014-04-10 00:01:32,5.8,1
1299412,1397084155620000307,20000307,2014-04-09 23:55:55,2014-04-10 00:21:10,25.3,1
1299300,1397084246620000360,20000360,2014-04-09 23:57:26,2014-04-10 00:09:11,11.8,1
1299382,1397084246620000337,20000337,2014-04-09 23:57:26,2014-04-10 00:14:26,17.0,1
1299704,1397084251620000254,20000254,2014-04-09 23:57:31,2014-04-10 00:08:31,11.0,1
1299184,1397084255620000529,20000529,2014-04-09 23:57:35,2014-04-10 00:05:35,8.0,1
1299326,1397084257620000345,20000345,2014-04-09 23:57:37,2014-04-10 00:04:37,7.0,1
1299821,1397084260620000154,20000154,2014-04-09 23:57:40,2014-04-10 00:02:25,4.8,1
1299238,1397084275620000675,20000675,2014-04-09 23:57:55,2014-04-10 00:09:10,11.3,1
1300405,1397084280620000216,20000216,2014-04-09 23:58:00,2014-04-10 00:08:45,10.8,1
1299263,1397084288620000363,20000363,2014-04-09 23:58:08,2014-04-10 00:08:38,10.5,1
1299695,1397084302620000591,20000591,2014-04-09 23:58:22,2014-04-10 00:09:07,10.8,1
1304237,1397169931620000010,20000010,2014-04-10 23:45:31,2014-04-11 00:00:46,15.3,1
1304174,1397170022620000616,20000616,2014-04-10 23:47:02,2014-04-11 00:02:32,15.5,1
1305507,1397170171620000303,20000303,2014-04-10 23:49:31,2014-04-11 00:02:01,12.5,1
1304245,1397170277620000603,20000603,2014-04-10 23:51:17,2014-04-11 00:00:17,9.0,1
1303975,1397170284620000351,20000351,2014-04-10 23:51:24,2014-04-11 00:00:09,8.8,1
1303985,1397170332620000360,20000360,2014-04-10 23:52:12,2014-04-11 00:03:12,11.0,1
1304332,1397170354620000387,20000387,2014-04-10 23:52:34,2014-04-11 00:00:04,7.5,1
1304151,1397170371620000430,20000430,2014-04-10 23:52:51,2014-04-11 00:00:06,7.3,1
1304146,1397170377620000632,20000632,2014-04-10 23:52:57,2014-04-11 00:00:27,7.5,1
1304004,1397170484620000252,20000252,2014-04-10 23:54:44,2014-04-11 00:02:29,7.8,1
1303978,1397170509620000670,20000670,2014-04-10 23:55:09,2014-04-11 00:00:09,5.0,1
1304228,1397170580620000431,20000431,2014-04-10 23:56:20,2014-04-11 00:01:20,5.0,1
1304175,1397170644620000345,20000345,2014-04-10 23:57:24,2014-04-11 00:06:24,9.0,1
1304109,1397170651620000013,20000013,2014-04-10 23:57:31,2014-04-11 00:01:46,4.3,1
1304032,1397170660620000658,20000658,2014-04-10 23:57:40,2014-04-11 00:07:25,9.8,1
1304042,1397170674620000657,20000657,2014-04-10 23:57:54,2014-04-11 00:01:24,3.5,1
1304343,1397170719620000651,20000651,2014-04-10 23:58:39,2014-04-11 00:40:24,41.8,1
1304368,1397170736620000239,20000239,2014-04-10 23:58:56,2014-04-11 00:11:26,12.5,1
1304196,1397170747620000446,20000446,2014-04-10 23:59:07,2014-04-11 00:08:52,9.8,1
1304172,1397170758620000423,20000423,2014-04-10 23:59:18,2014-04-11 00:05:03,5.8,1
1304038,1397170774620000424,20000424,2014-04-10 23:59:34,2014-04-11 00:08:49,9.3,1
1309931,1397252598620000009,20000009,2014-04-11 22:43:18,2014-04-12 01:17:33,154.3,1
1309809,1397255532620000112,20000112,2014-04-11 23:32:12,2014-04-12 00:03:42,31.5,1
1309526,1397256368620000520,20000520,2014-04-11 23:46:08,2014-04-12 00:08:38,22.5,1
1309725,1397256421620000675,20000675,2014-04-11 23:47:01,2014-04-12 00:04:31,17.5,1
1309652,1397256539620000260,20000260,2014-04-11 23:48:59,2014-04-12 00:04:29,15.5,1
1312446,1397256625620000508,20000508,2014-04-11 23:50:25,2014-04-12 00:01:40,11.3,1
1309767,1397256643620000395,20000395,2014-04-11 23:50:43,2014-04-12 00:12:43,22.0,1
1312947,1397256668620000389,20000389,2014-04-11 23:51:08,2014-04-12 00:00:23,9.3,1
1309638,1397256751620000101,20000101,2014-04-11 23:52:31,2014-04-12 00:09:46,17.3,1
1309649,1397256794620000075,20000075,2014-04-11 23:53:14,2014-04-12 00:01:29,8.3,1
1309688,1397256800620000360,20000360,2014-04-11 23:53:20,2014-04-12 00:00:05,6.8,1
1309594,1397256846620000571,20000571,2014-04-11 23:54:06,2014-04-12 00:03:21,9.3,1
1309699,1397256919620000279,20000279,2014-04-11 23:55:19,2014-04-12 00:05:34,10.3,1
1310115,1397256936620000403,20000403,2014-04-11 23:55:36,2014-04-12 00:17:51,22.3,1
1309596,1397256968620000610,20000610,2014-04-11 23:56:08,2014-04-12 00:21:38,25.5,1
1309702,1397256970620000167,20000167,2014-04-11 23:56:10,2014-04-12 00:11:55,15.8,1
1310846,1397256988620000598,20000598,2014-04-11 23:56:28,2014-04-12 00:12:43,16.3,1
1309742,1397256999620000013,20000013,2014-04-11 23:56:39,2014-04-12 00:19:24,22.8,1
1309815,1397257023620000190,20000190,2014-04-11 23:57:03,2014-04-12 00:03:33,6.5,1
1309607,1397257110620000015,20000015,2014-04-11 23:58:30,2014-04-12 00:02:30,4.0,1
1309553,1397257112620000288,20000288,2014-04-11 23:58:32,2014-04-12 00:01:32,3.0,1
1310883,1397257112620000497,20000497,2014-04-11 23:58:32,2014-04-12 00:01:02,2.5,1
1309624,1397257168620000201,20000201,2014-04-11 23:59:28,2014-04-12 00:24:58,25.5,1
1309813,1397257172620000305,20000305,2014-04-11 23:59:32,2014-04-12 00:08:32,9.0,1
1309673,1397257176620000245,20000245,2014-04-11 23:59:36,2014-04-12 00:04:36,5.0,1
1309743,1397257179620000624,20000624,2014-04-11 23:59:39,2014-04-12 00:09:09,9.5,1
1314837,1397341976620000903,20000903,2014-04-12 23:32:56,2014-04-13 00:00:41,27.8,1
1314962,1397342192620000901,20000901,2014-04-12 23:36:32,2014-04-13 00:03:47,27.3,1
1314886,1397342281620000178,20000178,2014-04-12 23:38:01,2014-04-13 00:07:31,29.5,1
1314831,1397342390620000620,20000620,2014-04-12 23:39:50,2014-04-13 00:00:20,20.5,1
1314814,1397342525620000075,20000075,2014-04-12 23:42:05,2014-04-13 00:06:20,24.3,1
1314939,1397342546620000372,20000372,2014-04-12 23:42:26,2014-04-13 00:07:11,24.8,1
1314830,1397342560620000554,20000554,2014-04-12 23:42:40,2014-04-13 00:02:25,19.8,1
1314850,1397342585620000279,20000279,2014-04-12 23:43:05,2014-04-13 00:03:05,20.0,1
1314948,1397342616620000012,20000012,2014-04-12 23:43:36,2014-04-13 00:01:21,17.8,1
1314763,1397342663620000252,20000252,2014-04-12 23:44:23,2014-04-13 00:03:08,18.8,1
1314873,1397342831620000324,20000324,2014-04-12 23:47:11,2014-04-13 00:03:56,16.8,1
1314776,1397342869620000288,20000288,2014-04-12 23:47:49,2014-04-13 00:02:04,14.3,1
1314818,1397342895620000337,20000337,2014-04-12 23:48:15,2014-04-13 00:10:00,21.8,1
1314740,1397342934620000432,20000432,2014-04-12 23:48:54,2014-04-13 00:02:09,13.3,1
1314860,1397342965620000004,20000004,2014-04-12 23:49:25,2014-04-13 00:02:10,12.8,1
1314867,1397342999620000561,20000561,2014-04-12 23:49:59,2014-04-13 00:04:29,14.5,1
1314744,1397343000620000472,20000472,2014-04-12 23:50:00,2014-04-13 00:00:15,10.3,1
1315031,1397343001620000388,20000388,2014-04-12 23:50:01,2014-04-13 00:00:16,10.3,1
1314904,1397343008620000546,20000546,2014-04-12 23:50:08,2014-04-13 00:01:38,11.5,1
1314857,1397343040620000254,20000254,2014-04-12 23:50:40,2014-04-13 00:06:40,16.0,1
1314743,1397343053620000271,20000271,2014-04-12 23:50:53,2014-04-13 00:00:23,9.5,1
1318431,1397343066620000030,20000030,2014-04-12 23:51:06,2014-04-13 00:14:21,23.3,1
1314769,1397343088620000529,20000529,2014-04-12 23:51:28,2014-04-13 00:01:43,10.3,1
1314757,1397343102620000423,20000423,2014-04-12 23:51:42,2014-04-13 00:10:12,18.5,1
1314774,1397343146620000190,20000190,2014-04-12 23:52:26,2014-04-13 00:03:11,10.8,1
1314824,1397343156620000268,20000268,2014-04-12 23:52:36,2014-04-13 00:10:21,17.8,1
1314789,1397343209620000509,20000509,2014-04-12 23:53:29,2014-04-13 00:11:44,18.3,1
1314975,1397343248620000617,20000617,2014-04-12 23:54:08,2014-04-13 00:04:38,10.5,1
1314791,1397343251620000686,20000686,2014-04-12 23:54:11,2014-04-13 00:07:26,13.3,1
1315006,1397343276620000119,20000119,2014-04-12 23:54:36,2014-04-13 00:06:21,11.8,1
1314990,1397343282620000217,20000217,2014-04-12 23:54:42,2014-04-13 00:01:42,7.0,1
1314803,1397343299620000421,20000421,2014-04-12 23:54:59,2014-04-13 00:01:44,6.8,1
1314806,1397343370620000455,20000455,2014-04-12 23:56:10,2014-04-13 00:04:55,8.8,1
1314965,1397343373620000434,20000434,2014-04-12 23:56:13,2014-04-13 00:04:58,8.8,1
1315061,1397343373620000360,20000360,2014-04-12 23:56:13,2014-04-13 00:16:58,20.8,1
1314826,1397343384620000657,20000657,2014-04-12 23:56:24,2014-04-13 00:06:39,10.3,1
1314913,1397343384620000675,20000675,2014-04-12 23:56:24,2014-04-13 00:12:39,16.3,1
1314746,1397343388620000076,20000076,2014-04-12 23:56:28,2014-04-13 00:03:58,7.5,1
1314768,1397343399620000308,20000308,2014-04-12 23:56:39,2014-04-13 00:10:39,14.0,1
1315156,1397343403620000517,20000517,2014-04-12 23:56:43,2014-04-13 00:02:43,6.0,1
1314856,1397343405620000361,20000361,2014-04-12 23:56:45,2014-04-13 00:06:30,9.8,1
1314922,1397343417620000574,20000574,2014-04-12 23:56:57,2014-04-13 00:03:57,7.0,1
1314788,1397343427620000020,20000020,2014-04-12 23:57:07,2014-04-13 00:08:07,11.0,1
1314946,1397343440620000395,20000395,2014-04-12 23:57:20,2014-04-13 00:06:20,9.0,1
1314800,1397343441620000506,20000506,2014-04-12 23:57:21,2014-04-13 00:03:51,6.5,1
1314761,1397343452620000653,20000653,2014-04-12 23:57:32,2014-04-13 00:04:17,6.8,1
1314778,1397343454620000362,20000362,2014-04-12 23:57:34,2014-04-13 00:01:34,4.0,1
1314921,1397343482620000406,20000406,2014-04-12 23:58:02,2014-04-13 00:37:32,39.5,1
1315000,1397343487620000011,20000011,2014-04-12 23:58:07,2014-04-13 00:14:37,16.5,1
1314893,1397343494620000600,20000600,2014-04-12 23:58:14,2014-04-13 00:03:14,5.0,1
1314782,1397343505620000304,20000304,2014-04-12 23:58:25,2014-04-13 00:09:10,10.8,1
1314851,1397343506620000231,20000231,2014-04-12 23:58:26,2014-04-13 00:18:41,20.3,1
1314841,1397343550620000557,20000557,2014-04-12 23:59:10,2014-04-13 00:05:40,6.5,1
1314871,1397343583620000112,20000112,2014-04-12 23:59:43,2014-04-13 00:07:13,7.5,1
1314787,1397343590620000663,20000663,2014-04-12 23:59:50,2014-04-13 00:03:35,3.8,1
1319628,1397425651620000009,20000009,2014-04-13 22:47:31,2014-04-14 01:04:31,137.0,1
1319532,1397428021620000288,20000288,2014-04-13 23:27:01,2014-04-14 00:02:46,35.8,1
1319526,1397428764620000698,20000698,2014-04-13 23:39:24,2014-04-14 00:01:54,22.5,1
1320605,1397429214620000632,20000632,2014-04-13 23:46:54,2014-04-14 00:05:39,18.8,1
1319767,1397429291620000276,20000276,2014-04-13 23:48:11,2014-04-14 00:09:26,21.3,1
1327446,1397429344620000192,20000192,2014-04-13 23:49:04,2014-04-14 00:06:49,17.8,1
1319478,1397429368620000242,20000242,2014-04-13 23:49:28,2014-04-14 00:02:43,13.3,1
1320084,1397429480620000249,20000249,2014-04-13 23:51:20,2014-04-14 00:01:05,9.8,1
1319510,1397429532620000058,20000058,2014-04-13 23:52:12,2014-04-14 00:06:12,14.0,1
1319460,1397429614620000005,20000005,2014-04-13 23:53:34,2014-04-14 00:03:04,9.5,1
1319497,1397429719620000662,20000662,2014-04-13 23:55:19,2014-04-14 00:07:04,11.8,1
1319503,1397429764620000456,20000456,2014-04-13 23:56:04,2014-04-14 00:05:19,9.3,1
1319512,1397429848620000089,20000089,2014-04-13 23:57:28,2014-04-14 00:14:58,17.5,1
1319469,1397429936620000472,20000472,2014-04-13 23:58:56,2014-04-14 00:13:26,14.5,1
1319455,1397429960620000057,20000057,2014-04-13 23:59:20,2014-04-14 00:07:05,7.8,1
1319456,1397429973620000423,20000423,2014-04-13 23:59:33,2014-04-14 00:07:18,7.8,1
1319514,1397429988620000010,20000010,2014-04-13 23:59:48,2014-04-14 00:04:18,4.5,1
1323859,1397512160620000009,20000009,2014-04-14 22:49:20,2014-04-15 00:56:05,126.8,1
1323979,1397515410620000372,20000372,2014-04-14 23:43:30,2014-04-15 00:00:30,17.0,1
1323737,1397515999620000260,20000260,2014-04-14 23:53:19,2014-04-15 00:00:19,7.0,1
1323821,1397516056620000436,20000436,2014-04-14 23:54:16,2014-04-15 00:20:46,26.5,1
1323722,1397516082620000624,20000624,2014-04-14 23:54:42,2014-04-15 00:04:42,10.0,1
1323841,1397516144620000066,20000066,2014-04-14 23:55:44,2014-04-15 00:08:44,13.0,1
1323729,1397516148620000351,20000351,2014-04-14 23:55:48,2014-04-15 00:08:33,12.8,1
1323715,1397516161620000698,20000698,2014-04-14 23:56:01,2014-04-15 00:01:31,5.5,1
1323932,1397516240620000101,20000101,2014-04-14 23:57:20,2014-04-15 00:02:50,5.5,1
1323845,1397516315620000089,20000089,2014-04-14 23:58:35,2014-04-15 00:02:35,4.0,1
1323904,1397516352620000435,20000435,2014-04-14 23:59:12,2014-04-15 00:05:12,6.0,1
1328308,1397598542620000009,20000009,2014-04-15 22:49:02,2014-04-16 00:06:47,77.8,1
1328185,1397601867620000518,20000518,2014-04-15 23:44:27,2014-04-16 00:03:42,19.3,1
1328115,1397601997620000395,20000395,2014-04-15 23:46:37,2014-04-16 00:02:37,16.0,1
1329894,1397602095620000448,20000448,2014-04-15 23:48:15,2014-04-16 00:00:45,12.5,1
1328175,1397602197620000351,20000351,2014-04-15 23:49:57,2014-04-16 00:13:12,23.3,1
1328065,1397602325620000671,20000671,2014-04-15 23:52:05,2014-04-16 00:02:05,10.0,1
1328253,1397602460620000338,20000338,2014-04-15 23:54:20,2014-04-16 00:07:20,13.0,1
1330920,1397602541620000454,20000454,2014-04-15 23:55:41,2014-04-16 00:05:41,10.0,1
1328403,1397602586620000688,20000688,2014-04-15 23:56:26,2014-04-16 00:06:41,10.3,1
1328157,1397602617620000488,20000488,2014-04-15 23:56:57,2014-04-16 00:02:42,5.8,1
1328299,1397602638620000066,20000066,2014-04-15 23:57:18,2014-04-16 00:04:18,7.0,1
1328078,1397602678620000031,20000031,2014-04-15 23:57:58,2014-04-16 00:04:13,6.3,1
1328089,1397602762620000435,20000435,2014-04-15 23:59:22,2014-04-16 00:05:37,6.3,1
1332992,1397680184620000011,20000011,2014-04-16 21:29:44,2014-04-17 01:07:29,217.8,1
1332777,1397684707620000009,20000009,2014-04-16 22:45:07,2014-04-17 00:30:22,105.3,1
1332799,1397686605620000013,20000013,2014-04-16 23:16:45,2014-04-17 02:02:45,166.0,1
1332592,1397686904620000589,20000589,2014-04-16 23:21:44,2014-04-17 00:00:59,39.3,1
1332702,1397688531620000364,20000364,2014-04-16 23:48:51,2014-04-17 00:03:21,14.5,1
1332727,1397688629620000387,20000387,2014-04-16 23:50:29,2014-04-17 00:04:14,13.8,1
1332641,1397688645620000297,20000297,2014-04-16 23:50:45,2014-04-17 00:00:00,9.3,1
1332651,1397688796620000325,20000325,2014-04-16 23:53:16,2014-04-17 00:02:16,9.0,1
1333369,1397688821620000598,20000598,2014-04-16 23:53:41,2014-04-17 00:02:56,9.3,1
1332649,1397688894620000345,20000345,2014-04-16 23:54:54,2014-04-17 00:07:09,12.3,1
1332640,1397688902620000403,20000403,2014-04-16 23:55:02,2014-04-17 00:01:02,6.0,1
1332546,1397688921620000548,20000548,2014-04-16 23:55:21,2014-04-17 00:12:51,17.5,1
1332574,1397688923620000514,20000514,2014-04-16 23:55:23,2014-04-17 00:02:08,6.8,1
1332679,1397688934620000640,20000640,2014-04-16 23:55:34,2014-04-17 00:00:34,5.0,1
1332634,1397688939620000686,20000686,2014-04-16 23:55:39,2014-04-17 00:01:39,6.0,1
1332610,1397688943620000031,20000031,2014-04-16 23:55:43,2014-04-17 00:08:13,12.5,1
1332534,1397688969620000370,20000370,2014-04-16 23:56:09,2014-04-17 00:04:54,8.8,1
1332603,1397688992620000231,20000231,2014-04-16 23:56:32,2014-04-17 00:02:02,5.5,1
1332783,1397689003620000263,20000263,2014-04-16 23:56:43,2014-04-17 00:10:58,14.3,1
1332558,1397689015620000395,20000395,2014-04-16 23:56:55,2014-04-17 00:10:25,13.5,1
1332544,1397689057620000546,20000546,2014-04-16 23:57:37,2014-04-17 00:05:07,7.5,1
1332576,1397689060620000012,20000012,2014-04-16 23:57:40,2014-04-17 00:01:25,3.8,1
1332564,1397689073620000120,20000120,2014-04-16 23:57:53,2014-04-17 00:02:53,5.0,1
1332562,1397689115620000529,20000529,2014-04-16 23:58:35,2014-04-17 00:12:05,13.5,1
1332646,1397689147620000430,20000430,2014-04-16 23:59:07,2014-04-17 00:03:07,4.0,1
1332591,1397689170620000089,20000089,2014-04-16 23:59:30,2014-04-17 00:05:15,5.8,1
1337894,1397771315620000009,20000009,2014-04-17 22:48:35,2014-04-18 00:39:50,111.3,1
1337735,1397774137620000370,20000370,2014-04-17 23:35:37,2014-04-18 00:02:52,27.3,1
1337800,1397774425620000075,20000075,2014-04-17 23:40:25,2014-04-18 00:00:10,19.8,1
1337805,1397774637620000307,20000307,2014-04-17 23:43:57,2014-04-18 00:01:27,17.5,1
1337763,1397774676620000216,20000216,2014-04-17 23:44:36,2014-04-18 00:02:36,18.0,1
1337732,1397774922620000483,20000483,2014-04-17 23:48:42,2014-04-18 00:02:42,14.0,1
1337745,1397775021620000670,20000670,2014-04-17 23:50:21,2014-04-18 00:03:51,13.5,1
1337916,1397775051620000308,20000308,2014-04-17 23:50:51,2014-04-18 00:03:36,12.8,1
1337722,1397775073620000089,20000089,2014-04-17 23:51:13,2014-04-18 00:02:13,11.0,1
1337689,1397775074620000598,20000598,2014-04-17 23:51:14,2014-04-18 00:07:14,16.0,1
1337680,1397775092620000161,20000161,2014-04-17 23:51:32,2014-04-18 00:03:47,12.3,1
1337666,1397775112620000367,20000367,2014-04-17 23:51:52,2014-04-18 00:10:52,19.0,1
1337788,1397775126620000680,20000680,2014-04-17 23:52:06,2014-04-18 00:07:51,15.8,1
1337636,1397775193620000601,20000601,2014-04-17 23:53:13,2014-04-18 00:01:28,8.3,1
1337887,1397775195620000320,20000320,2014-04-17 23:53:15,2014-04-18 00:04:00,10.8,1
1337839,1397775196620000406,20000406,2014-04-17 23:53:16,2014-04-18 00:19:46,26.5,1
1337687,1397775200620000436,20000436,2014-04-17 23:53:20,2014-04-18 00:01:35,8.3,1
1337823,1397775237620000492,20000492,2014-04-17 23:53:57,2014-04-18 00:10:57,17.0,1
1337721,1397775317620000057,20000057,2014-04-17 23:55:17,2014-04-18 00:11:02,15.8,1
1341420,1397775320620000280,20000280,2014-04-17 23:55:20,2014-04-18 00:10:05,14.8,1
1337870,1397775349620000160,20000160,2014-04-17 23:55:49,2014-04-18 00:06:34,10.8,1
1338209,1397775351620000403,20000403,2014-04-17 23:55:51,2014-04-18 00:04:36,8.8,1
1337865,1397775357620000215,20000215,2014-04-17 23:55:57,2014-04-18 00:04:57,9.0,1
1337751,1397775361620000617,20000617,2014-04-17 23:56:01,2014-04-18 00:09:16,13.3,1
1337768,1397775372620000624,20000624,2014-04-17 23:56:12,2014-04-18 00:07:57,11.8,1
1338989,1397775390620000576,20000576,2014-04-17 23:56:30,2014-04-18 00:32:45,36.3,1
1337715,1397775401620000671,20000671,2014-04-17 23:56:41,2014-04-18 00:08:26,11.8,1
1337622,1397775429620000456,20000456,2014-04-17 23:57:09,2014-04-18 00:03:54,6.8,1
1337684,1397775458620000255,20000255,2014-04-17 23:57:38,2014-04-18 00:15:08,17.5,1
1337759,1397775463620000901,20000901,2014-04-17 23:57:43,2014-04-18 00:06:43,9.0,1
1337903,1397775463620000233,20000233,2014-04-17 23:57:43,2014-04-18 00:09:58,12.3,1
1337744,1397775495620000476,20000476,2014-04-17 23:58:15,2014-04-18 00:04:45,6.5,1
1337799,1397775499620000518,20000518,2014-04-17 23:58:19,2014-04-18 00:06:04,7.8,1
1339715,1397775501620000574,20000574,2014-04-17 23:58:21,2014-04-18 00:13:36,15.3,1
1338026,1397775506620000196,20000196,2014-04-17 23:58:26,2014-04-18 00:08:11,9.8,1
1337673,1397775516620000625,20000625,2014-04-17 23:58:36,2014-04-18 00:10:36,12.0,1
1337683,1397775541620000649,20000649,2014-04-17 23:59:01,2014-04-18 00:14:46,15.8,1
1337701,1397775541620000010,20000010,2014-04-17 23:59:01,2014-04-18 00:06:01,7.0,1
1337717,1397775561620000242,20000242,2014-04-17 23:59:21,2014-04-18 00:09:21,10.0,1
1337816,1397775565620000424,20000424,2014-04-17 23:59:25,2014-04-18 00:07:25,8.0,1
1337630,1397775573620000632,20000632,2014-04-17 23:59:33,2014-04-18 00:09:18,9.8,1
1337712,1397775590620000392,20000392,2014-04-17 23:59:50,2014-04-18 00:06:20,6.5,1
1337764,1397775591620000279,20000279,2014-04-17 23:59:51,2014-04-18 00:11:51,12.0,1
1343038,1397857492620000009,20000009,2014-04-18 22:44:52,2014-04-19 01:18:37,153.8,1
1342711,1397861288620000610,20000610,2014-04-18 23:48:08,2014-04-19 00:16:53,28.8,1
1342563,1397861319620000076,20000076,2014-04-18 23:48:39,2014-04-19 00:04:39,16.0,1
1342672,1397861332620000012,20000012,2014-04-18 23:48:52,2014-04-19 00:04:22,15.5,1
1342791,1397861374620000688,20000688,2014-04-18 23:49:34,2014-04-19 00:05:04,15.5,1
1342959,1397861469620000190,20000190,2014-04-18 23:51:09,2014-04-19 00:04:54,13.8,1
1342740,1397861529620000392,20000392,2014-04-18 23:52:09,2014-04-19 00:01:39,9.5,1
1342691,1397861562620000116,20000116,2014-04-18 23:52:42,2014-04-19 00:00:42,8.0,1
1342626,1397861573620000398,20000398,2014-04-18 23:52:53,2014-04-19 00:01:38,8.8,1
1342765,1397861602620000161,20000161,2014-04-18 23:53:22,2014-04-19 00:00:37,7.3,1
1343244,1397861626620000014,20000014,2014-04-18 23:53:46,2014-04-19 00:03:31,9.8,1
1342761,1397861639620000268,20000268,2014-04-18 23:53:59,2014-04-19 00:02:44,8.8,1
1342675,1397861641620000430,20000430,2014-04-18 23:54:01,2014-04-19 00:02:46,8.8,1
1342652,1397861650620000671,20000671,2014-04-18 23:54:10,2014-04-19 00:06:40,12.5,1
1342643,1397861653620000621,20000621,2014-04-18 23:54:13,2014-04-19 00:01:58,7.8,1
1342714,1397861682620000288,20000288,2014-04-18 23:54:42,2014-04-19 00:27:12,32.5,1
1342738,1397861696620000081,20000081,2014-04-18 23:54:56,2014-04-19 00:03:11,8.3,1
1342700,1397861718620000353,20000353,2014-04-18 23:55:18,2014-04-19 00:03:03,7.8,1
1342731,1397861721620000320,20000320,2014-04-18 23:55:21,2014-04-19 00:04:06,8.8,1
1342784,1397861732620000527,20000527,2014-04-18 23:55:32,2014-04-19 00:01:32,6.0,1
1342571,1397861760620000297,20000297,2014-04-18 23:56:00,2014-04-19 00:00:15,4.3,1
1342875,1397861768620000465,20000465,2014-04-18 23:56:08,2014-04-19 00:07:38,11.5,1
1344803,1397861780620000197,20000197,2014-04-18 23:56:20,2014-04-19 00:08:50,12.5,1
1342616,1397861781620000664,20000664,2014-04-18 23:56:21,2014-04-19 00:08:36,12.3,1
1342568,1397861784620000456,20000456,2014-04-18 23:56:24,2014-04-19 00:06:54,10.5,1
1342550,1397861790620000067,20000067,2014-04-18 23:56:30,2014-04-19 00:02:30,6.0,1
1342644,1397861800620000486,20000486,2014-04-18 23:56:40,2014-04-19 00:04:25,7.8,1
1342694,1397861815620000231,20000231,2014-04-18 23:56:55,2014-04-19 00:01:55,5.0,1
1342676,1397861833620000002,20000002,2014-04-18 23:57:13,2014-04-19 00:07:28,10.3,1
1342592,1397861954620000454,20000454,2014-04-18 23:59:14,2014-04-19 00:03:29,4.3,1
1342800,1397861967620000364,20000364,2014-04-18 23:59:27,2014-04-19 00:04:57,5.5,1
1342858,1397861987620000359,20000359,2014-04-18 23:59:47,2014-04-19 00:04:47,5.0,1
1342650,1397861997620000548,20000548,2014-04-18 23:59:57,2014-04-19 00:12:42,12.8,1
1347090,1397946816620000351,20000351,2014-04-19 23:33:36,2014-04-20 00:00:06,26.5,1
1347266,1397947448620000337,20000337,2014-04-19 23:44:08,2014-04-20 00:12:53,28.8,1
1347206,1397947491620000903,20000903,2014-04-19 23:44:51,2014-04-20 00:32:36,47.8,1
1346924,1397947633620000473,20000473,2014-04-19 23:47:13,2014-04-20 00:01:13,14.0,1
1347120,1397947711620000024,20000024,2014-04-19 23:48:31,2014-04-20 00:05:46,17.3,1
1346950,1397947805620000260,20000260,2014-04-19 23:50:05,2014-04-20 00:06:20,16.3,1
1347037,1397947852620000574,20000574,2014-04-19 23:50:52,2014-04-20 00:06:37,15.8,1
1347121,1397947910620000423,20000423,2014-04-19 23:51:50,2014-04-20 00:02:05,10.3,1
1347061,1397947964620000640,20000640,2014-04-19 23:52:44,2014-04-20 00:01:14,8.5,1
1347107,1397947987620000651,20000651,2014-04-19 23:53:07,2014-04-20 00:01:22,8.3,1
1347080,1397948008620000503,20000503,2014-04-19 23:53:28,2014-04-20 00:00:28,7.0,1
1347093,1397948013620000901,20000901,2014-04-19 23:53:33,2014-04-20 00:04:48,11.3,1
1347092,1397948091620000054,20000054,2014-04-19 23:54:51,2014-04-20 00:00:51,6.0,1
1346916,1397948100620000598,20000598,2014-04-19 23:55:00,2014-04-20 00:03:00,8.0,1
1346949,1397948136620000092,20000092,2014-04-19 23:55:36,2014-04-20 00:04:36,9.0,1
1347102,1397948143620000341,20000341,2014-04-19 23:55:43,2014-04-20 00:07:58,12.3,1
1346926,1397948159620000406,20000406,2014-04-19 23:55:59,2014-04-20 00:03:14,7.3,1
1347087,1397948194620000020,20000020,2014-04-19 23:56:34,2014-04-20 00:02:49,6.3,1
1346969,1397948215620000529,20000529,2014-04-19 23:56:55,2014-04-20 00:06:55,10.0,1
1346959,1397948249620000089,20000089,2014-04-19 23:57:29,2014-04-20 00:02:59,5.5,1
1347076,1397948255620000060,20000060,2014-04-19 23:57:35,2014-04-20 00:09:05,11.5,1
1347187,1397948265620000105,20000105,2014-04-19 23:57:45,2014-04-20 00:07:15,9.5,1
1347030,1397948267620000578,20000578,2014-04-19 23:57:47,2014-04-20 00:01:02,3.3,1
1347181,1397948283620000304,20000304,2014-04-19 23:58:03,2014-04-20 00:07:18,9.3,1
1347170,1397948304620000450,20000450,2014-04-19 23:58:24,2014-04-20 00:08:39,10.3,1
1347219,1397948321620000497,20000497,2014-04-19 23:58:41,2014-04-20 00:16:56,18.3,1
1346947,1397948342620000671,20000671,2014-04-19 23:59:02,2014-04-20 00:05:17,6.3,1
1347106,1397948349620000572,20000572,2014-04-19 23:59:09,2014-04-20 00:04:54,5.8,1
1347003,1397948369620000361,20000361,2014-04-19 23:59:29,2014-04-20 00:11:59,12.5,1
1349777,1397948381620000119,20000119,2014-04-19 23:59:41,2014-04-20 00:13:41,14.0,1
1351046,1398030529620000013,20000013,2014-04-20 22:48:49,2014-04-21 02:47:04,238.3,1
1350832,1398033073620000548,20000548,2014-04-20 23:31:13,2014-04-21 00:06:28,35.3,1
1350780,1398033089620000624,20000624,2014-04-20 23:31:29,2014-04-21 00:03:29,32.0,1
1358578,1398033449620000192,20000192,2014-04-20 23:37:29,2014-04-21 00:27:59,50.5,1
1350768,1398033729620000570,20000570,2014-04-20 23:42:09,2014-04-21 00:03:24,21.3,1
1350740,1398034128620000364,20000364,2014-04-20 23:48:48,2014-04-21 00:00:03,11.3,1
1350764,1398034348620000483,20000483,2014-04-20 23:52:28,2014-04-21 00:00:43,8.3,1
1350854,1398034595620000239,20000239,2014-04-20 23:56:35,2014-04-21 00:00:35,4.0,1
1351143,1398034600620000325,20000325,2014-04-20 23:56:40,2014-04-21 00:07:10,10.5,1
1350745,1398034630620000308,20000308,2014-04-20 23:57:10,2014-04-21 00:04:55,7.8,1
1350746,1398034665620000640,20000640,2014-04-20 23:57:45,2014-04-21 00:01:45,4.0,1
1350751,1398034755620000503,20000503,2014-04-20 23:59:15,2014-04-21 00:04:45,5.5,1
1350787,1398034776620000101,20000101,2014-04-20 23:59:36,2014-04-21 00:06:51,7.3,1
1354494,1398117002620000009,20000009,2014-04-21 22:50:02,2014-04-22 00:43:02,113.0,1
1354412,1398119451620000297,20000297,2014-04-21 23:30:51,2014-04-22 00:08:51,38.0,1
1354479,1398119545620000013,20000013,2014-04-21 23:32:25,2014-04-22 00:03:55,31.5,1
1354425,1398119637620000005,20000005,2014-04-21 23:33:57,2014-04-22 00:04:12,30.3,1
1354592,1398120192620000015,20000015,2014-04-21 23:43:12,2014-04-22 00:00:42,17.5,1
1354420,1398120678620000688,20000688,2014-04-21 23:51:18,2014-04-22 00:04:18,13.0,1
1354450,1398120721620000649,20000649,2014-04-21 23:52:01,2014-04-22 00:02:01,10.0,1
1354397,1398120751620000626,20000626,2014-04-21 23:52:31,2014-04-22 00:01:16,8.8,1
1354434,1398120826620000903,20000903,2014-04-21 23:53:46,2014-04-22 00:00:46,7.0,1
1354382,1398120836620000307,20000307,2014-04-21 23:53:56,2014-04-22 00:24:41,30.8,1
1355219,1398120896620000387,20000387,2014-04-21 23:54:56,2014-04-22 00:00:41,5.8,1
1354451,1398120914620000341,20000341,2014-04-21 23:55:14,2014-04-22 00:02:44,7.5,1
1354319,1398121105620000529,20000529,2014-04-21 23:58:25,2014-04-22 00:06:25,8.0,1
1354947,1398121135620000482,20000482,2014-04-21 23:58:55,2014-04-22 00:03:55,5.0,1
1358503,1398206667620000337,20000337,2014-04-22 23:44:27,2014-04-23 00:06:12,21.8,1
1358517,1398206698620000304,20000304,2014-04-22 23:44:58,2014-04-23 00:00:13,15.3,1
1358603,1398206777620000076,20000076,2014-04-22 23:46:17,2014-04-23 00:13:32,27.3,1
1358538,1398207023620000450,20000450,2014-04-22 23:50:23,2014-04-23 00:02:38,12.3,1
1358487,1398207133620000665,20000665,2014-04-22 23:52:13,2014-04-23 00:00:13,8.0,1
1358552,1398207204620000285,20000285,2014-04-22 23:53:24,2014-04-23 00:02:24,9.0,1
1358613,1398207258620000233,20000233,2014-04-22 23:54:18,2014-04-23 00:02:03,7.8,1
1359555,1398207263620000456,20000456,2014-04-22 23:54:23,2014-04-23 00:21:08,26.8,1
1358551,1398207393620000307,20000307,2014-04-22 23:56:33,2014-04-23 00:17:33,21.0,1
1358523,1398207395620000561,20000561,2014-04-22 23:56:35,2014-04-23 00:01:20,4.8,1
1358615,1398207397620000598,20000598,2014-04-22 23:56:37,2014-04-23 00:09:22,12.8,1
1358534,1398207412620000268,20000268,2014-04-22 23:56:52,2014-04-23 00:04:22,7.5,1
1358528,1398207419620000011,20000011,2014-04-22 23:56:59,2014-04-23 00:00:44,3.8,1
1358508,1398207439620000610,20000610,2014-04-22 23:57:19,2014-04-23 00:09:49,12.5,1
1358594,1398207488620000431,20000431,2014-04-22 23:58:08,2014-04-23 00:08:23,10.3,1
1358670,1398207491620000698,20000698,2014-04-22 23:58:11,2014-04-23 00:02:41,4.5,1
1358626,1398207493620000010,20000010,2014-04-22 23:58:13,2014-04-23 00:07:13,9.0,1
1358764,1398207503620000361,20000361,2014-04-22 23:58:23,2014-04-23 00:03:38,5.3,1
1358640,1398207517620000529,20000529,2014-04-22 23:58:37,2014-04-23 00:36:37,38.0,1
1362859,1398290023620000009,20000009,2014-04-23 22:53:43,2014-04-24 00:32:58,99.3,1
1362804,1398293092620000625,20000625,2014-04-23 23:44:52,2014-04-24 00:02:07,17.3,1
1364193,1398293341620000440,20000440,2014-04-23 23:49:01,2014-04-24 00:01:01,12.0,1
1362938,1398293581620000309,20000309,2014-04-23 23:53:01,2014-04-24 00:00:16,7.3,1
1362786,1398293597620000304,20000304,2014-04-23 23:53:17,2014-04-24 00:04:02,10.8,1
1363491,1398293686620000901,20000901,2014-04-23 23:54:46,2014-04-24 00:03:16,8.5,1
1362844,1398293755620000589,20000589,2014-04-23 23:55:55,2014-04-24 00:10:10,14.3,1
1363032,1398293760620000680,20000680,2014-04-23 23:56:00,2014-04-24 00:06:30,10.5,1
1362785,1398293766620000320,20000320,2014-04-23 23:56:06,2014-04-24 00:06:51,10.8,1
1362886,1398293774620000651,20000651,2014-04-23 23:56:14,2014-04-24 00:07:29,11.3,1
1362942,1398293789620000268,20000268,2014-04-23 23:56:29,2014-04-24 00:07:59,11.5,1
1362961,1398293797620000140,20000140,2014-04-23 23:56:37,2014-04-24 00:04:22,7.8,1
1363342,1398293806620000403,20000403,2014-04-23 23:56:46,2014-04-24 00:06:16,9.5,1
1363038,1398293820620000698,20000698,2014-04-23 23:57:00,2014-04-24 00:09:30,12.5,1
1362840,1398293854620000154,20000154,2014-04-23 23:57:34,2014-04-24 00:04:49,7.3,1
1362852,1398293862620000310,20000310,2014-04-23 23:57:42,2014-04-24 00:10:57,13.3,1
1362748,1398293923620000045,20000045,2014-04-23 23:58:43,2014-04-24 00:11:28,12.8,1
1362887,1398293927620000303,20000303,2014-04-23 23:58:47,2014-04-24 00:03:17,4.5,1
1362899,1398293932620000101,20000101,2014-04-23 23:58:52,2014-04-24 00:20:07,21.3,1
1362799,1398293936620000574,20000574,2014-04-23 23:58:56,2014-04-24 00:03:41,4.8,1
1362851,1398293948620000406,20000406,2014-04-23 23:59:08,2014-04-24 00:11:08,12.0,1
1368466,1398377461620000009,20000009,2014-04-24 23:11:01,2014-04-25 01:34:16,143.3,1
1368105,1398378208620000472,20000472,2014-04-24 23:23:28,2014-04-25 00:49:28,86.0,1
1367999,1398379197620000395,20000395,2014-04-24 23:39:57,2014-04-25 00:05:57,26.0,1
1368333,1398379390620000171,20000171,2014-04-24 23:43:10,2014-04-25 00:04:10,21.0,1
1368148,1398379424620000665,20000665,2014-04-24 23:43:44,2014-04-25 00:01:59,18.3,1
1368118,1398379683620000129,20000129,2014-04-24 23:48:03,2014-04-25 00:00:18,12.3,1
1368256,1398379687620000285,20000285,2014-04-24 23:48:07,2014-04-25 00:05:07,17.0,1
1367994,1398379717620000688,20000688,2014-04-24 23:48:37,2014-04-25 00:03:37,15.0,1
1367991,1398379789620000570,20000570,2014-04-24 23:49:49,2014-04-25 00:00:04,10.3,1
1368280,1398379811620000255,20000255,2014-04-24 23:50:11,2014-04-25 00:03:41,13.5,1
1368255,1398379848620000057,20000057,2014-04-24 23:50:48,2014-04-25 00:06:18,15.5,1
1368070,1398379918620000173,20000173,2014-04-24 23:51:58,2014-04-25 00:00:58,9.0,1
1368041,1398379926620000488,20000488,2014-04-24 23:52:06,2014-04-25 00:04:51,12.8,1
1368225,1398379944620000269,20000269,2014-04-24 23:52:24,2014-04-25 00:01:24,9.0,1
1368199,1398379981620000108,20000108,2014-04-24 23:53:01,2014-04-25 00:01:31,8.5,1
1368161,1398379990620000105,20000105,2014-04-24 23:53:10,2014-04-25 00:01:40,8.5,1
1368014,1398380008620000250,20000250,2014-04-24 23:53:28,2014-04-25 00:07:13,13.8,1
1368214,1398380031620000649,20000649,2014-04-24 23:53:51,2014-04-25 00:02:36,8.8,1
1368056,1398380099620000672,20000672,2014-04-24 23:54:59,2014-04-25 00:09:14,14.3,1
1368024,1398380102620000081,20000081,2014-04-24 23:55:02,2014-04-25 00:06:47,11.8,1
1368098,1398380109620000178,20000178,2014-04-24 23:55:09,2014-04-25 00:05:39,10.5,1
1368315,1398380161620000610,20000610,2014-04-24 23:56:01,2014-04-25 00:14:01,18.0,1
1368074,1398380189620000436,20000436,2014-04-24 23:56:29,2014-04-25 00:14:29,18.0,1
1368251,1398380226620000578,20000578,2014-04-24 23:57:06,2014-04-25 00:09:21,12.3,1
1368125,1398380231620000698,20000698,2014-04-24 23:57:11,2014-04-25 00:05:11,8.0,1
1368119,1398380242620000101,20000101,2014-04-24 23:57:22,2014-04-25 00:06:07,8.8,1
1368416,1398380244620000612,20000612,2014-04-24 23:57:24,2014-04-25 00:07:09,9.8,1
1368173,1398380278620000196,20000196,2014-04-24 23:57:58,2014-04-25 00:05:28,7.5,1
1367993,1398380341620000005,20000005,2014-04-24 23:59:01,2014-04-25 00:07:01,8.0,1
1368017,1398380348620000249,20000249,2014-04-24 23:59:08,2014-04-25 00:04:08,5.0,1
1368099,1398380366620000254,20000254,2014-04-24 23:59:26,2014-04-25 00:13:26,14.0,1
1374071,1398462902620000009,20000009,2014-04-25 22:55:02,2014-04-26 01:06:47,131.8,1
1372992,1398465111620000288,20000288,2014-04-25 23:31:51,2014-04-26 00:00:21,28.5,1
1372900,1398465749620000529,20000529,2014-04-25 23:42:29,2014-04-26 00:11:14,28.8,1
1372864,1398465877620000488,20000488,2014-04-25 23:44:37,2014-04-26 00:00:22,15.8,1
1378416,1398465918620000409,20000409,2014-04-25 23:45:18,2014-04-26 00:10:18,25.0,1
1373128,1398465938620000178,20000178,2014-04-25 23:45:38,2014-04-26 00:17:38,32.0,1
1373000,1398466126620000617,20000617,2014-04-25 23:48:46,2014-04-26 00:05:16,16.5,1
1372949,1398466235620000196,20000196,2014-04-25 23:50:35,2014-04-26 00:00:05,9.5,1
1374388,1398466261620000030,20000030,2014-04-25 23:51:01,2014-04-26 00:08:31,17.5,1
1373076,1398466302620000166,20000166,2014-04-25 23:51:42,2014-04-26 00:02:27,10.8,1
1373158,1398466315620000578,20000578,2014-04-25 23:51:55,2014-04-26 00:01:25,9.5,1
1373234,1398466326620000554,20000554,2014-04-25 23:52:06,2014-04-26 00:06:06,14.0,1
1373153,1398466329620000467,20000467,2014-04-25 23:52:09,2014-04-26 00:01:39,9.5,1
1373013,1398466376620000561,20000561,2014-04-25 23:52:56,2014-04-26 00:06:26,13.5,1
1373580,1398466379620000190,20000190,2014-04-25 23:52:59,2014-04-26 00:00:59,8.0,1
1373104,1398466413620000285,20000285,2014-04-25 23:53:33,2014-04-26 00:00:03,6.5,1
1373057,1398466454620000509,20000509,2014-04-25 23:54:14,2014-04-26 00:07:59,13.8,1
1373166,1398466508620000574,20000574,2014-04-25 23:55:08,2014-04-26 00:00:53,5.8,1
1373068,1398466518620000279,20000279,2014-04-25 23:55:18,2014-04-26 00:01:03,5.8,1
1373048,1398466526620000435,20000435,2014-04-25 23:55:26,2014-04-26 00:01:26,6.0,1
1372979,1398466569620000450,20000450,2014-04-25 23:56:09,2014-04-26 00:07:39,11.5,1
1373270,1398466570620000591,20000591,2014-04-25 23:56:10,2014-04-26 00:04:25,8.3,1
1372965,1398466572620000351,20000351,2014-04-25 23:56:12,2014-04-26 00:01:57,5.8,1
1372911,1398466578620000089,20000089,2014-04-25 23:56:18,2014-04-26 00:00:18,4.0,1
1372930,1398466604620000304,20000304,2014-04-25 23:56:44,2014-04-26 00:04:14,7.5,1
1372868,1398466614620000239,20000239,2014-04-25 23:56:54,2014-04-26 00:04:09,7.3,1
1372994,1398466666620000314,20000314,2014-04-25 23:57:46,2014-04-26 00:09:01,11.3,1
1372909,1398466670620000431,20000431,2014-04-25 23:57:50,2014-04-26 00:03:05,5.3,1
1372912,1398466756620000337,20000337,2014-04-25 23:59:16,2014-04-26 00:08:46,9.5,1
1373082,1398466757620000250,20000250,2014-04-25 23:59:17,2014-04-26 00:14:02,14.8,1
1374424,1398466795620000389,20000389,2014-04-25 23:59:55,2014-04-26 00:09:10,9.3,1
1377208,1398548511620000009,20000009,2014-04-26 22:41:51,2014-04-27 00:52:51,131.0,1
1378208,1398551292620000554,20000554,2014-04-26 23:28:12,2014-04-27 04:34:42,306.5,1
1377024,1398552340620000196,20000196,2014-04-26 23:45:40,2014-04-27 00:01:40,16.0,1
1377168,1398552345620000255,20000255,2014-04-26 23:45:45,2014-04-27 00:01:15,15.5,1
1376917,1398552529620000598,20000598,2014-04-26 23:48:49,2014-04-27 00:03:49,15.0,1
1377151,1398552566620000101,20000101,2014-04-26 23:49:26,2014-04-27 00:17:11,27.8,1
1376882,1398552593620000332,20000332,2014-04-26 23:49:53,2014-04-27 00:07:23,17.5,1
1376892,1398552634620000321,20000321,2014-04-26 23:50:34,2014-04-27 00:12:04,21.5,1
1376985,1398552642620000160,20000160,2014-04-26 23:50:42,2014-04-27 00:19:42,29.0,1
1377013,1398552671620000114,20000114,2014-04-26 23:51:11,2014-04-27 00:20:56,29.8,1
1376884,1398552693620000680,20000680,2014-04-26 23:51:33,2014-04-27 00:03:18,11.8,1
1377209,1398552778620000446,20000446,2014-04-26 23:52:58,2014-04-27 00:09:28,16.5,1
1377044,1398552787620000602,20000602,2014-04-26 23:53:07,2014-04-27 00:01:52,8.8,1
1376934,1398552816620000450,20000450,2014-04-26 23:53:36,2014-04-27 00:05:21,11.8,1
1376966,1398552870620000081,20000081,2014-04-26 23:54:30,2014-04-27 00:04:15,9.8,1
1377293,1398552927620000042,20000042,2014-04-26 23:55:27,2014-04-27 00:02:57,7.5,1
1377009,1398552965620000105,20000105,2014-04-26 23:56:05,2014-04-27 00:03:35,7.5,1
1377378,1398552980620000136,20000136,2014-04-26 23:56:20,2014-04-27 00:08:20,12.0,1
1377054,1398552992620000649,20000649,2014-04-26 23:56:32,2014-04-27 00:13:17,16.8,1
1377178,1398552999620000353,20000353,2014-04-26 23:56:39,2014-04-27 00:15:54,19.3,1
1376873,1398553002620000529,20000529,2014-04-26 23:56:42,2014-04-27 00:07:57,11.3,1
1376984,1398553007620000242,20000242,2014-04-26 23:56:47,2014-04-27 00:19:32,22.8,1
1376942,1398553030620000648,20000648,2014-04-26 23:57:10,2014-04-27 00:12:40,15.5,1
1377008,1398553038620000633,20000633,2014-04-26 23:57:18,2014-04-27 00:02:33,5.3,1
1377190,1398553056620000601,20000601,2014-04-26 23:57:36,2014-04-27 00:03:51,6.3,1
1377248,1398553069620000179,20000179,2014-04-26 23:57:49,2014-04-27 00:02:19,4.5,1
1377072,1398553087620000108,20000108,2014-04-26 23:58:07,2014-04-27 00:08:22,10.3,1
1377021,1398553093620000303,20000303,2014-04-26 23:58:13,2014-04-27 00:37:43,39.5,1
1376887,1398553137620000304,20000304,2014-04-26 23:58:57,2014-04-27 00:18:12,19.3,1
1376895,1398553174620000403,20000403,2014-04-26 23:59:34,2014-04-27 00:16:19,16.8,1
1377100,1398553175620000012,20000012,2014-04-26 23:59:35,2014-04-27 00:05:50,6.3,1
1381231,1398634737620000009,20000009,2014-04-27 22:38:57,2014-04-28 00:23:42,104.8,1
1381215,1398638236620000334,20000334,2014-04-27 23:37:16,2014-04-28 00:19:01,41.8,1
1381748,1398638439620000525,20000525,2014-04-27 23:40:39,2014-04-28 00:03:39,23.0,1
1381199,1398639247620000101,20000101,2014-04-27 23:54:07,2014-04-28 00:03:07,9.0,1
1381212,1398639254620000473,20000473,2014-04-27 23:54:14,2014-04-28 00:01:59,7.8,1
1381411,1398639306620000465,20000465,2014-04-27 23:55:06,2014-04-28 00:02:36,7.5,1
1381191,1398639484620000060,20000060,2014-04-27 23:58:04,2014-04-28 00:02:19,4.3,1
1381210,1398639573620000239,20000239,2014-04-27 23:59:33,2014-04-28 00:06:48,7.3,1
1381340,1398639580620000154,20000154,2014-04-27 23:59:40,2014-04-28 00:05:25,5.8,1
1381243,1398639582620000503,20000503,2014-04-27 23:59:42,2014-04-28 00:02:12,2.5,1
1381255,1398639593620000529,20000529,2014-04-27 23:59:53,2014-04-28 00:08:08,8.3,1
1385677,1398721691620000009,20000009,2014-04-28 22:48:11,2014-04-29 00:40:41,112.5,1
1385600,1398725297620000167,20000167,2014-04-28 23:48:17,2014-04-29 00:05:47,17.5,1
1385701,1398725568620000010,20000010,2014-04-28 23:52:48,2014-04-29 00:05:03,12.3,1
1385887,1398725687620000665,20000665,2014-04-28 23:54:47,2014-04-29 00:01:32,6.8,1
1385553,1398725770620000012,20000012,2014-04-28 23:56:10,2014-04-29 00:01:10,5.0,1
1385574,1398725799620000698,20000698,2014-04-28 23:56:39,2014-04-29 00:07:09,10.5,1
1385546,1398725800620000157,20000157,2014-04-28 23:56:40,2014-04-29 00:11:10,14.5,1
1386727,1398725813620000456,20000456,2014-04-28 23:56:53,2014-04-29 00:08:53,12.0,1
1387044,1398725821620000280,20000280,2014-04-28 23:57:01,2014-04-29 00:05:01,8.0,1
1385671,1398725888620000002,20000002,2014-04-28 23:58:08,2014-04-29 00:04:53,6.8,1
1387187,1398725933620000508,20000508,2014-04-28 23:58:53,2014-04-29 00:04:08,5.3,1
1385617,1398725944620000297,20000297,2014-04-28 23:59:04,2014-04-29 00:06:49,7.8,1
1390077,1398808226620000009,20000009,2014-04-29 22:50:26,2014-04-30 00:30:41,100.3,1
1390090,1398808297620000668,20000668,2014-04-29 22:51:37,2014-04-30 00:04:07,72.5,1
1391617,1398810154620000508,20000508,2014-04-29 23:22:34,2014-04-30 00:02:04,39.5,1
1390742,1398810462620000207,20000207,2014-04-29 23:27:42,2014-04-30 00:07:12,39.5,1
1389937,1398811716620000157,20000157,2014-04-29 23:48:36,2014-04-30 00:03:21,14.8,1
1389954,1398811761620000455,20000455,2014-04-29 23:49:21,2014-04-30 00:00:51,11.5,1
1389912,1398811862620000307,20000307,2014-04-29 23:51:02,2014-04-30 00:08:17,17.3,1
1389957,1398811915620000616,20000616,2014-04-29 23:51:55,2014-04-30 00:00:25,8.5,1
1389972,1398811962620000013,20000013,2014-04-29 23:52:42,2014-04-30 00:01:27,8.8,1
1390019,1398811985620000057,20000057,2014-04-29 23:53:05,2014-04-30 00:05:35,12.5,1
1390567,1398812011620000446,20000446,2014-04-29 23:53:31,2014-04-30 00:06:01,12.5,1
1389895,1398812082620000430,20000430,2014-04-29 23:54:42,2014-04-30 00:07:12,12.5,1
1389866,1398812111620000252,20000252,2014-04-29 23:55:11,2014-04-30 00:03:56,8.8,1
1389906,1398812149620000901,20000901,2014-04-29 23:55:49,2014-04-30 00:03:04,7.3,1
1389947,1398812225620000688,20000688,2014-04-29 23:57:05,2014-04-30 00:27:35,30.5,1
1390157,1398812288620000617,20000617,2014-04-29 23:58:08,2014-04-30 00:26:08,28.0,1
1389882,1398812365620000624,20000624,2014-04-29 23:59:25,2014-04-30 00:06:10,6.8,1
1389948,1398812392620000254,20000254,2014-04-29 23:59:52,2014-04-30 00:08:52,9.0,1
1394920,1398894299620000009,20000009,2014-04-30 22:44:59,2014-05-01 00:34:44,109.8,1
1397475,1398896003620000074,20000074,2014-04-30 23:13:23,2014-05-01 00:22:08,68.8,1
1394780,1398896944620000304,20000304,2014-04-30 23:29:04,2014-05-01 00:12:34,43.5,1
1394997,1398897383620000255,20000255,2014-04-30 23:36:23,2014-05-01 00:02:38,26.3,1
1394928,1398897605620000252,20000252,2014-04-30 23:40:05,2014-05-01 00:20:05,40.0,1
1395106,1398897724620000190,20000190,2014-04-30 23:42:04,2014-05-01 00:13:04,31.0,1
1395253,1398897755620000171,20000171,2014-04-30 23:42:35,2014-05-01 00:02:35,20.0,1
1395012,1398897934620000454,20000454,2014-04-30 23:45:34,2014-05-01 00:02:34,17.0,1
1394933,1398897939620000114,20000114,2014-04-30 23:45:39,2014-05-01 00:10:54,25.3,1
1394857,1398897988620000015,20000015,2014-04-30 23:46:28,2014-05-01 00:01:13,14.8,1
1394958,1398898075620000112,20000112,2014-04-30 23:47:55,2014-05-01 00:05:25,17.5,1
1394903,1398898195620000625,20000625,2014-04-30 23:49:55,2014-05-01 00:01:25,11.5,1
1395091,1398898197620000589,20000589,2014-04-30 23:49:57,2014-05-01 00:04:42,14.8,1
1394982,1398898223620000632,20000632,2014-04-30 23:50:23,2014-05-01 00:03:23,13.0,1
1394917,1398898349620000157,20000157,2014-04-30 23:52:29,2014-05-01 00:06:44,14.3,1
1401791,1398898375620000311,20000311,2014-04-30 23:52:55,2014-05-01 00:09:55,17.0,1
1394775,1398898389620000617,20000617,2014-04-30 23:53:09,2014-05-01 00:11:39,18.5,1
1394973,1398898390620000424,20000424,2014-04-30 23:53:10,2014-05-01 00:00:55,7.8,1
1394804,1398898391620000010,20000010,2014-04-30 23:53:11,2014-05-01 00:00:11,7.0,1
1395074,1398898396620000670,20000670,2014-04-30 23:53:16,2014-05-01 00:00:01,6.8,1
1394940,1398898479620000031,20000031,2014-04-30 23:54:39,2014-05-01 00:00:09,5.5,1
1394863,1398898529620000431,20000431,2014-04-30 23:55:29,2014-05-01 00:01:59,6.5,1
1394926,1398898541620000353,20000353,2014-04-30 23:55:41,2014-05-01 00:00:11,4.5,1
1394874,1398898570620000380,20000380,2014-04-30 23:56:10,2014-05-01 00:04:55,8.8,1
1394954,1398898638620000406,20000406,2014-04-30 23:57:18,2014-05-01 00:07:48,10.5,1
1394972,1398898649620000514,20000514,2014-04-30 23:57:29,2014-05-01 00:03:59,6.5,1
1394898,1398898651620000576,20000576,2014-04-30 23:57:31,2014-05-01 00:22:01,24.5,1
1394948,1398898652620000578,20000578,2014-04-30 23:57:32,2014-05-01 00:02:17,4.8,1
1394805,1398898696620000601,20000601,2014-04-30 23:58:16,2014-05-01 00:09:46,11.5,1
1394878,1398898729620000351,20000351,2014-04-30 23:58:49,2014-05-01 00:22:49,24.0,1
1394867,1398898753620000108,20000108,2014-04-30 23:59:13,2014-05-01 00:11:13,12.0,1
1395011,1398898760620000423,20000423,2014-04-30 23:59:20,2014-05-01 00:08:50,9.5,1
1394798,1398898764620000381,20000381,2014-04-30 23:59:24,2014-05-01 00:09:24,10.0,1
1394932,1398898765620000136,20000136,2014-04-30 23:59:25,2014-05-01 00:05:25,6.0,1
1394835,1398898771620000179,20000179,2014-04-30 23:59:31,2014-05-01 00:04:01,4.5,1
1394929,1398898787620000325,20000325,2014-04-30 23:59:47,2014-05-01 00:04:47,5.0,1
1399585,1398981260620000009,20000009,2014-05-01 22:54:20,2014-05-02 00:02:20,68.0,1
1399552,1398983963620000504,20000504,2014-05-01 23:39:23,2014-05-02 00:11:23,32.0,1
1399677,1398984035620000361,20000361,2014-05-01 23:40:35,2014-05-02 00:11:20,30.8,1
1399524,1398984177620000167,20000167,2014-05-01 23:42:57,2014-05-02 00:03:42,20.8,1
1399554,1398984482620000279,20000279,2014-05-01 23:48:02,2014-05-02 00:06:17,18.3,1
1399681,1398984514620000686,20000686,2014-05-01 23:48:34,2014-05-02 00:01:49,13.3,1
1400415,1398984554620000403,20000403,2014-05-01 23:49:14,2014-05-02 00:00:44,11.5,1
1399612,1398984572620000031,20000031,2014-05-01 23:49:32,2014-05-02 00:00:02,10.5,1
1400168,1398984576620000161,20000161,2014-05-01 23:49:36,2014-05-02 00:02:06,12.5,1
1399667,1398984620620000624,20000624,2014-05-01 23:50:20,2014-05-02 00:03:35,13.3,1
1399737,1398984673620000454,20000454,2014-05-01 23:51:13,2014-05-02 00:07:13,16.0,1
1399961,1398984686620000616,20000616,2014-05-01 23:51:26,2014-05-02 00:00:56,9.5,1
1400148,1398984834620000525,20000525,2014-05-01 23:53:54,2014-05-02 00:03:09,9.3,1
1400837,1398984863620000321,20000321,2014-05-01 23:54:23,2014-05-02 00:06:08,11.8,1
1399656,1398984864620000337,20000337,2014-05-01 23:54:24,2014-05-02 00:09:39,15.3,1
1399679,1398984870620000430,20000430,2014-05-01 23:54:30,2014-05-02 00:05:45,11.3,1
1400351,1398984888620000254,20000254,2014-05-01 23:54:48,2014-05-02 00:04:03,9.3,1
1399658,1398984917620000112,20000112,2014-05-01 23:55:17,2014-05-02 00:03:17,8.0,1
1399779,1398984957620000252,20000252,2014-05-01 23:55:57,2014-05-02 00:00:27,4.5,1
1403836,1398984963620000023,20000023,2014-05-01 23:56:03,2014-05-02 00:01:48,5.8,1
1399565,1398984981620000060,20000060,2014-05-01 23:56:21,2014-05-02 00:07:06,10.8,1
1399587,1398984988620000305,20000305,2014-05-01 23:56:28,2014-05-02 00:21:28,25.0,1
1399789,1398985003620000450,20000450,2014-05-01 23:56:43,2014-05-02 00:12:28,15.8,1
1399539,1398985021620000179,20000179,2014-05-01 23:57:01,2014-05-02 00:03:01,6.0,1
1399646,1398985036620000304,20000304,2014-05-01 23:57:16,2014-05-02 00:13:01,15.8,1
1400107,1398985044620000081,20000081,2014-05-01 23:57:24,2014-05-02 00:08:24,11.0,1
1401441,1398985096620000508,20000508,2014-05-01 23:58:16,2014-05-02 00:07:46,9.5,1
1399601,1398985144620000618,20000618,2014-05-01 23:59:04,2014-05-02 00:04:49,5.8,1
1399633,1398985199620000309,20000309,2014-05-01 23:59:59,2014-05-02 00:05:59,6.0,1
1405202,1399067628620000009,20000009,2014-05-02 22:53:48,2014-05-03 00:48:18,114.5,1
1405042,1399069041620000687,20000687,2014-05-02 23:17:21,2014-05-03 00:48:51,91.5,1
1405063,1399069931620000424,20000424,2014-05-02 23:32:11,2014-05-03 00:56:56,84.8,1
1404775,1399070683620000456,20000456,2014-05-02 23:44:43,2014-05-03 00:02:13,17.5,1
1404790,1399070759620000233,20000233,2014-05-02 23:45:59,2014-05-03 00:04:14,18.3,1
1404835,1399070779620000255,20000255,2014-05-02 23:46:19,2014-05-03 00:00:19,14.0,1
1405032,1399070895620000285,20000285,2014-05-02 23:48:15,2014-05-03 00:01:15,13.0,1
1404863,1399070907620000345,20000345,2014-05-02 23:48:27,2014-05-03 00:10:12,21.8,1
1404858,1399070963620000618,20000618,2014-05-02 23:49:23,2014-05-03 00:05:23,16.0,1
1404877,1399071004620000216,20000216,2014-05-02 23:50:04,2014-05-03 00:07:19,17.3,1
1408645,1399071068620000597,20000597,2014-05-02 23:51:08,2014-05-03 00:05:08,14.0,1
1404802,1399071081620000004,20000004,2014-05-02 23:51:21,2014-05-03 00:07:06,15.8,1
1404827,1399071091620000012,20000012,2014-05-02 23:51:31,2014-05-03 00:15:16,23.8,1
1404889,1399071121620000372,20000372,2014-05-02 23:52:01,2014-05-03 00:11:01,19.0,1
1404947,1399071126620000011,20000011,2014-05-02 23:52:06,2014-05-03 00:02:06,10.0,1
1404930,1399071139620000256,20000256,2014-05-02 23:52:19,2014-05-03 00:01:19,9.0,1
1404799,1399071158620000658,20000658,2014-05-02 23:52:38,2014-05-03 00:06:38,14.0,1
1404772,1399071224620000421,20000421,2014-05-02 23:53:44,2014-05-03 00:06:44,13.0,1
1404745,1399071225620000482,20000482,2014-05-02 23:53:45,2014-05-03 00:06:00,12.3,1
1404940,1399071226620000060,20000060,2014-05-02 23:53:46,2014-05-03 00:00:01,6.3,1
1404919,1399071230620000015,20000015,2014-05-02 23:53:50,2014-05-03 00:15:50,22.0,1
1404851,1399071288620000089,20000089,2014-05-02 23:54:48,2014-05-03 00:01:18,6.5,1
1404758,1399071311620000671,20000671,2014-05-02 23:55:11,2014-05-03 00:04:41,9.5,1
1404747,1399071313620000446,20000446,2014-05-02 23:55:13,2014-05-03 00:05:43,10.5,1
1404794,1399071340620000686,20000686,2014-05-02 23:55:40,2014-05-03 00:03:25,7.8,1
1404805,1399071348620000640,20000640,2014-05-02 23:55:48,2014-05-03 00:05:33,9.8,1
1404793,1399071352620000129,20000129,2014-05-02 23:55:52,2014-05-03 00:05:22,9.5,1
1404749,1399071359620000492,20000492,2014-05-02 23:55:59,2014-05-03 00:09:29,13.5,1
1405251,1399071365620000486,20000486,2014-05-02 23:56:05,2014-05-03 00:08:20,12.3,1
1404964,1399071384620000664,20000664,2014-05-02 23:56:24,2014-05-03 00:33:54,37.5,1
1404953,1399071386620000450,20000450,2014-05-02 23:56:26,2014-05-03 00:07:56,11.5,1
1405006,1399071415620000178,20000178,2014-05-02 23:56:55,2014-05-03 00:07:40,10.8,1
1404911,1399071442620000561,20000561,2014-05-02 23:57:22,2014-05-03 00:05:37,8.3,1
1404901,1399071444620000328,20000328,2014-05-02 23:57:24,2014-05-03 00:04:24,7.0,1
1404821,1399071451620000120,20000120,2014-05-02 23:57:31,2014-05-03 00:14:01,16.5,1
1404761,1399071460620000020,20000020,2014-05-02 23:57:40,2014-05-03 00:08:10,10.5,1
1404904,1399071482620000560,20000560,2014-05-02 23:58:02,2014-05-03 00:09:17,11.3,1
1404862,1399071508620000325,20000325,2014-05-02 23:58:28,2014-05-03 00:07:28,9.0,1
1404961,1399071563620000112,20000112,2014-05-02 23:59:23,2014-05-03 00:20:38,21.3,1
1404768,1399071576620000601,20000601,2014-05-02 23:59:36,2014-05-03 00:06:06,6.5,1
1405095,1399071580620000196,20000196,2014-05-02 23:59:40,2014-05-03 00:08:25,8.8,1
1404784,1399071599620000332,20000332,2014-05-02 23:59:59,2014-05-03 00:11:44,11.8,1
1410753,1399153512620000009,20000009,2014-05-03 22:45:12,2014-05-04 00:08:12,83.0,1
1410892,1399155494620000224,20000224,2014-05-03 23:18:14,2014-05-04 00:35:14,77.0,1
1410319,1399156277620000640,20000640,2014-05-03 23:31:17,2014-05-04 00:05:02,33.8,1
1410422,1399156296620000648,20000648,2014-05-03 23:31:36,2014-05-04 00:14:21,42.8,1
1410308,1399156490620000658,20000658,2014-05-03 23:34:50,2014-05-04 00:03:05,28.3,1
1410374,1399156513620000279,20000279,2014-05-03 23:35:13,2014-05-04 00:02:28,27.3,1
1410349,1399156601620000671,20000671,2014-05-03 23:36:41,2014-05-04 00:04:11,27.5,1
1410508,1399156669620000686,20000686,2014-05-03 23:37:49,2014-05-04 00:08:04,30.3,1
1410711,1399156749620000276,20000276,2014-05-03 23:39:09,2014-05-04 00:05:39,26.5,1
1410826,1399156838620000450,20000450,2014-05-03 23:40:38,2014-05-04 00:00:23,19.8,1
1410396,1399157026620000023,20000023,2014-05-03 23:43:46,2014-05-04 00:01:31,17.8,1
1410344,1399157166620000430,20000430,2014-05-03 23:46:06,2014-05-04 00:05:21,19.3,1
1410347,1399157224620000003,20000003,2014-05-03 23:47:04,2014-05-04 00:02:19,15.3,1
1410401,1399157277620000239,20000239,2014-05-03 23:47:57,2014-05-04 00:04:57,17.0,1
1411207,1399157305620000653,20000653,2014-05-03 23:48:25,2014-05-04 00:24:25,36.0,1
1410554,1399157354620000388,20000388,2014-05-03 23:49:14,2014-05-04 00:35:29,46.3,1
1410335,1399157357620000038,20000038,2014-05-03 23:49:17,2014-05-04 00:03:47,14.5,1
1410433,1399157385620000046,20000046,2014-05-03 23:49:45,2014-05-04 00:07:00,17.3,1
1410432,1399157393620000520,20000520,2014-05-03 23:49:53,2014-05-04 00:03:23,13.5,1
1410295,1399157447620000616,20000616,2014-05-03 23:50:47,2014-05-04 00:00:47,10.0,1
1410536,1399157468620000612,20000612,2014-05-03 23:51:08,2014-05-04 00:03:53,12.8,1
1410333,1399157493620000325,20000325,2014-05-03 23:51:33,2014-05-04 00:01:33,10.0,1
1410389,1399157502620000058,20000058,2014-05-03 23:51:42,2014-05-04 00:10:42,19.0,1
1410358,1399157552620000307,20000307,2014-05-03 23:52:32,2014-05-04 00:04:17,11.8,1
1410439,1399157563620000421,20000421,2014-05-03 23:52:43,2014-05-04 00:01:43,9.0,1
1410322,1399157564620000588,20000588,2014-05-03 23:52:44,2014-05-04 00:07:14,14.5,1
1410394,1399157566620000031,20000031,2014-05-03 23:52:46,2014-05-04 00:07:01,14.3,1
1410407,1399157570620000216,20000216,2014-05-03 23:52:50,2014-05-04 00:03:20,10.5,1
1410404,1399157589620000423,20000423,2014-05-03 23:53:09,2014-05-04 00:07:54,14.8,1
1410388,1399157611620000006,20000006,2014-05-03 23:53:31,2014-05-04 00:02:46,9.3,1
1410316,1399157615620000465,20000465,2014-05-03 23:53:35,2014-05-04 00:01:20,7.8,1
1410320,1399157629620000561,20000561,2014-05-03 23:53:49,2014-05-04 00:08:34,14.8,1
1410355,1399157649620000514,20000514,2014-05-03 23:54:09,2014-05-04 00:05:24,11.3,1
1410609,1399157675620000904,20000904,2014-05-03 23:54:35,2014-05-04 00:07:35,13.0,1
1410380,1399157676620000571,20000571,2014-05-03 23:54:36,2014-05-04 00:01:21,6.8,1
1410561,1399157682620000160,20000160,2014-05-03 23:54:42,2014-05-04 00:06:42,12.0,1
1410370,1399157694620000436,20000436,2014-05-03 23:54:54,2014-05-04 00:01:09,6.3,1
1410852,1399157702620000504,20000504,2014-05-03 23:55:02,2014-05-04 00:05:02,10.0,1
1410336,1399157712620000453,20000453,2014-05-03 23:55:12,2014-05-04 00:05:27,10.3,1
1410626,1399157717620000184,20000184,2014-05-03 23:55:17,2014-05-04 00:11:17,16.0,1
1410639,1399157717620000497,20000497,2014-05-03 23:55:17,2014-05-04 00:03:47,8.5,1
1410391,1399157727620000166,20000166,2014-05-03 23:55:27,2014-05-04 00:02:42,7.3,1
1410827,1399157736620000632,20000632,2014-05-03 23:55:36,2014-05-04 00:05:51,10.3,1
1410485,1399157739620000338,20000338,2014-05-03 23:55:39,2014-05-04 00:03:39,8.0,1
1410505,1399157753620000288,20000288,2014-05-03 23:55:53,2014-05-04 00:35:08,39.3,1
1410558,1399157768620000591,20000591,2014-05-03 23:56:08,2014-05-04 00:10:38,14.5,1
1410353,1399157771620000901,20000901,2014-05-03 23:56:11,2014-05-04 00:11:41,15.5,1
1410474,1399157777620000409,20000409,2014-05-03 23:56:17,2014-05-04 00:13:02,16.8,1
1410419,1399157801620000463,20000463,2014-05-03 23:56:41,2014-05-04 00:09:41,13.0,1
1410345,1399157803620000403,20000403,2014-05-03 23:56:43,2014-05-04 00:02:43,6.0,1
1410428,1399157807620000013,20000013,2014-05-03 23:56:47,2014-05-04 00:00:32,3.8,1
1410395,1399157818620000681,20000681,2014-05-03 23:56:58,2014-05-04 00:13:58,17.0,1
1410563,1399157823620000010,20000010,2014-05-03 23:57:03,2014-05-04 00:10:03,13.0,1
1410337,1399157830620000621,20000621,2014-05-03 23:57:10,2014-05-04 00:07:25,10.3,1
1410326,1399157839620000012,20000012,2014-05-03 23:57:19,2014-05-04 00:07:49,10.5,1
1410435,1399157840620000076,20000076,2014-05-03 23:57:20,2014-05-04 00:08:05,10.8,1
1410487,1399157843620000067,20000067,2014-05-03 23:57:23,2014-05-04 00:08:23,11.0,1
1410393,1399157849620000001,20000001,2014-05-03 23:57:29,2014-05-04 00:07:44,10.3,1
1410665,1399157878620000576,20000576,2014-05-03 23:57:58,2014-05-04 00:08:13,10.3,1
1410348,1399157892620000455,20000455,2014-05-03 23:58:12,2014-05-04 00:12:12,14.0,1
1410637,1399157933620000256,20000256,2014-05-03 23:58:53,2014-05-04 00:15:38,16.8,1
1410506,1399157936620000011,20000011,2014-05-03 23:58:56,2014-05-04 00:17:56,19.0,1
1410414,1399157955620000343,20000343,2014-05-03 23:59:15,2014-05-04 00:08:45,9.5,1
1410447,1399157958620000268,20000268,2014-05-03 23:59:18,2014-05-04 00:08:33,9.3,1
1410588,1399157960620000554,20000554,2014-05-03 23:59:20,2014-05-04 00:16:50,17.5,1
1410573,1399157967620000105,20000105,2014-05-03 23:59:27,2014-05-04 00:05:12,5.8,1
1416964,1399239732620000009,20000009,2014-05-04 22:42:12,2014-05-05 01:10:42,148.5,1
1416712,1399243165620000288,20000288,2014-05-04 23:39:25,2014-05-05 00:07:25,28.0,1
1416860,1399243622620000678,20000678,2014-05-04 23:47:02,2014-05-05 00:00:02,13.0,1
1417034,1399243741620000121,20000121,2014-05-04 23:49:01,2014-05-05 00:03:31,14.5,1
1416962,1399243743620000651,20000651,2014-05-04 23:49:03,2014-05-05 00:01:03,12.0,1
1416784,1399243747620000108,20000108,2014-05-04 23:49:07,2014-05-05 00:00:37,11.5,1
1416725,1399243767620000309,20000309,2014-05-04 23:49:27,2014-05-05 00:04:42,15.3,1
1416874,1399243771620000633,20000633,2014-05-04 23:49:31,2014-05-05 00:02:31,13.0,1
1417482,1399243833620000542,20000542,2014-05-04 23:50:33,2014-05-05 00:11:03,20.5,1
1416715,1399243869620000393,20000393,2014-05-04 23:51:09,2014-05-05 00:07:24,16.3,1
1416727,1399243884620000657,20000657,2014-05-04 23:51:24,2014-05-05 00:00:39,9.3,1
1416831,1399243914620000161,20000161,2014-05-04 23:51:54,2014-05-05 00:07:39,15.8,1
1416864,1399243932620000517,20000517,2014-05-04 23:52:12,2014-05-05 00:03:57,11.8,1
1416877,1399243941620000481,20000481,2014-05-04 23:52:21,2014-05-05 00:02:36,10.3,1
1416892,1399243949620000612,20000612,2014-05-04 23:52:29,2014-05-05 00:04:14,11.8,1
1416859,1399243973620000199,20000199,2014-05-04 23:52:53,2014-05-05 00:01:53,9.0,1
1416928,1399243983620000450,20000450,2014-05-04 23:53:03,2014-05-05 00:11:33,18.5,1
1416857,1399244022620000648,20000648,2014-05-04 23:53:42,2014-05-05 00:01:12,7.5,1
1416732,1399244034620000658,20000658,2014-05-04 23:53:54,2014-05-05 00:04:09,10.3,1
1416833,1399244058620000325,20000325,2014-05-04 23:54:18,2014-05-05 00:05:33,11.3,1
1416886,1399244068620000089,20000089,2014-05-04 23:54:28,2014-05-05 00:03:43,9.3,1
1416866,1399244079620000332,20000332,2014-05-04 23:54:39,2014-05-05 00:09:24,14.8,1
1416878,1399244089620000509,20000509,2014-05-04 23:54:49,2014-05-05 00:01:04,6.3,1
1416900,1399244092620000196,20000196,2014-05-04 23:54:52,2014-05-05 00:12:22,17.5,1
1416789,1399244118620000665,20000665,2014-05-04 23:55:18,2014-05-05 00:00:48,5.5,1
1416726,1399244148620000076,20000076,2014-05-04 23:55:48,2014-05-05 00:04:48,9.0,1
1416849,1399244156620000381,20000381,2014-05-04 23:55:56,2014-05-05 00:01:11,5.3,1
1416698,1399244168620000153,20000153,2014-05-04 23:56:08,2014-05-05 00:04:53,8.8,1
1417007,1399244261620000557,20000557,2014-05-04 23:57:41,2014-05-05 00:16:11,18.5,1
1416800,1399244269620000675,20000675,2014-05-04 23:57:49,2014-05-05 00:06:19,8.5,1
1416933,1399244270620000476,20000476,2014-05-04 23:57:50,2014-05-05 00:00:35,2.8,1
1416795,1399244291620000119,20000119,2014-05-04 23:58:11,2014-05-05 00:08:11,10.0,1
1416889,1399244291620000600,20000600,2014-05-04 23:58:11,2014-05-05 00:03:11,5.0,1
1416994,1399244295620000075,20000075,2014-05-04 23:58:15,2014-05-05 00:07:00,8.8,1
1416888,1399244300620000279,20000279,2014-05-04 23:58:20,2014-05-05 00:08:05,9.8,1
1418449,1399244338620000602,20000602,2014-05-04 23:58:58,2014-05-05 00:11:58,13.0,1
1416695,1399244370620000260,20000260,2014-05-04 23:59:30,2014-05-05 00:04:30,5.0,1
1422656,1399326576620000009,20000009,2014-05-05 22:49:36,2014-05-06 00:52:51,123.3,1
1422538,1399329801620000455,20000455,2014-05-05 23:43:21,2014-05-06 00:02:21,19.0,1
1422498,1399330026620000611,20000611,2014-05-05 23:47:06,2014-05-06 00:04:21,17.3,1
1423142,1399330028620000648,20000648,2014-05-05 23:47:08,2014-05-06 00:02:38,15.5,1
1422664,1399330059620000190,20000190,2014-05-05 23:47:39,2014-05-06 00:37:39,50.0,1
1422512,1399330152620000486,20000486,2014-05-05 23:49:12,2014-05-06 00:01:27,12.3,1
1422683,1399330158620000020,20000020,2014-05-05 23:49:18,2014-05-06 00:05:33,16.3,1
1423701,1399330199620000680,20000680,2014-05-05 23:49:59,2014-05-06 00:09:14,19.3,1
1422496,1399330309620000089,20000089,2014-05-05 23:51:49,2014-05-06 00:07:04,15.3,1
1422703,1399330319620000697,20000697,2014-05-05 23:51:59,2014-05-06 00:03:59,12.0,1
1422552,1399330340620000419,20000419,2014-05-05 23:52:20,2014-05-06 00:10:35,18.3,1
1422648,1399330402620000285,20000285,2014-05-05 23:53:22,2014-05-06 00:02:52,9.5,1
1422689,1399330460620000038,20000038,2014-05-05 23:54:20,2014-05-06 00:04:20,10.0,1
1422448,1399330463620000249,20000249,2014-05-05 23:54:23,2014-05-06 00:00:38,6.3,1
1422790,1399330514620000112,20000112,2014-05-05 23:55:14,2014-05-06 00:14:59,19.8,1
1422755,1399330546620000671,20000671,2014-05-05 23:55:46,2014-05-06 00:02:31,6.8,1
1422514,1399330585620000154,20000154,2014-05-05 23:56:25,2014-05-06 00:05:40,9.3,1
1422669,1399330618620000179,20000179,2014-05-05 23:56:58,2014-05-06 00:07:13,10.3,1
1422668,1399330643620000002,20000002,2014-05-05 23:57:23,2014-05-06 00:39:23,42.0,1
1422651,1399330655620000621,20000621,2014-05-05 23:57:35,2014-05-06 00:05:35,8.0,1
1422401,1399330660620000196,20000196,2014-05-05 23:57:40,2014-05-06 00:01:25,3.8,1
1422638,1399330701620000595,20000595,2014-05-05 23:58:21,2014-05-06 00:08:51,10.5,1
1422491,1399330717620000571,20000571,2014-05-05 23:58:37,2014-05-06 00:10:52,12.3,1
1422587,1399330727620000465,20000465,2014-05-05 23:58:47,2014-05-06 00:07:47,9.0,1
1422463,1399330743620000338,20000338,2014-05-05 23:59:03,2014-05-06 00:08:18,9.3,1
1422440,1399330754620000472,20000472,2014-05-05 23:59:14,2014-05-06 00:09:29,10.3,1
1425448,1399330755620000362,20000362,2014-05-05 23:59:15,2014-05-06 00:14:30,15.3,1
1422820,1399330769620000514,20000514,2014-05-05 23:59:29,2014-05-06 02:00:59,121.5,1
1422729,1399330789620000446,20000446,2014-05-05 23:59:49,2014-05-06 00:03:34,3.8,1
1429015,1399413250620000009,20000009,2014-05-06 22:54:10,2014-05-07 01:07:25,133.3,1
1428989,1399415478620000053,20000053,2014-05-06 23:31:18,2014-05-07 00:01:03,29.8,1
1428678,1399415486620000334,20000334,2014-05-06 23:31:26,2014-05-07 00:00:11,28.8,1
1428876,1399416327620000051,20000051,2014-05-06 23:45:27,2014-05-07 00:01:27,16.0,1
1428680,1399416333620000561,20000561,2014-05-06 23:45:33,2014-05-07 00:00:33,15.0,1
1428825,1399416384620000456,20000456,2014-05-06 23:46:24,2014-05-07 00:19:39,33.3,1
1428884,1399416443620000395,20000395,2014-05-06 23:47:23,2014-05-07 00:01:08,13.8,1
1428910,1399416505620000012,20000012,2014-05-06 23:48:25,2014-05-07 00:00:40,12.3,1
1428985,1399416561620000602,20000602,2014-05-06 23:49:21,2014-05-07 00:06:21,17.0,1
1428847,1399416618620000195,20000195,2014-05-06 23:50:18,2014-05-07 00:03:48,13.5,1
1428748,1399416631620000678,20000678,2014-05-06 23:50:31,2014-05-07 00:02:31,12.0,1
1428803,1399416633620000020,20000020,2014-05-06 23:50:33,2014-05-07 00:09:33,19.0,1
1428764,1399416640620000640,20000640,2014-05-06 23:50:40,2014-05-07 00:08:25,17.8,1
1429016,1399416654620000109,20000109,2014-05-06 23:50:54,2014-05-07 00:04:09,13.3,1
1428895,1399416674620000514,20000514,2014-05-06 23:51:14,2014-05-07 00:03:14,12.0,1
1428700,1399416678620000626,20000626,2014-05-06 23:51:18,2014-05-07 00:06:48,15.5,1
1428977,1399416689620000098,20000098,2014-05-06 23:51:29,2014-05-07 00:07:44,16.3,1
1429030,1399416691620000440,20000440,2014-05-06 23:51:31,2014-05-07 00:05:31,14.0,1
1428810,1399416694620000697,20000697,2014-05-06 23:51:34,2014-05-07 00:02:04,10.5,1
1429147,1399416697620000320,20000320,2014-05-06 23:51:37,2014-05-07 00:02:07,10.5,1
1428837,1399416707620000225,20000225,2014-05-06 23:51:47,2014-05-07 00:04:02,12.3,1
1428788,1399416722620000672,20000672,2014-05-06 23:52:02,2014-05-07 00:05:17,13.3,1
1428898,1399416806620000688,20000688,2014-05-06 23:53:26,2014-05-07 00:16:56,23.5,1
1428899,1399416810620000161,20000161,2014-05-06 23:53:30,2014-05-07 00:09:15,15.8,1
1428869,1399416822620000518,20000518,2014-05-06 23:53:42,2014-05-07 00:01:12,7.5,1
1428980,1399416827620000609,20000609,2014-05-06 23:53:47,2014-05-07 00:01:02,7.3,1
1428758,1399416847620000166,20000166,2014-05-06 23:54:07,2014-05-07 00:02:37,8.5,1
1428716,1399416855620000548,20000548,2014-05-06 23:54:15,2014-05-07 00:00:15,6.0,1
1428897,1399416868620000516,20000516,2014-05-06 23:54:28,2014-05-07 00:10:43,16.3,1
1428705,1399416896620000361,20000361,2014-05-06 23:54:56,2014-05-07 00:05:26,10.5,1
1428750,1399416914620000054,20000054,2014-05-06 23:55:14,2014-05-07 00:15:44,20.5,1
1428809,1399416915620000199,20000199,2014-05-06 23:55:15,2014-05-07 00:06:45,11.5,1
1428791,1399416948620000546,20000546,2014-05-06 23:55:48,2014-05-07 00:07:48,12.0,1
1428971,1399416969620000067,20000067,2014-05-06 23:56:09,2014-05-07 00:05:39,9.5,1
1428802,1399416973620000076,20000076,2014-05-06 23:56:13,2014-05-07 00:08:13,12.0,1
1428984,1399416994620000196,20000196,2014-05-06 23:56:34,2014-05-07 00:03:04,6.5,1
1429043,1399416997620000224,20000224,2014-05-06 23:56:37,2014-05-07 00:09:07,12.5,1
1428867,1399417024620000242,20000242,2014-05-06 23:57:04,2014-05-07 00:08:49,11.8,1
1428856,1399417027620000324,20000324,2014-05-06 23:57:07,2014-05-07 00:04:07,7.0,1
1429013,1399417046620000002,20000002,2014-05-06 23:57:26,2014-05-07 00:11:26,14.0,1
1428853,1399417060620000571,20000571,2014-05-06 23:57:40,2014-05-07 00:11:55,14.3,1
1428874,1399417071620000136,20000136,2014-05-06 23:57:51,2014-05-07 00:09:21,11.5,1
1428926,1399417078620000023,20000023,2014-05-06 23:57:58,2014-05-07 00:10:58,13.0,1
1428920,1399417081620000307,20000307,2014-05-06 23:58:01,2014-05-07 00:09:46,11.8,1
1429131,1399417134620000042,20000042,2014-05-06 23:58:54,2014-05-07 00:14:54,16.0,1
1428710,1399417141620000297,20000297,2014-05-06 23:59:01,2014-05-07 00:06:31,7.5,1
1428779,1399417154620000153,20000153,2014-05-06 23:59:14,2014-05-07 00:07:29,8.3,1
1428715,1399417171620000387,20000387,2014-05-06 23:59:31,2014-05-07 00:09:31,10.0,1
1428730,1399417187620000129,20000129,2014-05-06 23:59:47,2014-05-07 00:08:32,8.8,1
1428766,1399417189620000601,20000601,2014-05-06 23:59:49,2014-05-07 00:04:34,4.8,1
1439825,1399498767620000688,20000688,2014-05-07 22:39:27,2014-05-08 01:04:27,145.0,1
1435063,1399501911620000395,20000395,2014-05-07 23:31:51,2014-05-08 00:21:06,49.3,1
1435132,1399502449620000005,20000005,2014-05-07 23:40:49,2014-05-08 00:18:19,37.5,1
1435008,1399502668620000129,20000129,2014-05-07 23:44:28,2014-05-08 00:01:43,17.3,1
1435038,1399502727620000276,20000276,2014-05-07 23:45:27,2014-05-08 00:02:42,17.3,1
1434903,1399502903620000624,20000624,2014-05-07 23:48:23,2014-05-08 00:01:38,13.3,1
1434951,1399502965620000672,20000672,2014-05-07 23:49:25,2014-05-08 00:00:25,11.0,1
1435910,1399502976620000030,20000030,2014-05-07 23:49:36,2014-05-08 00:00:36,11.0,1
1435035,1399502988620000370,20000370,2014-05-07 23:49:48,2014-05-08 00:01:18,11.5,1
1434952,1399503022620000353,20000353,2014-05-07 23:50:22,2014-05-08 00:07:37,17.3,1
1434933,1399503024620000297,20000297,2014-05-07 23:50:24,2014-05-08 00:04:54,14.5,1
1435152,1399503046620000465,20000465,2014-05-07 23:50:46,2014-05-08 00:00:31,9.8,1
1435198,1399503055620000450,20000450,2014-05-07 23:50:55,2014-05-08 00:01:25,10.5,1
1435058,1399503067620000157,20000157,2014-05-07 23:51:07,2014-05-08 00:04:52,13.8,1
1434787,1399503092620000268,20000268,2014-05-07 23:51:32,2014-05-08 00:03:32,12.0,1
1434866,1399503147620000617,20000617,2014-05-07 23:52:27,2014-05-08 00:02:57,10.5,1
1435000,1399503178620000651,20000651,2014-05-07 23:52:58,2014-05-08 00:09:58,17.0,1
1435040,1399503189620000057,20000057,2014-05-07 23:53:09,2014-05-08 00:04:24,11.3,1
1434877,1399503199620000042,20000042,2014-05-07 23:53:19,2014-05-08 00:03:19,10.0,1
1434961,1399503232620000089,20000089,2014-05-07 23:53:52,2014-05-08 00:04:37,10.8,1
1434945,1399503271620000419,20000419,2014-05-07 23:54:31,2014-05-08 00:04:31,10.0,1
1435441,1399503279620000231,20000231,2014-05-07 23:54:39,2014-05-08 00:03:09,8.5,1
1434983,1399503294620000067,20000067,2014-05-07 23:54:54,2014-05-08 00:04:39,9.8,1
1434826,1399503319620000341,20000341,2014-05-07 23:55:19,2014-05-08 00:00:49,5.5,1
1434861,1399503367620000356,20000356,2014-05-07 23:56:07,2014-05-08 00:10:22,14.3,1
1434999,1399503372620000304,20000304,2014-05-07 23:56:12,2014-05-08 00:28:12,32.0,1
1434895,1399503415620000514,20000514,2014-05-07 23:56:55,2014-05-08 00:03:55,7.0,1
1434844,1399503441620000359,20000359,2014-05-07 23:57:21,2014-05-08 00:10:06,12.8,1
1434799,1399503503620000903,20000903,2014-05-07 23:58:23,2014-05-08 00:06:23,8.0,1
1434881,1399503504620000160,20000160,2014-05-07 23:58:24,2014-05-08 00:07:39,9.3,1
1434943,1399503530620000046,20000046,2014-05-07 23:58:50,2014-05-08 00:09:50,11.0,1
1434927,1399503534620000453,20000453,2014-05-07 23:58:54,2014-05-08 00:15:24,16.5,1
1434846,1399503547620000610,20000610,2014-05-07 23:59:07,2014-05-08 00:16:52,17.8,1
1435496,1399503556620000007,20000007,2014-05-07 23:59:16,2014-05-08 00:03:01,3.8,1
1435906,1399503576620000517,20000517,2014-05-07 23:59:36,2014-05-08 00:11:21,11.8,1
1440979,1399585781620000009,20000009,2014-05-08 22:49:41,2014-05-09 00:47:26,117.8,1
1441193,1399587944620000648,20000648,2014-05-08 23:25:44,2014-05-09 00:39:59,74.3,1
1440878,1399588614620000081,20000081,2014-05-08 23:36:54,2014-05-09 00:17:39,40.8,1
1440801,1399589186620000548,20000548,2014-05-08 23:46:26,2014-05-09 00:02:41,16.3,1
1441410,1399589231620000332,20000332,2014-05-08 23:47:11,2014-05-09 00:04:26,17.3,1
1441177,1399589360620000506,20000506,2014-05-08 23:49:20,2014-05-09 00:00:50,11.5,1
1442005,1399589369620000030,20000030,2014-05-08 23:49:29,2014-05-09 00:03:29,14.0,1
1440992,1399589586620000129,20000129,2014-05-08 23:53:06,2014-05-09 00:05:36,12.5,1
1441097,1399589675620000173,20000173,2014-05-08 23:54:35,2014-05-09 00:13:35,19.0,1
1440918,1399589688620000904,20000904,2014-05-08 23:54:48,2014-05-09 00:07:03,12.3,1
1441264,1399589714620000649,20000649,2014-05-08 23:55:14,2014-05-09 00:13:44,18.5,1
1441119,1399589763620000686,20000686,2014-05-08 23:56:03,2014-05-09 00:09:33,13.5,1
1441106,1399589768620000561,20000561,2014-05-08 23:56:08,2014-05-09 00:00:08,4.0,1
1441144,1399589768620000196,20000196,2014-05-08 23:56:08,2014-05-09 00:32:23,36.3,1
1441078,1399589787620000452,20000452,2014-05-08 23:56:27,2014-05-09 00:05:42,9.3,1
1441084,1399589820620000467,20000467,2014-05-08 23:57:00,2014-05-09 00:03:15,6.3,1
1443229,1399589855620000387,20000387,2014-05-08 23:57:35,2014-05-09 00:06:50,9.3,1
1440989,1399589862620000255,20000255,2014-05-08 23:57:42,2014-05-09 00:05:57,8.3,1
1440928,1399589880620000688,20000688,2014-05-08 23:58:00,2014-05-09 00:21:00,23.0,1
1440868,1399589907620000610,20000610,2014-05-08 23:58:27,2014-05-09 00:15:42,17.3,1
1440953,1399589915620000343,20000343,2014-05-08 23:58:35,2014-05-09 00:08:35,10.0,1
1440827,1399589930620000060,20000060,2014-05-08 23:58:50,2014-05-09 00:15:50,17.0,1
1440824,1399589941620000483,20000483,2014-05-08 23:59:01,2014-05-09 00:03:46,4.8,1
1441012,1399589986620000192,20000192,2014-05-08 23:59:46,2014-05-09 00:05:31,5.8,1
1447795,1399671692620000009,20000009,2014-05-09 22:41:32,2014-05-10 00:34:32,113.0,1
1447670,1399675351620000343,20000343,2014-05-09 23:42:31,2014-05-10 00:01:01,18.5,1
1447565,1399675384620000085,20000085,2014-05-09 23:43:04,2014-05-10 00:04:34,21.5,1
1447570,1399675519620000249,20000249,2014-05-09 23:45:19,2014-05-10 00:11:19,26.0,1
1447519,1399675591620000076,20000076,2014-05-09 23:46:31,2014-05-10 00:01:16,14.8,1
1447630,1399675591620000618,20000618,2014-05-09 23:46:31,2014-05-10 00:09:01,22.5,1
1447718,1399675621620000612,20000612,2014-05-09 23:47:01,2014-05-10 00:01:31,14.5,1
1447595,1399675808620000561,20000561,2014-05-09 23:50:08,2014-05-10 00:05:08,15.0,1
1447554,1399675835620000311,20000311,2014-05-09 23:50:35,2014-05-10 00:06:35,16.0,1
1447584,1399675840620000570,20000570,2014-05-09 23:50:40,2014-05-10 00:00:25,9.8,1
1448020,1399675867620000269,20000269,2014-05-09 23:51:07,2014-05-10 00:13:07,22.0,1
1447604,1399675913620000002,20000002,2014-05-09 23:51:53,2014-05-10 00:04:23,12.5,1
1448870,1399675922620000598,20000598,2014-05-09 23:52:02,2014-05-10 00:02:47,10.8,1
1447572,1399675948620000006,20000006,2014-05-09 23:52:28,2014-05-10 00:00:43,8.3,1
1447654,1399675986620000224,20000224,2014-05-09 23:53:06,2014-05-10 00:17:36,24.5,1
1447671,1399675986620000295,20000295,2014-05-09 23:53:06,2014-05-10 00:08:51,15.8,1
1447866,1399676031620000157,20000157,2014-05-09 23:53:51,2014-05-10 00:10:36,16.8,1
1447627,1399676032620000664,20000664,2014-05-09 23:53:52,2014-05-10 00:02:52,9.0,1
1447585,1399676033620000216,20000216,2014-05-09 23:53:53,2014-05-10 00:00:08,6.3,1
1447556,1399676080620000010,20000010,2014-05-09 23:54:40,2014-05-10 00:12:55,18.3,1
1447903,1399676080620000453,20000453,2014-05-09 23:54:40,2014-05-10 00:01:55,7.3,1
1447561,1399676097620000195,20000195,2014-05-09 23:54:57,2014-05-10 00:06:12,11.3,1
1447605,1399676104620000372,20000372,2014-05-09 23:55:04,2014-05-10 00:01:49,6.8,1
1447574,1399676120620000494,20000494,2014-05-09 23:55:20,2014-05-10 00:01:05,5.8,1
1447600,1399676135620000158,20000158,2014-05-09 23:55:35,2014-05-10 00:05:50,10.3,1
1447612,1399676138620000012,20000012,2014-05-09 23:55:38,2014-05-10 00:02:08,6.5,1
1447594,1399676141620000013,20000013,2014-05-09 23:55:41,2014-05-10 00:01:26,5.8,1
1447642,1399676142620000042,20000042,2014-05-09 23:55:42,2014-05-10 00:03:12,7.5,1
1447685,1399676142620000167,20000167,2014-05-09 23:55:42,2014-05-10 00:17:27,21.8,1
1447491,1399676156620000161,20000161,2014-05-09 23:55:56,2014-05-10 00:00:11,4.3,1
1447524,1399676233620000046,20000046,2014-05-09 23:57:13,2014-05-10 00:04:28,7.3,1
1447706,1399676256620000529,20000529,2014-05-09 23:57:36,2014-05-10 00:03:21,5.8,1
1447726,1399676266620000616,20000616,2014-05-09 23:57:46,2014-05-10 00:10:31,12.8,1
1447701,1399676270620000554,20000554,2014-05-09 23:57:50,2014-05-10 00:10:05,12.3,1
1447611,1399676278620000610,20000610,2014-05-09 23:57:58,2014-05-10 00:18:28,20.5,1
1447586,1399676290620000513,20000513,2014-05-09 23:58:10,2014-05-10 00:05:40,7.5,1
1447681,1399676294620000436,20000436,2014-05-09 23:58:14,2014-05-10 00:08:14,10.0,1
1448059,1399676307620000670,20000670,2014-05-09 23:58:27,2014-05-10 00:10:57,12.5,1
1447737,1399676313620000467,20000467,2014-05-09 23:58:33,2014-05-10 00:12:33,14.0,1
1447958,1399676353620000179,20000179,2014-05-09 23:59:13,2014-05-10 00:15:43,16.5,1
1447619,1399676354620000268,20000268,2014-05-09 23:59:14,2014-05-10 00:09:14,10.0,1
1447596,1399676392620000184,20000184,2014-05-09 23:59:52,2014-05-10 00:03:52,4.0,1
1453911,1399758237620000009,20000009,2014-05-10 22:43:57,2014-05-11 00:53:57,130.0,1
1453963,1399761475620000224,20000224,2014-05-10 23:37:55,2014-05-11 00:24:55,47.0,1
1453647,1399761744620000190,20000190,2014-05-10 23:42:24,2014-05-11 00:03:54,21.5,1
1453593,1399761766620000012,20000012,2014-05-10 23:42:46,2014-05-11 00:03:01,20.3,1
1453617,1399761798620000554,20000554,2014-05-10 23:43:18,2014-05-11 00:03:48,20.5,1
1453776,1399761815620000472,20000472,2014-05-10 23:43:35,2014-05-11 00:03:50,20.3,1
1454100,1399761874620000431,20000431,2014-05-10 23:44:34,2014-05-11 00:02:04,17.5,1
1454017,1399761881620000403,20000403,2014-05-10 23:44:41,2014-05-11 00:01:41,17.0,1
1453667,1399761899620000271,20000271,2014-05-10 23:44:59,2014-05-11 00:01:59,17.0,1
1453586,1399761902620000288,20000288,2014-05-10 23:45:02,2014-05-11 00:02:17,17.3,1
1453838,1399761903620000492,20000492,2014-05-10 23:45:03,2014-05-11 00:01:18,16.3,1
1453740,1399762043620000004,20000004,2014-05-10 23:47:23,2014-05-11 00:06:38,19.3,1
1453651,1399762087620000520,20000520,2014-05-10 23:48:07,2014-05-11 00:01:52,13.8,1
1453850,1399762100620000006,20000006,2014-05-10 23:48:20,2014-05-11 00:00:05,11.8,1
1453627,1399762124620000570,20000570,2014-05-10 23:48:44,2014-05-11 00:02:14,13.5,1
1453645,1399762166620000667,20000667,2014-05-10 23:49:26,2014-05-11 00:06:11,16.8,1
1454070,1399762271620000188,20000188,2014-05-10 23:51:11,2014-05-11 00:03:56,12.8,1
1453805,1399762373620000688,20000688,2014-05-10 23:52:53,2014-05-11 00:25:53,33.0,1
1453828,1399762379620000108,20000108,2014-05-10 23:52:59,2014-05-11 00:05:59,13.0,1
1453760,1399762424620000664,20000664,2014-05-10 23:53:44,2014-05-11 00:00:59,7.3,1
1453708,1399762460620000076,20000076,2014-05-10 23:54:20,2014-05-11 00:05:05,10.8,1
1453598,1399762468620000626,20000626,2014-05-10 23:54:28,2014-05-11 00:05:43,11.3,1
1453663,1399762479620000465,20000465,2014-05-10 23:54:39,2014-05-11 00:06:24,11.8,1
1453613,1399762484620000324,20000324,2014-05-10 23:54:44,2014-05-11 00:06:44,12.0,1
1453696,1399762527620000665,20000665,2014-05-10 23:55:27,2014-05-11 00:14:42,19.3,1
1453737,1399762540620000364,20000364,2014-05-10 23:55:40,2014-05-11 00:15:40,20.0,1
1453831,1399762547620000577,20000577,2014-05-10 23:55:47,2014-05-11 00:07:32,11.8,1
1453821,1399762554620000503,20000503,2014-05-10 23:55:54,2014-05-11 00:07:39,11.8,1
1453874,1399762554620000154,20000154,2014-05-10 23:55:54,2014-05-11 00:02:24,6.5,1
1453973,1399762600620000308,20000308,2014-05-10 23:56:40,2014-05-11 00:24:40,28.0,1
1453744,1399762620620000671,20000671,2014-05-10 23:57:00,2014-05-11 00:03:00,6.0,1
1453836,1399762626620000430,20000430,2014-05-10 23:57:06,2014-05-11 00:05:21,8.3,1
1453685,1399762665620000158,20000158,2014-05-10 23:57:45,2014-05-11 00:07:45,10.0,1
1454121,1399762672620000010,20000010,2014-05-10 23:57:52,2014-05-11 00:07:52,10.0,1
1453806,1399762694620000359,20000359,2014-05-10 23:58:14,2014-05-11 00:12:44,14.5,1
1453672,1399762721620000384,20000384,2014-05-10 23:58:41,2014-05-11 00:06:56,8.3,1
1454153,1399762753620000334,20000334,2014-05-10 23:59:13,2014-05-11 00:14:43,15.5,1
1454112,1399762764620000686,20000686,2014-05-10 23:59:24,2014-05-11 00:11:09,11.8,1
1453764,1399762780620000161,20000161,2014-05-10 23:59:40,2014-05-11 00:18:25,18.8,1
1458966,1399844475620000009,20000009,2014-05-11 22:41:15,2014-05-12 00:44:00,122.8,1
1458923,1399847535620000529,20000529,2014-05-11 23:32:15,2014-05-12 00:01:15,29.0,1
1459192,1399848010620000337,20000337,2014-05-11 23:40:10,2014-05-12 00:04:40,24.5,1
1460163,1399848142620000456,20000456,2014-05-11 23:42:22,2014-05-12 00:13:22,31.0,1
1459528,1399848364620000012,20000012,2014-05-11 23:46:04,2014-05-12 00:01:34,15.5,1
1459076,1399848518620000173,20000173,2014-05-11 23:48:38,2014-05-12 00:04:38,16.0,1
1459605,1399848617620000640,20000640,2014-05-11 23:50:17,2014-05-12 00:07:17,17.0,1
1458919,1399848624620000307,20000307,2014-05-11 23:50:24,2014-05-12 00:08:24,18.0,1
1458898,1399848713620000665,20000665,2014-05-11 23:51:53,2014-05-12 00:01:38,9.8,1
1458962,1399848767620000670,20000670,2014-05-11 23:52:47,2014-05-12 00:09:47,17.0,1
1459035,1399848871620000179,20000179,2014-05-11 23:54:31,2014-05-12 00:12:01,17.5,1
1458905,1399848899620000483,20000483,2014-05-11 23:54:59,2014-05-12 00:01:59,7.0,1
1458931,1399848929620000361,20000361,2014-05-11 23:55:29,2014-05-12 00:01:59,6.5,1
1459260,1399848935620000325,20000325,2014-05-11 23:55:35,2014-05-12 00:02:35,7.0,1
1458954,1399848955620000081,20000081,2014-05-11 23:55:55,2014-05-12 00:18:10,22.3,1
1463473,1399931897620000009,20000009,2014-05-12 22:58:17,2014-05-13 00:46:47,108.5,1
1463679,1399934490620000042,20000042,2014-05-12 23:41:30,2014-05-13 00:08:30,27.0,1
1463605,1399935112620000263,20000263,2014-05-12 23:51:52,2014-05-13 00:03:37,11.8,1
1463506,1399935154620000473,20000473,2014-05-12 23:52:34,2014-05-13 00:16:04,23.5,1
1463711,1399935336620000632,20000632,2014-05-12 23:55:36,2014-05-13 00:06:06,10.5,1
1463453,1399935358620000503,20000503,2014-05-12 23:55:58,2014-05-13 00:10:28,14.5,1
1463814,1399935412620000285,20000285,2014-05-12 23:56:52,2014-05-13 00:11:07,14.3,1
1463509,1399935415620000540,20000540,2014-05-12 23:56:55,2014-05-13 00:17:25,20.5,1
1471498,1399935467620000554,20000554,2014-05-12 23:57:47,2014-05-13 00:13:47,16.0,1
1463699,1399935495620000497,20000497,2014-05-12 23:58:15,2014-05-13 00:07:45,9.5,1
1467914,1400012871620000252,20000252,2014-05-13 21:27:51,2014-05-14 00:06:21,158.5,1
1467887,1400017557620000009,20000009,2014-05-13 22:45:57,2014-05-14 00:13:27,87.5,1
1468102,1400021201620000002,20000002,2014-05-13 23:46:41,2014-05-14 00:02:56,16.3,1
1467886,1400021234620000392,20000392,2014-05-13 23:47:14,2014-05-14 00:02:59,15.8,1
1467955,1400021238620000589,20000589,2014-05-13 23:47:18,2014-05-14 00:03:18,16.0,1
1468053,1400021341620000901,20000901,2014-05-13 23:49:01,2014-05-14 00:00:01,11.0,1
1467795,1400021445620000670,20000670,2014-05-13 23:50:45,2014-05-14 00:06:45,16.0,1
1467737,1400021637620000060,20000060,2014-05-13 23:53:57,2014-05-14 00:00:42,6.8,1
1467846,1400021672620000263,20000263,2014-05-13 23:54:32,2014-05-14 00:04:02,9.5,1
1468508,1400021703620000120,20000120,2014-05-13 23:55:03,2014-05-14 00:04:48,9.8,1
1467720,1400021744620000403,20000403,2014-05-13 23:55:44,2014-05-14 00:00:14,4.5,1
1468017,1400021777620000434,20000434,2014-05-13 23:56:17,2014-05-14 00:06:17,10.0,1
1467880,1400021844620000680,20000680,2014-05-13 23:57:24,2014-05-14 00:03:24,6.0,1
1467743,1400021853620000664,20000664,2014-05-13 23:57:33,2014-05-14 00:04:18,6.8,1
1467828,1400021907620000395,20000395,2014-05-13 23:58:27,2014-05-14 00:11:42,13.3,1
1468109,1400021965620000242,20000242,2014-05-13 23:59:25,2014-05-14 00:06:10,6.8,1
1469610,1400021965620000508,20000508,2014-05-13 23:59:25,2014-05-14 00:12:10,12.8,1
1472228,1400104026620000009,20000009,2014-05-14 22:47:06,2014-05-15 00:31:51,104.8,1
1472140,1400105007620000297,20000297,2014-05-14 23:03:27,2014-05-15 00:09:27,66.0,1
1472299,1400106183620000351,20000351,2014-05-14 23:23:03,2014-05-15 00:01:18,38.3,1
1472149,1400107340620000387,20000387,2014-05-14 23:42:20,2014-05-15 00:01:35,19.3,1
1472485,1400107581620000450,20000450,2014-05-14 23:46:21,2014-05-15 00:05:06,18.8,1
1472460,1400107852620000598,20000598,2014-05-14 23:50:52,2014-05-15 00:04:37,13.8,1
1473466,1400107860620000216,20000216,2014-05-14 23:51:00,2014-05-15 00:26:00,35.0,1
1472240,1400107984620000114,20000114,2014-05-14 23:53:04,2014-05-15 00:04:34,11.5,1
1472166,1400108013620000600,20000600,2014-05-14 23:53:33,2014-05-15 00:10:18,16.8,1
1472335,1400108034620000263,20000263,2014-05-14 23:53:54,2014-05-15 00:03:39,9.8,1
1472579,1400108056620000455,20000455,2014-05-14 23:54:16,2014-05-15 00:02:01,7.8,1
1472163,1400108120620000307,20000307,2014-05-14 23:55:20,2014-05-15 00:17:35,22.3,1
1472252,1400108155620000273,20000273,2014-05-14 23:55:55,2014-05-15 00:02:55,7.0,1
1472133,1400108166620000012,20000012,2014-05-14 23:56:06,2014-05-15 00:03:21,7.3,1
1473440,1400108171620000045,20000045,2014-05-14 23:56:11,2014-05-15 00:24:11,28.0,1
1472187,1400108232620000486,20000486,2014-05-14 23:57:12,2014-05-15 00:03:12,6.0,1
1472320,1400108310620000276,20000276,2014-05-14 23:58:30,2014-05-15 00:11:15,12.8,1
1472463,1400108370620000542,20000542,2014-05-14 23:59:30,2014-05-15 00:04:00,4.5,1
1472193,1400108393620000476,20000476,2014-05-14 23:59:53,2014-05-15 00:07:23,7.5,1
1477173,1400190348620000009,20000009,2014-05-15 22:45:48,2014-05-16 00:16:33,90.8,1
1477117,1400192660620000520,20000520,2014-05-15 23:24:20,2014-05-16 00:08:20,44.0,1
1477041,1400193588620000680,20000680,2014-05-15 23:39:48,2014-05-16 00:10:03,30.3,1
1477022,1400193987620000305,20000305,2014-05-15 23:46:27,2014-05-16 00:00:57,14.5,1
1477085,1400194054620000136,20000136,2014-05-15 23:47:34,2014-05-16 00:07:49,20.3,1
1477167,1400194111620000008,20000008,2014-05-15 23:48:31,2014-05-16 00:00:16,11.8,1
1477265,1400194165620000333,20000333,2014-05-15 23:49:25,2014-05-16 00:03:40,14.3,1
1477051,1400194204620000403,20000403,2014-05-15 23:50:04,2014-05-16 00:04:04,14.0,1
1477218,1400194211620000297,20000297,2014-05-15 23:50:11,2014-05-16 00:02:26,12.3,1
1477028,1400194372620000632,20000632,2014-05-15 23:52:52,2014-05-16 00:02:22,9.5,1
1477124,1400194428620000005,20000005,2014-05-15 23:53:48,2014-05-16 00:00:33,6.8,1
1477221,1400194472620000216,20000216,2014-05-15 23:54:32,2014-05-16 00:22:47,28.3,1
1477207,1400194487620000687,20000687,2014-05-15 23:54:47,2014-05-16 00:05:02,10.3,1
1477044,1400194515620000670,20000670,2014-05-15 23:55:15,2014-05-16 00:03:30,8.3,1
1477035,1400194516620000154,20000154,2014-05-15 23:55:16,2014-05-16 00:01:31,6.3,1
1477093,1400194534620000665,20000665,2014-05-15 23:55:34,2014-05-16 00:05:49,10.3,1
1477865,1400194539620000074,20000074,2014-05-15 23:55:39,2014-05-16 00:13:39,18.0,1
1477036,1400194545620000688,20000688,2014-05-15 23:55:45,2014-05-16 00:01:15,5.5,1
1477189,1400194552620000497,20000497,2014-05-15 23:55:52,2014-05-16 00:03:22,7.5,1
1477129,1400194671620000456,20000456,2014-05-15 23:57:51,2014-05-16 00:06:21,8.5,1
1477235,1400194685620000192,20000192,2014-05-15 23:58:05,2014-05-16 00:24:20,26.3,1
1477638,1400194707620000081,20000081,2014-05-15 23:58:27,2014-05-16 00:08:12,9.8,1
1477262,1400194732620000153,20000153,2014-05-15 23:58:52,2014-05-16 00:03:22,4.5,1
1477331,1400194752620000231,20000231,2014-05-15 23:59:12,2014-05-16 00:56:42,57.5,1
1477142,1400194776620000576,20000576,2014-05-15 23:59:36,2014-05-16 00:07:51,8.3,1
1482475,1400276803620000009,20000009,2014-05-16 22:46:43,2014-05-17 00:28:13,101.5,1
1482415,1400277721620000668,20000668,2014-05-16 23:02:01,2014-05-17 00:04:46,62.8,1
1482546,1400278212620000344,20000344,2014-05-16 23:10:12,2014-05-17 00:18:42,68.5,1
1482377,1400278776620000653,20000653,2014-05-16 23:19:36,2014-05-17 00:06:36,47.0,1
1482773,1400279882620000617,20000617,2014-05-16 23:38:02,2014-05-17 00:02:02,24.0,1
1482547,1400279986620000376,20000376,2014-05-16 23:39:46,2014-05-17 00:02:16,22.5,1
1482604,1400280290620000307,20000307,2014-05-16 23:44:50,2014-05-17 00:33:05,48.3,1
1482433,1400280346620000472,20000472,2014-05-16 23:45:46,2014-05-17 00:10:46,25.0,1
1482347,1400280535620000364,20000364,2014-05-16 23:48:55,2014-05-17 00:03:40,14.8,1
1482525,1400280562620000589,20000589,2014-05-16 23:49:22,2014-05-17 00:06:37,17.3,1
1482454,1400280622620000011,20000011,2014-05-16 23:50:22,2014-05-17 00:03:22,13.0,1
1482395,1400280665620000057,20000057,2014-05-16 23:51:05,2014-05-17 00:03:20,12.3,1
1482775,1400280686620000042,20000042,2014-05-16 23:51:26,2014-05-17 00:11:56,20.5,1
1482309,1400280712620000305,20000305,2014-05-16 23:51:52,2014-05-17 00:05:37,13.8,1
1482529,1400280748620000171,20000171,2014-05-16 23:52:28,2014-05-17 00:03:43,11.3,1
1482312,1400280765620000406,20000406,2014-05-16 23:52:45,2014-05-17 00:07:15,14.5,1
1482724,1400280778620000649,20000649,2014-05-16 23:52:58,2014-05-17 00:04:58,12.0,1
1482434,1400280788620000423,20000423,2014-05-16 23:53:08,2014-05-17 00:01:23,8.3,1
1482512,1400280807620000101,20000101,2014-05-16 23:53:27,2014-05-17 00:01:12,7.8,1
1482330,1400280827620000424,20000424,2014-05-16 23:53:47,2014-05-17 00:03:47,10.0,1
1482611,1400280893620000463,20000463,2014-05-16 23:54:53,2014-05-17 00:10:38,15.8,1
1482481,1400280909620000178,20000178,2014-05-16 23:55:09,2014-05-17 00:08:54,13.8,1
1482373,1400280938620000304,20000304,2014-05-16 23:55:38,2014-05-17 00:04:53,9.3,1
1482639,1400280950620000495,20000495,2014-05-16 23:55:50,2014-05-17 00:02:35,6.8,1
1482375,1400280954620000626,20000626,2014-05-16 23:55:54,2014-05-17 00:08:24,12.5,1
1482626,1400280954620000285,20000285,2014-05-16 23:55:54,2014-05-17 00:04:54,9.0,1
1482571,1400281012620000672,20000672,2014-05-16 23:56:52,2014-05-17 00:10:07,13.3,1
1482351,1400281036620000092,20000092,2014-05-16 23:57:16,2014-05-17 00:04:01,6.8,1
1482548,1400281044620000120,20000120,2014-05-16 23:57:24,2014-05-17 00:11:09,13.8,1
1482391,1400281062620000503,20000503,2014-05-16 23:57:42,2014-05-17 00:10:12,12.5,1
1482473,1400281062620000002,20000002,2014-05-16 23:57:42,2014-05-17 00:10:12,12.5,1
1482335,1400281084620000572,20000572,2014-05-16 23:58:04,2014-05-17 00:12:04,14.0,1
1482378,1400281119620000403,20000403,2014-05-16 23:58:39,2014-05-17 00:03:24,4.8,1
1482757,1400281143620000108,20000108,2014-05-16 23:59:03,2014-05-17 00:06:33,7.5,1
1482430,1400281194620000488,20000488,2014-05-16 23:59:54,2014-05-17 00:11:09,11.3,1
1492322,1400312076620000562,20000562,2014-05-17 08:34:36,2014-05-18 00:42:21,967.8,1
1487611,1400366099620000224,20000224,2014-05-17 23:34:59,2014-05-18 01:03:44,88.8,1
1487481,1400366313620000173,20000173,2014-05-17 23:38:33,2014-05-18 00:02:48,24.3,1
1487194,1400366373620000256,20000256,2014-05-17 23:39:33,2014-05-18 00:01:48,22.3,1
1487366,1400366411620000011,20000011,2014-05-17 23:40:11,2014-05-18 00:00:26,20.3,1
1487446,1400366462620000129,20000129,2014-05-17 23:41:02,2014-05-18 00:07:17,26.3,1
1487489,1400366469620000456,20000456,2014-05-17 23:41:09,2014-05-18 01:01:24,80.3,1
1487507,1400366469620000671,20000671,2014-05-17 23:41:09,2014-05-18 01:03:54,82.8,1
1487359,1400366545620000540,20000540,2014-05-17 23:42:25,2014-05-18 00:08:55,26.5,1
1487334,1400366556620000372,20000372,2014-05-17 23:42:36,2014-05-18 00:00:06,17.5,1
1487255,1400366595620000436,20000436,2014-05-17 23:43:15,2014-05-18 00:02:45,19.5,1
1487239,1400366675620000483,20000483,2014-05-17 23:44:35,2014-05-18 00:00:20,15.8,1
1487325,1400366699620000610,20000610,2014-05-17 23:44:59,2014-05-18 00:15:29,30.5,1
1487497,1400366738620000013,20000013,2014-05-17 23:45:38,2014-05-18 00:09:23,23.8,1
1487299,1400366821620000497,20000497,2014-05-17 23:47:01,2014-05-18 00:08:46,21.8,1
1487395,1400366822620000216,20000216,2014-05-17 23:47:02,2014-05-18 00:12:17,25.3,1
1487332,1400366914620000514,20000514,2014-05-17 23:48:34,2014-05-18 00:01:19,12.8,1
1487213,1400366995620000002,20000002,2014-05-17 23:49:55,2014-05-18 00:09:25,19.5,1
1487402,1400367096620000503,20000503,2014-05-17 23:51:36,2014-05-18 00:01:21,9.8,1
1487342,1400367107620000157,20000157,2014-05-17 23:51:47,2014-05-18 00:00:17,8.5,1
1487399,1400367239620000239,20000239,2014-05-17 23:53:59,2014-05-18 00:05:14,11.3,1
1487303,1400367327620000121,20000121,2014-05-17 23:55:27,2014-05-18 00:03:42,8.3,1
1487278,1400367368620000625,20000625,2014-05-17 23:56:08,2014-05-18 00:07:38,11.5,1
1487398,1400367373620000254,20000254,2014-05-17 23:56:13,2014-05-18 00:09:28,13.3,1
1487394,1400367381620000345,20000345,2014-05-17 23:56:21,2014-05-18 00:05:51,9.5,1
1487405,1400367423620000260,20000260,2014-05-17 23:57:03,2014-05-18 00:18:48,21.8,1
1487358,1400367462620000337,20000337,2014-05-17 23:57:42,2014-05-18 00:08:12,10.5,1
1487330,1400367508620000665,20000665,2014-05-17 23:58:28,2014-05-18 00:12:58,14.5,1
1487224,1400367531620000648,20000648,2014-05-17 23:58:51,2014-05-18 00:13:06,14.3,1
1487314,1400367550620000285,20000285,2014-05-17 23:59:10,2014-05-18 00:09:25,10.3,1
1487250,1400367571620000142,20000142,2014-05-17 23:59:31,2014-05-18 00:09:46,10.3,1
1487282,1400367596620000179,20000179,2014-05-17 23:59:56,2014-05-18 00:04:56,5.0,1
1491912,1400449537620000009,20000009,2014-05-18 22:45:37,2014-05-19 00:53:37,128.0,1
1492094,1400452632620000013,20000013,2014-05-18 23:37:12,2014-05-19 00:11:12,34.0,1
1492521,1400453100620000334,20000334,2014-05-18 23:45:00,2014-05-19 00:02:45,17.8,1
1491739,1400453178620000376,20000376,2014-05-18 23:46:18,2014-05-19 00:13:48,27.5,1
1491741,1400453253620000076,20000076,2014-05-18 23:47:33,2014-05-19 00:02:48,15.3,1
1491916,1400453342620000010,20000010,2014-05-18 23:49:02,2014-05-19 00:24:32,35.5,1
1491763,1400453426620000648,20000648,2014-05-18 23:50:26,2014-05-19 00:03:56,13.5,1
1491713,1400453528620000173,20000173,2014-05-18 23:52:08,2014-05-19 00:04:08,12.0,1
1491840,1400453536620000263,20000263,2014-05-18 23:52:16,2014-05-19 00:01:01,8.8,1
1500461,1400453588620000192,20000192,2014-05-18 23:53:08,2014-05-19 00:08:08,15.0,1
1491971,1400453593620000171,20000171,2014-05-18 23:53:13,2014-05-19 00:13:13,20.0,1
1491880,1400453659620000372,20000372,2014-05-18 23:54:19,2014-05-19 00:14:19,20.0,1
1491826,1400453694620000463,20000463,2014-05-18 23:54:54,2014-05-19 00:02:09,7.3,1
1491841,1400453697620000611,20000611,2014-05-18 23:54:57,2014-05-19 00:09:42,14.8,1
1491759,1400453751620000576,20000576,2014-05-18 23:55:51,2014-05-19 00:00:36,4.8,1
1500161,1400453755620000904,20000904,2014-05-18 23:55:55,2014-05-19 00:03:55,8.0,1
1491833,1400453825620000560,20000560,2014-05-18 23:57:05,2014-05-19 00:08:05,11.0,1
1491762,1400453869620000309,20000309,2014-05-18 23:57:49,2014-05-19 00:04:04,6.3,1
1491803,1400453902620000621,20000621,2014-05-18 23:58:22,2014-05-19 00:03:22,5.0,1
1492342,1400453903620000651,20000651,2014-05-18 23:58:23,2014-05-19 00:07:08,8.8,1
1491881,1400453931620000089,20000089,2014-05-18 23:58:51,2014-05-19 00:11:21,12.5,1
1491723,1400453945620000698,20000698,2014-05-18 23:59:05,2014-05-19 00:07:05,8.0,1
1491791,1400453959620000395,20000395,2014-05-18 23:59:19,2014-05-19 00:25:34,26.3,1
1496547,1400535934620000009,20000009,2014-05-19 22:45:34,2014-05-20 00:38:04,112.5,1
1496424,1400538305620000008,20000008,2014-05-19 23:25:05,2014-05-20 00:00:05,35.0,1
1496425,1400539221620000626,20000626,2014-05-19 23:40:21,2014-05-20 00:05:06,24.8,1
1496718,1400539558620000901,20000901,2014-05-19 23:45:58,2014-05-20 00:01:13,15.3,1
1499155,1400539705620000256,20000256,2014-05-19 23:48:25,2014-05-20 00:03:10,14.8,1
1496530,1400539811620000672,20000672,2014-05-19 23:50:11,2014-05-20 00:03:11,13.0,1
1496356,1400539826620000473,20000473,2014-05-19 23:50:26,2014-05-20 00:01:41,11.3,1
1496408,1400539999620000518,20000518,2014-05-19 23:53:19,2014-05-20 00:03:49,10.5,1
1496494,1400540057620000089,20000089,2014-05-19 23:54:17,2014-05-20 00:02:47,8.5,1
1496485,1400540136620000361,20000361,2014-05-19 23:55:36,2014-05-20 00:01:21,5.8,1
1496536,1400540136620000359,20000359,2014-05-19 23:55:36,2014-05-20 00:05:36,10.0,1
1496550,1400540256620000603,20000603,2014-05-19 23:57:36,2014-05-20 00:29:51,32.3,1
1496548,1400540340620000621,20000621,2014-05-19 23:59:00,2014-05-20 00:17:00,18.0,1
1496363,1400540342620000233,20000233,2014-05-19 23:59:02,2014-05-20 00:10:32,11.5,1
1501193,1400625429620000403,20000403,2014-05-20 23:37:09,2014-05-21 00:12:09,35.0,1
1501585,1400625561620000120,20000120,2014-05-20 23:39:21,2014-05-21 00:01:21,22.0,1
1501131,1400625591620000160,20000160,2014-05-20 23:39:51,2014-05-21 00:01:21,21.5,1
1501139,1400625978620000670,20000670,2014-05-20 23:46:18,2014-05-21 00:02:33,16.3,1
1501253,1400626142620000153,20000153,2014-05-20 23:49:02,2014-05-21 00:00:32,11.5,1
1501113,1400626390620000042,20000042,2014-05-20 23:53:10,2014-05-21 00:01:40,8.5,1
1501144,1400626444620000651,20000651,2014-05-20 23:54:04,2014-05-21 00:07:04,13.0,1
1501491,1400626479620000008,20000008,2014-05-20 23:54:39,2014-05-21 00:10:09,15.5,1
1501204,1400626493620000626,20000626,2014-05-20 23:54:53,2014-05-21 00:05:08,10.3,1
1501210,1400626551620000686,20000686,2014-05-20 23:55:51,2014-05-21 00:02:06,6.3,1
1502272,1400626602620000045,20000045,2014-05-20 23:56:42,2014-05-21 00:09:12,12.5,1
1502186,1400626618620000337,20000337,2014-05-20 23:56:58,2014-05-21 01:00:13,63.3,1
1501127,1400626628620000610,20000610,2014-05-20 23:57:08,2014-05-21 00:06:38,9.5,1
1501198,1400626629620000263,20000263,2014-05-20 23:57:09,2014-05-21 00:10:09,13.0,1
1505074,1400626721620000598,20000598,2014-05-20 23:58:41,2014-05-21 00:14:41,16.0,1
1501554,1400626757620000465,20000465,2014-05-20 23:59:17,2014-05-21 00:06:32,7.3,1
1501241,1400626772620000624,20000624,2014-05-20 23:59:32,2014-05-21 00:08:17,8.8,1
1501281,1400626788620000376,20000376,2014-05-20 23:59:48,2014-05-21 00:04:48,5.0,1
1506108,1400711643620000395,20000395,2014-05-21 23:34:03,2014-05-22 00:19:48,45.8,1
1506054,1400712525620000450,20000450,2014-05-21 23:48:45,2014-05-22 00:06:45,18.0,1
1506044,1400712637620000603,20000603,2014-05-21 23:50:37,2014-05-22 00:01:22,10.8,1
1506105,1400712644620000486,20000486,2014-05-21 23:50:44,2014-05-22 00:03:59,13.3,1
1506042,1400712781620000233,20000233,2014-05-21 23:53:01,2014-05-22 00:05:16,12.3,1
1506167,1400712819620000268,20000268,2014-05-21 23:53:39,2014-05-22 00:05:24,11.8,1
1506224,1400712828620000089,20000089,2014-05-21 23:53:48,2014-05-22 00:06:18,12.5,1
1506002,1400712836620000060,20000060,2014-05-21 23:53:56,2014-05-22 00:06:11,12.3,1
1506027,1400712837620000698,20000698,2014-05-21 23:53:57,2014-05-22 00:07:42,13.8,1
1506122,1400712878620000307,20000307,2014-05-21 23:54:38,2014-05-22 00:28:08,33.5,1
1506114,1400712895620000621,20000621,2014-05-21 23:54:55,2014-05-22 00:03:10,8.3,1
1506181,1400712900620000263,20000263,2014-05-21 23:55:00,2014-05-22 00:08:00,13.0,1
1506109,1400712921620000675,20000675,2014-05-21 23:55:21,2014-05-22 00:01:21,6.0,1
1506137,1400712949620000309,20000309,2014-05-21 23:55:49,2014-05-22 00:09:04,13.3,1
1506087,1400712950620000269,20000269,2014-05-21 23:55:50,2014-05-22 00:04:50,9.0,1
1506115,1400713021620000038,20000038,2014-05-21 23:57:01,2014-05-22 00:05:31,8.5,1
1506133,1400713023620000671,20000671,2014-05-21 23:57:03,2014-05-22 00:07:03,10.0,1
1506294,1400713038620000904,20000904,2014-05-21 23:57:18,2014-05-22 00:02:03,4.8,1
1506236,1400713044620000361,20000361,2014-05-21 23:57:24,2014-05-22 00:12:09,14.8,1
1506165,1400713061620000010,20000010,2014-05-21 23:57:41,2014-05-22 00:22:11,24.5,1
1506251,1400713091620000136,20000136,2014-05-21 23:58:11,2014-05-22 00:09:26,11.3,1
1514870,1400713161620000554,20000554,2014-05-21 23:59:21,2014-05-22 00:05:21,6.0,1
1506839,1400713169620000252,20000252,2014-05-21 23:59:29,2014-05-22 00:03:44,4.3,1
1506572,1400713170620000367,20000367,2014-05-21 23:59:30,2014-05-22 00:12:00,12.5,1
1506131,1400713172620000540,20000540,2014-05-21 23:59:32,2014-05-22 00:12:32,13.0,1
1511013,1400797029620000307,20000307,2014-05-22 23:17:09,2014-05-23 00:00:24,43.3,1
1511162,1400797067620000057,20000057,2014-05-22 23:17:47,2014-05-23 00:04:17,46.5,1
1511597,1400797940620000668,20000668,2014-05-22 23:32:20,2014-05-23 00:24:20,52.0,1
1511080,1400798159620000002,20000002,2014-05-22 23:35:59,2014-05-23 00:32:44,56.8,1
1511026,1400798271620000023,20000023,2014-05-22 23:37:51,2014-05-23 00:00:21,22.5,1
1510986,1400798340620000129,20000129,2014-05-22 23:39:00,2014-05-23 00:09:45,30.8,1
1512170,1400798438620000376,20000376,2014-05-22 23:40:38,2014-05-23 00:00:23,19.8,1
1511021,1400798697620000621,20000621,2014-05-22 23:44:57,2014-05-23 00:01:57,17.0,1
1511980,1400798923620000161,20000161,2014-05-22 23:48:43,2014-05-23 00:14:43,26.0,1
1514739,1400798941620000119,20000119,2014-05-22 23:49:01,2014-05-23 00:04:16,15.3,1
1510937,1400798955620000671,20000671,2014-05-22 23:49:15,2014-05-23 00:00:00,10.8,1
1510931,1400799156620000387,20000387,2014-05-22 23:52:36,2014-05-23 00:03:06,10.5,1
1511009,1400799237620000092,20000092,2014-05-22 23:53:57,2014-05-23 00:05:27,11.5,1
1510914,1400799269620000268,20000268,2014-05-22 23:54:29,2014-05-23 00:04:44,10.3,1
1511630,1400799340620000430,20000430,2014-05-22 23:55:40,2014-05-23 00:02:25,6.8,1
1511114,1400799376620000140,20000140,2014-05-22 23:56:16,2014-05-23 00:04:31,8.3,1
1511149,1400799415620000473,20000473,2014-05-22 23:56:55,2014-05-23 00:03:10,6.3,1
1510988,1400799438620000356,20000356,2014-05-22 23:57:18,2014-05-23 00:04:18,7.0,1
1511047,1400799466620000488,20000488,2014-05-22 23:57:46,2014-05-23 00:01:46,4.0,1
1510892,1400799506620000497,20000497,2014-05-22 23:58:26,2014-05-23 00:05:26,7.0,1
1511017,1400799506620000482,20000482,2014-05-22 23:58:26,2014-05-23 00:03:41,5.3,1
1511029,1400799528620000010,20000010,2014-05-22 23:58:48,2014-05-23 00:12:48,14.0,1
1519064,1400883235620000074,20000074,2014-05-23 23:13:55,2014-05-24 00:19:40,65.8,1
1516393,1400884029620000456,20000456,2014-05-23 23:27:09,2014-05-24 00:06:54,39.8,1
1517825,1400884425620000250,20000250,2014-05-23 23:33:45,2014-05-24 01:00:30,86.8,1
1516294,1400884501620000161,20000161,2014-05-23 23:35:01,2014-05-24 00:01:01,26.0,1
1517252,1400884761620000668,20000668,2014-05-23 23:39:21,2014-05-24 00:25:36,46.3,1
1516489,1400884952620000276,20000276,2014-05-23 23:42:32,2014-05-24 00:04:47,22.3,1
1516403,1400884964620000288,20000288,2014-05-23 23:42:44,2014-05-24 00:07:29,24.8,1
1516607,1400885047620000424,20000424,2014-05-23 23:44:07,2014-05-24 00:00:37,16.5,1
1516422,1400885200620000260,20000260,2014-05-23 23:46:40,2014-05-24 00:08:10,21.5,1
1516485,1400885319620000372,20000372,2014-05-23 23:48:39,2014-05-24 00:00:39,12.0,1
1516407,1400885333620000081,20000081,2014-05-23 23:48:53,2014-05-24 00:02:53,14.0,1
1516335,1400885344620000295,20000295,2014-05-23 23:49:04,2014-05-24 00:02:19,13.3,1
1516435,1400885349620000157,20000157,2014-05-23 23:49:09,2014-05-24 00:15:24,26.3,1
1516573,1400885354620000540,20000540,2014-05-23 23:49:14,2014-05-24 00:14:29,25.3,1
1516701,1400885368620000626,20000626,2014-05-23 23:49:28,2014-05-24 00:24:28,35.0,1
1516352,1400885399620000089,20000089,2014-05-23 23:49:59,2014-05-24 00:01:29,11.5,1
1516503,1400885432620000121,20000121,2014-05-23 23:50:32,2014-05-24 00:04:02,13.5,1
1516412,1400885470620000610,20000610,2014-05-23 23:51:10,2014-05-24 00:03:40,12.5,1
1516490,1400885483620000518,20000518,2014-05-23 23:51:23,2014-05-24 00:01:23,10.0,1
1516305,1400885491620000576,20000576,2014-05-23 23:51:31,2014-05-24 00:02:01,10.5,1
1516547,1400885503620000658,20000658,2014-05-23 23:51:43,2014-05-24 00:03:58,12.3,1
1519131,1400885560620000508,20000508,2014-05-23 23:52:40,2014-05-24 00:10:25,17.8,1
1516383,1400885571620000216,20000216,2014-05-23 23:52:51,2014-05-24 00:15:21,22.5,1
1517853,1400885581620000254,20000254,2014-05-23 23:53:01,2014-05-24 00:04:31,11.5,1
1516662,1400885631620000328,20000328,2014-05-23 23:53:51,2014-05-24 00:02:51,9.0,1
1516410,1400885692620000060,20000060,2014-05-23 23:54:52,2014-05-24 00:08:07,13.3,1
1516587,1400885702620000120,20000120,2014-05-23 23:55:02,2014-05-24 00:09:17,14.3,1
1516455,1400885709620000285,20000285,2014-05-23 23:55:09,2014-05-24 00:06:39,11.5,1
1516582,1400885717620000263,20000263,2014-05-23 23:55:17,2014-05-24 00:08:47,13.5,1
1516373,1400885745620000129,20000129,2014-05-23 23:55:45,2014-05-24 00:02:15,6.5,1
1516887,1400885760620000224,20000224,2014-05-23 23:56:00,2014-05-24 00:06:15,10.3,1
1516318,1400885774620000467,20000467,2014-05-23 23:56:14,2014-05-24 00:05:44,9.5,1
1516319,1400885817620000356,20000356,2014-05-23 23:56:57,2014-05-24 00:02:57,6.0,1
1516420,1400885829620000108,20000108,2014-05-23 23:57:09,2014-05-24 00:04:24,7.3,1
1516436,1400885840620000338,20000338,2014-05-23 23:57:20,2014-05-24 00:05:35,8.3,1
1516555,1400885874620000451,20000451,2014-05-23 23:57:54,2014-05-24 00:06:54,9.0,1
1516353,1400885883620000195,20000195,2014-05-23 23:58:03,2014-05-24 00:03:18,5.3,1
1516501,1400885910620000268,20000268,2014-05-23 23:58:30,2014-05-24 00:21:30,23.0,1
1516428,1400885936620000577,20000577,2014-05-23 23:58:56,2014-05-24 00:10:11,11.3,1
1516585,1400885951620000435,20000435,2014-05-23 23:59:11,2014-05-24 00:06:11,7.0,1
1516367,1400885980620000591,20000591,2014-05-23 23:59:40,2014-05-24 00:07:25,7.8,1
1516773,1400885987620000307,20000307,2014-05-23 23:59:47,2014-05-24 00:16:17,16.5,1
1521817,1400966074620000611,20000611,2014-05-24 22:14:34,2014-05-25 00:14:19,119.8,1
1521683,1400970065620000625,20000625,2014-05-24 23:21:05,2014-05-25 00:07:20,46.3,1
1521745,1400971078620000190,20000190,2014-05-24 23:37:58,2014-05-25 00:51:28,73.5,1
1521487,1400971391620000020,20000020,2014-05-24 23:43:11,2014-05-25 00:00:11,17.0,1
1521586,1400971618620000565,20000565,2014-05-24 23:46:58,2014-05-25 00:01:13,14.3,1
1521490,1400971642620000610,20000610,2014-05-24 23:47:22,2014-05-25 00:01:22,14.0,1
1522169,1400971743620000120,20000120,2014-05-24 23:49:03,2014-05-25 00:11:03,22.0,1
1521709,1400971826620000006,20000006,2014-05-24 23:50:26,2014-05-25 00:01:11,10.8,1
1521537,1400971854620000698,20000698,2014-05-24 23:50:54,2014-05-25 00:10:09,19.3,1
1521763,1400971982620000612,20000612,2014-05-24 23:53:02,2014-05-25 00:02:47,9.8,1
1521503,1400971991620000576,20000576,2014-05-24 23:53:11,2014-05-25 00:08:26,15.3,1
1521605,1400972063620000618,20000618,2014-05-24 23:54:23,2014-05-25 00:04:23,10.0,1
1521670,1400972160620000042,20000042,2014-05-24 23:56:00,2014-05-25 00:08:45,12.8,1
1521530,1400972167620000364,20000364,2014-05-24 23:56:07,2014-05-25 00:08:07,12.0,1
1521526,1400972192620000671,20000671,2014-05-24 23:56:32,2014-05-25 00:06:47,10.3,1
1521620,1400972192620000337,20000337,2014-05-24 23:56:32,2014-05-25 00:05:47,9.3,1
1521508,1400972219620000589,20000589,2014-05-24 23:56:59,2014-05-25 00:03:29,6.5,1
1521660,1400972280620000114,20000114,2014-05-24 23:58:00,2014-05-25 00:07:45,9.8,1
1521713,1400972310620000067,20000067,2014-05-24 23:58:30,2014-05-25 00:10:45,12.3,1
1521483,1400972314620000482,20000482,2014-05-24 23:58:34,2014-05-25 00:02:19,3.8,1
1521862,1400972323620000142,20000142,2014-05-24 23:58:43,2014-05-25 00:05:28,6.8,1
1526864,1401057912620000476,20000476,2014-05-25 23:45:12,2014-05-26 00:20:57,35.8,1
1526119,1401058034620000403,20000403,2014-05-25 23:47:14,2014-05-26 00:03:59,16.8,1
1526087,1401058319620000483,20000483,2014-05-25 23:51:59,2014-05-26 00:00:44,8.8,1
1526397,1401058357620000254,20000254,2014-05-25 23:52:37,2014-05-26 00:08:22,15.8,1
1526741,1401058381620000325,20000325,2014-05-25 23:53:01,2014-05-26 00:28:46,35.8,1
1526136,1401058390620000529,20000529,2014-05-25 23:53:10,2014-05-26 00:07:25,14.3,1
1526131,1401058422620000621,20000621,2014-05-25 23:53:42,2014-05-26 00:00:42,7.0,1
1526137,1401058478620000451,20000451,2014-05-25 23:54:38,2014-05-26 00:02:08,7.5,1
1527421,1401058482620000611,20000611,2014-05-25 23:54:42,2014-05-26 00:05:27,10.8,1
1526177,1401058530620000525,20000525,2014-05-25 23:55:30,2014-05-26 00:01:15,5.8,1
1526088,1401058560620000171,20000171,2014-05-25 23:56:00,2014-05-26 00:01:30,5.5,1
1526126,1401058705620000610,20000610,2014-05-25 23:58:25,2014-05-26 00:11:40,13.3,1
1526234,1401058774620000503,20000503,2014-05-25 23:59:34,2014-05-26 00:11:19,11.8,1
1532073,1401142696620000594,20000594,2014-05-26 23:18:16,2014-05-27 00:19:01,60.8,1
1530686,1401143818620000665,20000665,2014-05-26 23:36:58,2014-05-27 00:13:28,36.5,1
1530668,1401143912620000285,20000285,2014-05-26 23:38:32,2014-05-27 00:03:47,25.3,1
1530739,1401144105620000288,20000288,2014-05-26 23:41:45,2014-05-27 00:00:00,18.3,1
1530725,1401144315620000154,20000154,2014-05-26 23:45:15,2014-05-27 00:15:00,29.8,1
1531430,1401144522620000387,20000387,2014-05-26 23:48:42,2014-05-27 00:17:12,28.5,1
1530835,1401144905620000450,20000450,2014-05-26 23:55:05,2014-05-27 00:07:20,12.3,1
1530727,1401144911620000670,20000670,2014-05-26 23:55:11,2014-05-27 00:02:56,7.8,1
1530743,1401144945620000297,20000297,2014-05-26 23:55:45,2014-05-27 00:03:00,7.3,1
1530738,1401144962620000624,20000624,2014-05-26 23:56:02,2014-05-27 00:05:02,9.0,1
1530883,1401144969620000002,20000002,2014-05-26 23:56:09,2014-05-27 00:07:24,11.3,1
1530651,1401144992620000359,20000359,2014-05-26 23:56:32,2014-05-27 00:06:47,10.3,1
1530828,1401145043620000617,20000617,2014-05-26 23:57:23,2014-05-27 00:10:23,13.0,1
1530663,1401145045620000351,20000351,2014-05-26 23:57:25,2014-05-27 00:04:10,6.8,1
1530658,1401145107620000254,20000254,2014-05-26 23:58:27,2014-05-27 00:07:27,9.0,1
1530695,1401145134620000224,20000224,2014-05-26 23:58:54,2014-05-27 00:11:54,13.0,1
1535729,1401226879620000013,20000013,2014-05-27 22:41:19,2014-05-28 00:02:19,81.0,1
1536007,1401229400620000074,20000074,2014-05-27 23:23:20,2014-05-28 00:04:50,41.5,1
1536129,1401230300620000901,20000901,2014-05-27 23:38:20,2014-05-28 00:02:05,23.8,1
1535620,1401230319620000598,20000598,2014-05-27 23:38:39,2014-05-28 00:08:09,29.5,1
1535701,1401230534620000595,20000595,2014-05-27 23:42:14,2014-05-28 00:00:59,18.8,1
1535626,1401231112620000446,20000446,2014-05-27 23:51:52,2014-05-28 00:02:22,10.5,1
1535795,1401231133620000263,20000263,2014-05-27 23:52:13,2014-05-28 00:08:28,16.3,1
1535867,1401231136620000611,20000611,2014-05-27 23:52:16,2014-05-28 00:06:31,14.3,1
1535605,1401231276620000525,20000525,2014-05-27 23:54:36,2014-05-28 00:05:51,11.3,1
1535593,1401231286620000325,20000325,2014-05-27 23:54:46,2014-05-28 00:08:31,13.8,1
1535599,1401231350620000042,20000042,2014-05-27 23:55:50,2014-05-28 00:02:35,6.8,1
1535839,1401231350620000167,20000167,2014-05-27 23:55:50,2014-05-28 00:00:20,4.5,1
1535771,1401231384620000269,20000269,2014-05-27 23:56:24,2014-05-28 00:01:09,4.8,1
1536400,1401231385620000346,20000346,2014-05-27 23:56:25,2014-05-28 00:26:25,30.0,1
1535678,1401231432620000688,20000688,2014-05-27 23:57:12,2014-05-28 00:07:12,10.0,1
1535672,1401231443620000008,20000008,2014-05-27 23:57:23,2014-05-28 00:06:23,9.0,1
1536181,1401231455620000215,20000215,2014-05-27 23:57:35,2014-05-28 00:09:35,12.0,1
1535601,1401231471620000672,20000672,2014-05-27 23:57:51,2014-05-28 00:07:51,10.0,1
1535663,1401231495620000009,20000009,2014-05-27 23:58:15,2014-05-28 00:16:45,18.5,1
1535604,1401231502620000249,20000249,2014-05-27 23:58:22,2014-05-28 00:08:52,10.5,1
1535629,1401231520620000473,20000473,2014-05-27 23:58:40,2014-05-28 00:03:25,4.8,1
1535705,1401231539620000571,20000571,2014-05-27 23:58:59,2014-05-28 00:16:29,17.5,1
1535689,1401231548620000304,20000304,2014-05-27 23:59:08,2014-05-28 00:08:38,9.5,1
1535614,1401231570620000192,20000192,2014-05-27 23:59:30,2014-05-28 00:07:15,7.8,1
1540360,1401315317620000665,20000665,2014-05-28 23:15:17,2014-05-29 00:02:32,47.3,1
1540720,1401315617620000574,20000574,2014-05-28 23:20:17,2014-05-29 00:25:47,65.5,1
1540820,1401316203620000239,20000239,2014-05-28 23:30:03,2014-05-29 00:01:03,31.0,1
1540231,1401316744620000303,20000303,2014-05-28 23:39:04,2014-05-29 00:18:34,39.5,1
1540245,1401317051620000372,20000372,2014-05-28 23:44:11,2014-05-29 00:10:11,26.0,1
1541266,1401317125620000120,20000120,2014-05-28 23:45:25,2014-05-29 00:11:40,26.3,1
1541285,1401317248620000118,20000118,2014-05-28 23:47:28,2014-05-29 00:03:43,16.3,1
1540215,1401317309620000430,20000430,2014-05-28 23:48:29,2014-05-29 00:01:44,13.3,1
1540175,1401317357620000670,20000670,2014-05-28 23:49:17,2014-05-29 00:02:02,12.8,1
1540211,1401317369620000129,20000129,2014-05-28 23:49:29,2014-05-29 00:01:44,12.3,1
1540156,1401317414620000499,20000499,2014-05-28 23:50:14,2014-05-29 00:03:59,13.8,1
1540489,1401317472620000577,20000577,2014-05-28 23:51:12,2014-05-29 00:04:42,13.5,1
1540450,1401317532620000625,20000625,2014-05-28 23:52:12,2014-05-29 00:00:27,8.3,1
1541119,1401317550620000327,20000327,2014-05-28 23:52:30,2014-05-29 00:07:00,14.5,1
1540392,1401317589620000395,20000395,2014-05-28 23:53:09,2014-05-29 00:54:54,61.8,1
1540195,1401317617620000465,20000465,2014-05-28 23:53:37,2014-05-29 00:00:22,6.8,1
1540247,1401317654620000671,20000671,2014-05-28 23:54:14,2014-05-29 00:03:59,9.8,1
1540312,1401317747620000616,20000616,2014-05-28 23:55:47,2014-05-29 00:01:02,5.3,1
1540325,1401317782620000015,20000015,2014-05-28 23:56:22,2014-05-29 00:04:52,8.5,1
1540268,1401317840620000687,20000687,2014-05-28 23:57:20,2014-05-29 00:09:35,12.3,1
1540327,1401317843620000320,20000320,2014-05-28 23:57:23,2014-05-29 00:07:08,9.8,1
1540183,1401317885620000038,20000038,2014-05-28 23:58:05,2014-05-29 00:00:50,2.8,1
1540279,1401317892620000595,20000595,2014-05-28 23:58:12,2014-05-29 00:07:27,9.3,1
1540300,1401317935620000601,20000601,2014-05-28 23:58:55,2014-05-29 00:06:25,7.5,1
1540169,1401317963620000337,20000337,2014-05-28 23:59:23,2014-05-29 00:08:23,9.0,1
1544942,1401317968620000624,20000624,2014-05-28 23:59:28,2014-05-29 00:07:43,8.3,1
1548724,1401400388620000190,20000190,2014-05-29 22:53:08,2014-05-30 00:57:08,124.0,1
1545403,1401402250620000307,20000307,2014-05-29 23:24:10,2014-05-30 00:05:10,41.0,1
1545500,1401403128620000005,20000005,2014-05-29 23:38:48,2014-05-30 00:03:03,24.3,1
1545466,1401403508620000398,20000398,2014-05-29 23:45:08,2014-05-30 00:05:08,20.0,1
1546405,1401403547620000311,20000311,2014-05-29 23:45:47,2014-05-30 00:05:17,19.5,1
1545373,1401403679620000297,20000297,2014-05-29 23:47:59,2014-05-30 00:00:29,12.5,1
1545462,1401403708620000548,20000548,2014-05-29 23:48:28,2014-05-30 00:19:58,31.5,1
1547510,1401403720620000456,20000456,2014-05-29 23:48:40,2014-05-30 00:04:55,16.3,1
1546106,1401403991620000616,20000616,2014-05-29 23:53:11,2014-05-30 00:03:26,10.3,1
1546894,1401404020620000570,20000570,2014-05-29 23:53:40,2014-05-30 00:01:25,7.8,1
1545617,1401404233620000395,20000395,2014-05-29 23:57:13,2014-05-30 00:16:58,19.8,1
1545446,1401404266620000196,20000196,2014-05-29 23:57:46,2014-05-30 00:02:01,4.3,1
1545438,1401404305620000057,20000057,2014-05-29 23:58:25,2014-05-30 00:33:10,34.8,1
1545508,1401404314620000472,20000472,2014-05-29 23:58:34,2014-05-30 00:06:19,7.8,1
1545661,1401404350620000446,20000446,2014-05-29 23:59:10,2014-05-30 01:13:10,74.0,1
1545478,1401404353620000263,20000263,2014-05-29 23:59:13,2014-05-30 00:10:28,11.3,1
1545405,1401404362620000483,20000483,2014-05-29 23:59:22,2014-05-30 00:11:52,12.5,1
1552665,1401486473620000419,20000419,2014-05-30 22:47:53,2014-05-31 00:51:38,123.8,1
1551097,1401489424620000381,20000381,2014-05-30 23:37:04,2014-05-31 00:15:49,38.8,1
1551366,1401489753620000403,20000403,2014-05-30 23:42:33,2014-05-31 00:47:03,64.5,1
1551146,1401489815620000548,20000548,2014-05-30 23:43:35,2014-05-31 00:02:20,18.8,1
1551653,1401489998620000216,20000216,2014-05-30 23:46:38,2014-05-31 00:16:23,29.8,1
1551280,1401490000620000311,20000311,2014-05-30 23:46:40,2014-05-31 00:18:55,32.3,1
1552138,1401490006620000668,20000668,2014-05-30 23:46:46,2014-05-31 00:03:16,16.5,1
1551203,1401490098620000307,20000307,2014-05-30 23:48:18,2014-05-31 00:31:03,42.8,1
1551045,1401490099620000085,20000085,2014-05-30 23:48:19,2014-05-31 00:06:19,18.0,1
1551210,1401490109620000431,20000431,2014-05-30 23:48:29,2014-05-31 00:11:14,22.8,1
1551251,1401490192620000456,20000456,2014-05-30 23:49:52,2014-05-31 00:00:52,11.0,1
1551211,1401490224620000455,20000455,2014-05-30 23:50:24,2014-05-31 00:04:54,14.5,1
1554282,1401490295620000541,20000541,2014-05-30 23:51:35,2014-05-31 00:08:20,16.8,1
1552185,1401490313620000692,20000692,2014-05-30 23:51:53,2014-05-31 00:02:08,10.3,1
1551098,1401490325620000199,20000199,2014-05-30 23:52:05,2014-05-31 00:00:05,8.0,1
1551322,1401490335620000173,20000173,2014-05-30 23:52:15,2014-05-31 00:05:30,13.3,1
1551164,1401490421620000239,20000239,2014-05-30 23:53:41,2014-05-31 00:04:26,10.8,1
1551300,1401490435620000263,20000263,2014-05-30 23:53:55,2014-05-31 00:08:25,14.5,1
1551198,1401490436620000338,20000338,2014-05-30 23:53:56,2014-05-31 00:04:56,11.0,1
1551103,1401490446620000472,20000472,2014-05-30 23:54:06,2014-05-31 00:05:51,11.8,1
1551131,1401490448620000188,20000188,2014-05-30 23:54:08,2014-05-31 00:01:23,7.3,1
1551091,1401490472620000252,20000252,2014-05-30 23:54:32,2014-05-31 00:03:17,8.8,1
1551231,1401490486620000561,20000561,2014-05-30 23:54:46,2014-05-31 00:04:16,9.5,1
1551162,1401490487620000196,20000196,2014-05-30 23:54:47,2014-05-31 00:03:02,8.3,1
1551268,1401490517620000273,20000273,2014-05-30 23:55:17,2014-05-31 00:06:47,11.5,1
1551114,1401490521620000600,20000600,2014-05-30 23:55:21,2014-05-31 00:01:36,6.3,1
1551446,1401490565620000612,20000612,2014-05-30 23:56:05,2014-05-31 00:12:05,16.0,1
1551135,1401490578620000503,20000503,2014-05-30 23:56:18,2014-05-31 00:04:18,8.0,1
1551360,1401490614620000687,20000687,2014-05-30 23:56:54,2014-05-31 00:06:24,9.5,1
1551033,1401490650620000364,20000364,2014-05-30 23:57:30,2014-05-31 00:07:15,9.8,1
1551080,1401490662620000038,20000038,2014-05-30 23:57:42,2014-05-31 00:07:57,10.3,1
1551072,1401490677620000178,20000178,2014-05-30 23:57:57,2014-05-31 00:02:12,4.3,1
1551158,1401490682620000450,20000450,2014-05-30 23:58:02,2014-05-31 00:07:02,9.0,1
1551422,1401490698620000333,20000333,2014-05-30 23:58:18,2014-05-31 00:13:33,15.3,1
1551319,1401490727620000698,20000698,2014-05-30 23:58:47,2014-05-31 00:24:32,25.8,1
1551156,1401490773620000395,20000395,2014-05-30 23:59:33,2014-05-31 00:25:03,25.5,1
1551252,1401490775620000406,20000406,2014-05-30 23:59:35,2014-05-31 00:12:50,13.3,1
1551150,1401490777620000010,20000010,2014-05-30 23:59:37,2014-05-31 00:14:22,14.8,1
1551746,1401490799620000179,20000179,2014-05-30 23:59:59,2014-05-31 00:02:29,2.5,1
1556904,1401569225620000009,20000009,2014-05-31 21:47:05,2014-06-01 00:15:20,148.3,1
1557334,1401575938620000406,20000406,2014-05-31 23:38:58,2014-06-01 00:02:28,23.5,1
1556797,1401576098620000285,20000285,2014-05-31 23:41:38,2014-06-01 00:03:53,22.3,1
1556828,1401576208620000119,20000119,2014-05-31 23:43:28,2014-06-01 00:00:43,17.3,1
1556863,1401576230620000129,20000129,2014-05-31 23:43:50,2014-06-01 00:08:20,24.5,1
1556743,1401576394620000541,20000541,2014-05-31 23:46:34,2014-06-01 00:01:19,14.8,1
1556756,1401576397620000611,20000611,2014-05-31 23:46:37,2014-06-01 00:05:22,18.8,1
1556829,1401576577620000271,20000271,2014-05-31 23:49:37,2014-06-01 00:04:07,14.5,1
1557181,1401576609620000430,20000430,2014-05-31 23:50:09,2014-06-01 00:04:54,14.8,1
1556759,1401576652620000601,20000601,2014-05-31 23:50:52,2014-06-01 00:00:37,9.8,1
1557007,1401576653620000398,20000398,2014-05-31 23:50:53,2014-06-01 00:00:38,9.8,1
1556794,1401576707620000509,20000509,2014-05-31 23:51:47,2014-06-01 00:00:02,8.3,1
1557124,1401576707620000388,20000388,2014-05-31 23:51:47,2014-06-01 00:06:47,15.0,1
1557105,1401576709620000041,20000041,2014-05-31 23:51:49,2014-06-01 00:01:19,9.5,1
1556873,1401576721620000076,20000076,2014-05-31 23:52:01,2014-06-01 00:02:16,10.3,1
1556892,1401576744620000625,20000625,2014-05-31 23:52:24,2014-06-01 00:10:39,18.3,1
1556810,1401576745620000570,20000570,2014-05-31 23:52:25,2014-06-01 00:06:25,14.0,1
1556871,1401576767620000136,20000136,2014-05-31 23:52:47,2014-06-01 00:05:17,12.5,1
1556899,1401576809620000403,20000403,2014-05-31 23:53:29,2014-06-01 00:15:29,22.0,1
1557016,1401576810620000548,20000548,2014-05-31 23:53:30,2014-06-01 00:10:15,16.8,1
1556855,1401576815620000288,20000288,2014-05-31 23:53:35,2014-06-01 00:04:50,11.3,1
1556915,1401576815620000361,20000361,2014-05-31 23:53:35,2014-06-01 00:02:50,9.3,1
1556874,1401576860620000343,20000343,2014-05-31 23:54:20,2014-06-01 00:07:05,12.8,1
1557299,1401576872620000540,20000540,2014-05-31 23:54:32,2014-06-01 00:07:32,13.0,1
1556913,1401576873620000565,20000565,2014-05-31 23:54:33,2014-06-01 00:27:03,32.5,1
1558412,1401576875620000595,20000595,2014-05-31 23:54:35,2014-06-01 00:10:50,16.3,1
1556870,1401576887620000658,20000658,2014-05-31 23:54:47,2014-06-01 00:04:47,10.0,1
1557019,1401576901620000687,20000687,2014-05-31 23:55:01,2014-06-01 00:00:46,5.8,1
1556966,1401576910620000451,20000451,2014-05-31 23:55:10,2014-06-01 00:13:10,18.0,1
1556848,1401576912620000351,20000351,2014-05-31 23:55:12,2014-06-01 00:06:57,11.8,1
1556761,1401576948620000337,20000337,2014-05-31 23:55:48,2014-06-01 00:02:33,6.8,1
1556826,1401576965620000503,20000503,2014-05-31 23:56:05,2014-06-01 00:15:35,19.5,1
1556898,1401576997620000561,20000561,2014-05-31 23:56:37,2014-06-01 00:05:07,8.5,1
1557076,1401577002620000008,20000008,2014-05-31 23:56:42,2014-06-01 00:16:12,19.5,1
1556832,1401577009620000678,20000678,2014-05-31 23:56:49,2014-06-01 00:12:04,15.3,1
1556964,1401577012620000188,20000188,2014-05-31 23:56:52,2014-06-01 00:10:52,14.0,1
1556785,1401577018620000347,20000347,2014-05-31 23:56:58,2014-06-01 00:13:13,16.3,1
1556767,1401577047620000179,20000179,2014-05-31 23:57:27,2014-06-01 00:06:27,9.0,1
1556792,1401577068620000252,20000252,2014-05-31 23:57:48,2014-06-01 00:11:18,13.5,1
1559343,1401577075620000364,20000364,2014-05-31 23:57:55,2014-06-01 00:01:55,4.0,1
1556980,1401577080620000303,20000303,2014-05-31 23:58:00,2014-06-01 00:05:45,7.8,1
1557008,1401577096620000239,20000239,2014-05-31 23:58:16,2014-06-01 00:08:01,9.8,1
1556975,1401577125620000675,20000675,2014-05-31 23:58:45,2014-06-01 00:13:45,15.0,1
1556836,1401577132620000688,20000688,2014-05-31 23:58:52,2014-06-01 00:13:37,14.8,1
1556816,1401577140620000045,20000045,2014-05-31 23:59:00,2014-06-01 00:08:45,9.8,1
1557002,1401577150620000105,20000105,2014-05-31 23:59:10,2014-06-01 00:15:40,16.5,1
1556802,1401577153620000003,20000003,2014-05-31 23:59:13,2014-06-01 00:04:28,5.3,1
1557071,1401577165620000015,20000015,2014-05-31 23:59:25,2014-06-01 00:04:55,5.5,1
1562930,1401654572620000502,20000502,2014-06-01 21:29:32,2014-06-02 01:58:32,269.0,1
1562742,1401654742620000009,20000009,2014-06-01 21:32:22,2014-06-02 01:01:37,209.3,1
1563765,1401662139620000381,20000381,2014-06-01 23:35:39,2014-06-02 00:11:24,35.8,1
1564655,1401662455620000508,20000508,2014-06-01 23:40:55,2014-06-02 00:03:25,22.5,1
1563433,1401663024620000611,20000611,2014-06-01 23:50:24,2014-06-02 00:05:54,15.5,1
1562536,1401663081620000105,20000105,2014-06-01 23:51:21,2014-06-02 00:02:21,11.0,1
1562452,1401663196620000360,20000360,2014-06-01 23:53:16,2014-06-02 00:04:01,10.8,1
1562516,1401663206620000686,20000686,2014-06-01 23:53:26,2014-06-02 00:10:56,17.5,1
1562394,1401663207620000406,20000406,2014-06-01 23:53:27,2014-06-02 00:07:57,14.5,1
1562501,1401663236620000140,20000140,2014-06-01 23:53:56,2014-06-02 00:00:41,6.8,1
1562399,1401663334620000372,20000372,2014-06-01 23:55:34,2014-06-02 00:02:34,7.0,1
1562430,1401663337620000003,20000003,2014-06-01 23:55:37,2014-06-02 00:01:52,6.3,1
1562767,1401663361620000254,20000254,2014-06-01 23:56:01,2014-06-02 00:13:46,17.8,1
1562576,1401663378620000473,20000473,2014-06-01 23:56:18,2014-06-02 00:00:18,4.0,1
1562412,1401663380620000167,20000167,2014-06-01 23:56:20,2014-06-02 00:04:20,8.0,1
1562402,1401663415620000624,20000624,2014-06-01 23:56:55,2014-06-02 00:00:40,3.8,1
1562495,1401663434620000269,20000269,2014-06-01 23:57:14,2014-06-02 00:03:14,6.0,1
1562682,1401663476620000250,20000250,2014-06-01 23:57:56,2014-06-02 01:21:26,83.5,1
1562443,1401663485620000012,20000012,2014-06-01 23:58:05,2014-06-02 00:08:35,10.5,1
1563545,1401663505620000601,20000601,2014-06-01 23:58:25,2014-06-02 00:06:10,7.8,1
1562509,1401663522620000387,20000387,2014-06-01 23:58:42,2014-06-02 00:17:42,19.0,1
1562479,1401663531620000190,20000190,2014-06-01 23:58:51,2014-06-02 00:04:51,6.0,1
1567184,1401743284620000472,20000472,2014-06-02 22:08:04,2014-06-03 00:02:34,114.5,1
1567339,1401745355620000009,20000009,2014-06-02 22:42:35,2014-06-03 00:53:20,130.8,1
1567335,1401747719620000902,20000902,2014-06-02 23:21:59,2014-06-03 00:13:44,51.8,1
1567176,1401749115620000395,20000395,2014-06-02 23:45:15,2014-06-03 00:09:00,23.8,1
1567703,1401749285620000653,20000653,2014-06-02 23:48:05,2014-06-03 00:27:35,39.5,1
1567188,1401749338620000387,20000387,2014-06-02 23:48:58,2014-06-03 00:04:58,16.0,1
1567229,1401749385620000473,20000473,2014-06-02 23:49:45,2014-06-03 00:08:30,18.8,1
1567153,1401749414620000285,20000285,2014-06-02 23:50:14,2014-06-03 00:02:44,12.5,1
1567247,1401749416620000598,20000598,2014-06-02 23:50:16,2014-06-03 00:00:46,10.5,1
1567157,1401749426620000337,20000337,2014-06-02 23:50:26,2014-06-03 00:12:26,22.0,1
1568306,1401749450620000632,20000632,2014-06-02 23:50:50,2014-06-03 00:02:50,12.0,1
1567129,1401749493620000307,20000307,2014-06-02 23:51:33,2014-06-03 00:01:48,10.3,1
1567213,1401749506620000565,20000565,2014-06-02 23:51:46,2014-06-03 00:01:46,10.0,1
1567244,1401749540620000600,20000600,2014-06-02 23:52:20,2014-06-03 00:13:05,20.8,1
1567223,1401749547620000311,20000311,2014-06-02 23:52:27,2014-06-03 00:03:12,10.8,1
1567149,1401749556620000548,20000548,2014-06-02 23:52:36,2014-06-03 00:15:21,22.8,1
1567216,1401749598620000626,20000626,2014-06-02 23:53:18,2014-06-03 00:04:33,11.3,1
1567710,1401749619620000007,20000007,2014-06-02 23:53:39,2014-06-03 00:00:39,7.0,1
1567545,1401749656620000577,20000577,2014-06-02 23:54:16,2014-06-03 00:06:01,11.8,1
1567896,1401749707620000254,20000254,2014-06-02 23:55:07,2014-06-03 00:09:22,14.3,1
1567628,1401749867620000030,20000030,2014-06-02 23:57:47,2014-06-03 00:08:47,11.0,1
1567867,1401749882620000252,20000252,2014-06-02 23:58:02,2014-06-03 00:13:47,15.8,1
1567470,1401749969620000488,20000488,2014-06-02 23:59:29,2014-06-03 00:13:59,14.5,1
1572066,1401830622620000009,20000009,2014-06-03 22:23:42,2014-06-04 00:31:27,127.8,1
1572242,1401833580620000540,20000540,2014-06-03 23:13:00,2014-06-04 02:43:15,210.3,1
1572058,1401835511620000195,20000195,2014-06-03 23:45:11,2014-06-04 00:01:11,16.0,1
1572479,1401835865620000030,20000030,2014-06-03 23:51:05,2014-06-04 00:04:20,13.3,1
1572064,1401835925620000423,20000423,2014-06-03 23:52:05,2014-06-04 00:00:05,8.0,1
1572253,1401835956620000167,20000167,2014-06-03 23:52:36,2014-06-04 00:11:21,18.8,1
1571938,1401835958620000263,20000263,2014-06-03 23:52:38,2014-06-04 00:06:23,13.8,1
1572235,1401836007620000020,20000020,2014-06-03 23:53:27,2014-06-04 00:00:27,7.0,1
1572016,1401836012620000031,20000031,2014-06-03 23:53:32,2014-06-04 00:01:32,8.0,1
1571969,1401836090620000453,20000453,2014-06-03 23:54:50,2014-06-04 00:12:50,18.0,1
1572345,1401836133620000007,20000007,2014-06-03 23:55:33,2014-06-04 00:05:33,10.0,1
1571990,1401836171620000617,20000617,2014-06-03 23:56:11,2014-06-04 00:18:56,22.8,1
1572641,1401836173620000254,20000254,2014-06-03 23:56:13,2014-06-04 00:05:13,9.0,1
1574055,1401836213620000603,20000603,2014-06-03 23:56:53,2014-06-04 00:06:53,10.0,1
1571984,1401836243620000529,20000529,2014-06-03 23:57:23,2014-06-04 00:02:53,5.5,1
1572074,1401836352620000403,20000403,2014-06-03 23:59:12,2014-06-04 00:07:12,8.0,1
1571978,1401836354620000424,20000424,2014-06-03 23:59:14,2014-06-04 00:07:14,8.0,1
1572092,1401836358620000686,20000686,2014-06-03 23:59:18,2014-06-04 00:08:48,9.5,1
1573427,1401836386620000508,20000508,2014-06-03 23:59:46,2014-06-04 00:16:16,16.5,1
1576644,1401915980620000009,20000009,2014-06-04 22:06:20,2014-06-05 00:41:20,155.0,1
1577238,1401918246620000263,20000263,2014-06-04 22:44:06,2014-06-05 00:15:06,91.0,1
1576955,1401921911620000436,20000436,2014-06-04 23:45:11,2014-06-05 00:36:56,51.8,1
1576941,1401921945620000482,20000482,2014-06-04 23:45:45,2014-06-05 00:05:45,20.0,1
1576656,1401922101620000114,20000114,2014-06-04 23:48:21,2014-06-05 00:04:51,16.5,1
1576994,1401922114620000276,20000276,2014-06-04 23:48:34,2014-06-05 00:05:49,17.3,1
1576592,1401922150620000356,20000356,2014-06-04 23:49:10,2014-06-05 00:01:25,12.3,1
1576786,1401922314620000171,20000171,2014-06-04 23:51:54,2014-06-05 00:22:24,30.5,1
1576544,1401922359620000337,20000337,2014-06-04 23:52:39,2014-06-05 00:02:39,10.0,1
1576646,1401922377620000455,20000455,2014-06-04 23:52:57,2014-06-05 00:11:57,19.0,1
1576601,1401922426620000252,20000252,2014-06-04 23:53:46,2014-06-05 00:00:16,6.5,1
1576632,1401922485620000671,20000671,2014-06-04 23:54:45,2014-06-05 00:07:45,13.0,1
1576568,1401922488620000307,20000307,2014-06-04 23:54:48,2014-06-05 00:04:48,10.0,1
1576622,1401922515620000591,20000591,2014-06-04 23:55:15,2014-06-05 00:06:30,11.3,1
1576730,1401922518620000020,20000020,2014-06-04 23:55:18,2014-06-05 00:05:18,10.0,1
1576559,1401922561620000361,20000361,2014-06-04 23:56:01,2014-06-05 00:09:01,13.0,1
1576587,1401922584620000120,20000120,2014-06-04 23:56:24,2014-06-05 00:06:24,10.0,1
1576535,1401922627620000195,20000195,2014-06-04 23:57:07,2014-06-05 00:04:52,7.8,1
1578483,1401922665620000508,20000508,2014-06-04 23:57:45,2014-06-05 00:26:00,28.3,1
1576749,1401922682620000325,20000325,2014-06-04 23:58:02,2014-06-05 00:13:32,15.5,1
1576547,1401922707620000497,20000497,2014-06-04 23:58:27,2014-06-05 00:04:27,6.0,1
1576609,1401922717620000359,20000359,2014-06-04 23:58:37,2014-06-05 00:04:52,6.3,1
1576718,1401922719620000621,20000621,2014-06-04 23:58:39,2014-06-05 00:16:09,17.5,1
1576542,1401922725620000514,20000514,2014-06-04 23:58:45,2014-06-05 00:04:30,5.8,1
1583761,1402007937620000430,20000430,2014-06-05 23:38:57,2014-06-06 00:06:27,27.5,1
1582380,1402008294620000367,20000367,2014-06-05 23:44:54,2014-06-06 00:00:09,15.3,1
1585192,1402008324620000448,20000448,2014-06-05 23:45:24,2014-06-06 00:04:54,19.5,1
1582465,1402008424620000496,20000496,2014-06-05 23:47:04,2014-06-06 00:00:19,13.3,1
1585443,1402008563620000508,20000508,2014-06-05 23:49:23,2014-06-06 00:06:53,17.5,1
1582457,1402008662620000395,20000395,2014-06-05 23:51:02,2014-06-06 00:08:17,17.3,1
1582420,1402008674620000337,20000337,2014-06-05 23:51:14,2014-06-06 00:00:29,9.3,1
1582703,1402008711620000304,20000304,2014-06-05 23:51:51,2014-06-06 00:22:21,30.5,1
1583647,1402008737620000904,20000904,2014-06-05 23:52:17,2014-06-06 00:07:02,14.8,1
1582492,1402008740620000129,20000129,2014-06-05 23:52:20,2014-06-06 00:02:20,10.0,1
1582404,1402008759620000598,20000598,2014-06-05 23:52:39,2014-06-06 00:09:54,17.3,1
1582386,1402008765620000297,20000297,2014-06-05 23:52:45,2014-06-06 00:02:45,10.0,1
1582417,1402008789620000463,20000463,2014-06-05 23:53:09,2014-06-06 00:12:39,19.5,1
1582867,1402008805620000612,20000612,2014-06-05 23:53:25,2014-06-06 00:09:10,15.8,1
1582437,1402008854620000473,20000473,2014-06-05 23:54:14,2014-06-06 00:07:59,13.8,1
1582450,1402008866620000688,20000688,2014-06-05 23:54:26,2014-06-06 00:11:41,17.3,1
1582408,1402008904620000456,20000456,2014-06-05 23:55:04,2014-06-06 00:06:49,11.8,1
1582618,1402008909620000372,20000372,2014-06-05 23:55:09,2014-06-06 00:04:54,9.8,1
1582463,1402008918620000588,20000588,2014-06-05 23:55:18,2014-06-06 00:06:48,11.5,1
1582389,1402008945620000436,20000436,2014-06-05 23:55:45,2014-06-06 00:03:00,7.3,1
1582425,1402009023620000450,20000450,2014-06-05 23:57:03,2014-06-06 00:07:03,10.0,1
1582614,1402009028620000010,20000010,2014-06-05 23:57:08,2014-06-06 00:08:38,11.5,1
1582407,1402009040620000053,20000053,2014-06-05 23:57:20,2014-06-06 00:04:05,6.8,1
1582448,1402009050620000488,20000488,2014-06-05 23:57:30,2014-06-06 00:01:45,4.3,1
1582414,1402009054620000108,20000108,2014-06-05 23:57:34,2014-06-06 00:04:34,7.0,1
1582664,1402009054620000015,20000015,2014-06-05 23:57:34,2014-06-06 00:17:34,20.0,1
1582747,1402009066620000364,20000364,2014-06-05 23:57:46,2014-06-06 00:12:46,15.0,1
1582586,1402009110620000632,20000632,2014-06-05 23:58:30,2014-06-06 00:02:15,3.8,1
1582384,1402009131620000616,20000616,2014-06-05 23:58:51,2014-06-06 00:00:06,1.3,1
1582857,1402009138620000190,20000190,2014-06-05 23:58:58,2014-06-06 00:11:28,12.5,1
1582466,1402009159620000617,20000617,2014-06-05 23:59:19,2014-06-06 00:05:04,5.8,1
1582509,1402009161620000540,20000540,2014-06-05 23:59:21,2014-06-06 00:10:51,11.5,1
1584105,1402009164620000311,20000311,2014-06-05 23:59:24,2014-06-06 00:19:24,20.0,1
1589725,1402091022620000009,20000009,2014-06-06 22:43:42,2014-06-07 00:23:42,100.0,1
1592351,1402093695620000502,20000502,2014-06-06 23:28:15,2014-06-07 00:05:15,37.0,1
1592507,1402094372620000121,20000121,2014-06-06 23:39:32,2014-06-07 00:17:47,38.3,1
1589648,1402094591620000310,20000310,2014-06-06 23:43:11,2014-06-07 00:15:26,32.3,1
1590030,1402094645620000321,20000321,2014-06-06 23:44:05,2014-06-07 00:08:20,24.3,1
1589524,1402094731620000424,20000424,2014-06-06 23:45:31,2014-06-07 00:00:31,15.0,1
1589753,1402094795620000020,20000020,2014-06-06 23:46:35,2014-06-07 00:03:05,16.5,1
1589770,1402094828620000307,20000307,2014-06-06 23:47:08,2014-06-07 00:09:38,22.5,1
1589630,1402094837620000499,20000499,2014-06-06 23:47:17,2014-06-07 00:02:47,15.5,1
1590056,1402094874620000450,20000450,2014-06-06 23:47:54,2014-06-07 00:14:39,26.8,1
1589882,1402094882620000698,20000698,2014-06-06 23:48:02,2014-06-07 00:08:47,20.8,1
1589622,1402094887620000483,20000483,2014-06-06 23:48:07,2014-06-07 00:00:37,12.5,1
1589840,1402094935620000576,20000576,2014-06-06 23:48:55,2014-06-07 00:02:25,13.5,1
1589488,1402094957620000140,20000140,2014-06-06 23:49:17,2014-06-07 00:03:47,14.5,1
1589709,1402094988620000188,20000188,2014-06-06 23:49:48,2014-06-07 00:00:03,10.3,1
1589553,1402094997620000453,20000453,2014-06-06 23:49:57,2014-06-07 00:03:12,13.3,1
1593562,1402095012620000347,20000347,2014-06-06 23:50:12,2014-06-07 00:03:12,13.0,1
1589805,1402095068620000451,20000451,2014-06-06 23:51:08,2014-06-07 00:05:53,14.8,1
1590310,1402095075620000108,20000108,2014-06-06 23:51:15,2014-06-07 00:16:30,25.3,1
1589643,1402095108620000684,20000684,2014-06-06 23:51:48,2014-06-07 00:04:18,12.5,1
1589492,1402095145620000031,20000031,2014-06-06 23:52:25,2014-06-07 00:00:40,8.3,1
1589624,1402095173620000440,20000440,2014-06-06 23:52:53,2014-06-07 00:09:08,16.3,1
1589653,1402095190620000263,20000263,2014-06-06 23:53:10,2014-06-07 00:08:10,15.0,1
1589507,1402095208620000548,20000548,2014-06-06 23:53:28,2014-06-07 00:04:43,11.3,1
1589658,1402095261620000685,20000685,2014-06-06 23:54:21,2014-06-07 00:14:06,19.8,1
1589579,1402095262620000610,20000610,2014-06-06 23:54:22,2014-06-07 00:13:22,19.0,1
1589527,1402095294620000473,20000473,2014-06-06 23:54:54,2014-06-07 00:00:24,5.5,1
1589575,1402095338620000625,20000625,2014-06-06 23:55:38,2014-06-07 00:02:08,6.5,1
1591390,1402095351620000598,20000598,2014-06-06 23:55:51,2014-06-07 00:07:21,11.5,1
1589532,1402095360620000252,20000252,2014-06-06 23:56:00,2014-06-07 00:06:00,10.0,1
1593736,1402095363620000410,20000410,2014-06-06 23:56:03,2014-06-07 00:21:18,25.3,1
1589519,1402095368620000166,20000166,2014-06-06 23:56:08,2014-06-07 00:06:53,10.8,1
1589589,1402095406620000012,20000012,2014-06-06 23:56:46,2014-06-07 00:17:16,20.5,1
1589660,1402095423620000173,20000173,2014-06-06 23:57:03,2014-06-07 00:18:03,21.0,1
1589847,1402095435620000372,20000372,2014-06-06 23:57:15,2014-06-07 00:08:00,10.8,1
1589673,1402095456620000010,20000010,2014-06-06 23:57:36,2014-06-07 00:12:51,15.3,1
1589831,1402095471620000518,20000518,2014-06-06 23:57:51,2014-06-07 00:01:21,3.5,1
1589766,1402095479620000114,20000114,2014-06-06 23:57:59,2014-06-07 00:17:14,19.3,1
1589737,1402095492620000333,20000333,2014-06-06 23:58:12,2014-06-07 00:22:27,24.3,1
1589652,1402095534620000239,20000239,2014-06-06 23:58:54,2014-06-07 00:15:54,17.0,1
1589520,1402095587620000367,20000367,2014-06-06 23:59:47,2014-06-07 00:05:32,5.8,1
1593004,1402095595620000362,20000362,2014-06-06 23:59:55,2014-06-07 00:07:25,7.5,1
1596192,1402179311620000042,20000042,2014-06-07 23:15:11,2014-06-08 00:04:11,49.0,1
1597240,1402180759620000598,20000598,2014-06-07 23:39:19,2014-06-08 00:04:19,25.0,1
1596124,1402180782620000395,20000395,2014-06-07 23:39:42,2014-06-08 00:01:57,22.3,1
1596158,1402181023620000260,20000260,2014-06-07 23:43:43,2014-06-08 00:01:43,18.0,1
1598406,1402181095620000662,20000662,2014-06-07 23:44:55,2014-06-08 02:11:10,146.3,1
1596404,1402181265620000268,20000268,2014-06-07 23:47:45,2014-06-08 00:00:00,12.3,1
1596238,1402181313620000075,20000075,2014-06-07 23:48:33,2014-06-08 00:01:03,12.5,1
1596162,1402181324620000252,20000252,2014-06-07 23:48:44,2014-06-08 00:00:14,11.5,1
1596381,1402181396620000423,20000423,2014-06-07 23:49:56,2014-06-08 00:00:41,10.8,1
1596264,1402181405620000003,20000003,2014-06-07 23:50:05,2014-06-08 00:04:05,14.0,1
1603458,1402181409620000594,20000594,2014-06-07 23:50:09,2014-06-08 00:03:09,13.0,1
1596452,1402181419620000216,20000216,2014-06-07 23:50:19,2014-06-08 00:04:34,14.3,1
1596546,1402181422620000154,20000154,2014-06-07 23:50:22,2014-06-08 00:15:07,24.8,1
1596503,1402181460620000409,20000409,2014-06-07 23:51:00,2014-06-08 00:05:45,14.8,1
1596297,1402181472620000698,20000698,2014-06-07 23:51:12,2014-06-08 00:00:12,9.0,1
1596268,1402181545620000101,20000101,2014-06-07 23:52:25,2014-06-08 00:00:55,8.5,1
1596140,1402181593620000632,20000632,2014-06-07 23:53:13,2014-06-08 00:02:43,9.5,1
1596492,1402181595620000467,20000467,2014-06-07 23:53:15,2014-06-08 00:03:45,10.5,1
1596267,1402181612620000004,20000004,2014-06-07 23:53:32,2014-06-08 00:06:47,13.3,1
1596151,1402181634620000588,20000588,2014-06-07 23:53:54,2014-06-08 00:07:24,13.5,1
1600171,1402181638620000295,20000295,2014-06-07 23:53:58,2014-06-08 00:08:28,14.5,1
1596478,1402181650620000509,20000509,2014-06-07 23:54:10,2014-06-08 00:03:55,9.8,1
1596198,1402181683620000424,20000424,2014-06-07 23:54:43,2014-06-08 00:03:28,8.8,1
1596392,1402181701620000520,20000520,2014-06-07 23:55:01,2014-06-08 00:06:46,11.8,1
1596306,1402181715620000224,20000224,2014-06-07 23:55:15,2014-06-08 00:16:30,21.3,1
1596190,1402181727620000239,20000239,2014-06-07 23:55:27,2014-06-08 00:05:27,10.0,1
1596282,1402181751620000600,20000600,2014-06-07 23:55:51,2014-06-08 00:04:21,8.5,1
1596317,1402181758620000171,20000171,2014-06-07 23:55:58,2014-06-08 00:02:13,6.3,1
1596644,1402181776620000670,20000670,2014-06-07 23:56:16,2014-06-08 00:05:01,8.8,1
1596157,1402181789620000589,20000589,2014-06-07 23:56:29,2014-06-08 00:01:44,5.3,1
1596457,1402181790620000565,20000565,2014-06-07 23:56:30,2014-06-08 00:01:15,4.8,1
1596760,1402181796620000456,20000456,2014-06-07 23:56:36,2014-06-08 00:14:06,17.5,1
1596181,1402181805620000410,20000410,2014-06-07 23:56:45,2014-06-08 00:13:00,16.3,1
1596242,1402181808620000488,20000488,2014-06-07 23:56:48,2014-06-08 00:03:03,6.3,1
1596201,1402181823620000483,20000483,2014-06-07 23:57:03,2014-06-08 00:14:18,17.3,1
1596148,1402181835620000540,20000540,2014-06-07 23:57:15,2014-06-08 00:08:45,11.5,1
1596185,1402181835620000081,20000081,2014-06-07 23:57:15,2014-06-08 00:13:30,16.3,1
1596568,1402181867620000473,20000473,2014-06-07 23:57:47,2014-06-08 00:05:47,8.0,1
1596412,1402181884620000233,20000233,2014-06-07 23:58:04,2014-06-08 00:09:19,11.3,1
1596194,1402181885620000472,20000472,2014-06-07 23:58:05,2014-06-08 00:18:05,20.0,1
1596248,1402181901620000902,20000902,2014-06-07 23:58:21,2014-06-08 00:14:21,16.0,1
1596375,1402181934620000005,20000005,2014-06-07 23:58:54,2014-06-08 00:11:39,12.8,1
1596229,1402181950620000671,20000671,2014-06-07 23:59:10,2014-06-08 00:06:10,7.0,1
1596391,1402181954620000665,20000665,2014-06-07 23:59:14,2014-06-08 00:07:29,8.3,1
1596227,1402181955620000325,20000325,2014-06-07 23:59:15,2014-06-08 00:08:15,9.0,1
1596232,1402181955620000406,20000406,2014-06-07 23:59:15,2014-06-08 00:07:15,8.0,1
1596308,1402181963620000305,20000305,2014-06-07 23:59:23,2014-06-08 00:05:23,6.0,1
1596584,1402181963620000450,20000450,2014-06-07 23:59:23,2014-06-08 00:09:08,9.8,1
1596419,1402181965620000361,20000361,2014-06-07 23:59:25,2014-06-08 00:08:55,9.5,1
1601905,1402263659620000009,20000009,2014-06-08 22:40:59,2014-06-09 00:14:59,94.0,1
1602020,1402267011620000276,20000276,2014-06-08 23:36:51,2014-06-09 00:15:21,38.5,1
1609768,1402267011620000192,20000192,2014-06-08 23:36:51,2014-06-09 00:08:21,31.5,1
1601977,1402267014620000285,20000285,2014-06-08 23:36:54,2014-06-09 00:04:24,27.5,1
1601955,1402267015620000007,20000007,2014-06-08 23:36:55,2014-06-09 00:05:10,28.3,1
1601961,1402267015620000662,20000662,2014-06-08 23:36:55,2014-06-09 00:04:25,27.5,1
1602533,1402267017620000625,20000625,2014-06-08 23:36:57,2014-06-09 00:04:57,28.0,1
1601850,1402267064620000288,20000288,2014-06-08 23:37:44,2014-06-09 00:05:59,28.3,1
1601818,1402267109620000610,20000610,2014-06-08 23:38:29,2014-06-09 00:05:44,27.3,1
1606068,1402267281620000456,20000456,2014-06-08 23:41:21,2014-06-09 00:12:21,31.0,1
1601874,1402267384620000520,20000520,2014-06-08 23:43:04,2014-06-09 00:36:49,53.8,1
1603592,1402267464620000508,20000508,2014-06-08 23:44:24,2014-06-09 00:04:09,19.8,1
1602234,1402267607620000497,20000497,2014-06-08 23:46:47,2014-06-09 00:10:02,23.3,1
1602004,1402267625620000648,20000648,2014-06-08 23:47:05,2014-06-09 00:03:35,16.5,1
1601826,1402267657620000387,20000387,2014-06-08 23:47:37,2014-06-09 00:05:37,18.0,1
1601869,1402267770620000670,20000670,2014-06-08 23:49:30,2014-06-09 00:05:00,15.5,1
1602019,1402267776620000003,20000003,2014-06-08 23:49:36,2014-06-09 00:17:21,27.8,1
1601959,1402267902620000089,20000089,2014-06-08 23:51:42,2014-06-09 00:07:57,16.3,1
1601974,1402267986620000499,20000499,2014-06-08 23:53:06,2014-06-09 00:03:06,10.0,1
1601823,1402267987620000667,20000667,2014-06-08 23:53:07,2014-06-09 00:04:07,11.0,1
1601849,1402268203620000012,20000012,2014-06-08 23:56:43,2014-06-09 00:08:13,11.5,1
1601819,1402268218620000254,20000254,2014-06-08 23:56:58,2014-06-09 00:02:43,5.8,1
1602291,1402268294620000334,20000334,2014-06-08 23:58:14,2014-06-09 00:07:44,9.5,1
1601867,1402268301620000129,20000129,2014-06-08 23:58:21,2014-06-09 00:07:51,9.5,1
1601924,1402268316620000455,20000455,2014-06-08 23:58:36,2014-06-09 00:21:06,22.5,1
1601863,1402268346620000529,20000529,2014-06-08 23:59:06,2014-06-09 00:06:21,7.3,1
1601862,1402268361620000398,20000398,2014-06-08 23:59:21,2014-06-09 00:06:21,7.0,1
1602330,1402268368620000136,20000136,2014-06-08 23:59:28,2014-06-09 00:07:28,8.0,1
1606476,1402352618620000435,20000435,2014-06-09 23:23:38,2014-06-10 00:05:38,42.0,1
1606564,1402352971620000456,20000456,2014-06-09 23:29:31,2014-06-10 00:05:16,35.8,1
1606650,1402353037620000662,20000662,2014-06-09 23:30:37,2014-06-10 00:03:22,32.8,1
1606436,1402353692620000395,20000395,2014-06-09 23:41:32,2014-06-10 00:03:17,21.8,1
1607009,1402353826620000178,20000178,2014-06-09 23:43:46,2014-06-10 00:03:01,19.3,1
1606575,1402354088620000224,20000224,2014-06-09 23:48:08,2014-06-10 00:06:53,18.8,1
1606637,1402354144620000455,20000455,2014-06-09 23:49:04,2014-06-10 00:04:34,15.5,1
1606458,1402354326620000337,20000337,2014-06-09 23:52:06,2014-06-10 00:32:06,40.0,1
1606690,1402354436620000595,20000595,2014-06-09 23:53:56,2014-06-10 00:04:56,11.0,1
1606569,1402354444620000506,20000506,2014-06-09 23:54:04,2014-06-10 00:00:04,6.0,1
1606407,1402354445620000554,20000554,2014-06-09 23:54:05,2014-06-10 00:01:05,7.0,1
1606488,1402354461620000529,20000529,2014-06-09 23:54:21,2014-06-10 00:14:36,20.3,1
1606441,1402354579620000359,20000359,2014-06-09 23:56:19,2014-06-10 00:00:34,4.3,1
1606611,1402354627620000114,20000114,2014-06-09 23:57:07,2014-06-10 00:04:22,7.3,1
1606526,1402354673620000285,20000285,2014-06-09 23:57:53,2014-06-10 00:01:53,4.0,1
1606853,1402354675620000665,20000665,2014-06-09 23:57:55,2014-06-10 00:09:25,11.5,1
1606613,1402354717620000497,20000497,2014-06-09 23:58:37,2014-06-10 00:08:07,9.5,1
1606630,1402354722620000610,20000610,2014-06-09 23:58:42,2014-06-10 00:17:42,19.0,1
1606524,1402354727620000626,20000626,2014-06-09 23:58:47,2014-06-10 00:23:02,24.3,1
1606430,1402354733620000483,20000483,2014-06-09 23:58:53,2014-06-10 00:08:53,10.0,1
1606560,1402354736620000517,20000517,2014-06-09 23:58:56,2014-06-10 00:11:11,12.3,1
1606415,1402354746620000362,20000362,2014-06-09 23:59:06,2014-06-10 00:03:06,4.0,1
1606780,1402354750620000653,20000653,2014-06-09 23:59:10,2014-06-10 00:06:25,7.3,1
1610381,1402435603620000009,20000009,2014-06-10 22:26:43,2014-06-11 00:53:13,146.5,1
1610340,1402437595620000285,20000285,2014-06-10 22:59:55,2014-06-11 00:17:55,78.0,1
1610738,1402439121620000042,20000042,2014-06-10 23:25:21,2014-06-11 00:03:21,38.0,1
1610398,1402440006620000446,20000446,2014-06-10 23:40:06,2014-06-11 00:04:51,24.8,1
1610396,1402440389620000154,20000154,2014-06-10 23:46:29,2014-06-11 00:03:29,17.0,1
1610633,1402440397620000140,20000140,2014-06-10 23:46:37,2014-06-11 00:01:07,14.5,1
1610282,1402440506620000309,20000309,2014-06-10 23:48:26,2014-06-11 00:01:26,13.0,1
1610385,1402440607620000395,20000395,2014-06-10 23:50:07,2014-06-11 00:40:52,50.8,1
1610303,1402440689620000114,20000114,2014-06-10 23:51:29,2014-06-11 00:11:29,20.0,1
1610294,1402440759620000456,20000456,2014-06-10 23:52:39,2014-06-11 00:02:09,9.5,1
1610491,1402440779620000014,20000014,2014-06-10 23:52:59,2014-06-11 00:01:14,8.3,1
1611108,1402440838620000472,20000472,2014-06-10 23:53:58,2014-06-11 00:01:58,8.0,1
1610967,1402440867620000473,20000473,2014-06-10 23:54:27,2014-06-11 00:02:12,7.8,1
1610355,1402440874620000004,20000004,2014-06-10 23:54:34,2014-06-11 00:00:49,6.3,1
1610262,1402440918620000688,20000688,2014-06-10 23:55:18,2014-06-11 00:07:48,12.5,1
1610329,1402440946620000192,20000192,2014-06-10 23:55:46,2014-06-11 00:00:16,4.5,1
1610454,1402440979620000595,20000595,2014-06-10 23:56:19,2014-06-11 00:04:34,8.3,1
1610390,1402441074620000431,20000431,2014-06-10 23:57:54,2014-06-11 00:04:24,6.5,1
1610274,1402441105620000548,20000548,2014-06-10 23:58:25,2014-06-11 00:27:25,29.0,1
1615044,1402522632620000009,20000009,2014-06-11 22:37:12,2014-06-12 00:04:42,87.5,1
1615296,1402526695620000904,20000904,2014-06-11 23:44:55,2014-06-12 00:02:55,18.0,1
1615640,1402526754620000012,20000012,2014-06-11 23:45:54,2014-06-12 00:02:09,16.3,1
1614840,1402526829620000520,20000520,2014-06-11 23:47:09,2014-06-12 00:06:24,19.3,1
1614896,1402527015620000171,20000171,2014-06-11 23:50:15,2014-06-12 00:03:00,12.8,1
1615535,1402527160620000481,20000481,2014-06-11 23:52:40,2014-06-12 00:00:10,7.5,1
1614892,1402527192620000129,20000129,2014-06-11 23:53:12,2014-06-12 00:01:27,8.3,1
1614995,1402527206620000020,20000020,2014-06-11 23:53:26,2014-06-12 00:04:26,11.0,1
1614909,1402527207620000576,20000576,2014-06-11 23:53:27,2014-06-12 00:01:27,8.0,1
1614979,1402527240620000304,20000304,2014-06-11 23:54:00,2014-06-12 00:01:00,7.0,1
1614963,1402527245620000006,20000006,2014-06-11 23:54:05,2014-06-12 00:08:50,14.8,1
1615076,1402527284620000015,20000015,2014-06-11 23:54:44,2014-06-12 00:00:44,6.0,1
1614966,1402527293620000231,20000231,2014-06-11 23:54:53,2014-06-12 00:01:08,6.3,1
1615014,1402527354620000902,20000902,2014-06-11 23:55:54,2014-06-12 00:05:54,10.0,1
1614931,1402527358620000076,20000076,2014-06-11 23:55:58,2014-06-12 00:11:13,15.3,1
1614924,1402527375620000011,20000011,2014-06-11 23:56:15,2014-06-12 00:04:00,7.8,1
1615061,1402527380620000105,20000105,2014-06-11 23:56:20,2014-06-12 00:04:20,8.0,1
1614939,1402527388620000263,20000263,2014-06-11 23:56:28,2014-06-12 00:06:43,10.3,1
1615682,1402527409620000356,20000356,2014-06-11 23:56:49,2014-06-12 00:09:04,12.3,1
1614952,1402527421620000430,20000430,2014-06-11 23:57:01,2014-06-12 00:05:31,8.5,1
1614852,1402527432620000376,20000376,2014-06-11 23:57:12,2014-06-12 00:11:27,14.3,1
1614853,1402527478620000269,20000269,2014-06-11 23:57:58,2014-06-12 00:04:28,6.5,1
1614936,1402527594620000004,20000004,2014-06-11 23:59:54,2014-06-12 00:07:54,8.0,1
1620039,1402609249620000009,20000009,2014-06-12 22:40:49,2014-06-13 00:06:34,85.8,1
1619675,1402611640620000359,20000359,2014-06-12 23:20:40,2014-06-13 00:00:10,39.5,1
1619702,1402612786620000495,20000495,2014-06-12 23:39:46,2014-06-13 00:00:46,21.0,1
1619701,1402613284620000356,20000356,2014-06-12 23:48:04,2014-06-13 00:02:19,14.3,1
1619940,1402613487620000542,20000542,2014-06-12 23:51:27,2014-06-13 00:01:42,10.3,1
1619988,1402613504620000600,20000600,2014-06-12 23:51:44,2014-06-13 00:00:44,9.0,1
1621054,1402613506620000216,20000216,2014-06-12 23:51:46,2014-06-13 00:19:01,27.3,1
1619861,1402613542620000514,20000514,2014-06-12 23:52:22,2014-06-13 00:06:37,14.3,1
1619875,1402613713620000263,20000263,2014-06-12 23:55:13,2014-06-13 00:11:58,16.8,1
1619891,1402613792620000304,20000304,2014-06-12 23:56:32,2014-06-13 00:28:17,31.8,1
1620980,1402613804620000903,20000903,2014-06-12 23:56:44,2014-06-13 00:06:14,9.5,1
1619942,1402613825620000651,20000651,2014-06-12 23:57:05,2014-06-13 00:02:05,5.0,1
1619818,1402613828620000328,20000328,2014-06-12 23:57:08,2014-06-13 00:07:38,10.5,1
1619703,1402613879620000529,20000529,2014-06-12 23:57:59,2014-06-13 00:10:29,12.5,1
1619881,1402613885620000076,20000076,2014-06-12 23:58:05,2014-06-13 00:05:35,7.5,1
1619841,1402613919620000092,20000092,2014-06-12 23:58:39,2014-06-13 00:01:24,2.8,1
1619720,1402613984620000038,20000038,2014-06-12 23:59:44,2014-06-13 00:14:14,14.5,1
1625261,1402695071620000009,20000009,2014-06-13 22:31:11,2014-06-14 00:17:56,106.8,1
1625096,1402698959620000249,20000249,2014-06-13 23:35:59,2014-06-14 00:00:59,25.0,1
1625005,1402699183620000060,20000060,2014-06-13 23:39:43,2014-06-14 00:03:58,24.3,1
1625234,1402699448620000395,20000395,2014-06-13 23:44:08,2014-06-14 00:24:53,40.8,1
1625091,1402699710620000076,20000076,2014-06-13 23:48:30,2014-06-14 00:12:15,23.8,1
1625081,1402699753620000525,20000525,2014-06-13 23:49:13,2014-06-14 00:01:43,12.5,1
1624972,1402699761620000542,20000542,2014-06-13 23:49:21,2014-06-14 00:02:21,13.0,1
1625237,1402699850620000387,20000387,2014-06-13 23:50:50,2014-06-14 00:04:20,13.5,1
1627644,1402699862620000508,20000508,2014-06-13 23:51:02,2014-06-14 00:01:02,10.0,1
1625159,1402699885620000167,20000167,2014-06-13 23:51:25,2014-06-14 00:02:10,10.8,1
1625036,1402699914620000020,20000020,2014-06-13 23:51:54,2014-06-14 00:02:39,10.8,1
1625286,1402699931620000105,20000105,2014-06-13 23:52:11,2014-06-14 00:08:26,16.3,1
1625205,1402699978620000321,20000321,2014-06-13 23:52:58,2014-06-14 00:00:28,7.5,1
1625067,1402700040620000688,20000688,2014-06-13 23:54:00,2014-06-14 00:01:15,7.3,1
1625179,1402700069620000311,20000311,2014-06-13 23:54:29,2014-06-14 00:15:59,21.5,1
1624966,1402700071620000031,20000031,2014-06-13 23:54:31,2014-06-14 00:05:01,10.5,1
1625288,1402700086620000142,20000142,2014-06-13 23:54:46,2014-06-14 00:06:16,11.5,1
1625047,1402700137620000114,20000114,2014-06-13 23:55:37,2014-06-14 00:05:22,9.8,1
1624952,1402700138620000670,20000670,2014-06-13 23:55:38,2014-06-14 00:04:08,8.5,1
1624968,1402700139620000488,20000488,2014-06-13 23:55:39,2014-06-14 00:01:54,6.3,1
1625010,1402700143620000430,20000430,2014-06-13 23:55:43,2014-06-14 00:06:43,11.0,1
1625093,1402700161620000075,20000075,2014-06-13 23:56:01,2014-06-14 00:08:46,12.8,1
1624978,1402700199620000520,20000520,2014-06-13 23:56:39,2014-06-14 00:06:39,10.0,1
1625046,1402700208620000424,20000424,2014-06-13 23:56:48,2014-06-14 00:10:33,13.8,1
1625111,1402700210620000372,20000372,2014-06-13 23:56:50,2014-06-14 00:02:20,5.5,1
1625137,1402700263620000546,20000546,2014-06-13 23:57:43,2014-06-14 00:08:13,10.5,1
1625051,1402700279620000002,20000002,2014-06-13 23:57:59,2014-06-14 00:05:59,8.0,1
1625168,1402700281620000051,20000051,2014-06-13 23:58:01,2014-06-14 00:03:01,5.0,1
1625079,1402700289620000376,20000376,2014-06-13 23:58:09,2014-06-14 00:26:39,28.5,1
1625558,1402700303620000192,20000192,2014-06-13 23:58:23,2014-06-14 00:17:08,18.8,1
1624984,1402700345620000173,20000173,2014-06-13 23:59:05,2014-06-14 00:07:20,8.3,1
1625062,1402700375620000561,20000561,2014-06-13 23:59:35,2014-06-14 00:07:35,8.0,1
1625120,1402700393620000157,20000157,2014-06-13 23:59:53,2014-06-14 00:12:53,13.0,1
1630368,1402781442620000009,20000009,2014-06-14 22:30:42,2014-06-15 00:49:57,139.3,1
1636571,1402785789620000448,20000448,2014-06-14 23:43:09,2014-06-15 00:07:09,24.0,1
1630834,1402785962620000136,20000136,2014-06-14 23:46:02,2014-06-15 00:03:17,17.3,1
1630352,1402786002620000423,20000423,2014-06-14 23:46:42,2014-06-15 00:09:57,23.3,1
1630390,1402786155620000488,20000488,2014-06-14 23:49:15,2014-06-15 00:06:45,17.5,1
1630353,1402786185620000007,20000007,2014-06-14 23:49:45,2014-06-15 00:00:15,10.5,1
1630339,1402786259620000381,20000381,2014-06-14 23:50:59,2014-06-15 00:04:14,13.3,1
1630289,1402786260620000325,20000325,2014-06-14 23:51:00,2014-06-15 00:01:45,10.8,1
1630473,1402786268620000190,20000190,2014-06-14 23:51:08,2014-06-15 00:56:38,65.5,1
1630357,1402786281620000456,20000456,2014-06-14 23:51:21,2014-06-15 00:02:51,11.5,1
1630206,1402786322620000499,20000499,2014-06-14 23:52:02,2014-06-15 00:02:32,10.5,1
1630421,1402786341620000598,20000598,2014-06-14 23:52:21,2014-06-15 00:15:51,23.5,1
1630255,1402786343620000022,20000022,2014-06-14 23:52:23,2014-06-15 00:01:53,9.5,1
1630372,1402786356620000376,20000376,2014-06-14 23:52:36,2014-06-15 00:10:36,18.0,1
1630501,1402786362620000263,20000263,2014-06-14 23:52:42,2014-06-15 00:12:12,19.5,1
1630730,1402786366620000446,20000446,2014-06-14 23:52:46,2014-06-15 00:02:16,9.5,1
1630524,1402786367620000171,20000171,2014-06-14 23:52:47,2014-06-15 00:06:32,13.8,1
1633013,1402786394620000668,20000668,2014-06-14 23:53:14,2014-06-15 00:03:14,10.0,1
1630336,1402786416620000031,20000031,2014-06-14 23:53:36,2014-06-15 00:05:36,12.0,1
1630396,1402786416620000320,20000320,2014-06-14 23:53:36,2014-06-15 00:01:51,8.3,1
1630327,1402786418620000904,20000904,2014-06-14 23:53:38,2014-06-15 00:01:38,8.0,1
1630237,1402786427620000529,20000529,2014-06-14 23:53:47,2014-06-15 00:05:02,11.3,1
1630265,1402786441620000671,20000671,2014-06-14 23:54:01,2014-06-15 00:04:01,10.0,1
1630481,1402786463620000571,20000571,2014-06-14 23:54:23,2014-06-15 00:00:53,6.5,1
1630323,1402786474620000514,20000514,2014-06-14 23:54:34,2014-06-15 00:01:04,6.5,1
1633119,1402786501620000508,20000508,2014-06-14 23:55:01,2014-06-15 00:05:46,10.8,1
1630340,1402786505620000395,20000395,2014-06-14 23:55:05,2014-06-15 00:20:20,25.3,1
1630387,1402786522620000288,20000288,2014-06-14 23:55:22,2014-06-15 00:33:37,38.3,1
1630399,1402786546620000081,20000081,2014-06-14 23:55:46,2014-06-15 00:15:46,20.0,1
1630568,1402786579620000321,20000321,2014-06-14 23:56:19,2014-06-15 00:20:04,23.8,1
1630182,1402786592620000686,20000686,2014-06-14 23:56:32,2014-06-15 00:06:47,10.3,1
1630277,1402786625620000066,20000066,2014-06-14 23:57:05,2014-06-15 00:21:05,24.0,1
1630346,1402786648620000624,20000624,2014-06-14 23:57:28,2014-06-15 00:09:58,12.5,1
1630201,1402786653620000380,20000380,2014-06-14 23:57:33,2014-06-15 00:03:48,6.3,1
1630222,1402786660620000042,20000042,2014-06-14 23:57:40,2014-06-15 00:00:25,2.8,1
1630284,1402786683620000561,20000561,2014-06-14 23:58:03,2014-06-15 00:06:03,8.0,1
1632546,1402786691620000217,20000217,2014-06-14 23:58:11,2014-06-15 00:21:11,23.0,1
1630403,1402786709620000407,20000407,2014-06-14 23:58:29,2014-06-15 00:03:14,4.8,1
1630452,1402786725620000454,20000454,2014-06-14 23:58:45,2014-06-15 00:10:30,11.8,1
1630219,1402786732620000525,20000525,2014-06-14 23:58:52,2014-06-15 00:04:37,5.8,1
1630335,1402786733620000089,20000089,2014-06-14 23:58:53,2014-06-15 00:08:23,9.5,1
1630391,1402786748620000632,20000632,2014-06-14 23:59:08,2014-06-15 00:10:53,11.8,1
1630476,1402786755620000430,20000430,2014-06-14 23:59:15,2014-06-15 00:12:15,13.0,1
1630262,1402786764620000483,20000483,2014-06-14 23:59:24,2014-06-15 00:10:54,11.5,1
1630224,1402786788620000092,20000092,2014-06-14 23:59:48,2014-06-15 00:09:33,9.8,1
1630363,1402786798620000509,20000509,2014-06-14 23:59:58,2014-06-15 00:14:13,14.3,1
1634882,1402868905620000009,20000009,2014-06-15 22:48:25,2014-06-16 00:24:40,96.3,1
1634743,1402872369620000670,20000670,2014-06-15 23:46:09,2014-06-16 00:10:09,24.0,1
1634702,1402872520620000395,20000395,2014-06-15 23:48:40,2014-06-16 00:04:40,16.0,1
1637615,1402872649620000254,20000254,2014-06-15 23:50:49,2014-06-16 00:05:19,14.5,1
1634890,1402872719620000465,20000465,2014-06-15 23:51:59,2014-06-16 00:04:59,13.0,1
1634760,1402872977620000624,20000624,2014-06-15 23:56:17,2014-06-16 00:06:02,9.8,1
1634788,1402872996620000665,20000665,2014-06-15 23:56:36,2014-06-16 00:04:06,7.5,1
1635519,1402873003620000053,20000053,2014-06-15 23:56:43,2014-06-16 00:00:13,3.5,1
1634712,1402873066620000129,20000129,2014-06-15 23:57:46,2014-06-16 00:07:31,9.8,1
1634782,1402873072620000308,20000308,2014-06-15 23:57:52,2014-06-16 00:04:37,6.8,1
1634722,1402873076620000648,20000648,2014-06-15 23:57:56,2014-06-16 00:20:11,22.3,1
1634783,1402873079620000023,20000023,2014-06-15 23:57:59,2014-06-16 00:12:44,14.8,1
1634752,1402873096620000492,20000492,2014-06-15 23:58:16,2014-06-16 00:06:16,8.0,1
1634696,1402873115620000687,20000687,2014-06-15 23:58:35,2014-06-16 00:10:05,11.5,1
1639595,1402958399620000506,20000506,2014-06-16 23:39:59,2014-06-17 00:13:59,34.0,1
1639217,1402958482620000173,20000173,2014-06-16 23:41:22,2014-06-17 00:02:37,21.3,1
1639314,1402958864620000424,20000424,2014-06-16 23:47:44,2014-06-17 00:01:29,13.8,1
1639419,1402959024620000446,20000446,2014-06-16 23:50:24,2014-06-17 01:38:09,107.8,1
1639367,1402959031620000574,20000574,2014-06-16 23:50:31,2014-06-17 00:12:31,22.0,1
1639202,1402959130620000307,20000307,2014-06-16 23:52:10,2014-06-17 00:16:40,24.5,1
1639304,1402959231620000570,20000570,2014-06-16 23:53:51,2014-06-17 00:11:51,18.0,1
1639197,1402959269620000338,20000338,2014-06-16 23:54:29,2014-06-17 00:02:44,8.3,1
1640032,1402959280620000254,20000254,2014-06-16 23:54:40,2014-06-17 00:03:55,9.3,1
1639204,1402959296620000395,20000395,2014-06-16 23:54:56,2014-06-17 00:03:56,9.0,1
1639386,1402959355620000649,20000649,2014-06-16 23:55:55,2014-06-17 00:01:55,6.0,1
1639219,1402959360620000195,20000195,2014-06-16 23:56:00,2014-06-17 00:12:45,16.8,1
1639269,1402959433620000153,20000153,2014-06-16 23:57:13,2014-06-17 00:11:58,14.8,1
1639380,1402959473620000263,20000263,2014-06-16 23:57:53,2014-06-17 00:11:38,13.8,1
1639577,1402959477620000901,20000901,2014-06-16 23:57:57,2014-06-17 00:11:57,14.0,1
1639290,1402959506620000022,20000022,2014-06-16 23:58:26,2014-06-17 00:03:56,5.5,1
1639195,1402959515620000216,20000216,2014-06-16 23:58:35,2014-06-17 00:00:35,2.0,1
1639182,1402959532620000665,20000665,2014-06-16 23:58:52,2014-06-17 00:00:07,1.3,1
1639282,1402959545620000678,20000678,2014-06-16 23:59:05,2014-06-17 00:04:35,5.5,1
1639611,1402959566620000341,20000341,2014-06-16 23:59:26,2014-06-17 00:07:26,8.0,1
1639416,1402959568620000540,20000540,2014-06-16 23:59:28,2014-06-17 01:56:43,117.3,1
1639317,1402959599620000304,20000304,2014-06-16 23:59:59,2014-06-17 00:35:59,36.0,1
1643973,1403041847620000009,20000009,2014-06-17 22:50:47,2014-06-18 00:09:47,79.0,1
1644592,1403043467620000481,20000481,2014-06-17 23:17:47,2014-06-18 00:40:32,82.8,1
1643943,1403043940620000688,20000688,2014-06-17 23:25:40,2014-06-18 00:02:25,36.8,1
1643990,1403044236620000002,20000002,2014-06-17 23:30:36,2014-06-18 00:06:21,35.8,1
1643995,1403044591620000546,20000546,2014-06-17 23:36:31,2014-06-18 00:11:46,35.3,1
1645633,1403045258620000426,20000426,2014-06-17 23:47:38,2014-06-18 00:00:38,13.0,1
1643959,1403045264620000010,20000010,2014-06-17 23:47:44,2014-06-18 00:18:59,31.3,1
1643804,1403045387620000610,20000610,2014-06-17 23:49:47,2014-06-18 00:03:32,13.8,1
1645109,1403045508620000216,20000216,2014-06-17 23:51:48,2014-06-18 00:01:03,9.3,1
1643827,1403045598620000376,20000376,2014-06-17 23:53:18,2014-06-18 00:09:03,15.8,1
1643930,1403045615620000472,20000472,2014-06-17 23:53:35,2014-06-18 00:05:35,12.0,1
1644011,1403045632620000653,20000653,2014-06-17 23:53:52,2014-06-18 00:09:07,15.3,1
1643887,1403045675620000263,20000263,2014-06-17 23:54:35,2014-06-18 00:03:50,9.3,1
1644522,1403045716620000120,20000120,2014-06-17 23:55:16,2014-06-18 00:05:46,10.5,1
1643931,1403045721620000589,20000589,2014-06-17 23:55:21,2014-06-18 00:01:21,6.0,1
1643950,1403045839620000514,20000514,2014-06-17 23:57:19,2014-06-18 00:08:49,11.5,1
1643953,1403045868620000023,20000023,2014-06-17 23:57:48,2014-06-18 00:12:18,14.5,1
1644561,1403045943620000081,20000081,2014-06-17 23:59:03,2014-06-18 00:09:03,10.0,1
1648453,1403127791620000009,20000009,2014-06-18 22:43:11,2014-06-19 00:17:11,94.0,1
1648542,1403130436620000276,20000276,2014-06-18 23:27:16,2014-06-19 00:09:46,42.5,1
1648673,1403131294620000010,20000010,2014-06-18 23:41:34,2014-06-19 00:07:34,26.0,1
1648348,1403131325620000671,20000671,2014-06-18 23:42:05,2014-06-19 00:00:05,18.0,1
1648445,1403131659620000038,20000038,2014-06-18 23:47:39,2014-06-19 00:11:54,24.3,1
1649109,1403131819620000403,20000403,2014-06-18 23:50:19,2014-06-19 00:04:04,13.8,1
1648376,1403131970620000011,20000011,2014-06-18 23:52:50,2014-06-19 00:08:05,15.3,1
1648511,1403132004620000120,20000120,2014-06-18 23:53:24,2014-06-19 00:00:39,7.3,1
1648471,1403132080620000309,20000309,2014-06-18 23:54:40,2014-06-19 00:04:55,10.3,1
1648355,1403132087620000486,20000486,2014-06-18 23:54:47,2014-06-19 00:09:02,14.3,1
1648494,1403132090620000101,20000101,2014-06-18 23:54:50,2014-06-19 00:19:05,24.3,1
1648381,1403132206620000508,20000508,2014-06-18 23:56:46,2014-06-19 00:10:01,13.3,1
1648345,1403132230620000231,20000231,2014-06-18 23:57:10,2014-06-19 00:03:25,6.3,1
1648412,1403132245620000483,20000483,2014-06-18 23:57:25,2014-06-19 00:04:25,7.0,1
1648426,1403132251620000007,20000007,2014-06-18 23:57:31,2014-06-19 00:01:46,4.3,1
1649575,1403132259620000327,20000327,2014-06-18 23:57:39,2014-06-19 00:05:39,8.0,1
1648540,1403132352620000520,20000520,2014-06-18 23:59:12,2014-06-19 00:07:27,8.3,1
1653775,1403218136620000451,20000451,2014-06-19 23:48:56,2014-06-20 00:02:41,13.8,1
1653378,1403218179620000688,20000688,2014-06-19 23:49:39,2014-06-20 00:00:24,10.8,1
1653299,1403218252620000670,20000670,2014-06-19 23:50:52,2014-06-20 00:00:22,9.5,1
1653447,1403218265620000576,20000576,2014-06-19 23:51:05,2014-06-20 00:30:20,39.3,1
1653410,1403218277620000465,20000465,2014-06-19 23:51:17,2014-06-20 00:00:47,9.5,1
1653358,1403218328620000423,20000423,2014-06-19 23:52:08,2014-06-20 00:21:53,29.8,1
1653489,1403218374620000004,20000004,2014-06-19 23:52:54,2014-06-20 00:02:54,10.0,1
1653339,1403218378620000239,20000239,2014-06-19 23:52:58,2014-06-20 00:01:28,8.5,1
1653371,1403218406620000252,20000252,2014-06-19 23:53:26,2014-06-20 00:02:56,9.5,1
1653689,1403218479620000492,20000492,2014-06-19 23:54:39,2014-06-20 00:07:54,13.3,1
1653974,1403218486620000249,20000249,2014-06-19 23:54:46,2014-06-20 00:09:16,14.5,1
1653448,1403218581620000603,20000603,2014-06-19 23:56:21,2014-06-20 00:02:06,5.8,1
1653236,1403218598620000338,20000338,2014-06-19 23:56:38,2014-06-20 00:00:53,4.3,1
1653873,1403218657620000525,20000525,2014-06-19 23:57:37,2014-06-20 00:00:52,3.3,1
1653477,1403218660620000263,20000263,2014-06-19 23:57:40,2014-06-20 00:11:55,14.3,1
1653292,1403218681620000003,20000003,2014-06-19 23:58:01,2014-06-20 00:07:01,9.0,1
1653472,1403218700620000499,20000499,2014-06-19 23:58:20,2014-06-20 00:09:05,10.8,1
1653251,1403218704620000672,20000672,2014-06-19 23:58:24,2014-06-20 00:08:39,10.3,1
1654383,1403218731620000215,20000215,2014-06-19 23:58:51,2014-06-20 00:06:06,7.3,1
1653349,1403218744620000333,20000333,2014-06-19 23:59:04,2014-06-20 00:04:04,5.0,1
1653482,1403218752620000285,20000285,2014-06-19 23:59:12,2014-06-20 00:18:12,19.0,1
1658938,1403300262620000009,20000009,2014-06-20 22:37:42,2014-06-21 01:02:57,145.3,1
1658962,1403304140620000611,20000611,2014-06-20 23:42:20,2014-06-21 00:21:35,39.3,1
1658758,1403304144620000612,20000612,2014-06-20 23:42:24,2014-06-21 00:05:09,22.8,1
1658812,1403304158620000670,20000670,2014-06-20 23:42:38,2014-06-21 00:06:38,24.0,1
1658736,1403304183620000529,20000529,2014-06-20 23:43:03,2014-06-21 00:03:18,20.3,1
1658746,1403304395620000435,20000435,2014-06-20 23:46:35,2014-06-21 00:03:50,17.3,1
1658787,1403304438620000671,20000671,2014-06-20 23:47:18,2014-06-21 00:07:48,20.5,1
1658813,1403304451620000520,20000520,2014-06-20 23:47:31,2014-06-21 00:00:46,13.3,1
1658974,1403304465620000610,20000610,2014-06-20 23:47:45,2014-06-21 00:02:15,14.5,1
1658976,1403304467620000004,20000004,2014-06-20 23:47:47,2014-06-21 00:05:32,17.8,1
1659133,1403304570620000320,20000320,2014-06-20 23:49:30,2014-06-21 00:02:45,13.3,1
1658860,1403304579620000904,20000904,2014-06-20 23:49:39,2014-06-21 00:05:39,16.0,1
1660844,1403304580620000074,20000074,2014-06-20 23:49:40,2014-06-21 00:08:40,19.0,1
1658795,1403304598620000297,20000297,2014-06-20 23:49:58,2014-06-21 00:01:43,11.8,1
1661776,1403304599620000541,20000541,2014-06-20 23:49:59,2014-06-21 00:00:29,10.5,1
1658932,1403304628620000321,20000321,2014-06-20 23:50:28,2014-06-21 00:00:28,10.0,1
1661283,1403304642620000085,20000085,2014-06-20 23:50:42,2014-06-21 00:00:42,10.0,1
1658775,1403304668620000403,20000403,2014-06-20 23:51:08,2014-06-21 00:19:38,28.5,1
1658738,1403304740620000252,20000252,2014-06-20 23:52:20,2014-06-21 00:02:20,10.0,1
1658822,1403304771620000280,20000280,2014-06-20 23:52:51,2014-06-21 00:05:06,12.3,1
1658842,1403304780620000041,20000041,2014-06-20 23:53:00,2014-06-21 00:00:45,7.8,1
1658856,1403304815620000665,20000665,2014-06-20 23:53:35,2014-06-21 00:08:50,15.3,1
1658936,1403304871620000276,20000276,2014-06-20 23:54:31,2014-06-21 00:04:46,10.3,1
1658973,1403304932620000325,20000325,2014-06-20 23:55:32,2014-06-21 00:05:17,9.8,1
1658838,1403304951620000472,20000472,2014-06-20 23:55:51,2014-06-21 00:08:36,12.8,1
1660669,1403304957620000058,20000058,2014-06-20 23:55:57,2014-06-21 00:07:27,11.5,1
1658807,1403305005620000129,20000129,2014-06-20 23:56:45,2014-06-21 00:09:00,12.3,1
1658870,1403305064620000632,20000632,2014-06-20 23:57:44,2014-06-21 00:04:44,7.0,1
1658850,1403305065620000362,20000362,2014-06-20 23:57:45,2014-06-21 00:08:45,11.0,1
1659286,1403305089620000351,20000351,2014-06-20 23:58:09,2014-06-21 00:03:09,5.0,1
1658999,1403305115620000154,20000154,2014-06-20 23:58:35,2014-06-21 00:12:20,13.8,1
1658818,1403305118620000476,20000476,2014-06-20 23:58:38,2014-06-21 00:12:08,13.5,1
1658741,1403305119620000011,20000011,2014-06-20 23:58:39,2014-06-21 00:06:54,8.3,1
1658791,1403305138620000446,20000446,2014-06-20 23:58:58,2014-06-21 00:09:28,10.5,1
1658805,1403305141620000233,20000233,2014-06-20 23:59:01,2014-06-21 00:08:46,9.8,1
1658847,1403305148620000455,20000455,2014-06-20 23:59:08,2014-06-21 00:09:53,10.8,1
1658824,1403305150620000120,20000120,2014-06-20 23:59:10,2014-06-21 00:17:55,18.8,1
1658878,1403305150620000649,20000649,2014-06-20 23:59:10,2014-06-21 00:13:10,14.0,1
1664135,1403390808620000196,20000196,2014-06-21 23:46:48,2014-06-22 00:04:18,17.5,1
1664205,1403390823620000446,20000446,2014-06-21 23:47:03,2014-06-22 00:01:48,14.8,1
1664261,1403390885620000060,20000060,2014-06-21 23:48:05,2014-06-22 00:08:35,20.5,1
1664017,1403390913620000252,20000252,2014-06-21 23:48:33,2014-06-22 00:05:33,17.0,1
1664223,1403390929620000004,20000004,2014-06-21 23:48:49,2014-06-22 00:09:34,20.8,1
1664305,1403390950620000529,20000529,2014-06-21 23:49:10,2014-06-22 00:11:40,22.5,1
1664334,1403391037620000482,20000482,2014-06-21 23:50:37,2014-06-22 00:09:07,18.5,1
1664120,1403391048620000548,20000548,2014-06-21 23:50:48,2014-06-22 00:04:33,13.8,1
1664159,1403391074620000308,20000308,2014-06-21 23:51:14,2014-06-22 00:10:14,19.0,1
1664314,1403391101620000242,20000242,2014-06-21 23:51:41,2014-06-22 00:09:26,17.8,1
1664040,1403391115620000665,20000665,2014-06-21 23:51:55,2014-06-22 00:01:25,9.5,1
1667760,1403391119620000508,20000508,2014-06-21 23:51:59,2014-06-22 00:04:44,12.8,1
1664088,1403391130620000239,20000239,2014-06-21 23:52:10,2014-06-22 00:04:25,12.3,1
1664191,1403391138620000173,20000173,2014-06-21 23:52:18,2014-06-22 00:01:48,9.5,1
1664243,1403391155620000561,20000561,2014-06-21 23:52:35,2014-06-22 00:13:20,20.8,1
1664355,1403391210620000465,20000465,2014-06-21 23:53:30,2014-06-22 00:01:00,7.5,1
1666351,1403391232620000030,20000030,2014-06-21 23:53:52,2014-06-22 00:09:07,15.3,1
1664131,1403391248620000431,20000431,2014-06-21 23:54:08,2014-06-22 00:03:53,9.8,1
1664070,1403391287620000108,20000108,2014-06-21 23:54:47,2014-06-22 00:03:17,8.5,1
1664072,1403391290620000574,20000574,2014-06-21 23:54:50,2014-06-22 00:02:20,7.5,1
1664115,1403391303620000195,20000195,2014-06-21 23:55:03,2014-06-22 00:07:03,12.0,1
1664039,1403391314620000089,20000089,2014-06-21 23:55:14,2014-06-22 00:01:29,6.3,1
1664099,1403391320620000360,20000360,2014-06-21 23:55:20,2014-06-22 00:08:50,13.5,1
1664180,1403391327620000514,20000514,2014-06-21 23:55:27,2014-06-22 00:03:27,8.0,1
1664053,1403391344620000012,20000012,2014-06-21 23:55:44,2014-06-22 00:11:29,15.8,1
1664104,1403391356620000520,20000520,2014-06-21 23:55:56,2014-06-22 00:08:26,12.5,1
1664182,1403391383620000157,20000157,2014-06-21 23:56:23,2014-06-22 00:09:38,13.3,1
1664179,1403391408620000432,20000432,2014-06-21 23:56:48,2014-06-22 00:06:18,9.5,1
1664033,1403391416620000003,20000003,2014-06-21 23:56:56,2014-06-22 00:05:56,9.0,1
1664588,1403391423620000596,20000596,2014-06-21 23:57:03,2014-06-22 00:01:18,4.3,1
1664085,1403391425620000356,20000356,2014-06-21 23:57:05,2014-06-22 00:06:50,9.8,1
1664272,1403391425620000610,20000610,2014-06-21 23:57:05,2014-06-22 00:08:50,11.8,1
1666334,1403391440620000024,20000024,2014-06-21 23:57:20,2014-06-22 00:10:05,12.8,1
1664198,1403391448620000453,20000453,2014-06-21 23:57:28,2014-06-22 00:09:58,12.5,1
1664152,1403391475620000325,20000325,2014-06-21 23:57:55,2014-06-22 00:05:10,7.3,1
1664153,1403391478620000011,20000011,2014-06-21 23:57:58,2014-06-22 00:09:43,11.8,1
1664063,1403391483620000303,20000303,2014-06-21 23:58:03,2014-06-22 00:07:18,9.3,1
1664046,1403391499620000649,20000649,2014-06-21 23:58:19,2014-06-22 00:01:34,3.3,1
1664391,1403391523620000255,20000255,2014-06-21 23:58:43,2014-06-22 00:07:13,8.5,1
1664087,1403391530620000597,20000597,2014-06-21 23:58:50,2014-06-22 00:00:50,2.0,1
1669748,1403391541620000347,20000347,2014-06-21 23:59:01,2014-06-22 00:25:46,26.8,1
1664101,1403391570620000675,20000675,2014-06-21 23:59:30,2014-06-22 00:14:15,14.8,1
1664386,1403391582620000092,20000092,2014-06-21 23:59:42,2014-06-22 00:07:57,8.3,1
1665286,1403391587620000616,20000616,2014-06-21 23:59:47,2014-06-22 00:07:32,7.8,1
1668899,1403476978620000395,20000395,2014-06-22 23:42:58,2014-06-23 00:35:28,52.5,1
1668889,1403477331620000577,20000577,2014-06-22 23:48:51,2014-06-23 00:05:06,16.3,1
1668791,1403477365620000288,20000288,2014-06-22 23:49:25,2014-06-23 00:08:55,19.5,1
1668974,1403477400620000687,20000687,2014-06-22 23:50:00,2014-06-23 00:01:30,11.5,1
1669547,1403477461620000271,20000271,2014-06-22 23:51:01,2014-06-23 00:00:01,9.0,1
1668864,1403477481620000472,20000472,2014-06-22 23:51:21,2014-06-23 00:00:21,9.0,1
1668802,1403477506620000129,20000129,2014-06-22 23:51:46,2014-06-23 00:02:46,11.0,1
1668808,1403477575620000423,20000423,2014-06-22 23:52:55,2014-06-23 00:06:55,14.0,1
1668794,1403477576620000670,20000670,2014-06-22 23:52:56,2014-06-23 00:00:41,7.8,1
1671072,1403477584620000525,20000525,2014-06-22 23:53:04,2014-06-23 00:02:49,9.8,1
1668883,1403477607620000626,20000626,2014-06-22 23:53:27,2014-06-23 00:03:27,10.0,1
1668820,1403477641620000010,20000010,2014-06-22 23:54:01,2014-06-23 00:00:16,6.3,1
1668786,1403477646620000011,20000011,2014-06-22 23:54:06,2014-06-23 00:01:51,7.8,1
1668831,1403477653620000600,20000600,2014-06-22 23:54:13,2014-06-23 00:01:58,7.8,1
1668780,1403477735620000060,20000060,2014-06-22 23:55:35,2014-06-23 00:00:35,5.0,1
1669221,1403477792620000015,20000015,2014-06-22 23:56:32,2014-06-23 00:03:17,6.8,1
1669274,1403477813620000901,20000901,2014-06-22 23:56:53,2014-06-23 00:03:38,6.8,1
1668825,1403477926620000698,20000698,2014-06-22 23:58:46,2014-06-23 00:02:16,3.5,1
1674157,1403561052620000332,20000332,2014-06-23 23:04:12,2014-06-24 00:14:42,70.5,1
1674205,1403562354620000136,20000136,2014-06-23 23:25:54,2014-06-24 00:12:39,46.8,1
1674447,1403562909620000114,20000114,2014-06-23 23:35:09,2014-06-24 00:25:24,50.3,1
1674255,1403562965620000011,20000011,2014-06-23 23:36:05,2014-06-24 00:04:05,28.0,1
1674207,1403563027620000548,20000548,2014-06-23 23:37:07,2014-06-24 00:00:37,23.5,1
1674109,1403563063620000303,20000303,2014-06-23 23:37:43,2014-06-24 00:04:58,27.3,1
1674353,1403563078620000307,20000307,2014-06-23 23:37:58,2014-06-24 00:06:13,28.3,1
1674136,1403563140620000421,20000421,2014-06-23 23:39:00,2014-06-24 00:10:30,31.5,1
1674232,1403563176620000658,20000658,2014-06-23 23:39:36,2014-06-24 00:08:06,28.5,1
1675061,1403563285620000305,20000305,2014-06-23 23:41:25,2014-06-24 00:18:10,36.8,1
1674178,1403563317620000337,20000337,2014-06-23 23:41:57,2014-06-24 00:02:42,20.8,1
1674286,1403563417620000271,20000271,2014-06-23 23:43:37,2014-06-24 00:01:07,17.5,1
1674117,1403563563620000171,20000171,2014-06-23 23:46:03,2014-06-24 00:04:33,18.5,1
1674139,1403563563620000359,20000359,2014-06-23 23:46:03,2014-06-24 00:09:33,23.5,1
1674323,1403563588620000254,20000254,2014-06-23 23:46:28,2014-06-24 00:04:58,18.5,1
1674440,1403563644620000453,20000453,2014-06-23 23:47:24,2014-06-24 00:33:39,46.3,1
1674545,1403563681620000024,20000024,2014-06-23 23:48:01,2014-06-24 00:12:31,24.5,1
1674202,1403563751620000364,20000364,2014-06-23 23:49:11,2014-06-24 00:07:41,18.5,1
1674119,1403563764620000057,20000057,2014-06-23 23:49:24,2014-06-24 00:04:54,15.5,1
1674125,1403563775620000472,20000472,2014-06-23 23:49:35,2014-06-24 00:02:05,12.5,1
1674127,1403563777620000308,20000308,2014-06-23 23:49:37,2014-06-24 00:02:37,13.0,1
1674168,1403563816620000513,20000513,2014-06-23 23:50:16,2014-06-24 00:03:31,13.3,1
1674389,1403563859620000089,20000089,2014-06-23 23:50:59,2014-06-24 00:16:59,26.0,1
1674123,1403563884620000252,20000252,2014-06-23 23:51:24,2014-06-24 00:02:24,11.0,1
1674226,1403563884620000596,20000596,2014-06-23 23:51:24,2014-06-24 00:04:39,13.3,1
1674310,1403563885620000426,20000426,2014-06-23 23:51:25,2014-06-24 00:01:40,10.3,1
1674540,1403563893620000483,20000483,2014-06-23 23:51:33,2014-06-24 00:10:18,18.8,1
1674116,1403563902620000473,20000473,2014-06-23 23:51:42,2014-06-24 00:03:12,11.5,1
1674304,1403563906620000129,20000129,2014-06-23 23:51:46,2014-06-24 00:03:46,12.0,1
1674093,1403563911620000454,20000454,2014-06-23 23:51:51,2014-06-24 00:01:51,10.0,1
1674150,1403563926620000546,20000546,2014-06-23 23:52:06,2014-06-24 00:02:51,10.8,1
1674108,1403563942620000120,20000120,2014-06-23 23:52:22,2014-06-24 00:01:22,9.0,1
1674370,1403563945620000076,20000076,2014-06-23 23:52:25,2014-06-24 00:13:40,21.3,1
1674106,1403563948620000309,20000309,2014-06-23 23:52:28,2014-06-24 00:05:58,13.5,1
1676327,1403564004620000030,20000030,2014-06-23 23:53:24,2014-06-24 00:05:24,12.0,1
1674090,1403564025620000042,20000042,2014-06-23 23:53:45,2014-06-24 00:00:30,6.8,1
1674342,1403564031620000304,20000304,2014-06-23 23:53:51,2014-06-24 00:07:36,13.8,1
1674170,1403564039620000108,20000108,2014-06-23 23:53:59,2014-06-24 00:02:29,8.5,1
1674364,1403564106620000618,20000618,2014-06-23 23:55:06,2014-06-24 00:14:36,19.5,1
1674129,1403564111620000667,20000667,2014-06-23 23:55:11,2014-06-24 00:10:11,15.0,1
1674192,1403564112620000451,20000451,2014-06-23 23:55:12,2014-06-24 00:07:27,12.3,1
1674336,1403564114620000657,20000657,2014-06-23 23:55:14,2014-06-24 00:13:29,18.3,1
1674189,1403564130620000662,20000662,2014-06-23 23:55:30,2014-06-24 00:11:45,16.3,1
1674131,1403564138620000678,20000678,2014-06-23 23:55:38,2014-06-24 00:03:23,7.8,1
1674218,1403564179620000067,20000067,2014-06-23 23:56:19,2014-06-24 00:03:04,6.8,1
1674677,1403564184620000179,20000179,2014-06-23 23:56:24,2014-06-24 00:07:39,11.3,1
1674156,1403564185620000672,20000672,2014-06-23 23:56:25,2014-06-24 00:02:10,5.8,1
1674282,1403564208620000554,20000554,2014-06-23 23:56:48,2014-06-24 00:24:03,27.3,1
1674203,1403564221620000060,20000060,2014-06-23 23:57:01,2014-06-24 00:12:46,15.8,1
1674177,1403564230620000465,20000465,2014-06-23 23:57:10,2014-06-24 00:06:10,9.0,1
1674210,1403564233620000054,20000054,2014-06-23 23:57:13,2014-06-24 00:05:13,8.0,1
1674242,1403564238620000046,20000046,2014-06-23 23:57:18,2014-06-24 00:04:18,7.0,1
1674146,1403564240620000570,20000570,2014-06-23 23:57:20,2014-06-24 00:08:05,10.8,1
1674892,1403564271620000320,20000320,2014-06-23 23:57:51,2014-06-24 00:05:36,7.8,1
1674287,1403564293620000610,20000610,2014-06-23 23:58:13,2014-06-24 00:14:13,16.0,1
1674197,1403564300620000455,20000455,2014-06-23 23:58:20,2014-06-24 00:12:05,13.8,1
1674176,1403564350620000520,20000520,2014-06-23 23:59:10,2014-06-24 00:03:40,4.5,1
1674115,1403564354620000571,20000571,2014-06-23 23:59:14,2014-06-24 00:00:14,1.0,1
1674167,1403564357620000482,20000482,2014-06-23 23:59:17,2014-06-24 00:09:47,10.5,1
1674152,1403564369620000688,20000688,2014-06-23 23:59:29,2014-06-24 00:06:14,6.8,1
1674280,1403564372620000173,20000173,2014-06-23 23:59:32,2014-06-24 00:07:47,8.3,1
1674247,1403564377620000321,20000321,2014-06-23 23:59:37,2014-06-24 00:05:37,6.0,1
1680740,1403649305620000031,20000031,2014-06-24 23:35:05,2014-06-25 00:02:50,27.8,1
1681068,1403649849620000254,20000254,2014-06-24 23:44:09,2014-06-25 00:06:39,22.5,1
1680720,1403649960620000617,20000617,2014-06-24 23:46:00,2014-06-25 00:14:15,28.3,1
1680883,1403650199620000395,20000395,2014-06-24 23:49:59,2014-06-25 00:00:29,10.5,1
1680868,1403650225620000653,20000653,2014-06-24 23:50:25,2014-06-25 00:05:55,15.5,1
1680696,1403650368620000560,20000560,2014-06-24 23:52:48,2014-06-25 00:03:03,10.3,1
1681471,1403650407620000370,20000370,2014-06-24 23:53:27,2014-06-25 00:07:12,13.8,1
1680871,1403650496620000129,20000129,2014-06-24 23:54:56,2014-06-25 00:05:41,10.8,1
1680806,1403650499620000398,20000398,2014-06-24 23:54:59,2014-06-25 00:08:44,13.8,1
1680750,1403650523620000167,20000167,2014-06-24 23:55:23,2014-06-25 00:01:38,6.3,1
1680821,1403650563620000011,20000011,2014-06-24 23:56:03,2014-06-25 00:03:03,7.0,1
1680690,1403650569620000361,20000361,2014-06-24 23:56:09,2014-06-25 00:02:54,6.8,1
1680910,1403650589620000304,20000304,2014-06-24 23:56:29,2014-06-25 00:03:29,7.0,1
1686717,1403650633620000201,20000201,2014-06-24 23:57:13,2014-06-25 00:04:13,7.0,1
1680906,1403650666620000499,20000499,2014-06-24 23:57:46,2014-06-25 00:10:01,12.3,1
1680729,1403650692620000108,20000108,2014-06-24 23:58:12,2014-06-25 00:07:42,9.5,1
1680783,1403650718620000288,20000288,2014-06-24 23:58:38,2014-06-25 00:17:08,18.5,1
1681149,1403650767620000280,20000280,2014-06-24 23:59:27,2014-06-25 00:18:12,18.8,1
1685464,1403731874620000009,20000009,2014-06-25 22:31:14,2014-06-26 00:00:44,89.5,1
1685774,1403734191620000668,20000668,2014-06-25 23:09:51,2014-06-26 00:14:51,65.0,1
1685479,1403736418620000004,20000004,2014-06-25 23:46:58,2014-06-26 00:01:28,14.5,1
1685699,1403736513620000499,20000499,2014-06-25 23:48:33,2014-06-26 00:00:03,11.5,1
1685546,1403736514620000002,20000002,2014-06-25 23:48:34,2014-06-26 00:09:34,21.0,1
1685688,1403736540620000153,20000153,2014-06-25 23:49:00,2014-06-26 00:01:15,12.3,1
1685512,1403736838620000621,20000621,2014-06-25 23:53:58,2014-06-26 00:02:58,9.0,1
1685521,1403736843620000455,20000455,2014-06-25 23:54:03,2014-06-26 00:01:48,7.8,1
1685674,1403736872620000364,20000364,2014-06-25 23:54:32,2014-06-26 00:02:02,7.5,1
1685628,1403736894620000603,20000603,2014-06-25 23:54:54,2014-06-26 00:00:09,5.3,1
1685427,1403736962620000453,20000453,2014-06-25 23:56:02,2014-06-26 00:09:02,13.0,1
1685599,1403737027620000431,20000431,2014-06-25 23:57:07,2014-06-26 00:09:37,12.5,1
1685573,1403737066620000351,20000351,2014-06-25 23:57:46,2014-06-26 00:02:31,4.8,1
1685443,1403737113620000671,20000671,2014-06-25 23:58:33,2014-06-26 00:12:48,14.3,1
1686123,1403737114620000254,20000254,2014-06-25 23:58:34,2014-06-26 00:08:04,9.5,1
1685501,1403737144620000624,20000624,2014-06-25 23:59:04,2014-06-26 00:09:19,10.3,1
1689186,1403737160620000610,20000610,2014-06-25 23:59:20,2014-06-26 00:08:35,9.3,1
1686217,1403737172620000467,20000467,2014-06-25 23:59:32,2014-06-26 00:08:47,9.3,1
1685607,1403737174620000308,20000308,2014-06-25 23:59:34,2014-06-26 00:02:49,3.3,1
1690582,1403815462620000190,20000190,2014-06-26 21:44:22,2014-06-27 01:10:52,206.5,1
1690720,1403819347620000009,20000009,2014-06-26 22:49:07,2014-06-27 00:17:52,88.8,1
1690505,1403822126620000902,20000902,2014-06-26 23:35:26,2014-06-27 00:06:11,30.8,1
1690751,1403822350620000403,20000403,2014-06-26 23:39:10,2014-06-27 01:54:55,135.8,1
1690356,1403822790620000488,20000488,2014-06-26 23:46:30,2014-06-27 00:08:45,22.3,1
1690402,1403822860620000570,20000570,2014-06-26 23:47:40,2014-06-27 00:01:55,14.3,1
1690333,1403822926620000338,20000338,2014-06-26 23:48:46,2014-06-27 00:00:01,11.3,1
1690434,1403823017620000239,20000239,2014-06-26 23:50:17,2014-06-27 00:02:02,11.8,1
1690411,1403823114620000195,20000195,2014-06-26 23:51:54,2014-06-27 00:04:24,12.5,1
1690449,1403823117620000455,20000455,2014-06-26 23:51:57,2014-06-27 00:04:27,12.5,1
1690326,1403823142620000224,20000224,2014-06-26 23:52:22,2014-06-27 00:03:52,11.5,1
1690318,1403823161620000406,20000406,2014-06-26 23:52:41,2014-06-27 00:01:41,9.0,1
1690334,1403823330620000395,20000395,2014-06-26 23:55:30,2014-06-27 00:10:30,15.0,1
1690370,1403823357620000351,20000351,2014-06-26 23:55:57,2014-06-27 00:02:12,6.3,1
1690391,1403823367620000153,20000153,2014-06-26 23:56:07,2014-06-27 00:13:07,17.0,1
1690347,1403823409620000381,20000381,2014-06-26 23:56:49,2014-06-27 00:03:19,6.5,1
1690350,1403823474620000610,20000610,2014-06-26 23:57:54,2014-06-27 00:13:24,15.5,1
1690374,1403823490620000663,20000663,2014-06-26 23:58:10,2014-06-27 00:01:40,3.5,1
1691718,1403823494620000222,20000222,2014-06-26 23:58:14,2014-06-27 00:10:44,12.5,1
1690550,1403823498620000672,20000672,2014-06-26 23:58:18,2014-06-27 00:09:18,11.0,1
1690381,1403823532620000038,20000038,2014-06-26 23:58:52,2014-06-27 00:04:22,5.5,1
1690375,1403823572620000576,20000576,2014-06-26 23:59:32,2014-06-27 00:01:32,2.0,1
1690500,1403823588620000450,20000450,2014-06-26 23:59:48,2014-06-27 00:05:03,5.3,1
1696093,1403905366620000042,20000042,2014-06-27 22:42:46,2014-06-28 00:19:31,96.8,1
1696205,1403905391620000009,20000009,2014-06-27 22:43:11,2014-06-28 00:36:11,113.0,1
1696391,1403907005620000665,20000665,2014-06-27 23:10:05,2014-06-28 00:24:20,74.3,1
1695877,1403908477620000251,20000251,2014-06-27 23:34:37,2014-06-28 00:02:07,27.5,1
1695985,1403908586620000157,20000157,2014-06-27 23:36:26,2014-06-28 00:19:26,43.0,1
1696015,1403908826620000012,20000012,2014-06-27 23:40:26,2014-06-28 00:12:41,32.3,1
1696136,1403909074620000190,20000190,2014-06-27 23:44:34,2014-06-28 00:51:34,67.0,1
1696122,1403909109620000288,20000288,2014-06-27 23:45:09,2014-06-28 00:24:39,39.5,1
1696231,1403909133620000140,20000140,2014-06-27 23:45:33,2014-06-28 00:31:18,45.8,1
1695875,1403909339620000381,20000381,2014-06-27 23:48:59,2014-06-28 00:01:44,12.8,1
1695977,1403909389620000424,20000424,2014-06-27 23:49:49,2014-06-28 00:03:34,13.8,1
1695924,1403909440620000670,20000670,2014-06-27 23:50:40,2014-06-28 00:00:25,9.8,1
1698425,1403909459620000508,20000508,2014-06-27 23:50:59,2014-06-28 00:08:44,17.8,1
1696027,1403909474620000904,20000904,2014-06-27 23:51:14,2014-06-28 00:05:14,14.0,1
1696007,1403909486620000472,20000472,2014-06-27 23:51:26,2014-06-28 00:03:11,11.8,1
1695972,1403909488620000020,20000020,2014-06-27 23:51:28,2014-06-28 00:02:28,11.0,1
1696088,1403909539620000114,20000114,2014-06-27 23:52:19,2014-06-28 00:01:19,9.0,1
1696119,1403909544620000328,20000328,2014-06-27 23:52:24,2014-06-28 00:01:54,9.5,1
1695990,1403909603620000440,20000440,2014-06-27 23:53:23,2014-06-28 00:04:08,10.8,1
1695955,1403909613620000136,20000136,2014-06-27 23:53:33,2014-06-28 00:03:33,10.0,1
1695908,1403909635620000022,20000022,2014-06-27 23:53:55,2014-06-28 00:02:10,8.3,1
1696417,1403909714620000154,20000154,2014-06-27 23:55:14,2014-06-28 00:02:14,7.0,1
1696017,1403909723620000540,20000540,2014-06-27 23:55:23,2014-06-28 00:07:38,12.3,1
1696028,1403909729620000254,20000254,2014-06-27 23:55:29,2014-06-28 00:04:59,9.5,1
1696283,1403909780620000387,20000387,2014-06-27 23:56:20,2014-06-28 00:13:20,17.0,1
1696154,1403909826620000066,20000066,2014-06-27 23:57:06,2014-06-28 00:07:21,10.3,1
1696008,1403909838620000610,20000610,2014-06-27 23:57:18,2014-06-28 00:03:48,6.5,1
1695964,1403909850620000060,20000060,2014-06-27 23:57:30,2014-06-28 00:06:30,9.0,1
1696064,1403909851620000337,20000337,2014-06-27 23:57:31,2014-06-28 00:10:31,13.0,1
1695997,1403909881620000476,20000476,2014-06-27 23:58:01,2014-06-28 00:04:46,6.8,1
1696130,1403909887620000601,20000601,2014-06-27 23:58:07,2014-06-28 00:09:22,11.3,1
1696075,1403909896620000672,20000672,2014-06-27 23:58:16,2014-06-28 00:04:31,6.3,1
1696071,1403909931620000486,20000486,2014-06-27 23:58:51,2014-06-28 00:08:06,9.3,1
1695894,1403909935620000076,20000076,2014-06-27 23:58:55,2014-06-28 00:04:55,6.0,1
1695975,1403909936620000002,20000002,2014-06-27 23:58:56,2014-06-28 00:13:26,14.5,1
1696061,1403909968620000430,20000430,2014-06-27 23:59:28,2014-06-28 00:03:28,4.0,1
1696153,1403909970620000520,20000520,2014-06-27 23:59:30,2014-06-28 00:13:15,13.8,1
1696035,1403909973620000201,20000201,2014-06-27 23:59:33,2014-06-28 00:05:33,6.0,1
1696045,1403909977620000488,20000488,2014-06-27 23:59:37,2014-06-28 00:20:22,20.8,1
1695935,1403909995620000686,20000686,2014-06-27 23:59:55,2014-06-28 00:07:55,8.0,1
1701654,1403992551620000009,20000009,2014-06-28 22:55:51,2014-06-29 00:49:51,114.0,1
1701170,1403994375620000101,20000101,2014-06-28 23:26:15,2014-06-29 00:03:15,37.0,1
1701343,1403994842620000456,20000456,2014-06-28 23:34:02,2014-06-29 00:20:02,46.0,1
1701163,1403994925620000678,20000678,2014-06-28 23:35:25,2014-06-29 00:01:55,26.5,1
1701499,1403995462620000250,20000250,2014-06-28 23:44:22,2014-06-29 00:32:22,48.0,1
1701341,1403995594620000525,20000525,2014-06-28 23:46:34,2014-06-29 00:12:34,26.0,1
1701407,1403995623620000540,20000540,2014-06-28 23:47:03,2014-06-29 00:19:18,32.3,1
1701216,1403995646620000506,20000506,2014-06-28 23:47:26,2014-06-29 00:01:41,14.3,1
1701098,1403995696620000161,20000161,2014-06-28 23:48:16,2014-06-29 00:00:16,12.0,1
1701207,1403995738620000120,20000120,2014-06-28 23:48:58,2014-06-29 00:11:13,22.3,1
1701409,1403995764620000467,20000467,2014-06-28 23:49:24,2014-06-29 00:07:39,18.3,1
1701403,1403995767620000388,20000388,2014-06-28 23:49:27,2014-06-29 00:05:57,16.5,1
1701353,1403995779620000060,20000060,2014-06-28 23:49:39,2014-06-29 00:03:39,14.0,1
1701297,1403995826620000612,20000612,2014-06-28 23:50:26,2014-06-29 00:05:26,15.0,1
1701214,1403995833620000472,20000472,2014-06-28 23:50:33,2014-06-29 00:00:03,9.5,1
1701032,1403995844620000157,20000157,2014-06-28 23:50:44,2014-06-29 00:00:44,10.0,1
1701110,1403995869620000129,20000129,2014-06-28 23:51:09,2014-06-29 00:01:54,10.8,1
1701225,1403995894620000657,20000657,2014-06-28 23:51:34,2014-06-29 00:02:34,11.0,1
1701236,1403995925620000570,20000570,2014-06-28 23:52:05,2014-06-29 00:01:05,9.0,1
1701149,1403995974620000233,20000233,2014-06-28 23:52:54,2014-06-29 00:13:09,20.3,1
1701205,1403995983620000577,20000577,2014-06-28 23:53:03,2014-06-29 00:19:48,26.8,1
1701150,1403996042620000509,20000509,2014-06-28 23:54:02,2014-06-29 00:01:32,7.5,1
1701258,1403996087620000483,20000483,2014-06-28 23:54:47,2014-06-29 00:26:47,32.0,1
1701122,1403996111620000076,20000076,2014-06-28 23:55:11,2014-06-29 00:02:11,7.0,1
1701309,1403996132620000185,20000185,2014-06-28 23:55:32,2014-06-29 00:41:32,46.0,1
1701361,1403996137620000902,20000902,2014-06-28 23:55:37,2014-06-29 00:06:22,10.8,1
1701179,1403996181620000473,20000473,2014-06-28 23:56:21,2014-06-29 00:15:21,19.0,1
1701478,1403996183620000171,20000171,2014-06-28 23:56:23,2014-06-29 00:29:23,33.0,1
1701294,1403996212620000140,20000140,2014-06-28 23:56:52,2014-06-29 00:03:52,7.0,1
1701235,1403996221620000362,20000362,2014-06-28 23:57:01,2014-06-29 00:05:46,8.8,1
1701354,1403996221620000361,20000361,2014-06-28 23:57:01,2014-06-29 00:05:01,8.0,1
1701234,1403996233620000440,20000440,2014-06-28 23:57:13,2014-06-29 00:24:28,27.3,1
1701228,1403996289620000406,20000406,2014-06-28 23:58:09,2014-06-29 00:12:54,14.8,1
1701291,1403996289620000020,20000020,2014-06-28 23:58:09,2014-06-29 00:06:54,8.8,1
1701253,1403996296620000041,20000041,2014-06-28 23:58:16,2014-06-29 00:04:31,6.3,1
1701260,1403996372620000239,20000239,2014-06-28 23:59:32,2014-06-29 00:46:02,46.5,1
1701130,1403996373620000670,20000670,2014-06-28 23:59:33,2014-06-29 00:12:18,12.8,1
1701242,1403996389620000136,20000136,2014-06-28 23:59:49,2014-06-29 00:22:19,22.5,1
1701476,1403996394620000245,20000245,2014-06-28 23:59:54,2014-06-29 00:04:39,4.8,1
1709513,1404076013620000520,20000520,2014-06-29 22:06:53,2014-06-30 00:59:53,173.0,1
1706115,1404078325620000009,20000009,2014-06-29 22:45:25,2014-06-30 00:27:25,102.0,1
1705297,1404082032620000067,20000067,2014-06-29 23:47:12,2014-06-30 00:00:12,13.0,1
1705659,1404082203620000003,20000003,2014-06-29 23:50:03,2014-06-30 00:37:33,47.5,1
1705298,1404082227620000381,20000381,2014-06-29 23:50:27,2014-06-30 00:06:12,15.8,1
1705385,1404082624620000190,20000190,2014-06-29 23:57:04,2014-06-30 00:03:34,6.5,1
1705355,1404082657620000140,20000140,2014-06-29 23:57:37,2014-06-30 00:05:37,8.0,1
1705391,1404082682620000269,20000269,2014-06-29 23:58:02,2014-06-30 00:03:47,5.8,1
1705377,1404082684620000548,20000548,2014-06-29 23:58:04,2014-06-30 00:08:04,10.0,1
1705426,1404082698620000307,20000307,2014-06-29 23:58:18,2014-06-30 00:04:48,6.5,1
1705366,1404082756620000239,20000239,2014-06-29 23:59:16,2014-06-30 00:06:16,7.0,1
1705337,1404082784620000129,20000129,2014-06-29 23:59:44,2014-06-30 00:07:29,7.8,1
1710371,1404167911620000467,20000467,2014-06-30 23:38:31,2014-07-01 00:03:16,24.8,1
1710422,1404167921620000338,20000338,2014-06-30 23:38:41,2014-07-01 00:00:41,22.0,1
1710353,1404168539620000446,20000446,2014-06-30 23:48:59,2014-07-01 00:01:59,13.0,1
1710025,1404168693620000307,20000307,2014-06-30 23:51:33,2014-07-01 00:02:03,10.5,1
1710477,1404168755620000297,20000297,2014-06-30 23:52:35,2014-07-01 00:04:35,12.0,1
1710069,1404168809620000670,20000670,2014-06-30 23:53:29,2014-07-01 00:01:29,8.0,1
1710003,1404168817620000668,20000668,2014-06-30 23:53:37,2014-07-01 00:04:22,10.8,1
1710342,1404168841620000617,20000617,2014-06-30 23:54:01,2014-07-01 00:00:01,6.0,1
1710086,1404168873620000108,20000108,2014-06-30 23:54:33,2014-07-01 00:01:03,6.5,1
1710538,1404168899620000002,20000002,2014-06-30 23:54:59,2014-07-01 00:03:14,8.3,1
1710183,1404168912620000616,20000616,2014-06-30 23:55:12,2014-07-01 00:00:27,5.3,1
1710205,1404168954620000325,20000325,2014-06-30 23:55:54,2014-07-01 00:13:54,18.0,1
1710039,1404169011620000387,20000387,2014-06-30 23:56:51,2014-07-01 00:12:36,15.8,1
1710049,1404169054620000540,20000540,2014-06-30 23:57:34,2014-07-01 00:06:34,9.0,1
1710008,1404169094620000067,20000067,2014-06-30 23:58:14,2014-07-01 00:08:29,10.3,1
1710178,1404169095620000542,20000542,2014-06-30 23:58:15,2014-07-01 00:11:15,13.0,1
1710392,1404169115620000311,20000311,2014-06-30 23:58:35,2014-07-01 00:09:50,11.3,1
1710031,1404169143620000483,20000483,2014-06-30 23:59:03,2014-07-01 00:04:33,5.5,1
1710042,1404169168620000004,20000004,2014-06-30 23:59:28,2014-07-01 00:06:13,6.8,1
1710060,1404169198620000364,20000364,2014-06-30 23:59:58,2014-07-01 00:05:43,5.8,1
